,portfolio_gross_ret,portfolio_turnover,portfolio_net_ret,capital_clp,benchmark_ret,benchmark_capital_clp
2017-01-03,0.0,0.0,0.0,10000000.0,0.0024230983912726153,10024230.983912725
2017-01-04,0.0,0.3,-0.00045,9995500.0,0.008634048346478695,10110780.678864097
2017-01-05,0.0015778684587326674,0.0,0.0015778684587326674,10011271.584179262,0.002719001343402983,10138271.905112782
2017-01-06,-0.00036701934017506764,0.0,-0.00036701934017506764,10007597.253888123,-0.008690002471510305,10050170.297200508
2017-01-09,0.008929770752157106,0.0,0.008929770752157106,10096962.803145261,0.024387749124195036,10295271.329064073
2017-01-10,-0.00552877118923365,0.0,-0.00552877118923365,10041139.006100468,-0.00841359605749199,10208651.07479905
2017-01-11,0.003340849251195732,0.0,0.003340849251195732,10074684.937830152,0.00920815316146828,10302653.897467786
2017-01-12,-0.0024694806678798196,0.0,-0.0024694806678798196,10049805.6981412,0.005764408626116335,10362042.60446624
2017-01-13,0.0007413026181924964,0.0,0.0007413026181924964,10057255.645417558,0.007166278000477621,10436299.882422639
2017-01-17,-0.003848669571077512,0.0,-0.003848669571077512,10018548.591646492,-0.017682582747933738,10251759.14616945
2017-01-18,-0.0009593310315174519,0.0,-0.0009593310315174519,10008937.487091761,-0.002879788031646546,10222236.252876988
2017-01-19,0.001884655252763867,0.0,0.001884655252763867,10027800.883701392,0.0028995279755905544,10251875.9128653
2017-01-20,0.006327712482066627,0.0,0.006327712482066627,10091253.924520869,0.021892764595759374,10476317.818890598
2017-01-23,-0.007086455122885604,0.0,-0.007086455122885604,10019742.706451109,-0.015412349910755484,10314853.142889572
2017-01-24,-0.0014132563878509474,0.0,-0.0014132563878509474,10005582.241066596,-0.000557502723943492,10309102.584165335
2017-01-25,0.010271073638885197,0.0,0.010271073638885197,10108350.313064512,0.02906065550925754,10608691.86297336
2017-01-26,-0.0016233923090534508,0.0,-0.0016233923090534508,10091940.494909065,-0.011718007208748592,10484379.135247646
2017-01-27,-0.0038940347346353653,0.0,-0.0038940347346353653,10052642.128082015,-0.013168381819229101,10346316.827657145
2017-01-30,0.002853556945506219,0.0,0.002853556945506219,10081327.914847292,0.006291650849659213,10411412.240716714
2017-01-31,-0.001384671820715233,0.0,-0.001384671820715233,10067368.584168212,0.002460614591891408,10437030.71359842
2017-02-01,0.0022110859483569943,0.0,0.0022110859483569943,10089628.401381599,0.0013412669801124765,10451029.558264991
2017-02-02,-0.0011419760427074709,0.3,-0.001591976042707471,10073565.954686778,-0.0017083536705960415,10433175.50355762
2017-02-03,0.0,0.3,-0.00045,10069032.850007169,-0.005574628479720745,10375014.426261565
2017-02-06,-0.00025017022770906783,0.0,-0.00025017022770906783,10066513.877766272,-0.0026761155226326383,10347249.689107906
2017-02-07,0.0009557661669047812,0.3,0.0005057661669047812,10071605.179904323,-0.001378749213567454,10332983.426736461
2017-02-08,0.0,0.0,0.0,10071605.179904323,0.014324720227005148,10481000.523434743
2017-02-09,0.0,0.0,0.0,10071605.179904323,0.0019567431559008417,10501509.149475968
2017-02-10,0.0,0.0,0.0,10071605.179904323,0.008282441353332915,10588487.28312799
2017-02-13,0.0,0.0,0.0,10071605.179904323,0.008002897753424065,10673225.864218295
2017-02-14,0.0,0.3,-0.00045,10067072.957573367,-0.0009029642821414829,10663588.322487677
2017-02-15,0.0012099842403726635,0.0,0.0012099842403726635,10079253.957198711,0.004645801165887686,10713129.233548835
2017-02-16,-0.0012159557270677523,0.0,-0.0012159557270677523,10066998.030624885,-0.009058242239934,10616087.113803633
2017-02-17,0.0013470122658923334,0.0,0.0013470122658923334,10080558.40045285,-0.004000453360027112,10573617.952438876
2017-02-21,0.0024232832418753735,0.0,0.0024232832418753735,10104986.448693413,0.011601293144516522,10696285.593903242
2017-02-22,0.00044288962174077184,0.0,0.00044288962174077184,10109461.842319371,0.0006377778110747913,10703107.447515951
2017-02-23,-0.0005438816583178796,0.0,-0.0005438816583178796,10103963.49144787,-0.00977522422062006,10598482.172359094
2017-02-24,-0.00014822885174452515,0.0,-0.00014822885174452515,10102465.792541465,-0.0022822149797080966,10574294.157583168
2017-02-27,0.002852074723908027,0.0,0.002852074723908027,10131278.779877517,0.0075115986602703345,10653724.011410575
2017-02-28,-0.0008969227305638982,0.3,-0.0013469227305638982,10117632.73019922,-0.0014035244675171142,10638771.249090387
2017-03-01,0.0,0.0,0.0,10117632.73019922,0.01537199087031611,10802310.343602784
2017-03-02,0.0,0.0,0.0,10117632.73019922,-0.0074151938370734735,10722209.118516745
2017-03-03,0.0,0.0,0.0,10117632.73019922,0.011035743743362449,10840536.670711441
2017-03-06,0.0,0.0,0.0,10117632.73019922,-0.0019525416833658933,10819370.07099182
2017-03-07,0.0,0.0,0.0,10117632.73019922,0.002259096806642546,10843812.07536908
2017-03-08,0.0,0.0,0.0,10117632.73019922,-0.009551603777812133,10740236.278984101
2017-03-09,0.0,0.0,0.0,10117632.73019922,0.004595245487213284,10789590.301276708
2017-03-10,0.0,0.0,0.0,10117632.73019922,0.005634008802325008,10850378.948007582
2017-03-13,0.0,0.0,0.0,10117632.73019922,0.00703345943065713,10926694.64814565
2017-03-14,0.0,0.0,0.0,10117632.73019922,0.0009281258531597444,10936835.995938174
2017-03-15,0.0,0.0,0.0,10117632.73019922,0.014543876193853156,11095899.984615576
2017-03-16,0.0,0.0,0.0,10117632.73019922,-0.0001617161421208935,11094105.598476704
2017-03-17,0.0,0.0,0.0,10117632.73019922,-0.020193663368931948,10870074.964641683
2017-03-20,0.0,0.3,-0.00045,10113079.795470629,0.016850957571849023,11053246.136673678
2017-03-21,-0.005445134336060941,0.0,-0.005445134336060941,10058012.717432989,-0.011508301786199049,10926042.044415697
2017-03-22,0.0015301317740062047,0.0,0.0015301317740062047,10073402.80227529,0.003619218996858209,10965585.783343319
2017-03-23,0.0004239067776884431,0.0,0.0004239067776884431,10077672.985997561,0.00490446925670358,11019366.16169947
2017-03-24,0.001258002147839754,0.3,0.0008080021478397539,10085815.767415473,0.004926313753831213,11073651.016780352
2017-03-27,0.0,0.0,0.0,10085815.767415473,-0.006731692322653337,10999106.605246948
2017-03-28,0.0,0.0,0.0,10085815.767415473,0.019603320690141236,11214725.619334653
2017-03-29,0.0,0.3,-0.00045,10081277.150320139,0.0026752959876116256,11244728.329786226
2017-03-30,-0.0007880967572475139,0.3,-0.001238096757247514,10068795.553771412,-0.00426865656430514,11196728.446387459
2017-03-31,0.0,0.3,-0.00045,10064264.595772216,-0.0037103430500054265,11155184.742813606
2017-04-03,-0.0016291931826819316,0.0,-0.0016291931826819316,10047867.964504078,-0.00816003419225969,11064158.053891275
2017-04-04,-0.00025297072239748307,0.3,-0.000702970722397483,10040804.607502516,-4.569185162961475e-05,11063652.51202307
2017-04-05,0.0,0.3,-0.00045,10036286.24542914,0.010950570509806856,11184805.81895198
2017-04-06,-0.0006598429579833697,0.0,-0.0006598429579833697,10029663.872625789,-0.0007252971824095009,11176693.510805694
2017-04-07,-0.0010705643482978755,0.0,-0.0010705643482978755,10018926.472058345,-0.00394905858720751,11132556.09332026
2017-04-10,0.00011367640117800892,0.0,0.00011367640117800892,10020065.387563355,-0.0003656568993606001,11128485.397377219
2017-04-11,-0.00316243420281217,0.0,-0.00316243420281217,9988377.59006731,-0.009784333283974633,11019600.587303435
2017-04-12,-0.00010947924762406691,0.0,-0.00010947924762406691,9987284.070003765,-0.004708980367557635,10967709.504479498
2017-04-13,-0.0020137116248921116,0.0,-0.0020137116248921116,9967172.559970897,-0.000488853487084573,10962347.901442902
2017-04-17,0.0008156396226455254,0.0,0.0008156396226455254,9975302.180836555,0.0026739268184892808,10991660.417490179
2017-04-18,-0.0022108113439362584,0.3,-0.0026608113439362583,9948759.783634594,-0.015458097591029141,10821750.258069165
2017-04-19,0.0,0.0,0.0,9948759.783634594,0.002454717108677962,10848314.593573486
2017-04-20,0.0,0.0,0.0,9948759.783634594,0.0025452592623189663,10875926.36677333
2017-04-21,0.0,0.0,0.0,9948759.783634594,0.001411694121658369,10891279.848092893
2017-04-24,0.0,0.0,0.0,9948759.783634594,0.010422214737145663,11004791.105432063
2017-04-25,0.0,0.0,0.0,9948759.783634594,0.006078794698157962,11071686.971258098
2017-04-26,0.0,0.0,0.0,9948759.783634594,-0.02429100697913673,10802744.545768451
2017-04-27,0.0,0.0,0.0,9948759.783634594,0.03091904352289134,11136755.074545743
2017-04-28,0.0,0.0,0.0,9948759.783634594,-0.0013494619634847104,11121726.447175998
2017-05-01,0.0,0.0,0.0,9948759.783634594,0.015005075536233847,11288608.792609205
2017-05-02,0.0,0.0,0.0,9948759.783634594,-1.0756944716672299e-05,11288487.361668495
2017-05-03,0.0,0.0,0.0,9948759.783634594,-0.013074494591124109,11140896.094716389
2017-05-04,0.0,0.0,0.0,9948759.783634594,-0.002674975874585672,11111094.466441756
2017-05-05,0.0,0.0,0.0,9948759.783634594,0.013896259076973914,11265497.113776162
2017-05-08,0.0,0.0,0.0,9948759.783634594,-0.0157848399289681,11087673.045114955
2017-05-09,0.0,0.0,0.0,9948759.783634594,0.010473775873038549,11203802.847543018
2017-05-10,0.0,0.0,0.0,9948759.783634594,0.006074027786213087,11271855.057350246
2017-05-11,0.0,0.0,0.0,9948759.783634594,-0.005010916422757094,11215372.733728433
2017-05-12,0.0,0.0,0.0,9948759.783634594,0.001775241433838093,11235282.728101285
2017-05-15,0.0,0.0,0.0,9948759.783634594,0.0059016614108501775,11301589.562617714
2017-05-16,0.0,0.0,0.0,9948759.783634594,-0.00013107727551061612,11300108.181048905
2017-05-17,0.0,0.0,0.0,9948759.783634594,-0.0156426295520271,11123344.774874926
2017-05-18,0.0,0.0,0.0,9948759.783634594,-0.024851940344379864,10846908.074099764
2017-05-19,0.0,0.0,0.0,9948759.783634594,0.041554114599117974,11297641.735257005
2017-05-22,0.0,0.0,0.0,9948759.783634594,-0.002846442957240147,11265483.64250626
2017-05-23,0.0,0.0,0.0,9948759.783634594,0.002054971467901556,11288633.889963722
2017-05-24,0.0,0.0,0.0,9948759.783634594,0.010838993091093818,11410991.314704929
2017-05-25,0.0,0.0,0.0,9948759.783634594,-0.014159623196272952,11249415.977392763
2017-05-26,0.0,0.0,0.0,9948759.783634594,-0.0037225294629363638,11207539.69497609
2017-05-30,0.0,0.0,0.0,9948759.783634594,0.00026080789223364986,11210462.709781062
2017-05-31,0.0,0.0,0.0,9948759.783634594,0.017725231096394168,11409170.75200944
2017-06-01,0.0,0.0,0.0,9948759.783634594,-0.01183895867837087,11274098.050921924
2017-06-02,0.0,0.0,0.0,9948759.783634594,0.016909421590626205,11464736.527919019
2017-06-05,0.0,0.0,0.0,9948759.783634594,-0.004662276314171476,11411284.758356685
2017-06-06,0.0,0.0,0.0,9948759.783634594,-0.002058443115298447,11387795.277809136
2017-06-07,0.0,0.0,0.0,9948759.783634594,0.001983378502345601,11410381.586152254
2017-06-08,0.0,0.0,0.0,9948759.783634594,0.00374697921071544,11453136.048741896
2017-06-09,0.0,0.0,0.0,9948759.783634594,-0.01798233728802837,11247181.893307744
2017-06-12,0.0,0.3,-0.00045,9944282.841731958,0.0031760995782899037,11282904.062976027
2017-06-13,0.0016139415745593632,0.0,0.0016139415745593632,9960332.333239406,0.0009336453175716962,11293438.293523034
2017-06-14,-0.0014846072859372671,0.0,-0.0014846072859372671,9945545.151287124,-0.002663746914389031,11263355.432115821
2017-06-15,-0.0013310722922058149,0.0,-0.0013310722922058149,9932306.911705362,-0.0077889068946352166,11175626.205333887
2017-06-16,0.0008229373184519106,0.0,0.0008229373184519106,9940480.577721322,0.00446545411000061,11225530.451304326
2017-06-19,0.004787223011047148,0.0,0.004787223011047148,9988067.875083854,0.007218879617698903,11306566.204277104
2017-06-20,-0.006207791019540964,0.0,-0.006207791019540964,9926064.037026344,-0.018462247259697095,11097821.583355606
2017-06-21,0.006164957400458459,0.0,0.006164957400458459,9987257.798968835,0.010150065025920994,11210465.194072735
2017-06-22,0.0006381602168856748,0.0,0.0006381602168856748,9993631.269571917,0.0037450482676181225,11252448.927326988
2017-06-23,0.0002456415036599324,0.0,0.0002456415036599324,9996086.120183999,0.0032111986434580015,11288582.776058
2017-06-26,-0.007370355674012496,0.0,-0.007370355674012496,9922411.410130184,-0.017589317022381232,11090024.314876523
2017-06-27,-0.00043159443632595496,0.0,-0.00043159443632595496,9918128.952570634,0.007645142114523773,11174809.12681728
2017-06-28,-0.003159692239816647,0.0,-0.003159692239816647,9886790.717485696,-0.01653757101995138,10990004.927248139
2017-06-29,0.0032789180023501618,0.0,0.0032789180023501618,9919208.69355473,0.019513765580720085,11204461.307129417
2017-06-30,0.0008785354060982131,0.0,0.0008785354060982131,9927923.069592496,0.00690607540614061,11281840.161801634
2017-07-03,-0.0037408577594430278,0.0,-0.0037408577594430278,9890784.121542457,-0.0066636392789947586,11206662.048560115
2017-07-05,-0.002875358292908425,0.0,-0.002875358292908425,9862344.573395213,-0.01104008347590487,11082939.564057754
2017-07-06,0.004130813910294307,0.0,0.004130813910294307,9903084.08354711,0.017096187655422958,11272415.578618597
2017-07-07,0.0029623585383959927,0.0,0.0029623585383959927,9932420.569238458,0.003905764152013968,11316442.975292169
2017-07-10,0.002686545512379279,0.0,0.002686545512379279,9959104.469145808,0.00503540020315083,11373425.794548899
2017-07-11,0.0008436921381363315,0.0,0.0008436921381363315,9967506.887289304,0.0009132789335967394,11383812.904729888
2017-07-12,0.003332177869642794,0.0,0.003332177869642794,10000720.393154643,0.007260942907880507,11466470.120305125
2017-07-13,-0.0009639999652087172,0.0,-0.0009639999652087172,9991079.69904358,-0.0014792836661341457,11449507.958347943
2017-07-14,0.001996521124345496,0.0,0.001996521124345496,10011027.10071774,0.0037825217707240233,11492815.971464472
2017-07-17,-0.0019387982335766774,0.0,-0.0019387982335766774,9991617.73905858,0.005013085462423739,11550430.440133333
2017-07-18,0.003245221797651454,0.0,0.003245221797651454,10024042.754739175,0.008751897617722859,11651518.624786008
2017-07-19,-0.0005262029180524097,0.0,-0.0005262029180524097,10018768.074190948,-0.004214532838881079,11602412.916919013
2017-07-20,-0.00038413689663404634,0.0,-0.00038413689663404634,10014919.495714834,-0.0036662444734115503,11559875.63468412
2017-07-21,-0.0006299069283144054,0.0,-0.0006299069283144054,10008611.02853797,-0.0035820876352356196,11518467.147108259
2017-07-24,0.0008192961022449596,0.0,0.0008192961022449596,10016811.044542538,-0.0005512281742334201,11512117.843492791
2017-07-25,-0.00039889134073383125,0.0,-0.00039889134073383125,10012815.425355105,0.015001128422048548,11684812.601672783
2017-07-26,5.266709255014046e-05,0.0,5.266709255014046e-05,10013342.771231798,0.0064950730339472075,11760706.312908635
2017-07-27,-0.00459206302682873,0.0,-0.00459206302682873,9967360.870117063,-0.011951991612632395,11620142.449698118
2017-07-28,0.00221807632246529,0.0,0.00221807632246529,9989469.237260537,0.007575249457448762,11708167.927485673
2017-07-31,0.0006608789519049196,0.0,0.0006608789519049196,9996071.067220144,0.005422328457357262,11771653.459622398
2017-08-01,-0.0012424078603596289,0.0,-0.0012424078603596289,9983651.869953517,-0.006219709801040817,11698437.191225128
2017-08-02,0.0028082013423855745,0.0,0.0028082013423855745,10011687.97453663,0.007699873505786114,11788513.677812943
2017-08-03,-0.0025392601417415614,0.0,-0.0025392601417415614,9986265.694311336,-0.005316631114523928,11725838.499199493
2017-08-04,-0.000519036676743212,0.0,-0.000519036676743212,9981082.456152285,-0.0016038941819565887,11707031.495052062
2017-08-07,0.0029721360858567356,0.0,0.0029721360858567356,10010747.591496127,0.008955344366027872,11811871.99359419
2017-08-08,-0.00010436295558000629,0.0,-0.00010436295558000629,10009702.840289913,0.0036411516750599836,11854880.81108926
2017-08-09,-0.0039928960726326014,0.0,-0.0039928960726326014,9969735.1371307,-0.015153150242316038,11675242.021054078
2017-08-10,-0.004461071969614183,0.0,-0.004461071969614183,9925259.431165969,-0.0032302369634070738,11637528.222720945
2017-08-11,0.0024628958205314966,0.0,0.0024628958205314966,9949704.311136678,0.0028021937994407,11670138.83214747
2017-08-14,0.002785099860595452,0.0,0.002785099860595452,9977415.23122659,0.0025593759044766897,11700007.104276365
2017-08-15,0.0013705918169947262,0.0,0.0013705918169947262,9991090.194897266,0.0027583952980094082,11732280.348859478
2017-08-16,-0.004471743645229909,0.0,-0.004471743645229909,9946412.600809315,-0.0024428553576953177,11703620.084951285
2017-08-17,-0.0028751545657899834,0.0,-0.0028751545657899834,9917815.127206868,-0.005777362814482434,11636004.025477657
2017-08-18,0.0005320066830268866,0.0,0.0005320066830268866,9923091.471135566,0.0072962634358089366,11720903.376187675
2017-08-21,-0.0005214613606145946,0.0,-0.0005214613606145946,9917916.962355524,0.006477919936357889,11796830.449840406
2017-08-22,0.002922531428430486,0.0,0.002922531428430486,9946902.38638257,0.001947808696228581,11819808.418778539
2017-08-23,-0.002092240156382863,0.0,-0.002092240156382863,9926091.07777816,-0.0034339002053125674,11779220.376222542
2017-08-24,-0.0009298270578156575,0.0,-0.0009298270578156575,9916861.5297157,0.006914810871994481,11860671.457343664
2017-08-25,-0.0017551033709691244,0.0,-0.0017551033709691244,9899456.412615463,-0.0018567473764588892,11838649.186732199
2017-08-28,-0.0019015770445749535,0.0,-0.0019015770445749535,9880631.833547464,-0.00047434940557468104,11833033.530527666
2017-08-29,-0.0005128987252922101,0.0,-0.0005128987252922101,9875564.070074955,-0.0017987947543914196,11811748.331884416
2017-08-30,0.0021480438621730436,0.0,0.0021480438621730436,9896777.214861175,-0.007639242756557573,11721515.518997787
2017-08-31,0.006172596266797136,0.0,0.006172596266797136,9957866.02495095,0.015759750422443375,11906243.678149989
2017-09-01,-0.0035893838830320266,0.0,-0.0035893838830320266,9922123.4211316,-0.005734916752331209,11837962.361822829
2017-09-05,-0.0029772453650669163,0.0,-0.0029772453650669163,9892582.825164413,-0.0036855343481951852,11794333.144925687
2017-09-06,0.000381877146662335,0.0,0.000381877146662335,9896360.576466808,0.00010099917609491822,11795524.362855915
2017-09-07,-0.0018071597365946989,0.0,-0.0018071597365946989,9878476.272094194,-0.0044352120231273325,11743208.711382687
2017-09-08,-0.00462007159784954,0.0,-0.00462007159784954,9832837.004439462,-0.021156084399478844,11494768.396763979
2017-09-11,0.006420427702283548,0.0,0.006420427702283548,9895968.023534803,0.018699844441695035,11709718.777676778
2017-09-12,0.0020787755863032054,0.0,0.0020787755863032054,9916539.520264965,0.0012260536269259712,11724075.52085443
2017-09-13,0.00012069111449981573,0.0,0.00012069111449981573,9917736.358471647,-0.009705600279341996,11610286.3302042
2017-09-14,0.0002045457343110124,0.0,0.0002045457343110124,9919764.989137793,0.004368172186934981,11661002.060034152
2017-09-15,-2.7639897795028734e-05,0.0,-2.7639897795028734e-05,9919490.807847343,-0.0006530108323785754,11653387.29937256
2017-09-18,-0.00029703934510332263,0.0,-0.00029703934510332263,9916544.328794023,0.0015058828938654843,11670935.935962275
2017-09-19,-0.004609704826807803,0.0,-0.004609704826807803,9870831.986536328,-0.01250434265001854,11524998.553972587
2017-09-20,0.004750556947797157,0.0,0.004750556947797157,9917723.936010506,0.01595155617628394,11708840.215837872
2017-09-21,-0.003506792292628058,0.0,-0.003506792292628058,9882944.538151292,-0.008410684171964389,11610360.858762464
2017-09-22,0.0009633216980992065,0.0,0.0009633216980992065,9892464.993066005,0.00418970728614132,11659004.872247152
2017-09-25,-0.0021131957317109926,0.0,-0.0021131957317109926,9871560.278266557,-0.004767581334631553,11603419.61823785
2017-09-26,0.0020742057817983326,0.0,0.0020742057817983326,9892035.925671108,0.000369943390422933,11607712.22663192
2017-09-27,0.005446620783272759,0.0,0.005446620783272759,9945914.094132751,0.011926434734749126,11746150.848922595
2017-09-28,-0.005377834759174171,0.0,-0.005377834759174171,9892426.611605562,-0.014952884410844358,11570512.013006315
2017-09-29,0.007957162103379222,0.0,0.007957162103379222,9971142.25374989,0.023801785954911066,11845910.863328619
2017-10-02,0.0022528128620941334,0.0,0.0022528128620941334,9993605.37126891,0.007080098537819856,11929781.079511218
2017-10-03,-1.9219959462735136e-05,0.0,-1.9219959462735136e-05,9993413.294578787,0.004984372161669459,11989243.548218742
2017-10-04,-0.004610133797420135,0.0,-0.004610133797420135,9947342.322197862,-0.011997233535591388,11845405.793455679
2017-10-05,0.004583191891329008,0.0,0.004583191891329008,9992932.900869234,0.0176531451335707,12054514.46109359
2017-10-06,-0.0010685103858148136,0.0,-0.0010685103858148136,9982255.348279905,-0.003220137395796318,12015697.268289257
2017-10-09,0.001849082121239931,0.0,0.001849082121239931,10000713.358174063,0.00469937971394243,12072163.592280729
2017-10-10,-0.004891349447685889,0.0,-0.004891349447685889,9951796.374413094,-0.009550027322444954,11956874.100133423
2017-10-11,0.004319687097239555,0.0,0.004319687097239555,9994785.020806001,0.01563466004455025,12143815.761884497
2017-10-12,-0.0019278229488190245,0.0,-0.0019278229488190245,9975516.844874378,-0.0032189895871077567,12104724.945399236
2017-10-13,0.000147190145487186,0.0,0.000147190145487186,9976985.142650086,-1.2298404523003416e-05,12104576.076595219
2017-10-16,0.0004524658827629979,0.0,0.0004524658827629979,9981499.388039969,0.012718295884629381,12258525.656695364
2017-10-17,-0.0015945403401928736,0.0,-0.0015945403401928736,9965583.484610127,-0.010408815664626248,12130928.922814732
2017-10-18,0.0008484008757651428,0.0,0.0008484008757651428,9974038.294365982,0.0003682657652570142,12135396.328637771
2017-10-19,0.0005756829410749953,0.0,0.0005756829410749953,9979780.178065678,0.0034245635472132108,12176954.764535807
2017-10-20,0.000809049317998256,0.0,0.000809049317998256,9987854.312412513,-0.0012517519411272325,12161712.237772282
2017-10-23,-0.00033473129946450794,0.0,-0.00033473129946450794,9984511.064959658,0.004869802134548973,12220937.369987557
2017-10-24,0.0028998190558253032,0.0,0.0028998190558253032,10013464.340408927,0.008654962212841278,12326709.121130299
2017-10-25,-0.0016072826606736367,0.0,-0.0016072826606736367,9997369.872801313,-0.005498655840760113,12258928.790024044
2017-10-26,-0.0023755451531904948,0.0,-0.0023755451531904948,9973620.669255326,-0.006727134682871826,12176461.324985819
2017-10-27,0.011338028393455124,0.0,0.011338028393455124,10086701.863588896,0.012433034008225284,12327851.682739208
2017-10-30,0.0009114730678413396,0.0,0.0009114730678413396,10095895.620680902,0.0034901632959837506,12370877.898200637
2017-10-31,-0.005455073350548734,0.0,-0.005455073350548734,10040821.769530604,-0.019840571087831806,12125432.615842499
2017-11-01,0.0019102968042133293,0.0,0.0019102968042133293,10060002.719268613,0.009546915957926894,12241193.101979453
2017-11-02,0.003939678543218306,0.0,0.003939678543218306,10099635.896126432,0.01187163921478267,12386516.130044637
2017-11-03,-0.0030570056335423755,0.0,-0.0030570056335423755,10068761.252295248,-0.01969093987333132,12142613.98568788
2017-11-06,0.006751188840781941,0.0,0.006751188840781941,10136737.360902242,0.025667118010123488,12454279.891809907
2017-11-07,-0.0005345347243013388,0.0,-0.0005345347243013388,10131318.922791716,-0.013078885178807231,12291391.795120196
2017-11-08,0.001875447767349092,0.0,0.001875447767349092,10150319.682245767,0.005618008049416301,12360444.933163712
2017-11-09,-0.0027027097045647986,0.0,-0.0027027097045647986,10122886.314736128,-0.008211422035334981,12258948.103272986
2017-11-10,-0.005995461857894502,0.3,-0.0064454618578945015,10057639.637102693,-0.022373094496794144,11984677.498927165
2017-11-13,0.0,0.3,-0.00045,10053113.699265998,0.020700280483943588,12232763.684664564
2017-11-14,-0.0019917472657036027,0.0,-0.0019917472657036027,10033090.437543679,-0.014335319772523412,12057403.105543185
2017-11-15,-0.009177319003806838,0.3,-0.009627319003806839,9936498.6753074,-0.02662821035609103,11736336.039300594
2017-11-16,0.0,0.3,-0.00045,9932027.250903513,0.010093592658231464,11854797.834581416
2017-11-17,0.007130248196902111,0.0,0.007130248196902111,10002845.070300853,0.03146405162456425,12227797.80564746
2017-11-20,-0.0019948880100219223,0.0,-0.0019948880100219223,9982890.514604002,-0.023525257736209577,11940135.710723346
2017-11-21,0.00819727160785748,0.0,0.00819727160785748,10064722.979583716,0.02763138023280287,12270058.14057761
2017-11-22,-0.0007193238694839121,0.0,-0.0007193238694839121,10057483.18410476,-0.005535976156552979,12202131.391271856
2017-11-24,-0.0048380346196496005,0.0,-0.0048380346196496005,10008824.732273515,-0.017837324502351072,11984478.014025414
2017-11-27,0.005703683764280453,0.0,0.005703683764280453,10065911.903398514,0.009744502392657627,12101260.78870784
2017-11-28,0.002572229920530411,0.0,0.002572229920530411,10091803.74317386,0.0021150915929210147,12126856.063665781
2017-11-29,-0.0036579641994025636,0.0,-0.0036579641994025636,10054888.286373934,-0.009032942031047519,12017314.87582383
2017-11-30,0.003931573541280908,0.0,0.003931573541280908,10094419.819121175,0.005973663182349497,12089102.26724824
2017-12-01,-0.008050545596043623,0.0,-0.008050545596043623,10013154.232101733,-0.01887912533056354,11860870.590410858
2017-12-04,0.005073997309281286,0.0,0.005073997309281286,10063960.949732834,0.018856901559723572,12084529.859546857
2017-12-05,0.0002892572384643577,0.0,0.0002892572384643577,10066872.023285167,-0.019111415814022214,11853577.38448409
2017-12-06,0.0039608896360054935,0.0,0.0039608896360054935,10106745.792349191,0.007982332886708932,11948196.58506541
2017-12-07,0.0009701870067648332,0.0,0.0009701870067648332,10116551.225797605,6.87326210505046e-05,11949017.815933527
2017-12-08,0.00215505506477367,0.0,0.00215505506477367,10138352.950754803,0.008584857739836704,12051598.43401409
2017-12-11,0.0013575351538090308,0.0,0.0013575351538090308,10152116.121287178,0.006892021234031453,12134658.306325337
2017-12-12,-0.004370064493229975,0.0,-0.004370064493229975,10107750.719094392,-0.009926293446509771,12014206.127103623
2017-12-13,0.005030419541469077,0.0,0.005030419541469077,10158596.945832022,0.02951872763495442,12368850.205519797
2017-12-14,-0.003789252886530525,0.0,-0.003789252886530525,10120103.453031927,-0.0091997181692267,12255060.269551631
2017-12-15,-0.00016413018460107454,0.0,-0.00016413018460107454,10118442.438584002,0.0049872770401294345,12316179.650259368
2017-12-18,0.0016146194590596962,0.0,0.0016146194590596962,10134779.872640714,0.031858592348485336,12708555.797027692
2017-12-19,-0.008901393215016373,0.0,-0.008901393215016373,10044566.211846704,-0.025571085867030906,12383584.225495942
2017-12-20,-0.0062147632874328005,0.0,-0.0062147632874328005,9982141.610515133,-0.01588361984651958,12186888.081320807
2017-12-21,0.005266361778904094,0.0,0.005266361778904094,10034711.179564357,0.014783102358080003,12367048.09525344
2017-12-22,-4.232715126095687e-06,0.0,-4.232715126095687e-06,10034668.705490561,0.007888429365020887,12464604.680606663
2017-12-26,-0.007571503733383544,0.0,-0.007571503733383544,9958691.173923673,-0.016612380771270894,12257537.921489058
2017-12-27,0.005305188588820742,0.0,0.005305188588820742,10011523.908699162,0.016450341473048757,12459178.6059164
2017-12-28,-0.000849960145085804,0.0,-0.000849960145085804,10003014.512385195,0.003331418003115561,12500685.337828182
2017-12-29,-0.0026311469388783813,0.0,-0.0026311469388783813,9976695.111371377,-0.006404591459185315,12420623.555279564
2018-01-02,0.0,0.0,0.0,9976695.111371377,-0.006243318392784069,12343077.64778704
2018-01-03,0.0,0.6,-0.0009,9967716.085771143,0.007623874480878356,12437179.722481502
2018-01-04,0.0008350736803439007,0.3,0.0003850736803439007,9971554.390888914,0.002491419732514344,12468165.957458919
2018-01-05,-0.0030213313920829155,0.6,-0.003921331392082916,9932452.62162806,0.001155966491540972,12482578.739516715
2018-01-08,0.0006381863866369075,0.3,0.0001881863866369075,9934321.773997365,0.001500244207149004,12501305.655960955
2018-01-09,-0.0027854427372393962,0.3,-0.003235442737239396,9902179.844764287,-0.0026181748067653607,12468575.052440844
2018-01-10,-0.00025045440591743296,0.3,-0.000700454405917433,9895243.819263835,0.003186088445600299,12508301.035348525
2018-01-11,0.003551692567227049,0.0,0.003551692567227049,9930388.683187611,0.0059530528497769184,12582763.612472873
2018-01-12,-0.0016130683416897829,0.0,-0.0016130683416897829,9914370.287582088,-0.0008992782260799692,12571448.207132265
2018-01-16,-0.02055572607495569,0.0,-0.02055572607495569,9710573.207744872,-0.02966887185677186,12198467.521220813
2018-01-17,0.018796380234352372,0.0,0.018796380234352372,9893096.83405116,0.03141332036387225,12581661.889413211
2018-01-18,0.003910718634314558,0.0,0.003910718634314558,9931785.952191163,0.003866112077627093,12630304.004400492
2018-01-19,-0.0017939875115788315,0.0,-0.0017939875115788315,9913968.452225259,-0.001597617331924883,12610125.611815581
2018-01-22,0.0040460191110633925,0.0,0.0040460191110633925,9954080.558049442,0.008559499210607502,12718061.97203558
2018-01-23,-0.014431594507587242,0.0,-0.014431594507587242,9810427.303739814,-0.013444963967732381,12547068.087082174
2018-01-24,0.0165625713661262,0.0,0.0165625713661262,9972913.206090199,0.01683453836684514,12758292.186185576
2018-01-25,-0.006048955551984559,0.0,-0.006048955551984559,9912587.497382758,-0.009504333113995667,12637033.12728238
2018-01-26,-0.0009999280179384786,0.0,-0.0009999280179384786,9902675.623413859,0.0021307850353490584,12663959.928361204
2018-01-29,0.0010072859859064586,0.3,0.0005572859859064586,9908194.245761765,0.001020110126895457,12676878.562130723
2018-01-30,-0.0007529997968359181,0.3,-0.0012029997968359182,9896274.690097103,-0.004477109737157448,12620122.785683446
2018-01-31,0.007539726050457318,0.0,0.007539726050457318,9970889.89018051,0.010432977432571145,12751788.241902757
2018-02-01,-0.002415136535022122,0.0,-0.002415136535022122,9946808.82972005,-0.007221808222432423,12659697.272726666
2018-02-02,-0.014021630891260128,0.0,-0.014021630891260128,9807338.347763788,-0.022301420310041353,12377368.042849706
2018-02-05,0.00041662320999477035,0.0,0.00041662320999477035,9811424.312547738,-0.008901647913684163,12267189.07043417
2018-02-06,0.007430219469410825,0.0,0.007430219469410825,9884325.348497482,0.015379944093915274,12455857.752526935
2018-02-07,-0.014158177008712412,0.0,-0.014158177008712412,9744381.320601752,-0.01976047830530135,12209724.045634206
2018-02-08,-0.013510180638063285,0.3,-0.013960180638063285,9608347.997159982,-0.026216454919488628,11889628.365612442
2018-02-09,0.0011975635837317977,0.3,0.0007475635837317977,9615530.848222481,0.008675326199865198,11992774.770079298
2018-02-12,0.009795572091270776,0.0,0.009795572091270776,9709720.473842083,0.015014742982351148,12172843.200897263
2018-02-13,-0.006724661237364948,0.3,-0.007174661237364948,9640056.518732758,-0.0027560565558004454,12139294.156590698
2018-02-14,0.005481613751455128,0.0,0.005481613751455128,9692899.58511065,0.01736863926935872,12350137.177781155
2018-02-15,0.003713288177676799,0.0,0.003713288177676799,9728892.114547448,0.005323241617184726,12415879.94198386
2018-02-16,-0.0025048213302413355,0.0,-0.0025048213302413355,9704522.978059314,-0.0053247043585880945,12349769.051941073
2018-02-20,0.0009971501301413888,0.0,0.0009971501301413888,9714199.844409846,-0.0004904554357590186,12343712.04057918
2018-02-21,-0.0004157410040805831,0.0,-0.0004157410040805831,9710161.253212692,0.0004663885550843293,12349469.006602162
2018-02-22,0.003835905019378449,0.0,0.003835905019378449,9747408.509502864,0.005960257438596116,12423075.021111475
2018-02-23,0.0027186566452334082,0.3,0.0022686566452334083,9769522.032591753,0.004233073451417868,12475662.810168313
2018-02-26,0.0,0.3,-0.00045,9765125.747677086,-0.013703712705634384,12304699.9112054
2018-02-27,-0.001327197311732986,0.0,-0.001327197311732986,9752165.499036035,-0.0053618977099872955,12238723.368929425
2018-02-28,-0.0020801567170120713,0.6,-0.0029801567170120715,9723102.51751867,-0.003904345331319403,12190939.166482635
2018-03-01,-0.0026265370088903728,0.0,-0.0026265370088903728,9697564.428915171,-0.004909009542642829,12131093.729780594
2018-03-02,0.0027735818174883685,0.0,0.0027735818174883685,9724461.417289132,0.006692463985487706,12212280.637671726
2018-03-05,0.0007833864220518905,0.0,0.0007833864220518905,9732079.428325202,0.005385270980266532,12278047.078192653
2018-03-06,-0.00031310346859431126,0.0,-0.00031310346859431126,9729032.280499559,0.0038784985889069533,12325667.466459956
2018-03-07,0.0010161652429188095,0.0,0.0010161652429188095,9738918.584950238,0.002318723827375235,12354247.28530274
2018-03-08,0.0006313500821157003,0.0,0.0006313500821157003,9745067.251998564,7.638212195171072e-06,12354341.649665017
2018-03-09,0.007644981649393822,0.0,0.007644981649393822,9819568.112312201,0.022179016174549846,12628348.792938853
2018-03-12,-0.0029217628728975707,0.0,-0.0029217628728975707,9790877.662773758,-0.007436945426090368,12534432.452144131
2018-03-13,-0.0013743811665125616,0.0,-0.0013743811665125616,9777421.264910413,-0.002055990002374552,12508661.784337083
2018-03-14,0.0006079770344122881,0.0,0.0006079770344122881,9783365.712495252,0.0020105221332766933,12533810.725712165
2018-03-15,-0.004516198672861738,0.0,-0.004516198672861738,9739182.089248361,-0.008997757980712284,12421034.530226149
2018-03-16,0.0003912829630872583,0.0,0.0003912829630872583,9742992.865274288,0.0006581594240790522,12429209.55115903
2018-03-19,-0.0005588392791086693,0.0,-0.0005588392791086693,9737548.098165097,-0.007014792207190767,12342021.228858018
2018-03-20,-0.0008643073030171977,0.0,-0.0008643073030171977,9729131.86423037,-0.0020039432245224863,12317288.519039536
2018-03-21,0.0026433850692179073,0.0,0.0026433850692179073,9754849.706136728,0.0063670269817639015,12395713.027382432
2018-03-22,-0.00832715821442942,0.3,-0.00877715821442942,9669229.846907986,-0.02666377394753764,12065196.537301758
2018-03-23,-0.0010950860251354943,0.3,-0.0015450860251354941,9654290.054997707,-0.006629702109094493,11985207.878371768
2018-03-26,0.0034481179353672785,0.0,0.0034481179353672785,9687579.185689582,0.013735599865360503,12149831.89809225
2018-03-27,-0.0034398788783878143,0.3,-0.003889878878387814,9649895.67603246,-0.016643691651826664,11947613.842358872
2018-03-28,0.004356464514952262,0.3,0.003906464514952262,9687592.65106387,0.0018868192901211108,11970156.830627553
2018-03-29,0.005260857582156509,0.3,0.004810857582156509,9734198.279622085,0.009608846735418642,12085176.23301198
2018-04-02,-0.021673658787612193,0.0,-0.021673658787612193,9523222.587538596,-0.02407235350152125,11794257.598602733
2018-04-03,0.01733509756667939,0.3,0.016885097566679393,9684023.13007839,0.025246516104256454,12092021.513003608
2018-04-04,-0.0010944489124755652,0.3,-0.001544448912475565,9669066.651086753,-0.0010944489124755652,12078787.41320907
2018-04-05,0.0036697739973318155,0.3,0.0032197739973318157,9700198.860468391,0.006577275504944513,12158232.925791401
2018-04-06,-0.0017708643775682597,0.0,-0.0017708643775682597,9683021.12385106,-0.00791303370367813,12062024.418872446
2018-04-09,-0.00034144468739900625,0.3,-0.0007914446873990063,9675357.548224615,0.004674640595431545,12118410.047883991
2018-04-10,0.011302724041055211,0.3,0.01085272404105521,9780361.533694038,0.01718755531334506,12326695.890891794
2018-04-11,-0.0006102560731308992,0.3,-0.0010602560731308992,9769991.845980523,-0.00779822873507564,12230569.496786904
2018-04-12,0.0,0.0,0.0,9769991.845980523,-0.0038125234915242553,12183940.163265683
2018-04-13,0.0,0.0,0.0,9769991.845980523,-0.0018764372246348304,12161077.764400607
2018-04-16,0.0,0.0,0.0,9769991.845980523,0.0024408477632476664,12190761.103860525
2018-04-17,0.0,0.0,0.0,9769991.845980523,0.006424343077244132,12269078.73556445
2018-04-18,0.0,0.3,-0.00045,9765595.349649832,0.012528016768979012,12422785.959703524
2018-04-19,-0.0004518304845150811,0.3,-0.0009018304845150811,9756788.43806408,-0.008432007130569885,12318036.93990976
2018-04-20,0.0,0.0,0.0,9756788.43806408,-0.002859437309692736,12282814.285501609
2018-04-23,0.0,0.0,0.0,9756788.43806408,-0.005592809207563087,12214118.848670868
2018-04-24,0.0,0.0,0.0,9756788.43806408,0.007969683151917683,12311461.50587464
2018-04-25,0.0,0.0,0.0,9756788.43806408,-0.010582979373244948,12181169.56270347
2018-04-26,0.0,0.0,0.0,9756788.43806408,0.015168182756622548,12365935.768819962
2018-04-27,0.0,0.0,0.0,9756788.43806408,-0.0074641830796079115,12273634.160290819
2018-04-30,0.0,0.0,0.0,9756788.43806408,-0.0014941918198336122,12255294.996528883
2018-05-01,0.0,0.0,0.0,9756788.43806408,0.008376888612574874,12357956.23762905
2018-05-02,0.0,0.0,0.0,9756788.43806408,-0.0015387426504470893,12338940.523293853
2018-05-03,0.0,0.0,0.0,9756788.43806408,0.005557529325364741,12407514.54709599
2018-05-04,0.0,0.0,0.0,9756788.43806408,0.00443231325383573,12462508.538270243
2018-05-07,0.0,0.0,0.0,9756788.43806408,0.0012260884837356765,12477788.67646747
2018-05-08,0.0,0.0,0.0,9756788.43806408,0.010633834980716149,12610475.422177276
2018-05-09,0.0,0.3,-0.00045,9752397.883266952,0.012416794901096284,12767057.109099766
2018-05-10,0.005110634571873285,0.0,0.005110634571873285,9802238.82504784,0.015709656546415297,12967623.191392193
2018-05-11,-0.0051513078210855935,0.3,-0.005601307821085593,9747333.46805295,-0.015141152999965667,12771278.424605422
2018-05-14,0.0,0.0,0.0,9747333.46805295,-0.011336139550829981,12626501.43014159
2018-05-15,0.0,0.3,-0.00045,9742947.167992325,-0.0004676676086167841,12620596.424412558
2018-05-16,0.0060727624504191445,0.0,0.0060727624504191445,9802113.771710526,0.016235365656330592,12825496.422163874
2018-05-17,-5.1505573521248846e-05,0.0,-5.1505573521248846e-05,9801608.908218995,-0.0048198823221254905,12763679.038686203
2018-05-18,0.0007611972802284095,0.3,0.0003111972802284095,9804659.142253093,-0.0008921162186126152,12752292.353606625
2018-05-21,0.0,0.0,0.0,9804659.142253093,0.007418220375598805,12846891.668579742
2018-05-22,0.0,0.0,0.0,9804659.142253093,0.002887704820234038,12883989.699576126
2018-05-23,0.0,0.3,-0.00045,9800247.04563908,-0.01605529900813658,12677133.392531678
2018-05-24,0.002495384011827428,0.0,0.002495384011827428,9824702.425428726,-0.004416265257473439,12621147.808765884
2018-05-25,0.0018795298381023783,0.0,0.0018795298381023783,9843168.246787798,0.006353321450733418,12701334.017872194
2018-05-29,-0.005247445398390072,0.3,-0.005697445398390072,9787087.333154555,-0.01590630316939797,12499302.74832813
2018-05-30,0.0,0.3,-0.00045,9782683.143854637,0.011883731930691765,12647841.11150982
2018-05-31,-0.0028234342893931896,0.0,-0.0028234342893931896,9755062.38082401,-0.004733724660402616,12587969.714139413
2018-06-01,0.001809766530014989,0.0,0.001809766530014989,9772716.766219035,0.0108571680621649,12724639.416887267
2018-06-04,0.005778335955870339,0.0,0.005778335955870339,9829186.806895815,0.014393856217323076,12907796.047071224
2018-06-05,-0.004398878591719779,0.3,-0.004848878591719779,9781526.273413843,0.002794462534326192,12943866.399525488
2018-06-06,0.0,0.0,0.0,9781526.273413843,0.011805285222957517,13096672.434259742
2018-06-07,0.0,0.0,0.0,9781526.273413843,-0.015371820869409691,12895352.731614966
2018-06-08,0.0,0.0,0.0,9781526.273413843,0.011268332433537176,13040661.853042526
2018-06-11,0.0,0.0,0.0,9781526.273413843,-0.007629336040353862,12941170.26157704
2018-06-12,0.0,0.0,0.0,9781526.273413843,0.006722552146406202,13028167.953496013
2018-06-13,0.0,0.0,0.0,9781526.273413843,0.007850211838467437,13130441.831798088
2018-06-14,0.0,0.0,0.0,9781526.273413843,-0.005470546462462677,13058611.139684573
2018-06-15,0.0,0.0,0.0,9781526.273413843,-0.006159840512911052,12978172.177743992
2018-06-18,0.0,0.3,-0.00045,9777124.586590808,-0.010620918035683768,12840332.07479118
2018-06-19,-0.006002579215493587,0.3,-0.0064525792154935865,9714036.91569608,-0.007001098019403462,12750435.651333878
2018-06-20,0.0,0.0,0.0,9714036.91569608,0.006640100621753997,12835099.827029934
2018-06-21,0.0,0.0,0.0,9714036.91569608,-0.006484823554117446,12751866.469352162
2018-06-22,0.0,0.3,-0.00045,9709665.599084018,-0.0003593899136504541,12747283.57716286
2018-06-25,-0.0035045911542710083,0.3,-0.003954591154271009,9671267.84139495,-0.017211526649075926,12527883.366171196
2018-06-26,0.0,0.3,-0.00045,9666915.770866323,0.001384943373978609,12545233.77522915
2018-06-27,-0.0013171688865463492,0.0,-0.0013171688865463492,9654182.810184075,-0.0057780543713265246,12472746.732374873
2018-06-28,0.00038191875757698224,0.0,0.00038191875757698224,9657869.923688363,0.00554683645717795,12541931.018671157
2018-06-29,0.0033312938050941597,0.0,0.0033312938050941597,9690043.12593555,0.006631768105814295,12625106.196786104
2018-07-02,-0.00013101936376335165,0.0,-0.00013101936376335165,9688773.542650351,0.002247564611217179,12653481.938686859
2018-07-03,0.005884092073768987,0.0,0.005884092073768987,9745783.178257205,0.005155908449203894,12718722.133126384
2018-07-05,-0.0074480102043725455,0.3,-0.007898010204372545,9668810.883265726,-0.01780371676605813,12492281.606642006
2018-07-06,0.0,0.3,-0.00045,9664459.918368258,0.010480258551568,12623203.947778612
2018-07-09,0.006085418180298885,0.3,0.005635418180298885,9718923.191495,0.014271172829121381,12803351.872974608
2018-07-10,-0.009312373194915423,0.6,-0.010212373194915423,9619669.920810735,-0.011973836746345244,12650046.627841597
2018-07-11,0.0,0.0,0.0,9619669.920810735,-0.01694169719652372,12435733.368350798
2018-07-12,0.0,0.6,-0.0009,9611012.217882005,0.017496008030895526,12653309.059233539
2018-07-13,-0.004994449182745442,0.3,-0.005444449182745442,9558685.550267002,-0.006675481187755905,12568842.132645765
2018-07-16,0.0002589719875108365,0.0,0.0002589719875108365,9561160.982061945,-0.00042891754004807935,12563451.13579698
2018-07-17,-0.0028738738396622,0.0,-0.0028738738396622,9533683.411638798,0.0019956963857294284,12588523.969820978
2018-07-18,0.0033639590805253803,0.0,0.0033639590805253803,9565754.332522236,0.006915792031005319,12675583.583573584
2018-07-19,-0.006803075138374226,0.0,-0.006803075138374226,9500677.787042858,-0.013781433718540969,12500895.868572738
2018-07-20,0.0100058240332904,0.0,0.0100058240332904,9595739.897177,0.023747520883241634,12797761.154270899
2018-07-23,-0.002821331578614561,0.0,-0.002821331578614561,9568667.133184923,-0.007141243663513352,12706369.223520806
2018-07-24,0.007587305980340009,0.3,0.007137305980340009,9636961.638338486,0.01622725244741996,12912558.684601007
2018-07-25,0.002370392948355926,0.3,0.0019203929483559263,9655468.391512327,0.003161018653443848,12953375.52346672
2018-07-26,-0.009684442645810365,0.0,-0.009684442645810365,9561960.561656293,-0.02268017523569229,12659590.696700767
2018-07-27,-0.0004149083368406581,0.0,-0.0004149083368406581,9557993.224502718,-0.005290448496776701,12592615.784129597
2018-07-30,-0.001685980389070807,0.0,-0.001685980389070807,9541878.635367336,-0.007205868279415007,12501875.053495876
2018-07-31,0.0019776922475631007,0.0,0.0019776922475631007,9560749.53477169,0.0041627652292346665,12553917.424268806
2018-08-01,-0.010859199234799121,0.0,-0.010859199234799121,9456927.45073959,-0.015818919407059494,12355328.016291417
2018-08-02,0.0019384306439820475,0.6,0.0010384306439820475,9466747.814002354,0.009419914816032415,12471714.153729022
2018-08-03,0.009454702021852633,0.6,0.008554702021852633,9547733.02066717,0.009454702021852633,12589630.494754251
2018-08-06,-0.003872222020133531,0.0,-0.003872222020133531,9510762.078622187,-0.007920742471709076,12489911.273791328
2018-08-07,0.004677024199674929,0.0,0.004677024199674929,9555244.143021254,0.0091233677085391,12603861.326989153
2018-08-08,-0.0019349421382762744,0.0,-0.0019349421382762744,9536755.298487404,-0.007519256293099408,12509089.663388837
2018-08-09,0.0018453153390244558,0.0,0.0018453153390244558,9554353.619324226,0.0009050984222158441,12520411.620706527
2018-08-10,-0.0013574467732317408,0.0,-0.0013574467732317408,9541384.092833359,-0.00763559931586213,12424810.774301147
2018-08-13,0.0025937400752263696,0.0,0.0025937400752263696,9566131.963128068,0.004416475555892319,12479684.647372438
2018-08-14,-0.0027629275824982203,0.3,-0.00321292758249822,9535396.673885915,0.006253724003022765,12557729.150801864
2018-08-15,0.0,0.3,-0.00045,9531105.745382668,-0.01738457773600628,12339418.332192035
2018-08-16,0.004077493055599479,0.3,0.003627493055599479,9565679.765286228,0.011787210982165019,12484865.659470778
2018-08-17,0.007856897230721294,0.0,0.007856897230721294,9640836.328144072,0.008733299772244352,12593899.733891133
2018-08-20,-0.0007412655632210385,0.0,-0.0007412655632210385,9633689.90817337,-0.0018147284520042774,12571045.225722352
2018-08-21,0.004229460032612131,0.3,0.003779460032612131,9670100.054147888,0.005692356507468466,12642604.096818672
2018-08-22,-0.003076397939986131,0.0,-0.003076397939986131,9640350.978261847,-0.002137294146781643,12615583.133082464
2018-08-23,-0.0008590916717690411,0.0,-0.0008590916717690411,9632069.033023493,-0.007462660328598691,12521437.321313072
2018-08-24,0.0061884724107069905,0.0,0.0061884724107069905,9691676.826492384,0.020649081129677026,12779993.496421032
2018-08-27,-0.0033389191054065013,0.0,-0.0033389191054065013,9659317.101572985,-0.006811594185029468,12692941.367036095
2018-08-28,0.001026286212591887,0.0,0.001026286212591887,9669230.32553738,-0.0019079561946872992,12668723.790926056
2018-08-29,-0.00042332942538704233,0.0,-0.00042332942538704233,9665137.055819735,0.005085144619190729,12733146.083543496
2018-08-30,-0.0007941443856429475,0.0,-0.0007941443856429475,9657461.541490387,-0.0058064111222379195,12659212.20250293
2018-08-31,0.002366551399908512,0.0,0.002366551399908512,9680316.420620963,0.012717127765522607,12820201.021493023
2018-09-04,-0.005177390329761322,0.0,-0.005177390329761322,9630197.64399581,-0.012857630770983074,12655363.610348884
2018-09-05,0.005354143735554295,0.0,0.005354143735554295,9681759.10638356,0.009380326911404979,12774075.058196655
2018-09-06,-0.00042921782744356204,0.0,-0.00042921782744356204,9677603.522774085,-0.007159490603402075,12682619.187850343
2018-09-07,-0.002685417275610602,0.0,-0.002685417275610602,9651615.119087517,-0.0024060400501157986,12652104.298144009
2018-09-10,0.0033545969170653,0.0,0.0033545969170653,9683992.39741071,0.00498934103301627,12715229.96127274
2018-09-11,0.0020225214536022215,0.0,0.0020225214536022215,9703578.479790995,0.010360919393542289,12846971.43397184
2018-09-12,0.007337438517183003,0.0,0.007337438517183003,9774777.890283119,0.012959202573195949,13013457.939236743
2018-09-13,-0.0034933505352189864,0.0,-0.0034933505352189864,9740631.164708452,0.0022497381405464307,13042734.81190304
2018-09-14,-0.00980055737523402,0.0,-0.00980055737523402,9645167.550107734,-0.016384626343300547,12829034.47551525
2018-09-17,0.004729800254410277,0.0,0.004729800254410277,9690787.266040064,0.0074909916069446966,12925136.665096542
2018-09-18,0.0099972039556248,0.0,0.0099972039556248,9787668.042829238,0.01434715058013396,13110575.547099492
2018-09-19,-0.0015727763622829683,0.3,-0.0020227763622829684,9767869.77927033,-0.0005819095894770477,13102946.377465073
2018-09-20,0.0,0.0,0.0,9767869.77927033,0.00524540577241186,13171676.64802903
2018-09-21,0.0,0.0,0.0,9767869.77927033,-0.008731206906866785,13056672.013904743
2018-09-24,0.0,0.3,-0.00045,9763474.23786966,-0.005812999081055859,12980773.591486268
2018-09-25,0.003338815563223574,0.3,0.002888815563223574,9791679.11419915,0.007845088284417745,13082608.906311514
2018-09-26,0.0,0.0,0.0,9791679.11419915,-0.00843872816489214,12972208.326063555
2018-09-27,0.0,0.0,0.0,9791679.11419915,-0.007286131334413281,12877691.112502487
2018-09-28,0.0,0.3,-0.00045,9787272.858597761,-0.00256005876679648,12844723.466473829
2018-10-01,-0.0009554306384625177,0.3,-0.0014054306384625177,9773517.525455294,-0.003955792903219279,12793912.40054134
2018-10-02,0.0,0.3,-0.00045,9769119.44256884,0.003007013933109315,12832383.873388747
2018-10-03,0.0015548661614476211,0.0,0.0015548661614476211,9784309.115817228,0.0073822318576905795,12927115.506428992
2018-10-04,-0.004691344145921283,0.3,-0.005141344145921283,9734004.615422737,-0.014203967295198194,12743499.180554425
2018-10-05,0.0,0.6,-0.0009,9725244.011268858,0.00523857284606306,12810256.929325506
2018-10-08,0.002679818994071625,0.3,0.002229818994071625,9746929.545087168,0.00415795964660287,12863521.460700255
2018-10-09,-0.0020896818561373484,0.3,-0.0025396818561373483,9722175.44496846,0.005273037703447236,12931351.294361632
2018-10-10,-0.020660563580357904,0.3,-0.021110563580357903,9516934.842098057,-0.02524073702218886,12604954.456999108
2018-10-11,0.004207713313846106,0.6,0.0033077133138461065,9548414.134182272,0.007849656115236935,12703899.014834777
2018-10-12,0.010161312364882779,0.3,0.009711312364882778,9641141.766428579,0.010161312364882779,12832987.300976437
2018-10-15,-0.008040348284368226,0.3,-0.008490348284368227,9559285.11497263,-0.012872297628988248,12667797.268969243
2018-10-16,0.004205057329215478,0.3,0.003755057329215478,9595180.77860567,0.008861485289464344,12780052.76811813
2018-10-17,-0.00922203762796394,0.6,-0.01012203762796394,9498057.997717507,-0.013351462212939157,12609420.376505233
2018-10-18,-0.004066448606814787,0.0,-0.004066448606814787,9459434.633005243,-0.009093305355422897,12494759.06666678
2018-10-19,0.006400206872067704,0.0,0.006400206872067704,9519976.971549278,0.007236140770500965,12585172.902166678
2018-10-22,0.0025138184098068674,0.0,0.0025138184098068674,9543908.464921294,0.005708257165484598,12657012.305564333
2018-10-23,-0.0005126659773135867,0.3,-0.0009626659773135866,9534720.86895152,-0.0005169128584515459,12650469.733154006
2018-10-24,-0.004628794002562442,0.0,-0.004628794002562442,9490586.610177211,-0.020087366362877966,12396355.11296164
2018-10-25,0.007927787583270307,0.3,0.0074777875832703075,9561555.200888745,0.027059930332411518,12731799.618694218
2018-10-26,-0.010207790665754855,0.3,-0.010657790665754856,9459650.147118613,-0.013818581185983768,12555864.212019615
2018-10-29,-0.00912418933393545,0.0,-0.00912418933393545,9373338.508143513,-0.021929231929453518,12280523.753639512
2018-10-30,0.004524039489476683,0.0,0.004524039489476683,9415743.861702587,0.014113023640061973,12453839.075686967
2018-10-31,0.0022568380618744888,0.0,0.0022568380618744888,9436993.670830538,0.007698424707117412,12549714.018125702
2018-11-01,0.013917274986453653,0.3,0.013467274986453653,9564084.259641036,0.02673185038669712,12885191.095654074
2018-11-02,0.0,0.0,0.0,9564084.259641036,-0.00023857383101649754,12882117.026251005
2018-11-05,0.0,0.0,0.0,9564084.259641036,-0.011201258642803313,12737821.101573108
2018-11-06,0.0,0.0,0.0,9564084.259641036,-0.007303882143926655,12644785.557476796
2018-11-07,0.0,0.3,-0.00045,9559780.421724198,0.012474766646190915,12802526.306597443
2018-11-08,-0.003245899099286864,0.0,-0.003245899099286864,9528750.339063944,-0.01009813860629385,12673244.621442702
2018-11-09,-0.003944762464559181,0.0,-0.003944762464559181,9491161.682392249,-0.013154935392378796,12506528.90723581
2018-11-12,0.0017528513315599348,0.0,0.0017528513315599348,9507798.27778528,-0.006527025038594591,12424898.479912374
2018-11-13,0.0017190498970116597,0.6,0.0008190498970116597,9515585.638985509,0.0032685871271719404,12465510.343140235
2018-11-14,0.006428070771140893,0.0,0.006428070771140893,9576752.49690176,0.012383586006501513,12619878.062589446
2018-11-15,0.001627090077134019,0.0,0.001627090077134019,9592334.735860636,0.002636947290165858,12653156.015848817
2018-11-16,-0.001222029200298158,0.0,-0.001222029200298158,9580612.622714382,-0.006059493649384229,12576484.297326114
2018-11-19,-0.0028514679919704354,0.3,-0.0033014679919704353,9548982.536797022,-0.015571188693508207,12380653.487231506
2018-11-20,0.0,0.3,-0.00045,9544685.494655466,-0.01581410874277893,12184864.486677762
2018-11-21,0.005308114683228648,0.6,0.0044081146832286484,9586759.562931255,0.013111743070171555,12344629.29917194
2018-11-23,-0.012877949456936266,0.0,-0.012877949456936266,9463301.757824026,-0.012877949456936266,12185655.786992589
2018-11-26,0.013567882695345434,0.3,0.013117882695345433,9587440.240193818,0.013567882695345434,12350989.335276362
2018-11-27,0.0030248776741326642,0.3,0.0025748776741326643,9612126.726020373,0.0008154718221473289,12361061.21905492
2018-11-28,0.002230208235228215,0.3,0.001780208235228215,9629238.313176094,0.01834895100528402,12587873.725736678
2018-11-29,0.0,0.0,0.0,9629238.313176094,-0.0027372494163599766,12553417.575727692
2018-11-30,0.0,0.0,0.0,9629238.313176094,-0.00668550475600419,12469491.642821059
2018-12-03,0.0,0.3,-0.00045,9624905.155935165,0.01649142531766987,12675131.332997948
2018-12-04,-0.004548040861547564,0.3,-0.004998040861547564,9576799.48667728,-0.025781034151391047,12348353.339228561
2018-12-06,0.0,0.3,-0.00045,9572489.926908275,0.005651586125641539,12418141.121635066
2018-12-07,-0.0017493738480161447,0.3,-0.002199373848016145,9551436.442902636,-0.007703310629855209,12322480.323129734
2018-12-10,-0.008557250668316242,0.0,-0.008557250668316242,9469702.407018228,-0.005864361316619371,12250216.846197968
2018-12-11,0.0057349447302270425,0.0,0.0057349447302270425,9524010.626934174,0.008290617004208346,12351778.702288296
2018-12-12,0.010594985061455797,0.0,0.010594985061455797,9624917.377251687,0.015601846607794156,12544489.258934816
2018-12-13,-0.003238919055641787,0.3,-0.003688919055641787,9589411.836129766,-0.005564300374453224,12474687.952654002
2018-12-14,-0.00024353707773910882,0.0,-0.00024353707773910882,9587076.458793957,-0.004748304136361591,12415454.340248596
2018-12-17,-0.0038452530680421647,0.0,-0.0038452530680421647,9550211.723627225,-0.010390106346738802,12286456.449310333
2018-12-18,0.00048089726059010737,0.0,0.00048089726059010737,9554804.394283172,-0.0031861907729391348,12247309.45513942
2018-12-19,-0.001773615830498587,0.3,-0.002223615830498587,9533558.179974725,-0.006951585035257612,12162171.242008906
2018-12-20,0.000702967113115427,0.0,0.000702967113115427,9540259.95784622,-0.0032598160663990902,12122524.800791908
2018-12-21,-0.0035414544069168772,0.3,-0.003991454406916877,9502180.445194343,-0.01267103538267653,11968919.860113699
2018-12-24,-0.0072342275256672365,0.0,-0.0072342275256672365,9433439.50986386,-0.0072342275256672365,11882333.970609158
2018-12-26,0.027404930184582028,0.0,0.027404930184582028,9691962.261032157,0.027404930184582028,12207968.50350359
2018-12-27,0.0016459290542815586,0.6,0.0007459290542815586,9699191.77727566,0.0016459290542815586,12228061.95355726
2018-12-28,-0.0002548986621625504,0.0,-0.0002548986621625504,9696719.466267575,0.002164103768760173,12254524.748515585
2018-12-31,-0.0007999362796655696,0.0,-0.0007999362796655696,9688962.708572768,-0.006213767567938511,12178377.98007276
2019-01-02,0.0,0.0,0.0,9688962.708572768,-0.00012011825802522597,12176915.13452422
2019-01-03,0.0,0.6,-0.0009,9680242.642135052,-0.010767406117309308,12045801.344014788
2019-01-04,0.01522186452924985,0.0,0.01522186452924985,9827593.9842439,0.026709438278016192,12367537.931521995
2019-01-07,-0.01105265921899342,0.3,-0.01150265921899342,9714550.519700512,-0.012998064107391582,12206783.880637474
2019-01-08,0.002365288176750435,0.3,0.0019152881767504353,9733156.683453338,0.007533954809515709,12298749.238763722
2019-01-09,0.005193293832453083,0.0,0.005193293832453083,9783703.826027816,0.0071495892893673075,12386680.244593801
2019-01-10,-0.0028790634473373935,0.0,-0.0028790634473373935,9755535.921962725,-0.003968039485934305,12337529.408283612
2019-01-11,0.0017244186995430733,0.0,0.0017244186995430733,9772358.550530622,0.0006712111890066488,12345810.49606715
2019-01-14,-0.002451250222887713,0.0,-0.002451250222887713,9748404.054455495,-0.005630518087336045,12276297.186766218
2019-01-15,0.0021227232443463916,0.0,0.0021227232443463916,9769097.218337169,0.007436542144245583,12367590.388170889
2019-01-16,0.008070356944780043,0.0,0.008070356944780043,9847937.319917405,0.00881689442277971,12476634.126887577
2019-01-17,-0.002049107941651085,0.0,-0.002049107941651085,9827757.83334628,-0.0025955559834924926,12444250.324525686
2019-01-18,0.00523893757717977,0.0,0.00523893757717977,9879244.84315882,0.008888947873942742,12554866.616990687
2019-01-22,-0.009704037689672306,0.6,-0.010604037689672306,9774484.958496463,-0.014967130898918102,12366956.28491573
2019-01-23,0.002085521576893079,0.6,0.0011855215768930792,9786072.821317777,0.003523838913424826,12410535.446713142
2019-01-24,-0.002228814329976858,0.0,-0.002228814329976858,9764261.481979428,-0.0010037869763276142,12398077.91286248
2019-01-25,0.01080234919749694,0.0,0.01080234919749694,9869738.444163438,0.014341814768958993,12575888.849779874
2019-01-28,-0.007791446848912554,0.8999999999999999,-0.009141446848912554,9779514.754763447,-0.01264425489647779,12416876.105613485
2019-01-29,-0.002254976328423386,0.6,-0.003154976328423386,9748660.6172087,0.002607900386911688,12449258.08161355
2019-01-30,0.004749601514214241,0.0,0.004749601514214241,9794962.870437756,0.013671117204835936,12619453.347960541
2019-01-31,-0.00152967761299444,0.6,-0.00242967761299444,9771164.268431343,0.003565170548837193,12664443.851379113
2019-02-01,-0.007102666488413589,0.0,-0.007102666488413589,9701762.94742917,-0.01923016239434212,12420904.539483065
2019-02-04,0.005108770409966712,0.3,0.004658770409966712,9746961.233573167,0.015338505472270735,12611422.651732478
2019-02-05,0.0,0.3,-0.00045,9742575.101018058,0.0023756649341730605,12641383.166296234
2019-02-06,-0.001399112232226518,0.0,-0.001399112232226518,9728944.145020839,-0.0048326205825523945,12580292.157814858
2019-02-07,-0.00252849484344273,0.0,-0.00252849484344273,9704344.55991801,0.0006156914947355039,12588037.736697713
2019-02-08,0.002334134690492262,0.3,0.0018841346904922623,9722628.852151843,-0.0012123559965807273,12572776.553662442
2019-02-11,-0.0030197479552676815,0.0,-0.0030197479552676815,9693268.96355573,-0.005805452532901545,12499785.896173377
2019-02-12,0.008060730610636502,0.0,0.008060730610636502,9771403.793407395,0.008582553375085821,12607065.97580443
2019-02-13,-0.002616552170124675,0.0,-0.002616552170124675,9745836.40560659,-0.0035146989879913603,12562755.933777729
2019-02-14,0.002575901891111343,0.3,0.002125901891111343,9766555.097651731,0.0042501305003808335,12616149.285940718
2019-02-15,0.0016248777819123372,0.0,0.0016248777819123372,9782424.556035727,0.007321373676059495,12708516.829216043
2019-02-19,-0.0009914822810824675,0.0,-0.0009914822810824675,9772725.455422392,0.006028895688041958,12785135.151529113
2019-02-20,-0.0024594407069801314,0.0,-0.0024594407069801314,9748690.016619185,-0.0014193751566082824,12766988.248321151
2019-02-21,-0.0021922428228054345,0.0,-0.0021922428228054345,9727318.520898499,-0.003632163593980642,12720616.45840082
2019-02-22,0.0028218880289619273,0.0,0.0028218880289619273,9754767.92458652,0.013063577385956426,12886793.215902211
2019-02-25,-0.00037995730575764993,0.0,-0.00037995730575764993,9751061.529247602,-0.0023775230042919256,12856154.568579849
2019-02-26,-1.1857555468375303e-05,0.0,-1.1857555468375303e-05,9750945.905494645,-0.0027022083055756705,12821414.56092687
2019-02-27,-0.0013429786516243713,0.0,-0.0013429786516243713,9737850.593310421,-0.0070274363748147875,12731312.885864832
2019-02-28,-0.00018288779245930752,0.0,-0.00018288779245930752,9736069.65931211,-0.009216980730575041,12613968.620320892
2019-03-01,0.005152099058234194,0.3,0.004702099058234194,9781849.623288065,0.006772473298638748,12699396.38599188
2019-03-04,0.001963477552368986,0.3,0.001513477552368986,9796654.233113563,0.0031334992111615497,12739189.934549615
2019-03-05,0.0004058371029995733,0.3,-4.416289700042667e-05,9796221.584481716,0.003780116036434777,12787345.550712395
2019-03-06,-0.004480935393785901,0.3,-0.004930935393785901,9747917.048745427,-0.006874075274774049,12699444.374832252
2019-03-07,-0.002554711846468782,0.0,-0.002554711846468782,9723013.929582601,-0.005219272157057708,12633162.518396586
2019-03-08,0.0029500163192141883,0.3,0.0025000163192141884,9747321.623078505,0.008037830567894888,12734705.738256138
2019-03-11,-0.0019887432190449418,0.0,-0.0019887432190449418,9727936.703296756,-0.006774438762621715,12648435.254072314
2019-03-12,0.017618868749799742,0.3,0.017168868749799743,9894954.371762019,0.027182900032277524,12992256.405148495
2019-03-13,-0.006412891768090445,0.6,-0.007312891768090445,9822593.641391128,-0.006412891768090445,12908938.470998997
2019-03-14,0.0009327888262949279,0.0,0.0009327888262949279,9831756.046985053,-0.0004927208039029241,12902577.96845803
2019-03-15,0.004143586098141516,0.0,0.004143586098141516,9872494.77466166,0.011823997202482905,13055138.014261898
2019-03-18,-4.713793788125864e-05,0.0,-4.713793788125864e-05,9872029.405616239,-3.641678286938623e-05,13054662.588135503
2019-03-19,-0.005092397587276087,0.0,-0.005092397587276087,9821757.106889559,-0.018633572908827944,12811407.580999332
2019-03-20,0.006226864147668776,0.0,0.006226864147668776,9882915.85408556,0.015208328431512562,13006247.67516114
2019-03-21,0.0024508980786806856,0.0,0.0024508980786806856,9907137.873564102,-0.006244460980771959,12925030.66904734
2019-03-22,-0.004373290938422492,0.0,-0.004373290938422492,9863811.077275941,-0.016346940405689757,12713745.962958714
2019-03-25,0.004546487165118051,0.3,0.004096487165118051,9904218.052753152,0.01650664947598981,12923607.311096052
2019-03-26,0.0025984547583841164,0.0,0.0025984547583841164,9929953.715280402,0.003288540948633911,12966107.122942656
2019-03-27,-0.003240462452030979,0.0,-0.003240462452030979,9897776.07311563,-0.002506929314041884,12933602.008907143
2019-03-28,0.0027586940362168463,0.0,0.0027586940362168463,9925081.008940345,0.00483390729191302,12996121.8419687
2019-03-29,0.0068358263355455355,0.0,0.0068358263355455355,9992927.13908368,0.012662339908085494,13160683.1542186
2019-04-01,0.008833095353873376,0.0,0.008833095353873376,10081195.617367515,0.007582977730415174,13260480.32149409
2019-04-02,-0.014548449258081318,0.0,-0.014548449258081318,9934529.854467452,-0.02148245018208189,12975612.713597117
2019-04-03,0.009837382391901572,0.3,0.009387382391901572,10027789.0850951,0.01555567023418487,13177457.06605633
2019-04-04,-0.0027436936500185084,0.0,-0.0027436936500185084,10000275.9038586,-0.00876072850989108,13062012.942249866
2019-04-05,0.0004663608396332286,0.0,0.0004663608396332286,10004939.640925685,-0.00306727298532522,13021948.182818135
2019-04-08,0.0008540984052294975,0.0,0.0008540984052294975,10013484.843917416,0.0061269105419088365,13101732.494415635
2019-04-09,-0.0016379101610344393,0.0,-0.0016379101610344393,9997083.655344201,-0.0014182623059919243,13083150.801075613
2019-04-10,0.0019280671162073659,0.0,0.0019280671162073659,10016358.703598045,0.0019466561958922158,13108619.19764432
2019-04-11,-0.0017480366067985531,0.0,-0.0017480366067985531,9998849.74191733,-0.009995434344580167,12977592.855106164
2019-04-12,0.001979821128988446,0.0,0.001979821128988446,10018645.67590196,0.010975140902756485,13120023.765269559
2019-04-15,-0.0012180163786052578,0.3,-0.0016680163786052579,10001934.410823112,-0.006521519262688569,13034461.277557421
2019-04-16,0.0022671965804020866,0.3,0.0018171965804020867,10020109.891831867,0.0019819418453494997,13060294.821795
2019-04-17,0.0015832373143090494,0.0,0.0015832373143090494,10035974.103706094,0.00582922277606781,13136426.189832369
2019-04-18,0.00040734676041418447,0.3,-4.2653239585815515e-05,10035546.036898172,-0.0039770589808233005,13084181.848078173
2019-04-22,-0.001643821719072458,0.3,-0.002093821719072458,10014533.39264336,-0.003343444900859871,13040435.606996292
2019-04-23,0.004774436351213862,0.3,0.004324436351213862,10057840.60488695,0.0032335245636726626,13082602.175852507
2019-04-24,-0.002174008472707123,0.6,-0.003074008472707123,10026922.717650391,0.0010790377352442706,13096718.797275443
2019-04-25,0.00020820152817397925,0.6,-0.0006917984718260207,10019986.107837202,0.0012596226276243797,13113215.720620124
2019-04-26,0.003049932643398634,0.0,0.003049932643398634,10050546.390553895,0.0070329514510643065,13205440.330150578
2019-04-29,-0.0013653707785328596,0.6,-0.0022653707785328598,10027778.176452447,-0.0006902102258267041,13196325.800198164
2019-04-30,0.0,0.3,-0.00045,10023265.676273042,0.0030870830568008765,13237063.953987978
2019-05-01,-0.004066663821760519,0.0,-0.004066663821760519,9982504.42437145,-0.016990437442789316,13012160.446951544
2019-05-02,0.000531925423164048,0.3,8.192542316404802e-05,9983322.245270653,-0.001195643822233261,12996602.537699237
2019-05-03,0.008895488701077125,0.0,0.008895488701077125,10072128.775502669,0.014314590265440108,13182643.57786918
2019-05-06,-0.008304909048255482,0.6,-0.009204909048255482,9979415.74620185,-0.008030319587951983,13076782.736924827
2019-05-07,0.0,0.6,-0.0009,9970434.272030268,-0.014499631219203668,12887174.20970577
2019-05-08,0.003552038662859269,0.0,0.003552038662859269,10005849.640050018,0.004331604618858576,12942996.353036566
2019-05-09,-0.002415746488153625,0.0,-0.002415746488153625,9981678.043921074,-0.0031535228522284187,12902180.318260958
2019-05-10,0.00034849922723103607,0.0,0.00034849922723103607,9985156.65100585,0.0015317219381110634,12921942.870903902
2019-05-13,-0.01628546649220227,0.0,-0.01628546649220227,9822543.716946503,-0.02192059932949478,12638686.138672197
2019-05-14,0.010981330946786638,0.3,0.010531330946786637,9925988.175568948,0.014296162235863807,12819370.846158817
2019-05-15,-0.0003410372577016263,0.3,-0.0007910372577016263,9918136.349102566,0.005701437822289667,12892459.691959066
2019-05-16,0.0006211792102927775,0.0,0.0006211792102927775,9924297.289207479,0.0006789439638044018,12901212.949645514
2019-05-17,-0.003801582893294652,0.0,-0.003801582893294652,9886569.250404857,-0.004576387588855645,12842171.998821571
2019-05-20,-0.004345606923831347,0.0,-0.004345606923831347,9843606.10661736,-0.0033022125060085065,12799764.417842751
2019-05-21,0.0030515546099547652,0.3,0.0026015546099547654,9869214.785462609,0.0013532861863820634,12817086.162218362
2019-05-22,-0.001336393084996379,0.0,-0.001336393084996379,9856025.635068972,-0.00837510582936981,12709741.709185632
2019-05-23,-0.003830532029871403,0.6,-0.004730532029871403,9809401.390115045,-0.0037348470119771713,12662272.76834008
2019-05-24,-0.0005543796374000154,0.0,-0.0005543796374000154,9803963.25772928,0.0004802634275701044,12668353.994860629
2019-05-28,-0.0056089782082062055,0.0,-0.0056089782082062055,9748973.041462624,-0.005593206947284046,12597497.26928592
2019-05-29,0.006924304652122726,0.0,0.006924304652122726,9816477.900847044,0.008511186901848732,12704716.923040342
2019-05-30,0.0002813994925462193,0.0,0.0002813994925462193,9819240.252746932,-0.003130760872069804,12664941.492406964
2019-05-31,0.0009464005176454515,0.0,0.0009464005176454515,9828533.186805015,-0.0009692945339939476,12652665.43384502
2019-06-03,0.008887179666420008,0.3,0.008437179666420007,9911458.287159462,0.005030731059919412,12716317.590833832
2019-06-04,0.0,0.0,0.0,9911458.287159462,0.005366607867849138,12784561.08086687
2019-06-05,0.0,0.0,0.0,9911458.287159462,-0.01796545629273545,12554880.607546749
2019-06-06,0.0,0.3,-0.00045,9906998.13093024,0.0017908247193937129,12577364.19808778
2019-06-07,0.0016951464661316695,0.3,0.0012451464661316696,9919333.79464294,0.004332584270077422,12631856.68837145
2019-06-10,0.0,0.3,-0.00045,9914870.094435351,0.011157635375742636,12772798.339418933
2019-06-11,0.00876380174044482,0.6,0.00786380174044482,9992838.667140257,0.01617219362473221,12979362.507293673
2019-06-12,-0.004521524213575256,0.3,-0.004971524213575256,9943159.027744219,-0.016315207853931934,12767601.510175645
2019-06-13,0.005169130784392339,0.0,0.005169130784392339,9994556.51716864,0.006821380122199771,12854694.173325324
2019-06-14,-0.004167245223687943,0.0,-0.004167245223687943,9952906.749259591,-0.008214058489121967,12749104.963525858
2019-06-17,0.00738457841500244,0.3,0.00693457841500244,10021925.961569538,0.008961355708535046,12863354.228069462
2019-06-18,0.006517814429363211,0.8999999999999999,0.005167814429363211,10073717.415163746,0.013788434814713969,13040719.749341771
2019-06-19,-0.0010129400377701936,0.3,-0.0014629400377701935,10058980.17062792,-0.004696174132362052,12979478.258587532
2019-06-20,0.000856715843922351,0.0,0.000856715843922351,10067597.858313797,0.004241751968568152,13034533.986041883
2019-06-21,-0.003557170319860803,0.0,-0.003557170319860803,10031785.698019909,-0.012144709275748655,12876233.36023654
2019-06-24,9.224565517440552e-07,0.0,9.224565517440552e-07,10031794.951906351,0.0053201449812524835,12944736.78852544
2019-06-25,-0.006482252004947442,0.3,-0.006932252004947442,9962252.02123778,-0.007385945810757932,12849127.664070865
2019-06-26,-0.0002447974153881871,0.3,-0.0006947974153881871,9955330.274281977,0.0009481816911034446,12861310.971668586
2019-06-27,7.673286882052821e-05,0.3,-0.0003732671311794718,9951614.276710551,-0.0026683392094054574,12826992.631318528
2019-06-28,0.0006434462711190081,0.3,0.0001934462711190081,9953539.379383996,0.0029150171399582314,12864383.534692938
2019-07-01,-0.003807456377434937,0.3,-0.004257456377434937,9911162.61967519,-0.003807456377434937,12815402.955562003
2019-07-02,0.0015992465482122294,0.0,0.0015992465482122294,9927013.012283474,0.0009389219757564902,12827435.619025156
2019-07-03,0.0036565538410771705,0.0,0.0036565538410771705,9963311.669843962,0.0036205152589860127,12873877.545417499
2019-07-05,-0.003227983663231726,0.0,-0.003227983663231726,9931150.262542019,-0.004383381529162534,12817446.428376216
2019-07-08,0.0017017200070840067,0.6,0.0008017200070840067,9939112.264400857,0.003103535266999702,12857225.82539956
2019-07-09,0.00326667497930373,0.0,0.00326667497930373,9971580.113751465,0.0013427208709002384,12874489.4908572
2019-07-10,0.006047814577924892,0.0,0.006047814577924892,10031886.381328357,0.013240986389508146,13044960.430977508
2019-07-11,0.00019882608874091092,0.3,-0.00025117391125908906,10029366.633188652,-0.0012071411446190061,13029213.322511349
2019-07-12,-0.0005263139079636714,0.3,-0.0009763139079636714,10019574.823056603,-0.004096980459434862,12975832.89012721
2019-07-15,0.001766444152851343,0.3,0.001316444152851343,10032765.033746472,0.0019439730028691482,13001057.55895536
2019-07-16,-0.005083147331984605,0.3,-0.005533147331984605,9977252.266667569,-0.005083147331984605,12934971.26791158
2019-07-17,0.0021076406120813292,0.0,0.0021076406120813292,9998280.728741778,0.0015692915542293794,12955270.009076511
2019-07-18,0.0013959272372880303,0.3,0.0009459272372880303,10007738.374809146,0.0017636089410800525,12978118.039098624
2019-07-19,-0.0013292935544432002,0.0,-0.0013292935544432002,9994435.152692957,-0.0013292935544432002,12960866.310440449
2019-07-22,0.004236888822635198,0.0,0.004236888822635198,10036780.463279955,0.004236888822635198,13015780.060042823
2019-07-23,-0.0010142437672442384,0.0,-0.0010142437672442384,10026600.721251875,-0.0010142437672442384,13002578.886241103
2019-07-24,0.0048975150048985,0.3,0.0044475150048985,10071194.17840777,0.0048975150048985,13066259.211438844
2019-07-25,-0.0034599919646243205,0.0,-0.0034599919646243205,10036347.927476307,-0.004961198790800481,13001434.902038768
2019-07-26,0.005794352267255221,0.0,0.005794352267255221,10094502.062844843,0.0102916772252696,13135241.47351591
2019-07-29,0.0007149430516517838,0.0,0.0007149430516517838,10101719.056954559,-0.0019223040716195186,13109991.545349663
2019-07-30,-0.004809611790174783,0.0,-0.004809611790174783,10053133.709877199,-0.0050553277619845285,13043716.241131077
2019-07-31,-0.0031028929637981427,0.3,-0.0035528929637981426,10017416.001855252,-0.004722884312485697,12982112.278319322
2019-08-01,-0.003802736650055649,0.0,-0.003802736650055649,9979322.406886144,-0.003802736650055649,12932744.724163419
2019-08-02,-0.012592274355231126,0.3,-0.013042274355231127,9849169.34617623,-0.012592274355231126,12769892.054430585
2019-08-05,-0.014750303809124132,0.3,-0.015200303809124132,9699458.979846837,-0.013798791646816333,12593682.974619163
2019-08-06,0.016825865855563758,0.6,0.015925865855563756,9853931.26243142,0.016825865855563758,12805582.594977602
2019-08-07,-2.959446244539254e-05,0.3,-0.00047959446244539254,9849205.371564642,-0.0013101075229992598,12788805.904883534
2019-08-08,0.012508098727367356,0.3,0.012058098727367355,9967968.062321084,0.013676339798247339,12963709.960052552
2019-08-09,-0.001368774518792104,0.3,-0.001818774518792104,9949838.576005202,-0.008734476878938534,12850478.735141207
2019-08-12,-0.010766952459113265,0.0,-0.010766952459113265,9842709.137081502,-0.012011556983833303,12696124.47754452
2019-08-13,0.014848414150861421,0.3,0.01439841415086142,9984428.53960367,0.02226266251976774,12978774.012097053
2019-08-14,-0.010858793297458114,0.3,-0.011308793297458115,9871516.701056048,-0.03176294478843683,12566529.929729216
2019-08-15,0.0058047679018967905,0.3,0.005354767901896791,9924376.381829903,0.00869509834495572,12675797.14332304
2019-08-16,0.0024059117581946452,0.0,0.0024059117581946452,9948253.555659696,0.005990803068727424,12751735.347747825
2019-08-19,-0.002734857178855654,0.3,-0.003184857178855654,9916569.788905878,0.0009290829171324178,12763582.767223211
2019-08-20,0.0014641071627704894,0.0,0.0014641071627704894,9931088.70976393,0.0008340800159554296,12774228.616541345
2019-08-21,-0.0008897121520828,0.3,-0.0013397121520828,9917783.909536045,-0.002022052994967638,12748398.449308867
2019-08-22,-0.003206533370006448,0.0,-0.003206533370006448,9885982.204473605,-0.0046685871444287815,12688881.440196367
2019-08-23,-0.005279390706253262,0.3,-0.005729390706253262,9829341.54990911,-0.014757886196969126,12501620.371935114
2019-08-26,-0.008434577397772458,0.3,-0.008884577397772458,9742012.004139801,-0.012928502811706499,12339993.137805663
2019-08-27,0.009676789390250407,0.0,0.009676789390250407,9836283.402541153,0.02514653752531839,12650301.238307664
2019-08-28,-0.002353627328682828,0.0,-0.002353627328682828,9813132.457112262,0.0027686044192128277,12685324.918220416
2019-08-29,0.0038559153666850587,0.3,0.003405915366685059,9846555.155743256,0.009583093827736077,12806889.57714704
2019-08-30,0.004077972790483731,0.0,0.004077972790483731,9886709.139748376,0.0008766772724305818,12818117.086169854
2019-09-03,-0.004025061016065856,0.3,-0.004475061016065856,9842465.513099905,-0.0049493322442146544,12754675.965965154
2019-09-04,0.004188058879639689,0.3,0.003738058879639689,9879257.228708694,0.012889449099832494,12919076.71261332
2019-09-05,0.01110126621833416,0.0,0.01110126621833416,9988929.49324399,0.015288614054005811,13116591.49040656
2019-09-06,-0.00429113224999782,0.3,-0.00474113224999782,9941570.657480618,-0.008901524698587604,12999833.82729342
2019-09-09,-0.0021334950606695766,0.0,-0.0021334950606695766,9920360.365587585,-0.0024010848462224896,12968620.123287296
2019-09-10,0.0006000783467221771,0.0,0.0006000783467221771,9926313.359034654,0.002619004804506431,13002585.001698004
2019-09-11,0.0017198765240567405,0.6,0.0008198765240567405,9934451.710328158,0.0022320582080823546,13031607.528277334
2019-09-12,0.01378419824864181,0.6,0.01288419824864181,10062449.155655587,0.01378419824864181,13211237.7899456
2019-09-13,-0.004027644261598839,0.0,-0.004027644261598839,10021921.19005618,0.0005796105785914494,13218895.163124938
2019-09-16,-0.0020184111113737413,0.0,-0.0020184111113737413,10001692.832968859,-0.010375372848188912,13081744.197166396
2019-09-17,0.0026334399280297347,0.3,0.0021834399280297348,10023530.928448252,0.0029295663537184597,13120068.034814367
2019-09-18,0.002952766300710374,0.3,0.002502766300710374,10048617.483870102,0.004685751617344747,13181545.41482817
2019-09-19,0.00028816160847552343,0.0,0.00028816160847552343,10051513.10964721,0.00028816160847552343,13185343.830157101
2019-09-20,-0.0053444013222545324,0.0,-0.0053444013222545324,9997793.789693352,-0.0053444013222545324,13114876.061156828
2019-09-23,0.0006315874588760815,0.0,0.0006315874588760815,10004108.270867351,0.0006315874588760815,13123159.252401767
2019-09-24,-0.0017582931727711526,0.0,-0.0017582931727711526,9986518.115595022,-0.0017582931727711526,13100084.891083082
2019-09-25,0.004900104130664684,0.3,0.004450104130664684,10030959.16111219,0.004900104130664684,13164276.671169935
2019-09-26,0.003412698641156364,0.3,0.0029626986411563643,10060677.870188313,0.0012565822453954657,13180818.6675084
2019-09-27,-0.003918300088011161,0.3,-0.004368300088011161,10016729.810162516,0.0010729606492061788,13194961.167262957
2019-09-30,0.0005943852456370856,0.3,0.00014438524563708556,10018176.078156637,-0.002642475794415955,13160093.801770207
2019-10-01,-0.0013853119930350877,0.0,-0.0013853119930350877,10004297.77868723,-0.001599586979598644,13139043.0870746
2019-10-02,-0.004842690239952307,0.3,-0.005292690239952307,9951348.129476396,-0.00506212191037162,13072531.649182204
2019-10-03,0.0028808325245061493,0.6,0.0019808325245061495,9971060.083513945,-0.0007471983657101888,13062763.874898242
2019-10-04,-0.0020443297322909728,0.3,-0.0024943297322909726,9946188.971885176,-0.000991943939834361,13049806.34543505
2019-10-07,-0.003282405494751195,0.0,-0.003282405494751195,9913541.546552027,-0.004433231756115363,12991953.529533312
2019-10-08,-0.0031527301149790743,0.0,-0.0031527301149790743,9882286.825572116,-0.0051132132487936455,12925522.90061839
2019-10-09,0.005753427459871152,0.0,0.005753427459871152,9939143.845960686,0.01333312699791853,13097860.538966836
2019-10-10,0.003019469364862637,0.3,0.002569469364862637,9964682.171585845,0.00950657668764603,13222376.354624618
2019-10-11,0.0,0.0,0.0,9964682.171585845,0.0075330659798751535,13321981.388114747
2019-10-14,0.0,0.6,-0.0009,9955713.957631417,-0.011321483784884777,13171156.79184667
2019-10-15,0.00465152896321912,0.3,0.00420152896321912,9997543.17817393,0.007274950458013251,13266976.30498208
2019-10-16,-0.002731983294706264,0.0,-0.002731983294706264,9970230.057223054,-0.002731983294706264,13230731.147345604
2019-10-17,0.00778857695010462,0.0,0.00778857695010462,10047883.961233983,0.00778857695010462,13333779.714992853
2019-10-18,-0.00531790739518182,0.3,-0.00576790739518182,9989928.697028052,-0.00531790739518182,13262871.909240767
2019-10-21,0.0028267994920687435,0.3,0.0023767994920687436,10013672.75448095,-0.012840488231804668,13092570.15857023
2019-10-22,0.013119071559394223,0.3,0.012669071559394222,10140536.691179827,0.013119071559394223,13264332.523376903
2019-10-23,0.002809905464951001,0.3,0.002359905464951001,10164467.399134878,-0.000803918316583341,13253669.083504107
2019-10-24,0.009418676721293085,0.3,0.008968676721293084,10255629.221281841,0.009418676721293085,13378501.10797263
2019-10-25,-0.0034432440924119898,0.0,-0.0034432440924119898,10220316.586551694,-0.002165005693408273,13349536.576904599
2019-10-28,0.007957910855975947,0.0,0.007957910855975947,10301648.954867326,0.009897012919222913,13481657.112871861
2019-10-29,-0.011057812778254562,0.3,-0.011507812778254562,10183099.507387413,-0.012350223264015782,13315155.637558986
2019-10-30,-0.004586859099072782,0.0,-0.004586859099072782,10136391.064755188,-0.004586859099072782,13254080.894767279
2019-10-31,0.009332759526275658,0.0,0.009332759526275658,10230991.565026838,0.009332759526275658,13377778.044499949
2019-11-01,0.01358985074366401,0.0,0.01358985074366401,10370029.213355238,0.01358985074366401,13559580.051406568
2019-11-04,2.6457279096659e-05,0.3,-0.000423542720903341,10365637.062966367,2.6457279096659e-05,13559938.801000422
2019-11-05,0.003757769714735781,0.0,0.003757769714735781,10404588.739995524,-0.005258131895989802,13488638.854283212
2019-11-06,0.0006033945420945487,0.0,0.0006033945420945487,10410866.812053975,-0.0020487841315833255,13461003.545041898
2019-11-07,0.0001831415801199609,0.0,0.0001831415801199609,10412773.47465235,-0.00021569457650851822,13458100.07958287
2019-11-08,-0.0003531236606101329,0.8999999999999999,-0.0017031236606101327,10395039.233775096,-0.0012303080470023042,13441542.470757596
2019-11-11,-0.0050986615646863576,0.6,-0.005998661564686357,10332682.911460042,-0.0037557860132503063,13391058.913549416
2019-11-12,0.004377412922668888,0.6,0.0034774129226688884,10368613.916542193,0.0011657583030383004,13406669.65166436
2019-11-13,0.0036444848956443286,0.0,0.0036444848956443286,10406402.173349798,0.016633213424649206,13629665.64929426
2019-11-14,-0.0010081797584181595,0.3,-0.0014581797584181594,10391227.76834266,0.008987551946754624,13752162.97733419
2019-11-15,0.0,0.0,0.0,10391227.76834266,0.04564909632214629,14379936.789724372
2019-11-18,0.0,0.0,0.0,10391227.76834266,-0.03353780647953197,13897665.252482694
2019-11-19,0.0,0.3,-0.00045,10386551.715846907,0.0018455944508994015,13923314.706353134
2019-11-20,0.003118871641381715,0.0,0.003118871641381715,10418946.037445206,0.011643979872093336,14085437.50254673
2019-11-21,0.0005448293042903396,0.0,0.0005448293042903396,10424622.584566226,-0.004526705560610511,14021676.87428032
2019-11-22,0.001986201091661277,0.0,0.001986201091661277,10445327.98132385,0.003464589436939802,14070256.227867136
2019-11-25,0.005173833747271472,0.3,0.004723833747271472,10494669.974143345,0.007761026337832799,14179455.857031666
2019-11-26,0.014372894497690414,0.3,0.013922894497690413,10640786.156981422,0.02840663940143251,14582246.546470895
2019-11-27,-0.008821008577135303,0.3,-0.009271008577135304,10542135.337252585,-0.03568802850592854,14061834.916039964
2019-11-29,0.0,0.6,-0.0009,10532647.415449057,0.02360626823819296,14393782.362989191
2019-12-02,0.017488788013665046,0.3,0.017038788013665047,10712110.961983573,0.03027813074247203,14829599.187254466
2019-12-03,-0.021068243417178476,0.3,-0.021518243417178475,10481605.150791785,-0.06065235992640537,13930148.999784779
2019-12-04,0.011683544937319,0.0,0.011683544937319,10604067.455586292,0.01485306655736427,14137054.430032585
2019-12-05,-0.0002094099689088913,0.0,-0.0002094099689088913,10601846.85815011,-0.0052992206769874595,14062139.05888526
2019-12-06,0.0003653178998912377,0.0,0.0003653178998912377,10605719.902579298,0.008560732834637463,14182521.274451898
2019-12-09,-0.004559735555646149,0.3,-0.005009735555646149,10552588.050490124,-0.0061477795681707526,14095330.259935675
2019-12-10,-0.0002730460880377428,0.3,-0.0007230460880377428,10544958.042981543,0.00042890224410573323,14101375.778715573
2019-12-11,0.007421081958668374,0.0,0.007421081958668374,10623213.040869229,0.010714898832338605,14252470.593581302
2019-12-12,-0.0017602105990555004,0.0,-0.0017602105990555004,10604513.948678667,-0.003198209188127188,14206888.211175397
2019-12-13,0.0033990031169608415,0.0,0.0033990031169608415,10640558.72464408,-0.00028133421000161576,14202891.327503923
2019-12-16,0.0006989974488136873,0.3,0.0002489974488136873,10643208.19662047,0.001701650966117729,14227059.691253034
2019-12-17,-0.00351502259367904,0.0,-0.00351502259367904,10605797.07934012,-0.005961085768257479,14142250.968203356
2019-12-18,-0.0030928447757748055,0.3,-0.0035428447757748054,10568222.386564652,-0.00552110721140725,14064170.084397279
2019-12-19,-0.0022721239767853007,0.0,-0.0022721239767853007,10544210.075088138,-0.003296473334415939,14017807.922743373
2019-12-20,0.005441742890992529,0.3,0.004991742890992529,10596844.06077159,0.004266536509392649,14077615.41202741
2019-12-23,-0.0021696560381773366,0.3,-0.0026196560381773364,10569083.974242166,0.001209708343866289,14094645.22085308
2019-12-24,-0.0007091754370526004,0.3,-0.0011591754370526004,10556832.551707078,-0.0020613738858644482,14065590.887264287
2019-12-26,0.0003170501886518462,0.3,-0.0001329498113481538,10555429.022810893,0.004702474744997409,14131733.973185115
2019-12-27,-0.007551536659239288,0.3,-0.008001536659239288,10470969.370530874,-0.00983802826762381,13992705.57488638
2019-12-30,-0.0024723699666216125,0.0,-0.0024723699666216125,10445081.260337759,-0.0032562010469295187,13947142.512344057
2019-12-31,-0.004454323887798783,0.3,-0.004904323887798783,10393855.198802684,-0.019212987747012644,13679176.23414855
2020-01-02,0.0,0.0,0.0,10393855.198802684,0.02454515740672758,14014933.768010093
2020-01-03,0.0,0.3,-0.00045,10389177.963963224,0.00206704008268519,14043903.197864749
2020-01-06,0.006155886382575626,0.6,0.005255886382575626,10443782.302950172,0.01856327631539154,14304604.053473324
2020-01-07,0.007080556581242913,0.6,0.006180556581242913,10508330.690395737,0.01576360960728633,14530096.247359084
2020-01-08,0.0006143184813547808,0.0,0.0006143184813547808,10514786.152147036,3.763621077293992e-05,14530643.105124002
2020-01-09,-0.002214668821886423,0.0,-0.002214668821886423,10491499.38308707,-0.013952615952268599,14327902.622338727
2020-01-10,0.0033016144845775973,0.0,0.0033016144845775973,10526138.26941521,0.016504034674642565,14564370.824032707
2020-01-13,0.00563488121337481,0.0,0.00563488121337481,10585451.808198923,0.013676056277812942,14763553.979073115
2020-01-14,-0.0007562020105303935,0.0,-0.0007562020105303935,10577447.068259189,-0.0006465597281983594,14754008.459625162
2020-01-15,-0.0018538646520031787,0.0,-0.0018538646520031787,10557837.913030908,-0.011191092379373857,14588894.987987434
2020-01-16,0.005040409306581139,0.0,0.005040409306581139,10611053.737505125,0.008804815585655134,14717347.517955152
2020-01-17,0.0021850632247790713,0.0,0.0021850632247790713,10634239.560803102,0.003747329100282992,14772498.262588162
2020-01-21,-0.0023352579896592117,0.0,-0.0023352579896592117,10609405.867904788,-0.02545685295998601,14396436.946465807
2020-01-22,0.0021583754800851727,0.0,0.0021583754800851727,10632304.949388346,0.003067013981469557,14440591.019863961
2020-01-23,-0.00039541987496591877,0.3,-0.0008454198749659188,10623316.187467434,-0.010809798379559598,14284491.142457554
2020-01-24,0.0,0.0,0.0,10623316.187467434,3.1647802186429794e-05,14284943.215207564
2020-01-27,0.0,0.3,-0.00045,10618535.695183074,-0.02540094945385004,13922092.094646959
2020-01-28,0.008882245695456413,0.3,0.008432245695456413,10708073.797090832,0.01769292365180197,14168414.607150903
2020-01-29,-0.006111703950653402,0.3,-0.006561703950653402,10637810.586952573,-0.00872522281851884,14044792.032718355
2020-01-30,0.0037908099360515423,0.3,0.0033408099360515424,10673349.490259295,0.008134290421329848,14159036.450019665
2020-01-31,-0.0029424158359397045,0.0,-0.0029424158359397045,10641944.057696639,-0.005386949432931786,14082762.43664437
2020-02-03,0.010932662639246683,0.0,0.010932662639246683,10758288.841905173,0.011489696236742453,14244569.099215623
2020-02-04,0.003895780364462986,0.3,0.003445780364462986,10795359.54235183,0.003592847772662588,14295747.667576278
2020-02-05,-0.001229122757518808,0.0,-0.001229122757518808,10782090.720262727,0.00303057285581545,14339071.97241122
2020-02-06,0.0006528905415140062,0.0,0.0006528905415140062,10789130.245311731,-0.0033807398058743224,14290595.301014794
2020-02-07,0.0014421103347350029,0.3,0.0009921103347350028,10799834.252930906,-0.002987250501855476,14247905.713030025
2020-02-10,0.006547494325598046,0.0,0.006547494325598046,10870546.106419371,0.010332461193359043,14395121.645896547
2020-02-11,0.003205248617980283,0.3,0.002755248617980283,10900497.163555775,0.00733610268945537,14500725.736518046
2020-02-12,0.0020063257382965547,0.0,0.0020063257382965547,10922367.111575246,0.005052531408651805,14573991.108750049
2020-02-13,-0.0004978198269179112,0.0,-0.0004978198269179112,10916929.740670228,-0.004932934686044266,14502098.562495593
2020-02-14,0.0018480414087600038,0.3,0.0013980414087600038,10932192.06050421,0.0033444812008607498,14550600.558510888
2020-02-18,-0.0062292511894672335,0.3,-0.006679251189467233,10859173.203680601,-0.0047855141410387495,14480968.453777527
2020-02-19,-0.0012656456600672382,0.0,-0.0012656456600672382,10845429.338243444,0.003614690292667988,14533312.669875827
2020-02-20,-0.0014629211694265898,0.0,-0.0014629211694265898,10829563.330073006,-0.007141021952735549,14429529.965054274
2020-02-21,0.00469796890116656,0.3,0.00424796890116656,10875566.97831237,0.007963785968045521,14544443.653315464
2020-02-24,-0.02555901113667176,0.0,-0.02555901113667176,10597598.240796065,-0.03052289494602077,14100505.127636997
2020-02-25,-0.007808764173186322,0.0,-0.007808764173186322,10514844.095331514,-0.0075510432623941085,13994031.603396602
2020-02-26,-0.00032728251338126624,0.0,-0.00032728251338126624,10511402.770728182,0.0017589070623971526,14018645.804415224
2020-02-27,-0.022513695009432077,0.0,-0.022513695009432077,10274752.254626708,-0.023670578979369306,13686816.341718009
2020-02-28,-0.005261843246852771,0.3,-0.005711843246852771,10216064.480348032,-0.0069649065641625655,13591488.94473709
2020-03-02,0.01957857241344727,0.3,0.01912857241344727,10411483.209540818,0.04654662000118703,14224126.815898102
2020-03-03,-0.01058140147400688,0.6,-0.01148140147400688,10291944.790872196,-0.021942336971027775,13912016.232185034
2020-03-04,0.019461679494643613,0.6,0.018561679494643612,10482980.571456935,0.01994167498743209,14189445.138307149
2020-03-05,-0.01360227463271325,0.3,-0.014052274632713252,10335670.849497424,-0.020715302203310224,13895506.494169824
2020-03-06,0.0012610050655106118,0.3,0.0008110050655106119,10344053.130911816,-0.00024929630326389054,13892042.39576885
2020-03-09,-0.024260399159200984,0.0,-0.024260399159200984,10093102.273031913,-0.04469366557365368,13271156.098797336
2020-03-10,0.022462674486494194,0.0,0.022462674486494194,10319820.343949923,0.04366105253455123,13850588.742421158
2020-03-11,-0.024776165775203703,0.0,-0.024776165775203703,10064134.7643379,-0.039621539266677115,13301807.096696721
2020-03-12,-0.02741353635328948,0.0,-0.02741353635328948,9788241.240111317,-0.0524038173009896,12604741.627828417
2020-03-13,0.022360335673459762,0.0,0.022360335673459762,10007109.59989301,0.051523865301730344,13254186.63762376
2020-03-16,-0.06118682673843834,0.0,-0.06118682673843834,9394806.318651794,-0.10100189916433554,11915488.615345202
2020-03-17,0.014268951694170818,0.0,0.014268951694170818,9528860.356188726,0.04252581748018629,12422204.50938861
2020-03-18,-0.07064218565344098,0.0,-0.07064218565344098,8855720.833841128,-0.08147241815459727,11410137.469197778
2020-03-19,0.03962945215317833,0.0,0.03962945215317833,9206668.198907739,0.04844283157387257,11962876.836852858
2020-03-20,-0.013113135179824742,0.0,-0.013113135179824742,9085939.914259668,-0.02675982897205318,11642752.29868494
2020-03-23,-0.01896327475110513,0.0,-0.01896327475110513,8913640.73929353,-0.018398240304288757,11428546.144090423
2020-03-24,0.026506148991839316,0.0,0.026506148991839316,9149907.028788973,0.048763305398594387,11985839.829976631
2020-03-25,0.007550112967413924,0.0,0.007550112967413924,9218989.860497663,3.2199398019471664e-05,11986225.766803915
2020-03-26,0.01602589628670975,0.0,0.01602589628670975,9366732.435870226,0.03234724205376801,12373947.112993833
2020-03-27,-0.02343396725543738,0.0,-0.02343396725543738,9147232.7346776,-0.03970771434458635,11882605.955716055
2020-03-30,0.0015195551712280152,0.0,0.0015195551712280152,9161132.459482005,0.013144189920752369,12038793.185151448
2020-03-31,0.044360290621388326,0.0,0.044360290621388326,9567522.957805661,0.05196601900363744,12664401.34059189
2020-04-01,-0.01689952329689548,0.0,-0.01689952329689548,9405836.380686643,-0.030649400006923497,12276245.03805587
2020-04-02,0.02761328096306539,0.0,0.02761328096306539,9665562.383359164,0.036990912974891876,12730354.549917044
2020-04-03,-0.003580520186904257,0.0,-0.003580520186904257,9630954.642127765,-0.008863624921211455,12617517.46207254
2020-04-06,0.01788227734734966,0.0,0.01788227734734966,9803178.044158038,0.04037428910468403,13126940.759869656
2020-04-07,-0.008821625205369776,0.6,-0.009721625205369776,9707875.221391225,-0.014177448785139003,12940834.22954105
2020-04-08,0.01500468556168839,0.6,0.01410468556168839,9844801.748861054,0.029543161545705104,13323147.385720572
2020-04-09,0.003297721519972785,0.3,0.002847721519972785,9872837.00266115,-0.0014453785712047582,13303890.393988246
2020-04-13,-0.0006083965882006325,0.0,-0.0006083965882006325,9866830.40231287,-0.0006083965882006325,13295796.35246275
2020-04-14,0.03175003565286636,0.3,0.03130003565286636,10175662.545686048,0.03175003565286636,13717938.360686691
2020-04-15,-0.00970873402756638,0.0,-0.00970873402756638,10076869.744475713,-0.016304241177111545,13494277.785201307
2020-04-16,0.009989696583294736,0.0,0.009989696583294736,10177534.615732409,0.009726999820561343,13625536.622796565
2020-04-17,0.004083878459514301,0.0,0.004083878459514301,10219098.43012056,0.005190876316598047,13696265.098152777
2020-04-20,-0.008832328652277465,0.0,-0.008832328652277465,10128839.99425576,-0.014278383494827839,13500704.572634527
2020-04-21,-0.013657959423192367,0.0,-0.013657959423192367,9990500.708610207,-0.020990551660054424,13217317.33585551
2020-04-22,0.015395264721701163,0.0,0.015395264721701163,10144307.111721605,0.01855423906484257,13462554.60150086
2020-04-23,-0.0008473458770343667,0.0,-0.0008473458770343667,10135711.374915117,0.0029434921294675394,13502181.525012905
2020-04-24,0.012302074212984081,0.0,0.012302074212984081,10260401.64845071,0.009369503642453569,13628690.26399258
2020-04-27,0.0035673492773454327,0.0,0.0035673492773454327,10297004.084856585,0.013149277553947104,13807897.694970595
2020-04-28,-0.008341023827992166,0.3,-0.008791023827992166,10206482.876589678,0.006278678987676412,13894593.05209199
2020-04-29,0.005962836097988666,0.3,0.005512836097988666,10262749.543825243,0.00989527400805582,14032083.857572868
2020-04-30,-0.008288160995569815,0.3,-0.008738160995569816,10173071.986054087,-0.01776401172268812,13782817.755433202
2020-05-01,-0.00828073245289962,0.3,-0.00873073245289962,10084253.61631976,-0.022154182695164847,13477470.69282517
2020-05-04,0.008360163219286032,0.0,0.008360163219286032,10168559.62249687,0.008702969323542819,13594764.706823774
2020-05-05,0.005118642650869876,0.0,0.005118642650869876,10220608.845478494,0.009671741332533502,13726249.75454483
2020-05-06,0.0031343175378373053,0.3,0.0026843175378373054,10248044.205049787,0.0022994672291946072,13757812.81603515
2020-05-07,0.006739049975105371,0.0,0.006739049975105371,10317106.287094707,0.01767032736531291,14000917.872325188
2020-05-08,0.002451128782353984,0.0,0.002451128782353984,10342394.843265608,0.005249428337613793,14074414.687356776
2020-05-11,-0.0019054073790832904,0.0,-0.0019054073790832904,10322688.367813857,-0.02755759949823746,13686557.604230488
2020-05-12,-0.006921844988474968,0.3,-0.0073718449884749675,10246591.109302,-0.012130718706211673,13520529.823877206
2020-05-13,-0.005047873199842423,0.0,-0.005047873199842423,10194867.616651611,-0.014348791121482294,13326526.56558262
2020-05-14,-0.0032342792664933006,0.0,-0.0032342792664933006,10161894.56769443,-0.0022355208982921867,13296734.836943613
2020-05-15,0.007884817153207524,0.3,0.007434817153207524,10237446.395735411,0.0022262262667870673,13326336.37730012
2020-05-18,0.010308542687761579,0.3,0.009858542687761578,10338372.698041437,0.03773247542174123,13829172.037118454
2020-05-19,-0.007665415085753657,0.3,-0.008115415085753657,10254472.512285609,-0.012696956984089946,13653583.634637581
2020-05-20,0.005915730994012769,0.0,0.005915730994012769,10315135.213153787,0.01709870240374507,13887042.197950892
2020-05-21,-0.008848148517428068,0.0,-0.008848148517428068,10223865.364810452,-0.024289805179383686,13549728.648444783
2020-05-22,0.0013352895279772124,0.0,0.0013352895279772124,10237517.185167532,-0.00435638595068234,13490700.80092514
2020-05-26,-0.0006611192947573397,0.0,-0.0006611192947573397,10230748.965026008,0.003692993750798523,13540521.87467685
2020-05-27,0.002424594926208057,0.3,0.001974594926208057,10250950.550023656,-0.004098683838061612,13485023.556510191
2020-05-28,0.0,0.6,-0.0009,10241724.694528636,0.010816108257248613,13630879.031148955
2020-05-29,0.004128546359196484,0.3,0.0036785463591964837,10279399.353615586,-0.0017893099952777762,13606489.163054096
2020-06-01,-0.002674726321285414,0.0,-0.002674726321285414,10251904.773597466,0.0017772873039956782,13630671.803495547
2020-06-02,-0.0003326404742222677,0.0,-0.0003326404742222677,10248494.575131895,0.007282135709414549,13729932.205379091
2020-06-03,-0.004545838756282994,0.0,-0.004545838756282994,10201906.571298705,-0.010823370978348568,13581328.055612698
2020-06-04,0.0011172897914487612,0.0,0.0011172897914487612,10213305.057364132,0.011189406601916429,13733295.057420965
2020-06-05,0.0001815075030638269,0.3,-0.0002684924969361731,10210562.861587312,0.015058887567448265,13940103.203621259
2020-06-08,0.006749935316130062,0.6,0.005849935316130062,10270293.993868878,0.01088775119121774,14091879.578882186
2020-06-09,0.0,0.0,0.0,10270293.993868878,-0.0012035667962288718,14074919.060524587
2020-06-10,0.0,0.0,0.0,10270293.993868878,0.010959480591902594,14229172.862801008
2020-06-11,0.0,0.3,-0.00045,10265672.361571636,-0.04447090160831524,13596388.716451675
2020-06-12,0.009934234461008806,0.0,0.009934234461008806,10367653.957711387,0.03724410402681335,14102774.032196194
2020-06-15,0.003420192832281832,0.0,0.003420192832281832,10403113.333465131,-0.001590355896665896,14080345.602354744
2020-06-16,0.0017214350440673209,0.0,0.0017214350440673209,10421021.617324762,-0.0037963450318372893,14026891.752280695
2020-06-17,0.0013356131217396648,0.0,0.0013356131217396648,10434940.070538795,0.0027032845343189947,14064810.4318192
2020-06-18,0.0074522622630277535,0.0,0.0074522622630277535,10512703.980643427,0.01651329263508623,14297066.762336845
2020-06-19,0.005904308535754321,0.0,0.005904308535754321,10574774.2284902,0.020595003613903404,14591514.903975388
2020-06-22,0.0035234119543414042,0.0,0.0035234119543414042,10612033.514421323,0.006010825430740096,14679221.952833226
2020-06-23,0.0034423026943686706,0.0,0.0034423026943686706,10648563.345980747,0.006154130782400324,14769559.804514842
2020-06-24,-0.006364028940044985,0.0,-0.006364028940044985,10580795.580677023,-0.0055526456769725225,14687549.672115516
2020-06-25,0.0028188388041236355,0.0,0.0028188388041236355,10610621.137838336,0.00901662126839271,14819981.744869687
2020-06-26,-0.010662698633186474,0.0,-0.010662698633186474,10497483.282334648,-0.02424474312675732,14460675.09432209
2020-06-29,0.007922716717084688,0.0,0.007922716717084688,10580651.86862292,0.02315122269340464,14795457.403727708
2020-06-30,0.0058804734355580425,0.0,0.0058804734355580425,10642871.110867243,0.0008851738850781388,14808553.956239274
2020-07-01,0.00398211054985651,0.0,0.00398211054985651,10685252.200198589,0.01362512853838127,15010322.407360587
2020-07-02,-0.0031797199884997297,0.0,-0.0031797199884997297,10651276.090195457,0.0026417037852090267,15049975.23288132
2020-07-06,0.005055134715215725,0.0,0.005055134715215725,10705119.72572035,0.013648562278978926,15255385.757144392
2020-07-07,-0.003218264695315165,0.0,-0.003218264695315165,10670667.81684794,-0.005911639213429176,15165201.420486467
2020-07-08,0.00018493485394186493,0.0,0.00018493485394186493,10672641.195242109,-0.005176717887861259,15086695.451020015
2020-07-09,0.001530187705578978,0.0,0.001530187705578978,10688972.339585124,-0.01061183406108287,14926597.942363698
2020-07-10,0.0027010591955391127,0.0,0.0027010591955391127,10717843.886613825,0.008509275194575883,15053612.47197406
2020-07-13,-0.004754355377755526,0.0,-0.004754355377755526,10666887.447893558,0.0063545342272301785,15149271.167670678
2020-07-14,0.0010933905710581947,0.3,0.0006433905710581947,10673750.42270007,0.008607543608339506,15279669.179880964
2020-07-15,-0.00903341208216385,0.3,-0.00948341208216385,10572526.848979436,-0.013994802088409142,15065833.233732166
2020-07-16,-0.003676762066061223,0.0,-0.003676762066061223,10533654.183318695,-0.0114175656708267,14893818.093400307
2020-07-17,0.003113737344818479,0.0,0.003113737344818479,10566453.215726696,0.004743769140613263,14964470.928057687
2020-07-20,0.007924763824727886,0.3,0.007474763824727886,10645434.95797929,0.0037135393080729097,15020042.079073543
2020-07-21,0.0014751360291240688,0.0,0.0014751360291240688,10661138.422631502,0.004275827263531739,15084265.184494639
2020-07-22,-0.00532200810976442,0.0,-0.00532200810976442,10604399.757486936,-0.014569025264104495,14864502.143931285
2020-07-23,-0.0063423847335662194,0.0,-0.0063423847335662194,10537142.574356418,-0.007453951959985605,14753702.859041316
2020-07-24,-0.0005720683188108922,0.3,-0.0010220683188108923,10526372.894760374,-0.0025665476837817168,14715836.77714124
2020-07-27,0.006122306995912696,0.0,0.006122306995912696,10590818.58117555,0.016300483703655267,14955712.034712683
2020-07-28,-9.913998696643444e-05,0.3,-0.0005491399869664344,10585002.73919792,-0.008058007912580923,14835198.788798686
2020-07-29,-0.0006588538624918258,0.3,-0.0011088538624918257,10573265.518026074,0.00033093994348008,14840108.348647367
2020-07-30,-0.008951701058452144,0.0,-0.008951701058452144,10478616.805897065,-0.016317827746951362,14597950.016868044
2020-07-31,0.0034018916365814666,0.0,0.0034018916365814666,10514263.924771987,0.008382559566103742,14720318.202427447
2020-08-03,-0.0036380893302020542,0.0,-0.0036380893302020542,10476012.093372347,0.0022505494370460453,14753447.006271057
2020-08-04,-0.0035849618683754135,0.0,-0.0035849618683754135,10438455.989484968,-0.0038114844830348105,14697214.471935378
2020-08-05,0.0014424043687635945,0.0,0.0014424043687635945,10453512.464007346,0.01396612574081173,14902477.617290104
2020-08-06,0.005532066696815807,0.3,0.005082066696815807,10506637.911565429,0.013969490372142611,15110657.634885909
2020-08-07,-0.009249040153567312,0.0,-0.009249040153567312,10409461.595642366,-0.02272761988323635,14767228.3519745
2020-08-10,0.004560633441632611,0.3,0.004110633441632611,10452251.076586803,0.01767852708054868,15028291.198299525
2020-08-11,0.0007394104495157539,0.3,0.00028941044951575387,10455276.067269327,0.0151673602522578,15256230.70487997
2020-08-12,0.0016805453328400666,0.0,0.0016805453328400666,10472846.632667731,0.0010710143367380189,15272570.34668948
2020-08-13,-0.0026691169559267423,0.0,-0.0026691169559267423,10444893.38014366,-0.01067507174230322,15109534.562549198
2020-08-14,-0.0008082414356571643,0.3,-0.0012582414356571642,10431751.18250174,0.004625402201020278,15179422.236971207
2020-08-17,0.012317432361914692,0.6,0.011417432361914693,10550854.996044278,0.012317432361914692,15366393.743668044
2020-08-18,0.0067254526315879025,0.6,0.005825452631587903,10612318.502046486,0.025369366693830234,15756229.421312936
2020-08-19,-0.005165360498350568,0.0,-0.005165360498350568,10557502.0512601,-0.01601810511843541,15503844.48217216
2020-08-20,-0.003443617057346393,0.8999999999999999,-0.004793617057346393,10506893.42934421,-0.005683971464835435,15415721.072540248
2020-08-21,-0.00218115586581189,0.0,-0.00218115586581189,10483976.257109335,-0.0031163108138814286,15367680.894258112
2020-08-24,0.006013378890254728,0.3,0.005563378890254728,10542302.589304069,0.010979502174373,15536410.38005169
2020-08-25,-0.00034974385444129784,0.0,-0.00034974385444129784,10538615.4837618,-0.009361264521952484,15390969.932762414
2020-08-26,0.0068308161251860785,0.3,0.006380816125186079,10605860.451377725,0.006965494729324406,15498175.652708264
2020-08-27,-0.0012242787862961069,0.0,-0.0012242787862961069,10592875.921416685,-0.0022935139255725987,15462630.371027805
2020-08-28,0.004432509849936261,0.0,0.004432509849936261,10639828.948277516,0.0073761312919880416,15576684.762763988
2020-08-31,0.0010218246047508429,0.0,0.0010218246047508429,10650700.987287207,-0.00919819370563757,15433407.399024433
2020-09-01,-0.0009053017562515864,0.6,-0.0018053017562515864,10631473.258089548,-0.003395694091117374,15381000.268713757
2020-09-02,0.0061990379861533995,0.3,0.0057490379861534,10692594.001699079,0.004386241975193472,15448465.057712853
2020-09-03,-0.01517309095438214,0.0,-0.01517309095438214,10530354.300373018,-0.022699224713418863,15097796.877890429
2020-09-04,-0.0023083164860072,0.3,-0.0027583164860072,10501308.2505028,0.012873305516776611,15292155.429729749
2020-09-08,-0.020688425271238896,0.3,-0.021138425271238895,10279327.130799303,-0.021386437866764394,14965110.697782928
2020-09-09,0.00793564863934213,0.3,0.00748564863934213,10356274.561949324,0.0075109096485420305,15077512.292114405
2020-09-10,0.0,0.3,-0.00045,10351614.238396447,-0.030833756540680157,14612615.948860237
2020-09-11,0.0004457644804100935,0.6,-0.00045423551958990646,10346912.167524276,0.01778934176811391,14872564.768100703
2020-09-14,0.001137065962785222,0.3,0.000687065962785222,10354021.178694507,0.005756833261195182,14958183.643636985
2020-09-15,0.0,0.3,-0.00045,10349361.869164096,0.0008875150143494493,14971459.256208109
2020-09-16,-0.0030096301352456442,0.3,-0.003459630135245644,10313556.904960971,-0.009666274114756733,14826741.02713969
2020-09-17,0.0,0.0,0.0,10313556.904960971,-0.007764879433565373,14711613.170671253
2020-09-18,0.0,0.3,-0.00045,10308915.80435374,-0.004484404868926616,14645640.340938928
2020-09-21,-0.0015939672458874286,0.0,-0.0015939672458874286,10292483.730220988,-0.006889479274250288,14544739.505351905
2020-09-22,-0.0007839281601178971,0.0,-0.0007839281601178971,10284415.162387315,0.017746513150438292,14802857.916253334
2020-09-23,-0.01262608488928325,0.0,-0.01262608488928325,10154563.263510382,-0.0317862525948608,14332330.53540147
2020-09-24,0.010595100948571435,0.0,0.010595100948571435,10262151.886375928,0.018873769113264615,14602835.632781629
2020-09-25,-0.0015158353205294794,0.0,-0.0015158353205294794,10246596.154081922,0.006767201582664527,14701655.965187177
2020-09-28,0.0047775108277123834,0.0,0.0047775108277123834,10295549.378155245,0.016200400435585505,14939828.678889424
2020-09-29,-0.00583946916704553,0.0,-0.00583946916704553,10235428.835003711,-0.010013986429706401,14790221.437236886
2020-09-30,0.0075319127888633375,0.0,0.0075319127888633375,10312521.192345576,0.01282986359011673,14979977.960744254
2020-10-01,-0.0006809962054935559,0.0,-0.0006809962054935559,10305498.404544517,-0.0090181079283703,14844886.902729655
2020-10-02,0.0011402998367427085,0.0,0.0011402998367427085,10317249.76269277,0.0016185605404248505,14868914.250897482
2020-10-05,0.0022048746985105392,0.0,0.0022048746985105392,10339998.005652746,0.009543322436027612,15010813.093867442
2020-10-06,-0.003828446725535728,0.3,-0.004278446725535728,10295758.875043415,-0.0038223548216661405,14953436.440060968
2020-10-07,0.00480788734165194,0.0,0.00480788734165194,10345259.723811438,0.013568229453798385,15156328.096802505
2020-10-08,0.0007888990884897584,0.0,0.0007888990884897584,10353421.089777742,0.0006858923058595589,15166723.705629183
2020-10-09,0.01169711290507831,0.0,0.01169711290507831,10474526.22521869,0.017706006733268498,15435265.81768268
2020-10-12,0.007898340318983775,0.0,0.007898340318983775,10557257.598025588,0.004708574031932588,15507943.909487799
2020-10-13,-0.0028784874124102686,0.3,-0.0033284874124102685,10522117.899000987,-0.0037570929320186125,15449679.123035321
2020-10-14,-0.001796014801206036,0.3,-0.002246014801206036,10498485.066459795,-0.0026390019701831857,15408907.38939093
2020-10-15,0.0,0.6,-0.0009,10489036.429899981,0.004654817782303888,15480633.04551294
2020-10-16,0.004236461293210536,0.3,0.0037864612932105362,10528752.760344872,0.003548720629720492,15535569.487362687
2020-10-19,-0.008790197866416249,0.3,-0.00924019786641625,10431465.001552708,-0.013754482709309634,15321885.765469477
2020-10-20,-0.00010803910028228669,0.3,-0.0005580391002822867,10425643.836208615,0.004221441316531227,15386566.207087
2020-10-21,-0.0008414977766134756,0.0,-0.0008414977766134756,10416870.680100683,0.011590457813101585,15564903.553598737
2020-10-22,-0.0011562053338549315,0.0,-0.0011562053338549315,10404826.638658274,-0.0016874034561060176,15538639.281548439
2020-10-23,-0.0010222562120228984,0.0,-0.0010222562120228984,10394190.239991883,-0.0059323941550268764,15446457.94869751
2020-10-26,-0.00567589130304611,0.0,-0.00567589130304611,10335193.946006507,-0.020751962245853284,15125913.636513978
2020-10-27,0.002186586470639917,0.3,0.0017365864706399173,10353141.903984582,0.0005737100502041569,15134591.525185768
2020-10-28,0.0,0.3,-0.00045,10348482.990127789,-0.025173604612654853,14753599.302156704
2020-10-29,0.005482912266043116,0.8999999999999999,0.004132912266043116,10391252.362412628,0.006615359432433054,14851199.664462563
2020-10-30,-0.004435380520606369,0.3,-0.004885380520606369,10340487.140536591,-0.01264930351241603,14663342.332383284
2020-11-02,0.0054091632536351405,0.3,0.004959163253635141,10391767.304388627,0.009154331485909805,14797575.428785294
2020-11-03,-0.0030296423135160342,0.3,-0.003479642313516034,10355607.671164064,-5.1997156713268254e-05,14796805.996936748
2020-11-04,-0.003573389768093127,0.0,-0.003573389768093127,10318603.04866954,0.004657109626842603,14865716.344591605
2020-11-05,0.011301053100965052,0.3,0.010851053100965052,10430570.758278433,0.016116641726367176,15105301.768923188
2020-11-06,0.014866209863229462,0.3,0.014416209863229461,10580940.055323038,0.015847208407523003,15344678.634113837
2020-11-09,-0.0031983205154269665,0.3,-0.0036483205154269663,10542337.394646699,-0.005985696319629429,15252830.047687726
2020-11-10,0.0,0.3,-0.00045,10537593.34281911,0.009594072425296762,15399166.803855985
2020-11-11,-0.002721117818865204,0.0,-0.002721117818865204,10508919.309806008,0.0019129143593074054,15428624.091156453
2020-11-12,3.9797092295090765e-05,0.0,3.9797092295090765e-05,10509337.534237703,-0.012121830494018526,15241600.925167525
2020-11-13,0.006912379411553693,0.0,0.006912379411553693,10581982.062638437,0.020953854822345887,15560971.218213616
2020-11-16,0.007897657567266413,0.0,0.007897657567266413,10665554.933352113,0.021378003681586932,15893633.718205653
2020-11-17,-0.0017306334813597445,0.0,-0.0017306334813597445,10647096.766887171,-0.005218415403884602,15810694.13518687
2020-11-18,-0.0026406544482808435,0.3,-0.0030906544482808434,10614190.269903317,-0.004376146783394097,15741504.216903944
2020-11-19,-2.072983677124939e-05,0.3,-0.0004707298367712494,10609193.853850106,-0.005291159969655713,15658213.399929294
2020-11-20,0.007131240949221928,0.3,0.006681240949221928,10680076.43426468,0.006118901374426278,15754024.463423181
2020-11-23,0.0,0.6,-0.0009,10670464.365473842,0.007406450554099119,15870705.866639594
2020-11-24,0.01852183293399521,0.6,0.017621832933995208,10858497.505850371,0.026600738881442834,16292878.369262258
2020-11-25,0.001620559935733634,0.0,0.001620559935733634,10876094.351870615,-0.0005448877700828138,16284000.5790994
2020-11-27,0.004421203042288269,0.0,0.004421203042288269,10924179.773307322,-0.0005036280015420997,16275799.500430636
2020-11-30,0.005630626049522669,0.0,0.005630626049522669,10985689.744508574,-0.003489337667021919,16219007.740172885
2020-12-01,0.003936414083948203,0.3,0.0034864140839482027,11023990.407955714,0.015766614764264195,16474726.58707081
2020-12-02,-0.0003640752821282178,0.3,-0.0008140752821282177,11015016.049854178,-0.004503172408138156,16400538.052872293
2020-12-03,-0.004251045381789065,0.3,-0.004701045381789065,10963233.959522678,-0.003698711309272862,16339877.197297974
2020-12-04,-0.0009305832863783614,0.0,-0.0009305832863783614,10953031.75723529,0.005424942447182124,16428520.09068734
2020-12-07,-0.0009959709396744176,0.0,-0.0009959709396744176,10942122.855903754,-0.012590674973170768,16221673.93393529
2020-12-08,0.0015419069080641501,0.3,0.00109190690806415,10954070.635439001,0.004249108599932572,16290601.588153275
2020-12-09,-0.0066155480406336785,0.3,-0.007065548040633678,10876674.123123813,-0.006841009759571637,16179157.423699424
2020-12-10,0.0005168109071750582,0.0,0.0005168109071750582,10882295.306944434,0.008734378510074747,16320472.308612103
2020-12-11,-0.004049952179327831,0.0,-0.004049952179327831,10838222.531349985,-0.01708421528173192,16041649.84619223
2020-12-14,0.0019707618403220772,0.0,0.0019707618403220772,10859582.086731687,-0.0013836745665182114,16019453.423295062
2020-12-15,0.0036613961384516446,0.0,0.0036613961384516446,10899343.318649245,0.007517542545882971,16139880.345966473
2020-12-16,0.001978335846136203,0.0,0.001978335846136203,10920905.880235877,0.0064900847471800905,16244629.53722114
2020-12-17,0.0011404680977000758,0.0,0.0011404680977000758,10933360.82499027,0.015485031073825505,16496178.130387792
2020-12-18,-0.00592088865637993,0.0,-0.00592088865637993,10868625.612905476,-0.015678988984979103,16237534.73518719
2020-12-21,0.0008499698043130221,0.0,0.0008499698043130221,10877863.616490828,-0.006473667911783953,16132418.32760553
2020-12-22,0.0009402656678537457,0.3,0.0004902656678537458,10883196.65956159,-0.0013823946613120593,16110116.958635397
2020-12-23,-0.002379400891230976,0.3,-0.002829400891230976,10852403.733233584,-0.0005568830644421153,16101145.507334951
2020-12-24,-0.0022644978339238617,0.3,-0.0027144978339238616,10822944.906806855,-0.006963073973357058,15989032.040111592
2020-12-28,0.0,0.3,-0.00045,10818074.581598794,0.009092635717647336,16134414.483930117
2020-12-29,-0.0010763346751011204,0.0,-0.0010763346751011204,10806430.712808788,-0.0059887011313772155,16037790.297656097
2020-12-30,0.005350905918699867,0.3,0.004900905918699867,10859392.013049213,0.00781630943390188,16163146.629258605
2020-12-31,-0.008128467184645027,0.0,-0.008128467184645027,10771121.801425947,-0.009031070032557164,16017176.120103277
2021-01-04,0.0,0.0,0.0,10771121.801425947,0.005422171943322829,16104024.00307296
2021-01-05,0.0,0.3,-0.00045,10766274.796615304,0.013069128462379918,16314489.56153037
2021-01-06,-0.002793947890877102,0.3,-0.0032439478908771018,10731349.562196221,-0.01359804022401111,16092644.47623847
2021-01-07,0.0,0.3,-0.00045,10726520.454893233,0.015909824424589235,16348675.62438276
2021-01-08,0.005688656527667057,0.0,0.005688656527667057,10787539.945498116,0.02378255659901147,16737488.927738525
2021-01-11,-0.015180856647461527,0.6,-0.016080856647461526,10614067.062055796,-0.03130173337906793,16213576.511887351
2021-01-12,0.006196042994938499,0.6,0.0052960429949385,10670279.617567604,0.028255595980306088,16671700.77920302
2021-01-13,-0.0007952650598093469,0.6,-0.0016952650598093468,10652190.665353548,0.005741936704629668,16767428.629835729
2021-01-14,0.0036676896354824293,0.0,0.0036676896354824293,10691259.594652047,0.024635358733568036,17180500.24917123
2021-01-15,-0.006937771849562913,0.0,-0.006937771849562913,10617086.074799903,-0.029823782474053886,16668112.746944519
2021-01-19,0.007521313559776921,0.6,0.006621313559776921,10687385.130792296,0.017112966348349003,16953353.599473465
2021-01-20,0.002826875160394149,0.6,0.001926875160394149,10707978.387730386,0.019915963944370695,17290995.978496745
2021-01-21,-0.0038385247510846817,0.0,-0.0038385247510846817,10666875.547655003,-0.015505597853293262,17022888.748371262
2021-01-22,-0.002812488652664036,0.0,-0.002812488652664036,10636875.081217844,-0.019384128406713916,16692914.88701963
2021-01-25,0.006783514450833938,0.0,0.006783514450833938,10709030.477043003,0.014451135603622944,16934146.463671688
2021-01-26,0.002670213564542756,0.0,0.002670213564542756,10737625.875485903,0.004835093584635941,17016024.64659947
2021-01-27,-0.00828334121116966,0.0,-0.00828334121116966,10648682.45656137,-0.025991577004264944,16573751.331690911
2021-01-28,0.0040401832486568695,0.0,0.0040401832486568695,10691705.085042635,0.01537081856815976,16828503.45640413
2021-01-29,-0.007385605332308631,0.0,-0.007385605332308631,10612740.370955074,-0.01725616938481178,16538107.95026753
2021-02-01,0.006994556274576324,0.0,0.006994556274576324,10686971.780707188,0.011919745780277314,16735237.992721502
2021-02-02,0.004479020293846769,0.0,0.004479020293846769,10734838.944192745,0.0024767416934174504,16776686.854407338
2021-02-03,-0.001638399745675967,0.0,-0.001638399745675967,10717250.986796707,0.0003616154262718772,16782753.563175622
2021-02-04,0.0035480259788700508,0.0,0.0035480259788700508,10755276.071719933,0.0031601854574353607,16835790.176921695
2021-02-05,0.002250725573681489,0.0,0.002250725573681489,10779483.246626556,0.016533237411030896,17114140.292919043
2021-02-08,0.0033655119272405277,0.0,0.0033655119272405277,10815761.726062564,0.01251508269142143,17328325.17387751
2021-02-09,-0.001484530165970488,0.0,-0.001484530165970488,10799705.401512276,0.0008607140434097381,17343239.90670344
2021-02-10,-0.001009470251206923,0.0,-0.001009470251206923,10788803.420187652,0.00611731085542877,17449333.89645302
2021-02-11,-0.0022942145184484783,0.0,-0.0022942145184484783,10764051.59074437,-0.009260473416857361,17287744.80376305
2021-02-12,0.002176328754478107,0.0,0.002176328754478107,10787477.705735993,0.007636295753846212,17419759.136001606
2021-02-16,-0.0036969226049384796,0.0,-0.0036969226049384796,10747597.235555388,-0.0006578322246498349,17408299.857096303
2021-02-17,-0.0017303230910786672,0.0,-0.0017303230910786672,10729000.419885093,-0.005322811546869866,17315638.75760558
2021-02-18,-0.003557672308760218,0.0,-0.003557672308760218,10690830.152190592,-0.004125206437660645,17244208.173130497
2021-02-19,-0.002230353136114005,0.3,-0.002680353136114005,10662174.952064505,0.014652083963169181,17496871.759161573
2021-02-22,0.0,0.0,0.0,10662174.952064505,-0.00975701854772609,17326154.456880253
2021-02-23,0.0,0.0,0.0,10662174.952064505,0.0027373657805239812,17373582.47919859
2021-02-24,0.0,0.0,0.0,10662174.952064505,0.01374651167734695,17612408.633626245
2021-02-25,0.0,0.0,0.0,10662174.952064505,-0.03143690178830224,17058729.07315549
2021-02-26,0.0,0.0,0.0,10662174.952064505,8.985978850630828e-05,17060261.96694219
2021-03-01,0.0,0.0,0.0,10662174.952064505,0.03227039858292138,17610803.420544468
2021-03-02,0.0,0.3,-0.00045,10657376.973336076,0.0016158732661954774,17639260.24698795
2021-03-03,-0.006246322214939148,0.3,-0.006696322214939148,10586011.743156547,0.00014423165404872044,17641804.386669572
2021-03-04,0.0,0.0,0.0,10586011.743156547,-0.028983997962086925,17130474.364278805
2021-03-05,0.0,0.0,0.0,10586011.743156547,0.021239663275899323,17494319.87153251
2021-03-08,0.0,0.0,0.0,10586011.743156547,-0.009657949558727763,17325360.612649
2021-03-09,0.0,0.0,0.0,10586011.743156547,0.02006355356786812,17672968.913383517
2021-03-10,0.0,0.0,0.0,10586011.743156547,0.006478370603397776,17787460.955666743
2021-03-11,0.0,0.0,0.0,10586011.743156547,0.006614495865459191,17905116.04261502
2021-03-12,0.0,0.0,0.0,10586011.743156547,-0.01918508408689513,17561604.885751836
2021-03-15,0.0,0.0,0.0,10586011.743156547,0.0186186600383182,17888578.43684692
2021-03-16,0.0,0.0,0.0,10586011.743156547,-0.007269288333873235,17758541.20230637
2021-03-17,0.0,0.0,0.0,10586011.743156547,0.017789102524628553,18074449.71244204
2021-03-18,0.0,0.0,0.0,10586011.743156547,-0.024836024044264684,17625552.244796976
2021-03-19,0.0,0.0,0.0,10586011.743156547,0.0013660628397921925,17649629.85674941
2021-03-22,0.0,0.0,0.0,10586011.743156547,-0.002422286110746208,17606877.403487597
2021-03-23,0.0,0.0,0.0,10586011.743156547,-0.01142831270029442,17405660.50284479
2021-03-24,0.0,0.0,0.0,10586011.743156547,0.0032937697424725524,17462990.740756813
2021-03-25,0.0,0.0,0.0,10586011.743156547,-5.235187180596675e-05,17462076.520504203
2021-03-26,0.0,0.0,0.0,10586011.743156547,0.011796655571660963,17668070.62278258
2021-03-29,0.0,0.0,0.0,10586011.743156547,0.00751143168396462,17800783.128253073
2021-03-30,0.0,0.0,0.0,10586011.743156547,-0.0017870423059483274,17768972.375723876
2021-03-31,0.0,0.0,0.0,10586011.743156547,0.002687760875951695,17816731.124481212
2021-04-01,0.0,0.3,-0.00045,10581248.037872126,-0.003696910307023094,17750864.267549656
2021-04-05,0.004544401891901151,0.3,0.004094401891901151,10624571.919857064,0.010206692936864936,17932041.888492506
2021-04-06,0.0008784058924348525,0.3,0.00042840589243485255,10629123.549072128,0.00413506161917937,18006191.986659124
2021-04-07,-0.0008176972638324287,0.0,-0.0008176972638324287,10620432.143829115,-0.00794953343719077,17863051.161384705
2021-04-08,0.001397342819599001,0.3,0.0009473428195990011,10630493.33396161,0.0063041886989785075,17975663.206645582
2021-04-09,-0.005533023106504653,0.3,-0.005983023106504653,10566890.846710974,-0.0068232599783114795,17853010.58330407
2021-04-12,-0.0016273711289972348,0.3,-0.002077371128997235,10544939.492742753,-0.0016180805959337685,17824122.973300226
2021-04-13,0.0,0.0,0.0,10544939.492742753,0.007596992277322512,17959532.69787843
2021-04-14,0.0,0.0,0.0,10544939.492742753,-0.005036398808724063,17869081.328793596
2021-04-15,0.0,0.3,-0.00045,10540194.269971019,0.020391713688786894,18233462.519132003
2021-04-16,-0.00435023446616537,0.0,-0.00435023446616537,10494341.953577712,-0.014633612692293706,17966641.09058757
2021-04-19,-0.0009142235860313152,0.0,-0.0009142235860313152,10484747.778643874,0.008831839133752482,18125319.574473508
2021-04-20,-0.003119600693794389,0.0,-0.003119600693794389,10452039.55219936,-0.010761160848051031,17930270.09511027
2021-04-21,0.0010124470459730083,0.0,0.0010124470459730083,10462621.688768376,0.004166346669651366,18004973.816206984
2021-04-22,-0.003105726867305669,0.0,-0.003105726867305669,10430127.643487113,-0.012818743385058484,17774172.67720233
2021-04-23,0.00752125240475614,0.0,0.00752125240475614,10508575.266107602,0.018123223946604414,18096297.989096887
2021-04-26,0.004774866198299854,0.0,0.004774866198299854,10558752.306938028,0.02244388203964154,18502449.16651838
2021-04-27,-0.004777316833485734,0.0,-0.004777316833485734,10508309.801801488,-0.016308145078751935,18200708.541198567
2021-04-28,-0.0023296077262718426,0.0,-0.0023296077262718426,10483829.56209715,-0.011364352230451812,17993869.278492592
2021-04-29,-0.0013667633762888042,0.0,-0.0013667633762888042,10469500.647808423,-0.016171138104904136,17702887.933348496
2021-04-30,0.0036448035178120453,0.0,0.0036448035178120453,10507659.920599291,0.01080778769022963,17894216.98763606
2021-05-03,-0.0010504965690419697,0.0,-0.0010504965690419697,10496621.659904042,0.014384666292759673,18151619.327573434
2021-05-04,-0.008012085498660748,0.0,-0.008012085498660748,10412521.829717796,-0.010575532193407412,17959656.2930122
2021-05-05,-0.0012635512186814134,0.3,-0.0017135512186814135,10394679.440246936,0.0021095456205351805,17997543.007291444
2021-05-06,0.0,0.0,0.0,10394679.440246936,0.00762038501844805,18134691.21439308
2021-05-07,0.0,0.0,0.0,10394679.440246936,0.00298323850231289,18188791.323451415
2021-05-10,0.0,0.3,-0.00045,10390001.834498825,-0.01818480752509538,17858031.654120326
2021-05-11,0.0067004055465375465,0.3,0.006250405546537547,10454943.559593713,9.220756088275123e-05,17859678.299661316
2021-05-12,0.0,0.0,0.0,10454943.559593713,-0.01033744713420317,17675054.81940469
2021-05-13,0.0,0.0,0.0,10454943.559593713,0.003340741563178529,17734102.609671336
2021-05-14,0.0,0.0,0.0,10454943.559593713,0.016523961460247517,18027140.23772562
2021-05-17,0.0,0.0,0.0,10454943.559593713,-0.038737927607199955,17328806.184231766
2021-05-18,0.0,0.0,0.0,10454943.559593713,0.017638470522820613,17634459.821308006
2021-05-19,0.0,0.0,0.0,10454943.559593713,-0.021748654169231038,17250934.053193178
2021-05-20,0.0,0.0,0.0,10454943.559593713,0.009021173784728687,17406557.72723593
2021-05-21,0.0,0.3,-0.00045,10450238.834991897,0.003306611020879535,17464114.44285238
2021-05-24,0.004961031071610544,0.3,0.004511031071610544,10497380.187082296,0.0066366883971812,17580018.328542303
2021-05-25,0.0,0.0,0.0,10497380.187082296,0.0035765344686469187,17642893.87005378
2021-05-26,0.0,0.3,-0.00045,10492656.36599811,0.008843205087461059,17798913.598882973
2021-05-27,-0.002752165298962861,0.0,-0.002752165298962861,10463778.841253668,0.007568144980416724,17933618.35749323
2021-05-28,-0.0012401759607222895,0.0,-0.0012401759607222895,10450801.91427643,0.006785073756847614,18055299.28077598
2021-06-01,-0.0017403112056581516,0.0,-0.0017403112056581516,10432614.266596902,0.0014193553026440094,18080926.165550973
2021-06-02,0.002916009433823108,0.0,0.002916009433823108,10463035.868217738,0.005459200177566348,18179633.560884513
2021-06-03,-0.007199750158950124,0.0,-0.007199750158950124,10387704.624062438,-0.035073437066253675,17542011.32729928
2021-06-04,0.00530336627318948,0.0,0.00530336627318948,10442794.426421544,0.011621914799526456,17745883.08835748
2021-06-07,0.0006007955906720764,0.0,0.0006007955906720764,10449068.411267236,-0.0027347641081837517,17697352.284219414
2021-06-08,-0.0006517959629166126,0.0,-0.0006517959629166126,10442257.750660531,-1.3937549430309624e-05,17697105.626497168
2021-06-09,0.0006160905176600062,0.0,0.0006160905176600062,10448691.126643674,0.005266612969612195,17790309.432514273
2021-06-10,0.00405600658987304,0.3,0.0036060065898730403,10486369.1757019,0.005882606456456519,17894962.821644343
2021-06-11,0.004387938882347097,0.3,0.0039379388823470975,10527663.856613543,0.006293270789520532,18007580.668449353
2021-06-14,0.0038012601743345974,0.0,0.0038012601743345974,10567682.24596047,0.00958814512738537,18180239.965291545
2021-06-15,-0.0030333165817861716,0.0,-0.0030333165817861716,10535627.12017275,-0.021082622885368704,17796952.822137795
2021-06-16,0.002105852276726994,0.3,0.001655852276726994,10553072.562326435,0.002562022527421726,17842549.01618757
2021-06-17,-0.0025962132860770197,0.3,-0.0030462132860770196,10520925.652478142,-0.005122137579994945,17751157.025348857
2021-06-18,0.0010314382178463698,0.3,0.0005814382178463698,10527042.920739613,-0.0021759214600780004,17712531.901836187
2021-06-21,0.011971980796427894,0.0,0.011971980796427894,10653072.47642988,0.01644184659826182,18003758.634232994
2021-06-22,0.005413972621791663,0.0,0.005413972621791663,10710747.919155233,0.010915262434443672,18200274.38453203
2021-06-23,0.00032535926320001983,0.0,0.00032535926320001983,10714232.76020653,0.0008325872850989064,18215427.701569904
2021-06-24,-0.0014665239282971253,0.3,-0.0019165239282971252,10693698.67674825,0.0020620565709101755,18252988.943953864
2021-06-25,-0.0020266567262313792,0.0,-0.0020266567262313792,10672026.220396727,-0.008428279649102066,18099147.648702253
2021-06-28,-0.0021447674752053778,0.3,-0.0025947674752053776,10644334.793865502,-0.006028226222613563,17990041.89223939
2021-06-29,0.002103462453183935,0.3,0.0016534624531839353,10661934.801786277,0.006107043287950864,18099907.85682735
2021-06-30,-0.002414361823127187,0.3,-0.002864361823127187,10631395.162779368,-0.007507768475737697,17964017.939206105
2021-07-01,0.0,0.3,-0.00045,10626611.03495612,0.0012681035869235523,17986798.17479037
2021-07-02,0.006843791682838285,0.0,0.006843791682838285,10699337.347173909,0.01676740621226829,18288390.126245167
2021-07-06,-0.000381006976262499,0.0,-0.000381006976262499,10695260.82500325,-0.01947832446322992,17932162.929456033
2021-07-07,0.005355677781072243,0.0,0.005355677781072243,10752541.195766492,0.01998242651413009,18290491.0574333
2021-07-08,-0.0013490927206970648,0.3,-0.001799092720697065,10733196.377172193,-0.007624796562570623,18151029.78409085
2021-07-09,0.0,0.3,-0.00045,10728366.438802466,0.019246740334713453,18500377.941152897
2021-07-12,-0.0006883881981228912,0.0,-0.0006883881981228912,10720981.157960856,-0.006190973312003745,18385842.595057234
2021-07-13,-0.0020287327331481864,0.0,-0.0020287327331481864,10699231.152554236,-0.012276816560283442,18160122.978211474
2021-07-14,0.002976553329887288,0.0,0.002976553329887288,10731077.984668607,0.004450901215891355,18240951.89165593
2021-07-15,-0.003932069550893991,0.0,-0.003932069550893991,10688882.639676822,-0.0102118726910134,18054677.613175437
2021-07-16,0.0022937385501510697,0.0,0.0022937385501510697,10713400.14184549,0.010334361975956696,18241261.186989192
2021-07-19,-0.0021237000303930055,0.0,-0.0021237000303930055,10690648.093638642,-0.0010971078352472914,18221248.556416154
2021-07-20,0.004466769589381436,0.0,0.004466769589381436,10738400.755434085,0.015570892779305831,18504969.66399319
2021-07-21,0.0015202332374352645,0.0,0.0015202332374352645,10754725.629179398,0.005500419277137736,18606754.75585587
2021-07-22,-0.0002246807412424445,0.0,-0.0002246807412424445,10752309.249453174,-0.0060316807532569735,18494524.751314398
2021-07-23,0.003975254983145993,0.0,0.003975254983145993,10795052.420377389,0.004478370370992636,18577350.082986277
2021-07-26,0.003555937272051679,0.0,0.003555937272051679,10833438.94963276,0.017526520196380544,18902946.384410966
2021-07-27,-0.00410003444404623,0.0,-0.00410003444404623,10789021.476791793,-0.00954404383047952,18722535.835592948
2021-07-28,0.004240757760963975,0.0,0.004240757760963975,10834775.103352705,0.0075676313597428,18864221.08491629
2021-07-29,-0.0018401067893493604,0.0,-0.0018401067893493604,10814837.960123952,0.005986284867714664,18977147.686138146
2021-07-30,-0.002198475359632401,0.0,-0.002198475359632401,10791061.805350203,-0.010066626309631888,18786111.8319591
2021-08-02,-0.0014086922313657267,0.0,-0.0014086922313657267,10775860.52041682,-0.013114836983074661,18539735.037737142
2021-08-03,0.006528412875836054,0.0,0.006528412875836054,10846209.786986522,0.010356042903850638,18731733.329213977
2021-08-04,0.003308835094689555,0.0,0.003308835094689555,10882098.106574068,0.005342942393928784,18831815.9013304
2021-08-05,0.0013343537421195428,0.0,0.0013343537421195428,10896618.674904685,0.0020120127502937122,18869705.75503506
2021-08-06,9.409378727009976e-05,0.0,9.409378727009976e-05,10897643.979024248,0.0005470495690519161,18880028.41943649
2021-08-09,0.0045205577964604554,0.0,0.0045205577964604554,10946907.408476677,0.008654275597788995,19043421.388672378
2021-08-10,-0.0025228817363003087,0.0,-0.0025228817363003087,10919289.655706858,0.008978234046444489,19214397.682944942
2021-08-11,-0.0030517271616169904,0.0,-0.0030517271616169904,10885966.962878974,-0.0019879922529942636,19176199.609205298
2021-08-12,-0.0018540774190554552,0.0,-0.0018540774190554552,10865783.537348516,-0.008393325830725894,19015247.5176902
2021-08-13,0.0023768424738546566,0.0,0.0023768424738546566,10891609.793171797,0.009095270803810406,19188196.343265075
2021-08-16,0.0005914365342797323,0.0,0.0005914365342797323,10898051.489120599,-0.01304829379795781,18937823.119925253
2021-08-17,0.0014911171426051251,0.0,0.0014911171426051251,10914301.76051702,0.00021551531305776797,18941904.510803577
2021-08-18,-0.0016781655954485886,0.0,-0.0016781655954485886,10895985.754804175,-0.005251667517621572,18842427.926162302
2021-08-19,0.0005864804883550789,0.0,0.0005864804883550789,10902376.037850764,-0.007244971591083249,18705915.07113022
2021-08-20,0.0026454585504897877,0.0,0.0026454585504897877,10931217.82176075,0.011213248406648633,18915669.14349648
2021-08-23,0.004533460974274872,0.0,0.004533460974274872,10980774.071157001,0.012931306275427133,19160273.454595674
2021-08-24,5.5005289181986326e-05,0.0,5.5005289181986326e-05,10981378.071810227,0.001594333529060754,19190821.32099031
2021-08-25,-0.00034882803135379833,0.0,-0.00034882803135379833,10977547.459315885,0.0037509775046026816,19262805.660060193
2021-08-26,-0.001371439289398646,0.0,-0.001371439289398646,10962492.419428939,-0.0025164581401299953,19214331.615955193
2021-08-27,0.0040526965238259155,0.0,0.0040526965238259155,11006920.074349627,0.016864791029870506,19538377.303436913
2021-08-30,0.0019355911217108,0.0,0.0019355911217108,11028224.971122917,0.003713366303488352,19610930.455340333
2021-08-31,-0.00042846240341612993,0.0,-0.00042846240341612993,11023499.791346377,0.0019057621155946888,19648304.22365368
2021-09-01,-0.0021417854134174407,0.0,-0.0021417854134174407,10999889.82028846,-0.013202786080339646,19388891.866147347
2021-09-02,-0.0018976207258952216,0.0,-0.0018976207258952216,10979016.201382916,-0.005769961703800618,19277018.702600546
2021-09-03,0.00014979599336686355,0.0,0.00014979599336686355,10980660.814020995,0.0022844809009133324,19321056.683653187
2021-09-07,0.0009441584635017097,0.0,0.0009441584635017097,10991028.297863394,-0.006828245147069012,19189127.772116784
2021-09-08,0.002884144389695442,0.0,0.002884144389695442,11022728.010465661,-0.002182102651068884,19147255.125533547
2021-09-09,0.001611709334394784,0.0,0.001611709334394784,11040493.444090625,0.010310164121456689,19344666.4683532
2021-09-10,-0.00011349572952097375,0.0,-0.00011349572952097375,11039240.395232914,0.020994765354685675,19750803.20172093
2021-09-13,-0.0020748543184175737,0.0,-0.0020748543184175737,11016335.579626815,-0.013012294987196048,19493799.924226083
2021-09-14,-0.002143819146667114,0.0,-0.002143819146667114,10992718.5484851,-0.0076553785881134815,19344567.505685195
2021-09-15,0.0017296327236490771,0.0,0.0017296327236490771,11011731.914208425,0.0115777525025198,19568534.120534305
2021-09-16,-0.001982195186231106,0.0,-0.001982195186231106,10989904.512216013,-0.018630722370011787,19203958.19414653
2021-09-17,-0.001425311094241144,0.0,-0.001425311094241144,10974240.4793901,-0.0017428492129170747,19170488.590722967
2021-09-20,-0.005868770575760873,0.0,-0.005868770575760873,10909835.179773333,-0.022805120322474767,18733303.2917709
2021-09-21,0.0020893194561501624,0.3,0.0016393194561501625,10927719.884846928,0.009981494018416547,18920289.6465229
2021-09-22,0.0,0.0,0.0,10927719.884846928,0.009147045536085674,19093354.397475574
2021-09-23,0.0,0.0,0.0,10927719.884846928,0.006900130594354769,19225101.03630245
2021-09-24,0.0,0.3,-0.00045,10922802.410898747,-0.002582123964711558,19175459.442192614
2021-09-27,0.00042638064150051224,0.0,0.00042638064150051224,10927459.68239769,0.002742914223077719,19228056.082630657
2021-09-28,-0.00824272741128611,0.3,-0.00869272741128611,10832470.254080785,-0.016208424795111885,18916399.581659142
2021-09-29,0.0,0.0,0.0,10832470.254080785,0.0033779706872081867,18980298.6249535
2021-09-30,0.0,0.0,0.0,10832470.254080785,0.0011880816984765731,19002848.770381432
2021-10-01,0.0,0.0,0.0,10832470.254080785,0.0145222783016544,19278813.42874916
2021-10-04,0.0,0.0,0.0,10832470.254080785,-0.019359829283073737,18905578.891988344
2021-10-05,0.0,0.0,0.0,10832470.254080785,-0.00025329986537089323,18900790.111400247
2021-10-06,0.0,0.0,0.0,10832470.254080785,6.786503325906267e-05,18902072.81414978
2021-10-07,0.0,0.0,0.0,10832470.254080785,0.012740240621605836,19142889.77004916
2021-10-08,0.0,0.0,0.0,10832470.254080785,-0.005662237221751732,19034498.187061295
2021-10-11,0.0,0.0,0.0,10832470.254080785,0.01701263930223269,19358325.23901677
2021-10-12,0.0,0.0,0.0,10832470.254080785,-0.006910658012611936,19224546.47359301
2021-10-13,0.0,0.3,-0.00045,10827595.64246645,0.008641768153274509,19390680.54706965
2021-10-14,0.002572529720252925,0.0,0.002572529720252925,10855449.954055576,0.0008671409922584856,19407495.001039807
2021-10-15,0.0058588042376838565,0.0,0.0058588042376838565,10919049.910248362,0.022251348246742596,19839337.930904858
2021-10-18,0.0022201222352615344,0.0,0.0022201222352615344,10943291.535742035,0.0033044023308999577,19904895.08540725
2021-10-19,-0.00016046178525198627,0.0,-0.00016046178525198627,10941535.555645676,-0.005526010117754066,19794900.433772456
2021-10-20,-0.002823963939258922,0.0,-0.002823963939258922,10910637.053796414,-0.0014793537810381951,19765616.77297048
2021-10-21,0.0031549850237460484,0.0,0.0031549850237460484,10945059.950300671,-0.007327323682108955,19620787.7010984
2021-10-22,-0.0010179797795513256,0.0,-0.0010179797795513256,10933918.100585287,-0.0013093237705823267,19595097.737363804
2021-10-25,0.0022152326223746186,0.3,0.0017652326223746187,10953219.009506814,0.013474654030785804,19859134.90007421
2021-10-26,0.0,0.3,-0.00045,10948290.060952537,-0.004903687368130294,19761751.91112272
2021-10-27,-0.0007077201725168236,0.0,-0.0007077201725168236,10940541.735221837,-0.021169243980791494,19343410.563428294
2021-10-28,0.00381099694398308,0.0,0.00381099694398308,10982236.106340284,0.009356502267646682,19524397.22822903
2021-10-29,0.0016592214341834,0.3,0.0012092214341834,10995516.061635334,-0.004243254951404573,19441550.23301716
2021-11-01,0.006930283777450907,0.3,0.006480283777450907,11066770.12599425,0.016431438835272916,19761002.876533866
2021-11-02,0.0007541658859281375,0.3,0.0003041658859281375,11070136.259933988,0.0003471969037634362,19767863.835547857
2021-11-03,0.0,0.3,-0.00045,11065154.698617017,0.011476439317002884,19994728.5252833
2021-11-04,0.004039930611241749,0.3,0.003589930611241749,11104877.836187707,0.011834423835990893,20231354.617137074
2021-11-05,0.0,0.3,-0.00045,11099880.641161423,-0.0011007009420020198,20209085.94605202
2021-11-08,-0.0014080328181289125,0.0,-0.0014080328181289125,11084251.644941354,0.0018803626046983266,20247086.35554011
2021-11-09,-0.004905141975629646,0.0,-0.004905141975629646,11029881.81692931,-0.003777558624841781,20170601.799849823
2021-11-10,-0.008122521500030077,0.3,-0.008572521500030078,10935327.917910893,-0.02303871664779722,19705897.020367537
2021-11-11,0.009640378441464103,0.0,0.009640378441464103,11040748.61742106,0.01402367696866773,19982246.154559
2021-11-12,0.005462035966201628,0.0,0.005462035966201628,11101053.583463205,0.0014668504411325944,20011557.121145636
2021-11-15,0.002229535716816422,0.0,0.002229535716816422,11125803.77892183,-0.00023558311089247867,20006842.736265235
2021-11-16,-0.004209441189901175,0.3,-0.004659441189901175,11073963.750523563,-0.018345287609825234,19639811.452103905
2021-11-17,0.005408676468048634,0.3,0.004958676468048634,11128875.95398131,-0.002501351836749233,19590685.373654775
2021-11-18,0.02212020136127335,0.3,0.02167020136127335,11370040.936828718,0.030167873190982773,20181694.68573163
2021-11-19,0.0027313250740984784,0.0,0.0027313250740984784,11401096.214733006,0.017114052770064524,20527085.27357258
2021-11-22,-0.004965014362725361,0.0,-0.004965014362725361,11344489.608276043,0.02736264860909776,21088760.69488233
2021-11-23,-0.00724268786051766,0.0,-0.00724268786051766,11262325.011106413,-0.0225842913353223,20612485.97944821
2021-11-24,0.0015185220649708063,0.0,0.0015185220649708063,11279427.100138651,0.00284501077213094,20671128.72410014
2021-11-26,-0.003769454798683025,0.0,-0.003769454798683025,11236909.809529636,-0.022419483677910444,20207692.691066187
2021-11-29,0.011397692327462416,0.3,0.010947692327462415,11359928.04083581,0.015600401271010034,20522940.805808075
2021-11-30,0.00025626450751753405,0.3,-0.00019373549248246594,11357727.219582254,-0.001445652847687917,20493271.757989228
2021-12-01,-0.010914399643282757,0.3,-0.011364399643282758,11228653.468419531,-0.034146657626049695,19793495.023631576
2021-12-02,0.01682840161087389,0.0,0.01682840161087389,11417613.758535428,0.021311002317813132,20215314.24195781
2021-12-03,-0.0076662161001990305,0.3,-0.00811621610019903,11324945.937922549,-0.008933040130393777,20034730.02858588
2021-12-06,-0.0034613157244970717,0.3,-0.003911315724497072,11280650.498796472,-0.007032244878778593,19893840.900944646
2021-12-07,0.0,0.0,0.0,11280650.498796472,0.038745371124588625,20664635.149745267
2021-12-08,0.0,0.3,-0.00045,11275574.206072014,0.0029033258384707386,20724631.318918094
2021-12-09,-0.004583277031556809,0.0,-0.004583277031556809,11223895.12579571,-0.0157940260958476,20397305.951040283
2021-12-10,-0.0018838955233339337,0.0,-0.0018838955233339337,11202750.480013855,-0.01191857888307345,20154199.051060624
2021-12-13,-0.0003712597056174438,0.3,-0.0008212597056174438,11193550.112452533,-0.0054887823141648966,20043577.039753005
2021-12-14,-0.0013156332348916444,0.0,-0.0013156332348916444,11178823.505908167,-0.004094818514318932,19961502.229397446
2021-12-15,0.008051497587525635,0.0,0.008051497587525635,11268829.776397362,0.017379461538982042,20308422.389653563
2021-12-16,0.00016348044915269824,0.3,-0.00028651955084730174,11265601.036351254,0.008735216935138623,20485820.864837613
2021-12-17,-0.0031807505403738333,0.0,-0.0031807505403738333,11229767.969767245,-0.008867616917755084,20304160.45316248
2021-12-20,-0.004069722411486776,0.3,-0.0045197224114867755,11179012.53579849,-0.03836710160162189,19525148.66612036
2021-12-21,0.0,0.0,0.0,11179012.53579849,0.04622693562392055,20427736.45655658
2021-12-22,0.0,0.3,-0.00045,11173981.98015738,0.007536345997361904,20581686.94643612
2021-12-23,-0.0015719356905364522,0.0,-0.0015719356905364522,11156417.19907736,-4.359426276900717e-06,20581597.222089224
2021-12-27,0.006638642055706856,0.0,0.006638642055706856,11230480.659486165,0.019559388864880935,20984160.685616415
2021-12-28,-0.00419382234373693,0.0,-0.00419382234373693,11183382.01876551,-0.012333203580674145,20725358.759911127
2021-12-29,-0.000674958681058957,0.0,-0.000674958681058957,11175833.697988344,-0.0008858799024044406,20706998.581115603
2021-12-30,-0.003037441109283745,0.0,-0.003037441109283745,11141887.761283556,-0.009768695858014986,20504718.209844336
2021-12-31,-0.0009531872029047261,0.0,-0.0009531872029047261,11131267.4564533,0.0069719152450065875,20647675.367326114
2022-01-03,0.0,0.0,0.0,11131267.4564533,0.001430888893391802,20677219.89668358
2022-01-04,0.0,0.3,-0.00045,11126258.386097895,-0.0037388579441232192,20599910.708810482
2022-01-05,-0.010708957236557293,0.0,-0.010708957236557293,11007107.760838287,-0.014850536906122624,20293990.974566463
2022-01-06,-0.0033646852545510587,0.0,-0.0033646852545510587,10970072.30766014,-0.007213114555813594,20147608.09287227
2022-01-07,-0.0035756768628666946,0.0,-0.0035756768628666946,10930846.873925664,-0.0005998154444710746,20135523.246369015
2022-01-10,-0.006356779070191864,0.0,-0.006356779070191864,10861361.89529802,-0.02325641433879695,19667243.17482298
2022-01-11,0.010559603856136524,0.0,0.010559603856136524,10976053.574250503,0.03729818696468794,20400795.68783751
2022-01-12,-0.0014612610573383922,0.0,-0.0014612610573383922,10960014.694599189,0.00873380553924763,20578972.270221006
2022-01-13,-0.009211589790452734,0.0,-0.009211589790452734,10859055.535135208,-0.013930395124138939,20292299.05524813
2022-01-14,-0.000671601719752457,0.0,-0.000671601719752457,10851762.574762922,-0.009570078027153216,20098100.169939075
2022-01-18,-0.005313698610249051,0.0,-0.005313698610249051,10794099.57905065,-0.0060770994007961375,19975962.017439198
2022-01-19,-0.004955487491234666,0.0,-0.004955487491234666,10740609.553607525,0.001278189262791285,20001495.077603817
2022-01-20,-0.007120500823691467,0.0,-0.007120500823691467,10664131.034434114,-0.010145722343197204,19798565.462097622
2022-01-21,-0.010573399950460504,0.0,-0.010573399950460504,10551374.911882924,-0.0008917237753233833,19780910.610557772
2022-01-24,-5.40484181218992e-05,0.0,-5.40484181218992e-05,10550804.626759926,-0.013745461006362668,19509012.875090007
2022-01-25,-0.0038716325017424946,0.0,-0.0038716325017424946,10509955.788647426,0.00042937923145278676,19517389.64004471
2022-01-26,-0.003216432875269215,0.0,-0.003216432875269215,10476151.221331196,-0.012396058186877857,19275450.942410752
2022-01-27,-0.0018919173604017069,0.0,-0.0018919173604017069,10456331.208965367,0.002220799710034682,19318257.85827445
2022-01-28,0.010278239439087544,0.0,0.010278239439087544,10563803.884785514,0.003478757301570822,19385461.388852548
2022-01-31,0.00572263086096405,0.0,0.00572263086096405,10624256.63490576,0.006610799590188598,19513614.78905759
2022-02-01,0.0041474220671368295,0.0,0.0041474220671368295,10668319.911320293,0.015176345133395497,19809760.14189646
2022-02-02,0.0032198835758096233,0.0,0.0032198835758096233,10702670.65938424,0.00035844235500733825,19816860.79897385
2022-02-03,-0.009264269135498758,0.0,-0.009264269135498758,10603518.237927098,-0.017274661541087765,19474531.23586473
2022-02-04,0.006689660358167737,0.0,0.006689660358167737,10674452.173540467,0.014463453504109224,19756200.21290898
2022-02-07,0.001176770750807554,0.0,0.001176770750807554,10687013.556639181,0.012017869162691874,19993627.642219666
2022-02-08,0.0019709728958887006,0.0,0.0019709728958887006,10708077.370697314,0.0034422824344091606,20062451.355452593
2022-02-09,0.00743518484764567,0.0,0.00743518484764567,10787693.90531134,0.027251177573606022,20609176.779901862
2022-02-10,-0.011852187319044315,0.0,-0.011852187319044315,10659836.136405077,-0.019041900370545928,20216738.88894
2022-02-11,-0.012393503755943447,0.0,-0.012393503755943447,10527723.417210797,-0.027075278198320528,19669365.059259143
2022-02-14,-0.003777770093370203,0.0,-0.003777770093370203,10487952.098533986,-0.014811801845335171,19378026.321577836
2022-02-15,0.014915796870567254,0.0,0.014915796870567254,10644388.261623958,0.039602178293631635,20145438.374943648
2022-02-16,-0.004662021559940599,0.0,-0.004662021559940599,10594763.89405589,-0.01173781676053699,19908974.91073787
2022-02-17,-0.009977772152844011,0.0,-0.009977772152844011,10489051.75390782,-0.02167566313040966,19477434.677300934
2022-02-18,-0.004462797104752358,0.0,-0.004462797104752358,10442241.244108884,-0.008911476728863908,19303861.9714362
2022-02-22,-0.0017836977320924263,0.0,-0.0017836977320924263,10423615.442083804,-0.003081516172996346,19244376.80856993
2022-02-23,-0.009816399844178625,0.0,-0.009816399844178625,10321293.065082354,-0.020662287335149642,18846743.965365365
2022-02-24,0.009478677739163732,0.0,0.009478677739163732,10419125.275897736,0.006652444570964854,18972120.884938125
2022-02-25,0.014504230922801908,0.0,0.014504230922801908,10570246.674912957,0.04608214387286729,19846396.889131278
2022-02-28,-0.008243279041667283,0.0,-0.008243279041667283,10483113.182032393,-0.025651944820057872,19337298.211254314
2022-03-01,-0.0018925539554009883,0.0,-0.0018925539554009883,10463273.32471482,-0.0017723567894148643,19303025.61948066
2022-03-02,0.007894302479605585,0.0,0.007894302479605585,10545873.569266908,0.026579274489553148,19816086.035899714
2022-03-03,-0.004956703226384018,0.0,-0.004956703226384018,10493600.803721085,0.010842923564210991,20030950.342128802
2022-03-04,-0.007556387064478542,0.0,-0.007556387064478542,10414307.094348045,-0.0014614905052635842,20001675.298392378
2022-03-07,-0.01227155308600678,0.0,-0.01227155308600678,10286507.371985776,-0.034532307894654043,19310971.288579393
2022-03-08,0.006050661526707545,0.0,0.006050661526707545,10348747.546385644,0.022354014099233745,19742649.0130342
2022-03-09,0.009781361191074445,0.0,0.009781361191074445,10449972.384012088,0.0045502101999344916,19832482.21594703
2022-03-10,-0.005310716903177404,0.0,-0.005310716903177404,10394475.539034577,-0.006036106964209332,19712771.231925793
2022-03-11,-0.007134989097250809,0.0,-0.007134989097250809,10320311.069391925,-0.017004863504465784,19377558.247832138
2022-03-14,-0.004307658205825148,0.0,-0.004307658205825148,10275854.696727192,-0.011480106303711202,19155101.81924067
2022-03-15,0.012306463942236445,0.0,0.012306463942236445,10402314.132028125,0.02385341882668139,19612016.485602744
2022-03-16,0.009740700825895976,0.0,0.009740700825895976,10503639.961885203,0.028399122612028125,20168980.546446495
2022-03-17,-0.000783522230592204,0.0,-0.000783522230592204,10495410.126472928,-0.001960368712831584,20129441.908013534
2022-03-18,0.006696884808737446,0.0,0.006696884808737446,10565696.679110374,0.011630119789340499,20363549.728696305
2022-03-21,0.0006448164754496721,0.0,0.0006448164754496721,10572509.614403669,0.009965800606437446,20566488.804931764
2022-03-22,0.002181699337105325,0.0,0.002181699337105325,10595575.651620952,-0.006425705934904291,20434334.595757768
2022-03-23,-0.004676741121215688,0.0,-0.004676741121215688,10546022.887268065,-0.004569504412276804,20340959.813660514
2022-03-24,0.006602233053488793,0.0,0.006602233053488793,10615650.188157234,0.012659212049229474,20598460.3372265
2022-03-25,-0.0015747128867942162,0.0,-0.0015747128867942162,10598933.587004244,-6.142169636869088e-05,20597195.14485
2022-03-28,0.00035379491537590457,0.0,0.00035379491537590457,10602683.435815731,-0.012106727825748908,20347830.509257466
2022-03-29,0.005386588964385974,0.0,0.005386588964385974,10659795.733403977,0.007190750030059234,20494146.67210355
2022-03-30,-0.002692093539915763,0.0,-0.002692093539915763,10631098.566173257,-0.007006186512648827,20350560.85810121
2022-03-31,-0.00032898382623113286,0.0,-0.00032898382623113286,10627601.106689919,0.0087542691792302,20528715.145801336
2022-04-01,-0.0014631297847726543,0.0,-0.0014631297847726543,10612051.546970038,0.0010627003387562834,20550531.018341012
2022-04-04,0.004704571892415998,0.0,0.004704571892415998,10661976.706398781,0.009243736761621978,20740494.717386104
2022-04-05,-0.008149504191256707,0.0,-0.008149504191256707,10575086.882542903,-0.019954297922439145,20326632.706736606
2022-04-06,-0.0033544134490561483,0.0,-0.0033544134490561483,10539613.668879164,-0.002739819289088963,20270941.406364463
2022-04-07,0.005490221989797872,0.0,0.005490221989797872,10597478.48760802,0.013536739770590799,20545343.865087315
2022-04-08,-0.0019217002551791705,0.0,-0.0019217002551791705,10577113.310494127,-0.0002622443262824902,20539955.965227176
2022-04-11,-0.0038430008870013353,0.0,-0.0038430008870013353,10536465.454659985,-0.01121795435124917,20309539.676832587
2022-04-12,-0.0004419963719092701,0.0,-0.0004419963719092701,10531808.375156278,0.01005501422337467,20513752.38715333
2022-04-13,0.0019006225389916142,0.0,0.0019006225389916142,10551825.36753044,-0.002106450395629733,20470541.185321562
2022-04-14,-0.0069329187005798265,0.0,-0.0069329187005798265,10478670.420114638,-0.012789921155725081,20208724.577546276
2022-04-18,0.0036228512289089073,0.0,0.0036228512289089073,10516633.084123481,0.016316572381001305,20538461.694843527
2022-04-19,0.007322925076023856,0.0,0.007322925076023856,10593645.600250551,0.0032485769812527375,20605182.468735736
2022-04-20,-0.0032126225785868434,0.0,-0.0032126225785868434,10559612.215205638,0.002023121849659959,20646869.263604466
2022-04-21,-0.007774339064691892,0.0,-0.007774339064691892,10477518.209452968,-0.023193445077999253,20167997.235306423
2022-04-22,-0.004478780890203993,0.0,-0.004478780890203993,10430591.701119704,-0.00742005362804179,20018349.61425025
2022-04-25,0.008424390664682568,0.0,0.008424390664682568,10518463.080473732,-2.7415871749147946e-05,20017800.793744594
2022-04-26,-0.008680838344988073,0.0,-0.008680838344988073,10427154.002834413,-0.011984171804614174,19777904.02988182
2022-04-27,0.0003501692240227561,0.0,0.0003501692240227561,10430805.271260353,0.005608945014179345,19888837.20608114
2022-04-28,0.010669544464114078,0.0,0.010669544464114078,10542097.21189858,0.006698630933006489,20022065.186211325
2022-04-29,-0.009756089814913138,0.0,-0.009756089814913138,10439247.56466175,-0.007287042000958588,19876163.55625347
2022-05-02,0.00305242863598012,0.0,0.00305242863598012,10471112.62286621,-0.010516015972542337,19667145.502823047
2022-05-03,0.0034044428842922247,0.0,0.0034044428842922247,10506760.927725751,0.015953447385061992,19980904.273816694
2022-05-04,0.008072005577704688,0.0,0.008072005577704688,10591571.560537962,0.02354469035421882,20451348.477941
2022-05-05,-0.015775724282623638,0.0,-0.015775724282623638,10424481.847879237,-0.03045235352572635,19828556.78401291
2022-05-06,-0.0005467447222847199,0.0,-0.0005467447222847199,10418782.317446355,0.0015420283692004653,19859132.981094163
2022-05-09,-0.012838654611924138,0.3,-0.013288654611924139,10280330.717752988,-0.03025548131537139,19258285.354245193
2022-05-10,0.007773509466297712,0.0,0.007773509466297712,10360244.965904111,0.011431296713423578,19478432.528321348
2022-05-11,-0.007587713503285832,0.0,-0.007587713503285832,10281634.395278972,-0.0064457950621671254,19352878.54411154
2022-05-12,-0.012415224661976454,0.0,-0.012415224661976454,10153985.59436928,-0.012740524382718877,19106312.72314449
2022-05-13,0.019955626466959142,0.0,0.019955626466959142,10356614.738041397,0.033626149662326264,19748784.454268154
2022-05-16,-0.004506257120026081,0.3,-0.004956257120026081,10305284.692506611,-0.006443859450346901,19621526.062929656
2022-05-17,0.006832692230798809,0.0,0.006832692230798809,10375697.531161273,0.021926258370586815,20051752.713010654
2022-05-18,-0.016983298415346546,0.0,-0.016983298415346546,10199483.963722186,-0.032618565535440736,19397693.303040866
2022-05-19,-0.00029891078940588175,0.3,-0.0007489107894058818,10191845.460135382,0.020817848255185012,19801511.53872419
2022-05-20,-0.011615886177726586,0.3,-0.012065886177726587,10068871.812872408,-0.016386847650678348,19477027.18588597
2022-05-23,0.004605553166694842,0.0,0.004605553166694842,10115244.537335228,0.016479987243617364,19798008.34545296
2022-05-24,-0.008493005895458705,0.0,-0.008493005895458705,10029335.705845635,-0.013898043972585362,19522854.754898243
2022-05-25,0.0041545985191648645,0.0,0.0041545985191648645,10071003.569117349,0.0022980278767077756,19567718.819357917
2022-05-26,0.00895865383838763,0.0,0.00895865383838763,10161226.20389824,0.01883752166636704,19936326.14657895
2022-05-27,0.006707438545881649,0.0,0.006707438545881649,10229382.004211688,0.012064502578274893,20176848.004775677
2022-05-31,0.001627942089567491,0.0,0.001627942089567491,10246034.845726611,0.0009104092958198028,20195217.19475957
2022-06-01,-0.004471795653811217,0.0,-0.004471795653811217,10200216.671634693,-0.011518905876668028,19962590.388734266
2022-06-02,0.007991184283345642,0.0,0.007991184283345642,10281728.482787777,0.0334933676338461,20631204.767548025
2022-06-03,-0.011490683384125922,0.0,-0.011490683384125922,10163584.396150513,-0.02573573059048887,20100245.639893197
2022-06-06,0.0004735166567541471,0.0,0.0004735166567541471,10168397.022654418,-0.006462491256689662,19970347.978188075
2022-06-07,0.006664217404055783,0.0,0.006664217404055783,10236161.431064142,0.014275696735801846,20255438.60963312
2022-06-08,-0.0013403139924199503,0.0,-0.0013403139924199503,10222441.760669416,-0.002758692503135851,20199560.082992997
2022-06-09,-0.009186295032120461,0.0,-0.009186295032120461,10128535.394707238,-0.023014117955178215,19734685.024600286
2022-06-10,-0.008907218470549183,0.0,-0.008907218470549183,10038318.317159891,-0.01562699287090128,19426291.242411375
2022-06-13,-0.007670252905063046,0.0,-0.007670252905063046,9961321.876925748,-0.014314377490873208,19148215.976319857
2022-06-14,0.0070708904316595595,0.0,0.0070708904316595595,10031757.292471983,0.014724534438844115,19430164.5419056
2022-06-15,0.009659162280146317,0.0,0.009659162280146317,10128655.664115012,0.020857265390386813,19835424.640335012
2022-06-16,-0.016088096532603822,0.0,-0.016088096532603822,9965704.874045225,-0.03953756564043248,19051180.236611914
2022-06-17,0.007221322823677134,0.0,0.007221322823677134,10037670.446106197,0.0065508617451984445,19175981.884424817
2022-06-21,0.013424896322754032,0.0,0.013424896322754032,10172425.131167147,0.029592244238694554,19743442.223865498
2022-06-22,-0.003694064874888714,0.3,-0.004144064874888714,10130269.94148864,-0.025998091746900064,19230150.401529822
2022-06-23,0.004651502575847499,0.0,0.004651502575847499,10177390.918215508,-0.004144494308527514,19150451.15263856
2022-06-24,0.020470536083192714,0.3,0.020020536083192715,10381147.740326397,0.02403879079918274,19610804.841606803
2022-06-27,0.01727676000387077,0.0,0.01727676000387077,10560500.338400742,0.01727676000387077,19949616.01033799
2022-06-28,-0.011241716679406155,0.6,-0.012141716679406155,10432277.735299109,-0.011241716679406155,19725348.07928683
2022-06-29,-0.002795926877651822,0.3,-0.003245926877651822,10398415.324602975,-0.010907912791458762,19510185.702656798
2022-06-30,0.004491495214579654,0.3,0.004041495214579654,10440440.470376572,0.001874624001348712,19546759.96504577
2022-07-01,-0.001296239434612234,0.0,-0.001296239434612234,10426907.159724148,-0.014010899126149423,19272892.28293246
2022-07-05,0.009132274598554835,0.6,0.008232274598554835,10512744.322676634,-0.00413144877712258,19193267.315678522
2022-07-06,0.022836214024106426,0.0,0.022836214024106426,10752815.60200999,0.022836214024106426,19631568.875921242
2022-07-07,0.043137434504168334,0.0,0.043137434504168334,11216664.480777094,0.043137434504168334,20478424.392520368
2022-07-08,-0.024335399037166427,0.3,-0.024785399037166426,10938654.975755023,-0.024335399037166427,19980073.76327594
2022-07-11,0.0011655040490653912,0.0,0.0011655040490653912,10951404.022420594,-0.0006021960443927997,19968041.84188902
2022-07-12,-7.750857351364066e-05,0.0,-7.750857351364066e-05,10950555.194716845,-0.00912848867952163,19785763.79798312
2022-07-13,0.020048692000546108,0.0,0.020048692000546108,11170099.503050702,0.03428502622664384,20464119.22871115
2022-07-14,-0.011768046872982317,0.0,-0.011768046872982317,11038649.248522924,-0.021693908324172007,20020172.502228566
2022-07-15,0.02541557755915573,0.0,0.02541557755915573,11319202.894647075,0.024419731290323064,20509059.735118903
2022-07-18,0.029727523458332315,0.0,0.029727523458332315,11655694.76422732,0.05004560817178845,21535448.10259447
2022-07-19,0.017103989599905355,0.0,0.017103989599905355,11855053.646254336,0.01485795760123718,21855420.87742646
2022-07-20,0.004996664268448536,0.3,0.004546664268448536,11908954.595068302,0.008470977488506204,22040557.655680962
2022-07-21,-0.03141892604671074,0.0,-0.03141892604671074,11534788.031352215,-0.10116691878615491,19810782.349327125
2022-07-22,-0.004828217354859765,0.0,-0.004828217354859765,11479095.56759461,-0.009300502260982944,19626532.123295367
2022-07-25,0.005877763788531487,0.0,0.005877763788531487,11546566.979846912,0.033268680337297685,20279480.94663498
2022-07-26,-0.010683469482403328,0.0,-0.010683469482403328,11423209.583891189,-0.017109192091000678,19932515.411613215
2022-07-27,0.008661154483206946,0.0,0.008661154483206946,11522147.766791321,0.0149623060195063,20230751.8069403
2022-07-28,-0.0018676467981914467,0.0,-0.0018676467981914467,11500628.464406386,-0.009051355164995056,20047636.087080818
2022-07-29,0.005034781016179801,0.0,0.005034781016179801,11558531.610273115,0.01684371229072916,20385312.70144085
2022-08-01,-0.00277169004054727,0.0,-0.00277169004054727,11526494.943325572,-0.013027386853821519,20119745.346743055
2022-08-02,-0.00401631857240059,0.0,-0.00401631857240059,11480200.867610011,-0.018330237286747497,19750945.64038832
2022-08-03,0.014425185177772292,0.0,0.014425185177772292,11645804.891003309,0.022908602820982726,20203412.209402796
2022-08-04,0.002009550719674502,0.0,0.002009550719674502,11669207.726603212,0.005500323331893253,20314537.508962035
2022-08-05,-0.005461732425356902,0.0,-0.005461732425356902,11605473.636384597,-0.006983222748908601,20172676.568495892
2022-08-08,0.0042489652377447834,0.0,0.0042489652377447834,11654784.89043316,0.02555517227748176,20688192.793501727
2022-08-09,-0.007351861583786479,0.0,-0.007351861583786479,11569100.525129892,-0.015675504483657055,20363894.93460843
2022-08-10,0.007641032779892964,0.0,0.007641032779892964,11657500.401476286,0.01737191491115679,20717654.78467219
2022-08-11,-0.0070429329402975855,0.0,-0.0070429329402975855,11575397.407897197,-0.010876787930347442,20492313.247165162
2022-08-12,0.004920560244439831,0.0,0.004920560244439831,11632354.848196087,0.01111746995730396,20720135.924046185
2022-08-15,-0.0007043847207778509,0.0,-0.0007043847207778509,11624161.195174351,-0.009850221579909202,20516037.994028494
2022-08-16,0.0010926642693840582,0.0,0.0010926642693840582,11636862.500773879,0.0007171558296307668,20530751.19027684
2022-08-17,-0.003256793582917461,0.0,-0.003256793582917461,11598963.641656065,-0.009748678572801726,20330603.496064663
2022-08-18,0.006217122410566911,0.0,0.006217122410566911,11671075.818451958,0.007779586945662276,20488767.193620086
2022-08-19,0.004676094015588173,0.0,0.004676094015588173,11725650.866242094,0.020506216362756225,20908914.286698602
2022-08-22,-0.0032455932730435675,0.0,-0.0032455932730435675,11687594.172668563,0.007499544898167087,21065721.628163625
2022-08-23,-0.0023120766099319233,0.0,-0.0023120766099319233,11660571.559555558,0.0071057392251810845,21215409.152643614
2022-08-24,-0.005950591549525974,0.0,-0.005950591549525974,11591184.260970626,-0.02271561189990591,20733488.15203445
2022-08-25,0.006864071675301631,0.0,0.006864071675301631,11670746.980539557,0.026434715469984302,21281572.012033768
2022-08-26,-0.019459994092004627,0.0,-0.019459994092004627,11443634.313248975,-0.036103030632097896,20513242.76578412
2022-08-29,-0.004726402760844927,0.0,-0.004726402760844927,11389547.088436736,-0.011653866748509333,20274184.168011848
2022-08-30,-0.006876866976077678,0.0,-0.006876866976077678,11311222.688191783,-0.016452272184237247,19940627.77176636
2022-08-31,0.0009409011293385116,0.0,0.0009409011293385116,11321865.430393301,-0.0036679067158536744,19867487.40924396
2022-09-01,0.0023392053332869753,0.0,0.0023392053332869753,11348349.598390834,-0.005846533991922842,19751331.46877172
2022-09-02,-0.004215389328620212,0.0,-0.004215389328620212,11300511.886596328,0.018826117077478142,20123172.34743889
2022-09-06,-0.007243981591683324,0.0,-0.007243981591683324,11218651.186513225,-0.021433175830462715,19691868.85624953
2022-09-07,0.00996749489037363,0.0,0.00996749489037363,11330473.03489168,0.012338186631565096,19934830.80932224
2022-09-08,-0.0014754638791540597,0.0,-0.0014754638791540597,11313755.331194967,0.005578413573785889,20046035.540100094
2022-09-09,0.005941058946726851,0.0,0.005941058946726851,11380971.018526442,0.0018548079138546389,20083217.085461285
2022-09-12,0.01156329563200722,0.0,0.01156329563200722,11512572.55099297,0.03414656505552412,20768989.9641942
2022-09-13,-0.018684989427768382,0.3,-0.01913498942776838,11292279.596943302,-0.041968319271506724,19897350.36243018
2022-09-14,0.019699500839799988,0.0,0.019699500839799988,11514731.868346544,0.024801348156326442,20390831.476157222
2022-09-15,-0.011949769001226906,0.3,-0.012399769001226907,11371951.853067981,-0.014407991131520581,20097040.557084415
2022-09-16,-0.0007649566934637585,0.0,-0.0007649566934637585,11363252.802380228,0.006585142517470232,20229382.433332197
2022-09-19,0.0018843654762586758,0.0,0.0018843654762586758,11384665.32365903,0.003280574881944787,20295746.437220242
2022-09-20,-0.002246090624167962,0.0,-0.002246090624167962,11359094.333616272,-0.01837239783549417,19922864.90930732
2022-09-21,-0.00208790070922652,0.0,-0.00208790070922652,11335377.672500944,-0.0006799473046771201,19909318.41101079
2022-09-22,-0.002529490759742925,0.0,-0.002529490759742925,11306704.939420156,-0.0033831629770595287,19841961.94206417
2022-09-23,-0.002325043522280423,0.0,-0.002325043522280423,11280416.35834242,-0.019261912043274786,19459767.816370122
2022-09-26,0.006879511306141661,0.0,0.006879511306141661,11358020.110217623,0.008167098853796628,19618697.663798343
2022-09-27,0.007378515421701492,0.0,0.007378515421701492,11441825.43676086,0.025313403190591676,20115313.66783639
2022-09-28,0.0032421748593525865,0.3,0.0027921748593525866,11473773.014090484,0.01193855466378917,20355461.43963912
2022-09-29,-0.03049238793539616,0.0,-0.03049238793539616,11123910.276262157,-0.03492539313172939,19644538.946481965
2022-09-30,-0.0010970624277080619,0.3,-0.0015470624277080618,11106700.892624555,-0.002048589634160458,19604295.347628344
2022-10-03,0.008395897399932606,0.0,0.008395897399932606,11199951.613770768,0.025056356630269394,20095507.56334365
2022-10-04,0.0006211297277511462,0.0,0.0006211297277511462,11206908.236667456,-0.0009935589518503818,20075541.491912115
2022-10-05,-0.002909208641896033,0.0,-0.002909208641896033,11174305.002376407,-0.011242074814260827,19849850.75252324
2022-10-06,0.0002969890384840523,0.0,0.0002969890384840523,11177623.64847479,-0.005680989809427128,19737083.952679507
2022-10-07,-0.010227314295498812,0.0,-0.010227314295498812,11063306.578345038,-0.018255990865663506,19376763.928324558
2022-10-10,-0.004808725350389542,0.0,-0.004808725350389542,11010106.175542617,-0.002723001686352744,19324000.967471667
2022-10-11,-0.004168847975176737,0.0,-0.004168847975176737,10964206.716706226,-0.010499730495071035,19121104.165226724
2022-10-12,-0.003515393927666599,0.0,-0.003515393927666599,10925663.210992636,-0.017601707107913988,18784540.09013049
2022-10-13,0.01266633040741747,0.0,0.01266633040741747,11064051.271143233,0.03321919206514179,19408547.33523989
2022-10-14,-0.0110207546950987,0.0,-0.0110207546950987,10942117.076149968,-0.03007553273209619,18824824.934576448
2022-10-17,0.01783990526936663,0.0,0.01783990526936663,11137323.408234803,0.04065720986055883,19590189.792529803
2022-10-18,0.005466893673398054,0.0,0.005466893673398054,11198209.97111387,0.009689321272027405,19780005.435209617
2022-10-19,-0.0006632613673101084,0.0,-0.0006632613673101084,11190782.631057004,-0.0052245951639004135,19676662.914470896
2022-10-20,-0.0012390812748168001,0.0,-0.0012390812748168001,11176916.341848316,0.004078662143255629,19756917.374605753
2022-10-21,0.008390192496988557,0.0,0.008390192496988557,11270692.821479158,0.027970037032769166,20309519.085226834
2022-10-24,0.0015172258314165132,0.0,0.0015172258314165132,11287793.007765865,-0.01394542086946977,20026294.293926816
2022-10-25,0.010615077293088526,0.0,0.010615077293088526,11407613.803011682,0.027933423420421998,20585697.251981054
2022-10-26,-0.012355052712647184,0.0,-0.012355052712647184,11266672.133149954,-0.0062051176837811355,20457960.57792982
2022-10-27,-0.010243832785715579,0.0,-0.010243832785715579,11151258.227766482,-0.02043944680715971,20039811.180914257
2022-10-28,0.0065638506387213575,0.0,0.0065638506387213575,11224453.421207353,-0.002302620744054817,19993667.095982138
2022-10-31,-0.003598491903569567,0.0,-0.003598491903569567,11184062.316449147,-0.01807910044470329,19632199.58029592
2022-11-01,-0.0030337124205316868,0.0,-0.0030337124205316868,11150133.087687733,0.006727431343746926,19764273.855099097
2022-11-02,-0.01030159589966485,0.0,-0.01030159589966485,11035268.922390891,-0.009488582945682833,19576738.9032638
2022-11-03,-0.005467394796125435,0.0,-0.005467394796125435,10974934.750510765,-0.0075024906102575725,19429864.6034626
2022-11-04,0.004812630776472204,0.0,0.004812630776472204,11027753.059260847,0.0404131519265958,20215086.673595518
2022-11-07,-0.0024518354375577364,0.0,-0.0024518354375577364,11000714.823513515,-0.01846368823986918,19841841.615512315
2022-11-08,-0.0010468848702142597,0.0,-0.0010468848702142597,10989198.341603236,0.010930029813690078,20058713.53592838
2022-11-09,-0.010073262246099913,0.0,-0.010073262246099913,10878501.26483386,-0.02294365687403912,19598493.295225397
2022-11-10,0.022136608221167163,0.0,0.022136608221167163,11119314.385366958,0.0410669446550796,20403343.534703366
2022-11-11,0.0012979772783416887,0.0,0.0012979772783416887,11133747.002789902,0.004304479195492805,20491169.30246699
2022-11-14,-0.0037863664677394437,0.0,-0.0037863664677394437,11091590.556478243,-0.016892627232550847,20145019.617881328
2022-11-15,0.0042335219091758965,0.0,0.0042335219091758965,11138547.048106702,0.003613534081869452,20217814.33285047
2022-11-16,-0.005490194980672103,0.0,-0.005490194980672103,11077394.253011208,-0.02140506594375007,19785050.683817312
2022-11-17,0.007863915928392884,0.0,0.007863915928392884,11164505.95012255,0.0057939845969362976,19899684.962728955
2022-11-18,0.003120050923171602,0.0,0.003120050923171602,11199339.777218986,0.003213806479983894,19963638.699211814
2022-11-21,0.00339231276623575,0.0,0.00339231276623575,11237331.440518659,0.0206000801706685,20374891.256913833
2022-11-22,0.004417876917301933,0.0,0.004417876917301933,11286976.587701797,0.0048843392409306016,20474409.13780967
2022-11-23,-0.0020091948103281407,0.0,-0.0020091948103281407,11264298.85291749,-0.0017464854080952658,20438650.881011117
2022-11-25,-0.0071713039577079194,0.0,-0.0071713039577079194,11183519.14197276,-0.026800405224707932,19890886.755153682
2022-11-28,-0.0005422178189973592,0.0,-0.0005422178189973592,11177455.238614883,0.0007789080261716872,19906379.926494945
2022-11-29,-0.005107009869769052,0.0,-0.005107009869769052,11120371.864392376,0.004940439106895999,20004726.18436053
2022-11-30,0.009243516220856462,0.0,0.009243516220856462,11223163.202102842,0.020758929707549844,20420002.889040448
2022-12-01,-0.002985729481445287,0.0,-0.002985729481445287,11189653.872855252,-0.008973662933830694,20236760.666006353
2022-12-02,-0.00485118168377826,0.0,-0.00485118168377826,11135370.828939438,-0.0037339213157085984,20161198.19399466
2022-12-05,-0.003729870284151093,0.0,-0.003729870284151093,11093837.340181574,-0.015330097679018617,19852125.056354664
2022-12-06,-0.0020139709048095475,0.0,-0.0020139709048095475,11071494.674555758,0.011957068567994479,20089498.276873898
2022-12-07,-0.006855797806467734,0.0,-0.006855797806467734,10995590.74565162,-0.015062804816499697,19786894.08546794
2022-12-08,-0.0007157149812190177,0.0,-0.0007157149812190177,10987721.036627604,-0.004676356820494276,19694363.508354966
2022-12-09,-0.0029107674306783848,0.0,-0.0029107674306783848,10955738.33609681,-0.00647838796462733,19566775.78083144
2022-12-12,-0.0034384715138638276,0.0,-0.0034384715138638276,10918067.341914795,-0.02223594437167271,19131690.04303588
2022-12-13,0.011759835817290941,0.0,0.011759835817290941,11046462.02129784,0.036723986372289484,19834281.967455197
2022-12-14,-0.005642523134451016,0.3,-0.006092523134451016,10979161.19587925,-0.018635623553697085,19464657.75525182
2022-12-15,-0.00823388901318708,0.0,-0.00823388901318708,10888760.00113449,-0.01005708502685706,19268900.03718858
2022-12-16,0.0012650392261098875,0.0,0.0012650392261098875,10902534.709659621,0.00368208709393304,19339849.8053298
2022-12-19,-0.011945254519764047,0.0,-0.011945254519764047,10772301.157642176,-0.016779716331472547,19015332.61170308
2022-12-20,0.01901740933865179,0.0,0.01901740933865179,10977162.41827629,0.030880801950176926,19602541.332101826
2022-12-21,0.011218813111636972,0.0,0.011218813111636972,11100313.151943017,0.010892704244355478,19816066.017270163
2022-12-22,-0.02186849480591445,0.3,-0.022318494805914448,10852570.870517353,-0.03131507029087344,19195524.517050758
2022-12-23,0.0007127407390860041,0.3,0.0002627407390860041,10855422.283008855,0.00594953388249928,19309728.940557297
2022-12-27,-0.0008599977329948215,0.0,-0.0008599977329948215,10846086.644454766,0.001075009828354079,19330487.08895125
2022-12-28,-0.005554439573717506,0.0,-0.005554439573717506,10785842.711576838,-0.007305097574179331,19189275.994610045
2022-12-29,0.003442432443986687,0.3,0.002992432443986687,10818118.617242698,0.001419619252232029,19216517.46024839
2022-12-30,-0.002180672675992401,0.0,-0.002180672675992401,10794527.84156843,-0.0007945876626993757,19201248.252554428
2023-01-03,0.0,0.0,0.0,10794527.84156843,-0.022877942929344496,18761963.190860312
2023-01-04,0.0,0.3,-0.00045,10789670.304039724,0.011851685425304348,18984324.076559525
2023-01-05,-0.0012177531460979328,0.0,-0.0012177531460979328,10776531.149081621,-0.004225149784121307,18904112.463785764
2023-01-06,0.0055424925817635804,0.3,0.0050924925817635806,10831410.554015461,0.01926005732458256,19268206.75350863
2023-01-09,0.0,0.0,0.0,10831410.554015461,-0.0009763929183400962,19249393.41288539
2023-01-10,0.0,0.6,-0.0009,10821662.284516847,0.0028226546194752952,19303727.80212437
2023-01-11,0.008876381781793374,0.3,0.008426381781793373,10912849.742439818,0.013574148803088914,19565759.475764733
2023-01-12,-0.006389571394981586,0.3,-0.006839571394981586,10838210.527503695,-0.008151883757043954,19406261.678900015
2023-01-13,0.0,0.6,-0.0009,10828456.138028942,-0.001675281700974529,19373750.72382503
2023-01-17,0.005992067131337441,0.0,0.005992067131337441,10893340.974136753,0.008941283705593772,19546976.925488204
2023-01-18,-0.0094671829693594,0.6,-0.0103671829693594,10780407.71511026,-0.013372725346440083,19285580.57171045
2023-01-19,0.0,0.0,0.0,10780407.71511026,0.006198866960825833,19405129.319936767
2023-01-20,0.0,0.3,-0.00045,10775556.53163846,0.01891797499945673,19772235.071272556
2023-01-23,0.003517061397844334,0.0,0.003517061397844334,10813454.825556174,0.0007181067711537264,19786433.64715808
2023-01-24,-0.001354707860379689,0.0,-0.001354707860379689,10798805.753306134,-0.001110569959222296,19764459.428349398
2023-01-25,-0.0050226159641008844,0.0,-0.0050226159641008844,10744567.499136353,-0.014637113037223114,19475164.80157704
2023-01-26,0.00661292108117062,0.0,0.00661292108117062,10815620.476059452,0.016620091601569163,19798843.8245349
2023-01-27,0.002544846203889639,0.3,0.002094846203889639,10838277.537556436,-0.007366537536669071,19652994.898318816
2023-01-30,-0.013741991423870892,0.0,-0.013741991423870892,10689338.020585803,-0.020971239344446523,19240847.238470986
2023-01-31,0.02140279282071187,0.3,0.02095279282071187,10913309.505521696,0.031053439990219325,19838341.733551823
2023-02-01,-0.004822147615154049,0.3,-0.005272147615154049,10855772.92683872,-0.009235691901495546,19655120.921464156
2023-02-02,0.0,0.6,-0.0009,10846002.731204566,0.0006635454701495284,19668162.98791684
2023-02-03,-0.018914442923030194,0.3,-0.019364442923030193,10635975.930373125,-0.02453072213217362,19185688.74680995
2023-02-06,-0.0031453311032144326,0.6,-0.004045331103214433,10592949.886128945,-0.009567024260795965,19002138.79710914
2023-02-07,0.012677967851342587,0.6,0.011777967851342587,10717713.309338657,0.043043323445285026,19820054.003505304
2023-02-08,-0.01920670934480998,0.6,-0.020106709344809983,10502215.362986783,-0.01920670934480998,19439375.98706154
2023-02-09,0.004458087765491436,0.6,0.0035580877654914364,10539583.166980382,0.008099996400726827,19596834.862589117
2023-02-10,-0.00441762191016859,0.6,-0.00531762191016859,10483537.648607604,-0.00441762191016859,19510263.45553019
2023-02-13,0.0020485234790378116,0.0,0.0020485234790378116,10505013.421624152,0.000985856388930795,19529497.77340755
2023-02-14,0.002088024957301715,0.3,0.001638024957301715,10522220.895785563,0.004731124834598943,19621894.26533056
2023-02-15,0.0,0.0,0.0,10522220.895785563,-0.009310534273370318,19439203.94626475
2023-02-16,0.0,0.3,-0.00045,10517485.896382462,0.01192999122246189,19671113.478715338
2023-02-17,-0.0023086040412546804,0.0,-0.0023086040412546804,10493205.185938235,-0.008508789232424695,19503736.12015784
2023-02-21,-0.00479968452762105,0.0,-0.00479968452762105,10442841.111362133,-0.0048065284750247825,19409990.857126933
2023-02-22,0.002088372613085676,0.3,0.0016383726130856763,10459950.376241796,0.005980938893400034,19526080.826364864
2023-02-23,0.0023552443081835237,0.6,0.0014552443081835237,10475172.159490703,-0.0062202065195451125,19404624.571107544
2023-02-24,0.0,0.3,-0.00045,10470458.332018932,-0.014482329720902765,19123600.39995843
2023-02-27,6.449606142175933e-05,0.0,6.449606142175933e-05,10471133.63534263,-0.0007482585516073947,19109291.00242164
2023-02-28,0.012705145098871617,0.3,0.012255145098871616,10599458.897393428,0.04606736664974953,19989605.717446957
2023-03-01,0.0,0.3,-0.00045,10594689.140889602,0.005362390408515971,20096797.787416212
2023-03-02,-0.0035121622541437135,0.3,-0.003962162254143714,10552711.263481183,-0.038327303232197504,19326541.724621754
2023-03-03,0.0,0.0,0.0,10552711.263481183,0.031321212543211255,19931872.44570387
2023-03-06,0.0,0.0,0.0,10552711.263481183,-0.009991263915416392,19732727.84777043
2023-03-07,0.0,0.0,0.0,10552711.263481183,-0.021313242868941824,19312159.426684167
2023-03-08,0.0,0.0,0.0,10552711.263481183,0.013114541823396596,19565429.549185522
2023-03-09,0.0,0.0,0.0,10552711.263481183,-0.00763937358584228,19415961.923491813
2023-03-10,0.0,0.3,-0.00045,10547962.543412616,-0.013649608126536983,19150941.651836388
2023-03-13,-0.0039265272807395115,0.3,-0.004376527280739511,10501799.097585151,-0.01914942930321739,18784212.048584506
2023-03-14,0.0,0.0,0.0,10501799.097585151,0.03544313355489326,19449983.38494592
2023-03-15,0.0,0.0,0.0,10501799.097585151,-0.025185071255439073,18960134.167478953
2023-03-16,0.0,0.3,-0.00045,10497073.287991239,0.028389757218932686,19498407.77333207
2023-03-17,-0.0033781978499003106,0.3,-0.0038281978499003105,10456888.414599905,0.0007028474466338362,19512112.17944898
2023-03-20,0.0,0.3,-0.00045,10452182.814813336,-0.017784123520358706,19165106.366306562
2023-03-21,0.013287699686309672,0.6,0.012387699686309673,10581661.31658965,0.04455150684552785,20018940.73378034
2023-03-22,8.666112180579776e-05,0.3,-0.0003633388781942022,10577816.58763745,-0.004076432954753639,19937334.864053898
2023-03-23,0.0,0.0,0.0,10577816.58763745,-0.0029456602631450666,19878606.248991836
2023-03-24,0.0,0.0,0.0,10577816.58763745,-0.0069368144557223396,19740712.045804217
2023-03-27,0.0,0.0,0.0,10577816.58763745,0.00781192762920373,19894925.059654992
2023-03-28,0.0,0.0,0.0,10577816.58763745,-0.0053683764307699165,19788121.612872805
2023-03-29,0.0,0.0,0.0,10577816.58763745,0.0002832906281969301,19793727.40227535
2023-03-30,0.0,0.0,0.0,10577816.58763745,-0.0011386032876877005,19771190.199179526
2023-03-31,0.0,0.0,0.0,10577816.58763745,-0.0005613990924658199,19760090.67094474
2023-04-03,0.0,0.0,0.0,10577816.58763745,-0.0030520104853227203,19699782.667026088
2023-04-04,0.0,0.0,0.0,10577816.58763745,0.006092852255909453,19819810.532289803
2023-04-05,0.0,0.0,0.0,10577816.58763745,-0.006317111856578083,19694606.572181143
2023-04-06,0.0,0.0,0.0,10577816.58763745,0.008092345107586496,19853982.125321373
2023-04-10,0.0,0.0,0.0,10577816.58763745,0.005836404258455175,19969857.99114489
2023-04-11,0.0,0.0,0.0,10577816.58763745,0.007825287156395931,20126127.86439805
2023-04-12,0.0,0.0,0.0,10577816.58763745,-0.006852539811330261,19988212.77195934
2023-04-13,0.0,0.0,0.0,10577816.58763745,0.00497864068067535,20087726.90119981
2023-04-14,0.0,0.0,0.0,10577816.58763745,-0.005594334508663779,19975349.43739582
2023-04-17,0.0,0.3,-0.00045,10573056.570173014,0.003366632169665218,20042599.09141206
2023-04-18,0.0013670444534342962,0.3,0.0009170444534342962,10582752.533056539,0.007233644049057509,20187580.119057298
2023-04-19,0.0,0.0,0.0,10582752.533056539,-0.013142958966197413,19922255.581925705
2023-04-20,0.0,0.0,0.0,10582752.533056539,-0.005932363182853284,19804069.526392095
2023-04-21,0.0,0.0,0.0,10582752.533056539,-0.020753372524707082,19393068.29400568
2023-04-24,0.0,0.3,-0.00045,10577990.294416664,0.010690314485278773,19600386.29290309
2023-04-25,-0.0014029157201291165,0.3,-0.0018529157201291166,10558390.169912767,-0.0014608242469044685,19571753.573357724
2023-04-26,0.0,0.0,0.0,10558390.169912767,0.00433787035036115,19656653.302888166
2023-04-27,0.0,0.3,-0.00045,10553638.894336306,0.006613560040503329,19786653.759702176
2023-04-28,0.0014163399157468336,0.3,0.0009663399157468336,10563837.296856282,-0.000470548721297348,19777343.175076794
2023-05-01,0.005786303102006628,0.0,0.005786303102006628,10624962.861376176,0.004388503589939419,19864136.11660008
2023-05-02,-0.007995067284752888,0.0,-0.007995067284752888,10540015.568401473,-0.013142915187967273,19603063.46033737
2023-05-03,-0.0016845422176450574,0.3,-0.0021345422176450575,10517517.460196083,0.00428464534397338,19687055.634920318
2023-05-04,-0.0008841189508164925,0.0,-0.0008841189508164925,10508218.72369398,-0.0016603671606667866,19654367.894253876
2023-05-05,0.0011024448342672466,0.3,0.0006524448342672466,10515074.756717606,0.010090636102587957,19852692.968501177
2023-05-08,-0.0006398849469048784,0.0,-0.0006398849469048784,10508346.318665203,0.0044996388938563165,19942022.917930033
2023-05-09,-0.0006291397139832067,0.3,-0.0010791397139832066,10497006.344824443,8.177700391097658e-05,19943653.716816187
2023-05-10,-0.007143342049649004,0.6,-0.008043342049649004,10412575.332295684,-0.007475543259480277,19794564.07070403
2023-05-11,0.00018962424714521475,0.6,-0.0007103757528547852,10405178.491254847,-0.010123462742867061,19594174.538822964
2023-05-12,0.004422595482094027,0.3,0.003972595482094027,10446514.056319587,0.010201842677512916,19794071.224863768
2023-05-15,-0.004085216323203067,0.0,-0.004085216323203067,10403837.78657614,-0.007675709825181121,19642137.677882746
2023-05-16,-0.007059157512391412,0.0,-0.007059157512391412,10330395.456907328,-0.013131994901387434,19384197.22604444
2023-05-17,0.02242990059959242,0.0,0.02242990059959242,10562105.20016024,0.029327827691569226,19952693.622229263
2023-05-18,-0.002790876064637193,0.6,-0.0036908760646371932,10523121.778884789,-0.003420693755682824,19884441.56774665
2023-05-19,0.0,0.0,0.0,10523121.778884789,0.003594612475111991,19955918.42946671
2023-05-22,0.0,0.0,0.0,10523121.778884789,-8.180418559980982e-05,19954285.951811694
2023-05-23,0.0,0.3,-0.00045,10518386.374084292,-0.00771947011909223,19800249.437658858
2023-05-24,-0.0003710278165133918,0.0,-0.0003710278165133918,10514483.760154672,-0.009643832822690268,19609299.14223451
2023-05-25,0.009729932831645716,0.3,0.009279932831645715,10612057.463208338,0.014727697834998943,19898098.974757444
2023-05-26,0.014723189753132537,0.6,0.013823189753132537,10758749.94719341,0.018085573980699342,20257967.515840698
2023-05-30,0.0,0.0,0.0,10758749.94719341,-0.009730344429291382,20060850.514474172
2023-05-31,0.0,0.0,0.0,10758749.94719341,-0.006255360477840355,19935362.663014065
2023-06-01,0.0,0.0,0.0,10758749.94719341,0.019599356796936827,20326082.94872281
2023-06-02,0.0,0.0,0.0,10758749.94719341,0.0018360775401409452,20363403.213104002
2023-06-05,0.0,0.0,0.0,10758749.94719341,-0.0009574536253533549,20343906.198873084
2023-06-06,0.0,0.0,0.0,10758749.94719341,0.0039572691192539255,20424412.510638885
2023-06-07,0.0,0.0,0.0,10758749.94719341,-0.003638379180286255,20350100.7533906
2023-06-08,0.0,0.0,0.0,10758749.94719341,0.000986006597758837,20370166.086998504
2023-06-09,0.0,0.0,0.0,10758749.94719341,-0.002548101043954809,20318260.84552669
2023-06-12,0.0,0.0,0.0,10758749.94719341,-0.0047925725959725215,20220884.1054006
2023-06-13,0.0,0.0,0.0,10758749.94719341,0.009078261280836487,20404454.57463894
2023-06-14,0.0,0.0,0.0,10758749.94719341,0.02371446516279316,20888335.30181501
2023-06-15,0.0,0.0,0.0,10758749.94719341,0.007253195767316778,21039842.487012427
2023-06-16,0.0,0.0,0.0,10758749.94719341,-0.010263693287741304,20823895.996903345
2023-06-20,0.0,0.0,0.0,10758749.94719341,-0.001621556635409427,20790128.87017449
2023-06-21,0.0,0.0,0.0,10758749.94719341,0.006274545913317353,20920577.48831418
2023-06-22,0.0,0.0,0.0,10758749.94719341,0.002803101140308206,20979219.982927583
2023-06-23,0.0,0.0,0.0,10758749.94719341,-0.010793520846406668,20752780.334700502
2023-06-26,0.0,0.0,0.0,10758749.94719341,-0.003274846774812334,20684818.15895302
2023-06-27,0.0,0.0,0.0,10758749.94719341,0.006166670840635635,20812374.623937685
2023-06-28,0.0,0.0,0.0,10758749.94719341,-0.016208546693502267,20475036.278042927
2023-06-29,0.0,0.0,0.0,10758749.94719341,0.0027073608984312545,20530469.59065606
2023-06-30,0.0,0.0,0.0,10758749.94719341,0.017059764124302546,20880714.559233826
2023-07-03,0.0,0.0,0.0,10758749.94719341,0.0055180269543883,20995934.904998567
2023-07-05,0.0,0.0,0.0,10758749.94719341,-0.0026630979372922023,20940020.674061544
2023-07-06,0.0,0.0,0.0,10758749.94719341,-0.009848697682245512,20733788.74098274
2023-07-07,0.0,0.3,-0.00045,10753908.509717174,0.015282938594402197,21050661.961140487
2023-07-10,0.0014125023925759316,0.3,0.0009625023925759316,10764259.172387319,0.005332678608563833,21162918.375876773
2023-07-11,0.0,0.3,-0.00045,10759415.255759746,0.005813395245198516,21285946.784937616
2023-07-12,0.004937037632529528,0.3,0.004487037632529528,10807693.156916352,0.019320490388155753,21697201.7151988
2023-07-13,0.0,0.0,0.0,10807693.156916352,0.007811267445691073,21866684.36061933
2023-07-14,0.0,0.0,0.0,10807693.156916352,-0.002631513409573105,21809141.887501456
2023-07-17,0.0,0.0,0.0,10807693.156916352,0.002542100089346944,21864582.90904225
2023-07-18,0.0,0.0,0.0,10807693.156916352,0.010898233219927089,22102868.232841425
2023-07-19,0.0,0.0,0.0,10807693.156916352,0.0021731346987213913,22150900.742739484
2023-07-20,0.0,0.0,0.0,10807693.156916352,-0.01818345624025869,21748120.808401566
2023-07-21,0.0,0.0,0.0,10807693.156916352,0.003200820475211452,21817732.63878247
2023-07-24,0.0,0.0,0.0,10807693.156916352,0.007205817687474769,21974947.242531605
2023-07-25,0.0,0.0,0.0,10807693.156916352,0.021964203946854145,22457609.465487927
2023-07-26,0.0,0.0,0.0,10807693.156916352,-0.002006389617588944,22412550.751020506
2023-07-27,0.0,0.0,0.0,10807693.156916352,-0.015548469835358559,22064069.881734822
2023-07-28,0.0,0.0,0.0,10807693.156916352,0.01692691506797204,22437546.518676747
2023-07-31,0.0,0.0,0.0,10807693.156916352,0.005670105771439315,22564769.78068923
2023-08-01,0.0,0.0,0.0,10807693.156916352,0.004818901838172096,22673507.19126332
2023-08-02,0.0,0.3,-0.00045,10802829.694995739,-0.01895408121870813,22243751.694447152
2023-08-03,0.0006801116742393143,0.3,0.0002301116742393143,10805315.552223379,0.004314506731690659,22339722.510870904
2023-08-04,0.0,0.0,0.0,10805315.552223379,0.002531792051360726,22396282.042753533
2023-08-07,0.0,0.0,0.0,10805315.552223379,-0.001553919369499046,22361480.026282538
2023-08-08,0.0,0.0,0.0,10805315.552223379,-0.0019502536370428537,22317869.468531616
2023-08-09,0.0,0.0,0.0,10805315.552223379,0.002922540915510141,22383094.355200414
2023-08-10,0.0,0.0,0.0,10805315.552223379,0.0025621995708756226,22440444.309952173
2023-08-11,0.0,0.3,-0.00045,10800453.16022488,-0.024727013772915127,21885559.134429652
2023-08-14,0.008225879081338316,0.0,0.008225879081338316,10889296.381944546,0.014838995828300304,22210318.855125476
2023-08-15,-0.003166274664742308,0.3,-0.0036162746647423077,10849917.69532165,-0.010406950166604857,21979177.17361578
2023-08-16,0.0,0.0,0.0,10849917.69532165,-0.004064506808785684,21889842.65834211
2023-08-17,0.0,0.0,0.0,10849917.69532165,0.0042175134043265,21982163.36317227
2023-08-18,0.0,0.0,0.0,10849917.69532165,-0.005358425976041803,21864373.567997456
2023-08-21,0.0,0.3,-0.00045,10845035.232358756,0.013032303622471474,22149316.72285074
2023-08-22,-0.0009379096736349623,0.3,-0.0013879096736349622,10829983.303048851,0.002880461686724867,22213116.981058042
2023-08-23,0.0,0.0,0.0,10829983.303048851,0.014130430951966687,22526997.896786846
2023-08-24,0.0,0.0,0.0,10829983.303048851,-0.01319770634355004,22229693.19374328
2023-08-25,0.0,0.0,0.0,10829983.303048851,-0.018795710501534467,21811870.315935753
2023-08-28,0.0,0.0,0.0,10829983.303048851,-0.004137099071427319,21721632.4475056
2023-08-29,0.0,0.0,0.0,10829983.303048851,0.013401643437941257,22012738.020457085
2023-08-30,0.0,0.0,0.0,10829983.303048851,0.00910687287698113,22213205.227283683
2023-08-31,0.0,0.0,0.0,10829983.303048851,-0.006426698862103453,22070447.646525826
2023-09-01,0.0,0.0,0.0,10829983.303048851,0.004658739898394726,22173268.121552132
2023-09-05,0.0,0.0,0.0,10829983.303048851,-0.0077254100903810345,22001970.53226917
2023-09-06,0.0,0.0,0.0,10829983.303048851,0.012263906348817265,22271800.638366353
2023-09-07,0.0,0.0,0.0,10829983.303048851,-0.01125148621741806,22021209.78044669
2023-09-08,0.0,0.0,0.0,10829983.303048851,0.0024408826193835107,22074960.968657583
2023-09-11,0.0,0.0,0.0,10829983.303048851,0.025761689538170263,22643649.259699367
2023-09-12,0.0,0.0,0.0,10829983.303048851,-0.01372088161365793,22332958.42890584
2023-09-13,0.0,0.0,0.0,10829983.303048851,0.01242422916943282,22610428.222457983
2023-09-14,0.0,0.0,0.0,10829983.303048851,-0.005091725659867074,22495302.12489711
2023-09-15,0.0,0.0,0.0,10829983.303048851,0.0022530800399282232,22545985.841106873
2023-09-18,0.0,0.0,0.0,10829983.303048851,-0.009034602983600915,22342291.810158588
2023-09-19,0.0,0.0,0.0,10829983.303048851,2.4782070400530777e-05,22342845.498407137
2023-09-20,0.0,0.0,0.0,10829983.303048851,-0.0074501137743117505,22176388.757402133
2023-09-21,0.0,0.0,0.0,10829983.303048851,-0.01729456721616469,21792857.711425442
2023-09-22,0.0,0.3,-0.00045,10825109.810562478,0.00423411644359396,21885131.208614293
2023-09-25,0.003160472007131498,0.3,0.0027104720071314983,10854450.967678133,0.0019301470780512583,21927372.730669368
2023-09-26,0.0,0.0,0.0,10854450.967678133,-0.0002222892465868044,21922498.511505436
2023-09-27,0.0,0.0,0.0,10854450.967678133,-0.003569091831527149,21844255.101141356
2023-09-28,0.0,0.0,0.0,10854450.967678133,0.018985405681248468,22258977.1460412
2023-09-29,0.0,0.0,0.0,10854450.967678133,0.002120977616464348,22306187.938333344
2023-10-02,0.0,0.0,0.0,10854450.967678133,-0.028027916329318378,21680991.969171684
2023-10-03,0.0,0.3,-0.00045,10849566.46474268,0.0058859428602818335,21808605.04905646
2023-10-04,0.0027367561999170897,0.0,0.0027367561999170897,10879259.083031476,0.009979284551167188,22026239.324505016
2023-10-05,-0.005189352381448476,0.0,-0.005189352381448476,10822802.774000553,-0.009309365972904016,21821189.001626432
2023-10-06,0.0015277139301330233,0.0,0.0015277139301330233,10839336.920561476,0.01123764084976566,22066407.686541565
2023-10-09,0.00028625800425916557,0.3,-0.00016374199574083442,10837562.065901596,0.0107749802306762,22304172.79312609
2023-10-10,0.00899407628121378,0.3,0.008544076281213779,10930159.022895047,0.005162171078358957,22419310.748845488
2023-10-11,0.004338115107452145,0.3,0.0038881151074521454,10972656.73931882,0.010460968765960033,22653838.458343513
2023-10-12,0.0,0.0,0.0,10972656.73931882,-0.010067718376528933,22425765.99259753
2023-10-13,0.0,0.0,0.0,10972656.73931882,0.005063982674641987,22539329.68304962
2023-10-16,0.0,0.0,0.0,10972656.73931882,0.007830646918746976,22715827.215582814
2023-10-17,0.0,0.0,0.0,10972656.73931882,0.012019508829747939,22988860.30137554
2023-10-18,0.0,0.0,0.0,10972656.73931882,-0.019983217380962048,22529468.908632584
2023-10-19,0.0,0.0,0.0,10972656.73931882,-0.004752838576078267,22422389.97970508
2023-10-20,0.0,0.3,-0.00045,10967719.043786129,-0.011097287160296164,22173562.27928015
2023-10-23,0.0018387644954184878,0.3,0.0013887644954184877,10982950.622589864,0.004178009328763254,22266203.629334897
2023-10-24,0.0,0.0,0.0,10982950.622589864,0.00024836716489224926,22271733.823203225
2023-10-25,0.0,0.0,0.0,10982950.622589864,-0.0190899902013536,21846566.64275112
2023-10-26,0.0,0.0,0.0,10982950.622589864,-0.006491600710088097,21704747.45522005
2023-10-27,0.0,0.0,0.0,10982950.622589864,0.01384611824471733,22005273.954956755
2023-10-30,0.0,0.0,0.0,10982950.622589864,-0.008342768665702716,21821689.04492514
2023-10-31,0.0,0.0,0.0,10982950.622589864,-0.009040650984165677,21624406.77038498
2023-11-01,0.0,0.0,0.0,10982950.622589864,-0.002185386074730877,21577149.092954665
2023-11-02,0.0,0.0,0.0,10982950.622589864,0.00964171727911145,21785189.86419817
2023-11-03,0.0,0.0,0.0,10982950.622589864,0.007131581409163467,21940552.71922878
2023-11-06,0.0,0.0,0.0,10982950.622589864,-0.017049754230310757,21566471.687688753
2023-11-07,0.0,0.6,-0.0009,10973065.967029534,0.014630441273368966,21881998.68518926
2023-11-08,-0.0006702978341664222,0.6,-0.0015702978341664221,10955834.985307341,-0.005271045070813606,21766657.68388014
2023-11-09,0.0,0.3,-0.00045,10950904.859563954,0.0038174573536916105,21849750.971320752
2023-11-10,0.0017150809293216217,0.6,0.0008150809293216218,10959830.7332738,0.019055583262318706,22266110.720215686
2023-11-13,-0.003927722909867382,0.0,-0.003927722909867382,10916783.555014454,-0.004663012444420367,22162283.568838473
2023-11-14,0.013490994880329432,0.0,0.013490994880329432,11064061.826064818,0.042282074984847554,23099350.90453156
2023-11-15,-0.010021187480729643,0.3,-0.010471187480729643,10948207.96038571,-0.024504582030917252,22533310.965430524
2023-11-16,0.0,0.0,0.0,10948207.96038571,-0.008186659460146462,22348838.422046956
2023-11-17,0.0,0.0,0.0,10948207.96038571,-0.0003362066728349489,22341324.593439355
2023-11-20,0.0,0.0,0.0,10948207.96038571,-0.006290234325175203,22200792.426611822
2023-11-21,0.0,0.0,0.0,10948207.96038571,0.01949496325052089,22633596.05910106
2023-11-22,0.0,0.0,0.0,10948207.96038571,-0.011586192603582846,22371358.85584862
2023-11-24,0.0,0.0,0.0,10948207.96038571,0.005079236978589185,22484988.289010536
2023-11-27,0.0,0.0,0.0,10948207.96038571,-0.022751560331947238,21973419.721389983
2023-11-28,0.0,0.3,-0.00045,10943281.266803537,0.02330614101599255,22485535.34002029
2023-11-29,-0.0014901370834015325,0.3,-0.0019401370834015324,10922049.801003717,-0.005255867470155828,22367354.34627764
2023-11-30,0.0,0.0,0.0,10922049.801003717,0.005049970231031186,22480308.819873266
2023-12-01,0.0,0.0,0.0,10922049.801003717,0.01677563673794049,22857430.314392183
2023-12-04,0.0,0.3,-0.00045,10917134.878593266,-0.03339343714088176,22094142.151986446
2023-12-05,0.004869739539751561,0.3,0.004419739539751561,10965385.771276988,0.009472768028113877,22303434.83537239
2023-12-06,0.0,0.0,0.0,10965385.771276988,0.006692937832449441,22452710.338175617
2023-12-07,0.0,0.0,0.0,10965385.771276988,0.005129413435640417,22567879.5722508
2023-12-08,0.0,0.3,-0.00045,10960451.347679913,0.006478124969414089,22714077.11641453
2023-12-11,-0.0016714409831986466,0.0,-0.0016714409831986466,10942131.600103047,-0.020853968989759254,22240398.45659782
2023-12-12,0.01022545747585597,0.3,0.009775457475855969,11049095.942255074,0.028901329791835594,22883175.547093786
2023-12-13,0.0,0.0,0.0,11049095.942255074,0.013832016048009542,23199695.998490606
2023-12-14,0.0,0.0,0.0,11049095.942255074,0.006413597905096945,23348489.52014541
2023-12-15,0.0,0.0,0.0,11049095.942255074,-0.008648042750988683,23146570.78460418
2023-12-18,0.0,0.0,0.0,11049095.942255074,-0.015014809296529995,22799029.43840472
2023-12-19,0.0,0.0,0.0,11049095.942255074,0.026927902934366886,23412959.490119856
2023-12-20,0.0,0.0,0.0,11049095.942255074,-0.025723269868281537,22810701.61474036
2023-12-21,0.0,0.0,0.0,11049095.942255074,0.018458799779135934,23231759.78866847
2023-12-22,0.0,0.0,0.0,11049095.942255074,0.0057963544765655675,23366419.303518012
2023-12-26,0.0,0.0,0.0,11049095.942255074,0.02044871241150239,23844232.49194223
2023-12-27,0.0,0.0,0.0,11049095.942255074,0.004796951058269982,23958612.108228087
2023-12-28,0.0,0.0,0.0,11049095.942255074,-0.01011401307797245,23716294.3920354
2023-12-29,0.0,0.0,0.0,11049095.942255074,0.0002509588842055765,23722246.206813518
2024-01-02,0.0,0.0,0.0,11049095.942255074,-0.022678330852171878,23184265.25877872
2024-01-03,0.0,0.3,-0.00045,11044123.84908106,0.005488386975819503,23311509.478268947
2024-01-04,-0.0022496990677777773,0.0,-0.0022496990677777773,11019277.893953359,-0.010698346338950358,23062114.876186702
2024-01-05,0.0021441646146606263,0.3,0.0016941646146606264,11037946.364640407,0.0023368494495678684,23116007.566640988
2024-01-08,0.0008049860928605714,0.3,0.0003549860928605714,11041864.682093596,-0.006216768760950685,22972300.692922793
2024-01-09,0.00958738249348814,0.3,0.009137382493488139,11142758.423135225,0.019545775799222273,23421312.131858986
2024-01-10,0.01420343258836838,0.3,0.01375343258836838,11296009.599956287,0.01625429955637414,23802009.15525356
2024-01-11,0.0001459502431115478,0.0,0.0001459502431115478,11297658.255303591,-0.0016467944911534582,23762812.137698304
2024-01-12,-0.0007372552167743795,0.0,-0.0007372552167743795,11289328.997817533,-0.007436387254993393,23586102.66437472
2024-01-16,-0.0011228556529966126,0.0,-0.0011228556529966126,11276652.710933795,-0.0058531808722474205,23448048.939408742
2024-01-17,0.002290075927766688,0.0,0.002290075927766688,11302477.101852888,0.0044559587963054256,23552532.4793365
2024-01-18,0.003898665754164221,0.0,0.003898665754164221,11346541.682267105,0.004885414645661668,23667596.366453473
2024-01-19,0.005414624535550705,0.0,0.005414624535550705,11407978.945253558,0.010827671240758896,23923861.31896841
2024-01-22,-0.007018406511812658,0.0,-0.007018406511812658,11327913.111537568,-0.0226855311446418,23381135.817916863
2024-01-23,0.005411261465864702,0.3,0.0049612614658647025,11384113.850346504,0.019150723893209397,23828901.494275417
2024-01-24,0.008516237759142143,0.3,0.008066237759142142,11475940.819340542,0.011605151112388756,24105439.496958707
2024-01-25,-0.00018037372519993377,0.0,-0.00018037372519993377,11473870.861144783,-0.0019988229886426677,24057256.99034085
2024-01-26,-0.002101774483037344,0.0,-0.002101774483037344,11449755.372147163,-0.0051846990353515915,23932527.35322983
2024-01-29,-0.0017669586523308633,0.0,-0.0017669586523308633,11429524.127825277,-0.01089689997987716,23671736.996396005
2024-01-30,0.00963203153074843,0.0,0.00963203153074843,11539613.664605942,0.032517496803288366,24441482.628504597
2024-01-31,-0.0051229735505416985,0.0,-0.0051229735505416985,11480496.529018696,-0.0072212368688169045,24264984.89301909
2024-02-01,0.0029237482740512187,0.0,0.0029237482740512187,11514062.610930664,0.0009865949232239486,24288924.60392665
2024-02-02,0.00549318193328665,0.3,0.00504318193328665,11572130.12346884,-0.0017792254878154507,24245709.13019972
2024-02-05,-0.006483202669233667,0.0,-0.006483202669233667,11497105.65856365,-0.010446532141887045,23992425.55046824
2024-02-06,0.017229731455405073,0.3,0.016779731455405074,11690024.004028765,0.028109264028240898,24666834.974944267
2024-02-07,0.0011357989384001455,0.0,0.0011357989384001455,11703301.520882415,-0.008057235803880281,24468088.46901574
2024-02-08,0.0023000765751937323,0.3,0.0018500765751937325,11724953.524878627,0.0004160816373551369,24478269.191328876
2024-02-09,0.008773555257389255,0.0,0.008773555257389255,11827823.052519472,0.012897564669775229,24793979.25122821
2024-02-12,-0.0037883044801355404,0.0,-0.0037883044801355404,11783015.657459363,-0.0041196685656946785,24691836.274288442
2024-02-13,0.0026322623031872603,0.0,0.0026322623031872603,11814031.64539236,0.0018470570195540214,24737443.50380455
2024-02-14,0.0023825938157362673,0.3,0.0019325938157362674,11836863.369889157,0.009668151181666307,24976608.84744726
2024-02-15,-0.0030001484814817124,0.0,-0.0030001484814817124,11801351.022224478,-0.004376159100655874,24867307.23333598
2024-02-16,0.0003414981789877647,0.0,0.0003414981789877647,11805381.162108162,0.01632411478627658,25273244.01103856
2024-02-20,-0.003092515554380193,0.0,-0.003092515554380193,11768872.837238954,0.002426594988793207,25334571.93830629
2024-02-21,-0.0019440681832302075,0.0,-0.0019440681832302075,11745993.346003596,-0.006799692320953776,25162304.644042738
2024-02-22,0.011055027968232212,0.0,0.011055027968232212,11875845.630958335,0.013227297536661829,25495133.93427762
2024-02-23,0.0019836900927811207,0.0,0.0019836900927811207,11899403.628279865,0.004531225731963229,25610658.141200468
2024-02-26,-0.004048765896822837,0.0,-0.004048765896822837,11851225.728677157,-0.01870221589555755,25131682.083416417
2024-02-27,0.007191063714751155,0.3,0.006741063714751155,11931115.596412068,0.02979722585951019,25880536.490685385
2024-02-28,-0.006344277734621928,0.3,-0.006794277734621928,11850052.283366164,-0.004878264730606185,25754284.38231371
2024-02-29,0.0018491244781929427,0.0,0.0018491244781929427,11871964.5051112,0.007291033215736131,25942059.72519267
2024-03-01,0.0006710591905074948,0.0,0.0006710591905074948,11879931.296001734,-0.0037314040836182285,25845259.417596616
2024-03-04,-0.007428545307706157,0.0,-0.007428545307706157,11791680.688116947,-0.029825756393281787,25074405.006286208
2024-03-05,0.003385213187916913,0.3,0.0029352131879169133,11826291.784780415,0.014416684688121118,25435894.79700408
2024-03-06,0.00556789779779907,0.0,0.00556789779779907,11892139.368765023,0.009519919772775687,25678042.474820323
2024-03-07,0.014378544036116825,0.0,0.014378544036116825,12063131.01836245,0.02022152075155019,26197291.54358409
2024-03-08,-0.009560458938641669,0.3,-0.01001045893864167,11942373.540631676,-0.007706037893744566,25995414.22223576
2024-03-11,-0.009320857115857128,0.3,-0.009770857115857129,11825686.315141972,-0.02043403507877989,25464223.016131178
2024-03-12,0.012320520592509475,0.3,0.011870520592509475,11966063.368066423,0.022799553024841,26044795.91902384
2024-03-13,-0.006965975663910895,0.0,-0.006965975663910895,11882708.061851656,-0.0029031539707738306,25969183.866333533
2024-03-14,-0.0024528066380749445,0.0,-0.0024528066380749445,11853562.07663924,-0.00655470815249165,25798963.445131324
2024-03-15,-0.004835985803765618,0.0,-0.004835985803765618,11796238.418712558,-0.0007108795505804564,25780623.48959201
2024-03-18,-0.002314986670221963,0.0,-0.002314986670221963,11768930.284014478,-0.015249586839816386,25387479.632902864
2024-03-19,0.007631432150301642,0.0,0.007631432150301642,11858744.076958565,0.008934058655463461,25614292.8650576
2024-03-20,0.009798705854176549,0.0,0.009798705854176549,11974944.42196864,0.029921817340032034,26380719.05745994
2024-03-21,0.00037106434128526545,0.0,0.00037106434128526545,11979387.896832507,-0.006148544480125329,26218516.032917455
2024-03-22,0.0022528464365652034,0.3,0.0018028464365652036,12000984.893614544,-0.0016637651449583958,26174894.57978935
2024-03-25,-0.0021174113390465044,0.3,-0.0025674113390465043,11970173.428918954,-0.004328274396702136,26061602.45374327
2024-03-26,0.0033132433654072145,0.0,0.0033132433654072145,12009833.526615093,0.009414228154158422,26306952.325305786
2024-03-27,0.002145414364322118,0.0,0.002145414364322118,12035599.59597621,0.009487173489251833,26556530.945989437
2024-03-28,-0.0012058778356880738,0.0,-0.0012058778356880738,12021086.133184208,-0.00031943639842572084,26548047.82338937
2024-04-01,0.0005983038480869451,0.0,0.0005983038480869451,12028278.395275876,0.0021683077880500614,26605612.162242353
2024-04-02,-0.0008549180960100488,0.0,-0.0008549180960100488,12017995.202411909,0.005905864942356153,26762741.314381268
2024-04-03,-0.002199198500445265,0.0,-0.002199198500445265,11991565.245384406,0.008657707397121605,26994445.29782604
2024-04-04,-0.011000700083813608,0.0,-0.011000700083813608,11859649.63258445,-0.022547693907607334,26385782.808045007
2024-04-05,-0.0009460455152544345,0.0,-0.0009460455152544345,11848429.864237055,-0.00837657975072571,26164760.19406809
2024-04-08,-0.003931686386766764,0.0,-0.003931686386766764,11801845.553835273,-0.006224372713160042,26001900.97466976
2024-04-09,0.00292996897853961,0.0,0.00292996897853961,11836424.595197525,0.011724437252875308,26306758.63110275
2024-04-10,-0.00013980520584627731,0.0,-0.00013980520584627731,11834769.801420508,-0.00039786126672510815,26296292.190790344
2024-04-11,0.006863242943379144,0.0,0.006863242943379144,11915994.701746626,0.011357554265771008,26594953.756335814
2024-04-12,-0.002486196894142756,0.0,-0.002486196894142756,11886369.192728523,-0.007629120793755784,26392057.641624376
2024-04-15,-0.00207074618271712,0.0,-0.00207074618271712,11861755.539096314,0.004671025598298972,26515335.618460186
2024-04-16,0.0025702418022998997,0.0,0.0025702418022998997,11892243.119031563,-0.0027575208651037576,26442219.027247056
2024-04-17,-0.0013257648694708802,0.0,-0.0013257648694708802,11876476.800885143,0.008664179432605612,26671319.157495383
2024-04-18,-0.002177613679859003,0.0,-0.002177613679859003,11850614.422535006,0.007781550309363361,26878863.369336523
2024-04-19,-0.010032219025078814,0.0,-0.010032219025078814,11731726.463066379,-0.014659410675298079,26484835.072720192
2024-04-22,0.0008048748191796351,0.0,0.0008048748191796351,11741169.034282004,-0.003582851327089409,26389943.84623215
2024-04-23,0.002409126333453093,0.0,0.002409126333453093,11769454.993788017,-0.0025821001350184725,26321802.368663665
2024-04-24,0.0013546179037756234,0.0,0.0013546179037756234,11785398.108240284,0.002251165850062708,26381057.111268103
2024-04-25,-0.0017684040240363518,0.0,-0.0017684040240363518,11764556.762800802,0.0018554353890186006,26430005.458232068
2024-04-26,0.0032921767026556246,0.0,0.0032921767026556246,11803287.762492364,0.004711081874635891,26554519.377892874
2024-04-29,0.002320630349163144,0.0,0.002320630349163144,11830678.83029391,0.019305046461714714,27067155.608251598
2024-04-30,-0.008728732567885478,0.0,-0.008728732567885478,11727411.99868773,-0.029368861137943302,26272224.07379375
2024-05-01,0.002882544270132459,0.0,0.002882544270132459,11761216.78294803,0.012328439862835848,26596119.608350463
2024-05-02,0.004581048271416766,0.0,0.004581048271416766,11815095.48476131,0.00690636028911622,26779801.992658157
2024-05-03,0.0019709382422815835,0.0,0.0019709382422815835,11838382.308288438,0.003736253024760705,26879858.108855717
2024-05-06,0.0018771024790957824,0.0,0.0018771024790957824,11860604.165067809,0.0034309126686130065,26972080.55457191
2024-05-07,-0.004204363200100058,0.0,-0.004204363200100058,11810737.877385244,-0.01299190549400575,26621661.833030205
2024-05-08,0.002261705882934928,0.0,0.002261705882934928,11837450.292724328,0.00450672228783312,26741638.26975228
2024-05-09,0.00023088294332016532,0.3,-0.00021911705667983466,11834856.505457591,0.006901763396207827,26926202.729917087
2024-05-10,-0.004238363669226785,0.3,-0.004688363669226785,11779370.394186892,-0.008372203694614099,26700771.075939745
2024-05-13,-0.002846739489830197,0.0,-0.002846739489830197,11745837.595320422,0.00035003860801444695,26710117.37668008
2024-05-14,0.0053138892230550905,0.0,0.0053138892230550905,11808253.675133951,0.01827636660859757,27198281.27401496
2024-05-15,0.0016105155301062268,0.0,0.0016105155301062268,11827271.051061187,0.0020138514654043146,27253054.572615113
2024-05-16,-0.0036521452270129595,0.0,-0.0036521452270129595,11784076.139543466,-0.011247620009092407,26946522.57069528
2024-05-17,-0.002386332390511059,0.0,-0.002386332390511059,11755955.416959425,0.007303903172359217,27143337.36238343
2024-05-20,0.0007361069695584365,0.0,0.0007361069695584365,11764609.057675665,0.0022449265166662345,27204272.16017906
2024-05-21,-0.0017363507497047959,0.0,-0.0017363507497047959,11744181.569918387,-0.007109352039858173,27010867.412404235
2024-05-22,0.0002484179779578044,0.0,0.0002484179779578044,11747099.035756754,-0.02258222899602943,26400901.819115933
2024-05-23,0.0020775735472924107,0.3,0.0016275735472924108,11766218.303404776,0.008201118089460245,26617418.73260275
2024-05-24,0.00985471241673088,0.0,0.00985471241673088,11882171.001017308,0.014966925687391063,27015799.66076378
2024-05-28,0.0031677479017920953,0.0,0.0031677479017920953,11919810.723274516,0.0035342335514355946,27111279.80634372
2024-05-29,-0.01156728187541578,0.3,-0.012017281875415781,11776566.997911321,-0.023179484715820552,26482854.31044624
2024-05-30,0.0015564193258380543,0.3,0.0011064193258380544,11789596.819229838,-0.0009738107834193154,26457065.021343004
2024-05-31,0.0019651445240723266,0.0,0.0019651445240723266,11812765.080860166,0.005741286004407131,26608962.598467726
2024-06-03,0.005713828767934137,0.0,0.005713828767934137,11880261.197808033,0.006815476676824961,26790315.36245209
2024-06-04,-0.016527178750865436,0.0,-0.016527178750865436,11683913.997384889,-0.020972428803523555,26228457.380889118
2024-06-05,0.012916156933879375,0.0,0.012916156933879375,11834825.264177062,0.014236790538947308,26601866.43478054
2024-06-06,0.004612944327214064,0.3,0.004162944327214064,11884092.982874136,0.007452923732087679,26800128.11645015
2024-06-07,-0.0005391828022496048,0.0,-0.0005391828022496048,11877685.284317436,-0.020323789368034417,26255447.95757508
2024-06-10,-0.0011319447281814999,0.3,-0.0015819447281815,11858895.44269891,0.0002743175665737671,26262650.288168106
2024-06-11,0.012535848214684942,0.0,0.012535848214684942,12007556.755962403,0.014338886471681932,26639227.449095637
2024-06-12,0.006857222018377972,0.0,0.006857222018377972,12089895.238536313,0.009115480617007288,26882056.810559917
2024-06-13,-0.005366951428986045,0.0,-0.005366951428986045,12025009.35800956,-0.010170913078692334,26608641.747363243
2024-06-14,0.003245309739182178,0.0,0.003245309739182178,12064034.237992866,-0.0012812696309768446,26574548.9027708
2024-06-17,0.005886638585362147,0.0,0.005886638585362147,12135050.847433366,0.008348573265132596,26796408.47127343
2024-06-18,0.0034799611244327178,0.0,0.0034799611244327178,12177280.352625448,0.004425869121328719,26915005.868088953
2024-06-20,0.005727095590002528,0.0,0.005727095590002528,12247020.801231194,0.009059918062911954,27158853.615916632
2024-06-21,-0.007711341288955519,0.3,-0.00816134128895552,12147068.684699409,-0.012949716707427771,26807154.155492015
2024-06-24,-0.007850821850130951,0.3,-0.008300821850130952,12046238.031546414,-0.017748166228511553,26331376.32742701
2024-06-25,0.017500456082886928,0.0,0.017500456082886928,12257052.691181494,0.024617747379922485,26979595.49802128
2024-06-26,-0.0017645666609719776,0.0,-0.0017645666609719776,12235424.304640858,-0.002425962776521373,26914144.003617473
2024-06-27,0.001559516091736468,0.0,0.001559516091736468,12254505.645733172,0.0021099324782096413,26970931.030173916
2024-06-28,0.006588839409093294,0.0,0.006588839409093294,12335248.615470735,0.010330706238975695,27249559.79563832
2024-07-01,-0.003138025651552756,0.0,-0.003138025651552756,12296540.288897108,-0.010256773847508048,26970067.22337031
2024-07-02,0.006593810095481855,0.3,0.0061438100954818555,12372087.897263533,0.007625768796627085,27175734.72044522
2024-07-03,0.002625823209608957,0.0,0.002625823209608957,12404574.81281549,0.016128739345677955,27614045.062278572
2024-07-05,-3.837327902503906e-05,0.0,-3.837327902503906e-05,12404098.808605012,0.0007645716030215241,27635157.97697775
2024-07-08,0.00014536053181948282,0.0,0.00014536053181948282,12405901.875004573,-0.0035892304249045878,27535969.027169734
2024-07-09,0.0016593113735810627,0.0,0.0016593113735810627,12426487.129085297,0.00371839918430209,27638358.75193933
2024-07-10,0.001676023993647524,0.0,0.001676023993647524,12447314.219670396,0.006619298102732962,27821305.287588697
2024-07-11,-0.01360867271488445,0.3,-0.014058672714884451,12272321.502876721,-0.030362182067527485,26976589.75109066
2024-07-12,0.006433360221497408,0.0,0.006433360221497408,12351273.767858757,0.01094189178324425,27271764.67682807
2024-07-15,-0.012192037053949011,0.3,-0.012642037053949012,12195128.507222017,-0.01889903447226212,26756354.656081278
2024-07-16,0.003559708985403387,0.3,0.003109708985403387,12233051.807919074,0.00908112267723038,26999332.395108633
2024-07-17,-0.01191692650596211,0.0,-0.01191692650596211,12087271.428580474,-0.01820249348795717,26507877.223007474
2024-07-18,-0.0021259517526959204,0.0,-0.0021259517526959204,12061574.472701572,-0.001788180340965351,26460476.35807657
2024-07-19,0.00157854322208566,0.0,0.00157854322208566,12080614.189333137,0.002274916244140268,26520671.72557125
2024-07-22,0.00845295878501826,0.0,0.00845295878501826,12182731.123173276,0.013418787887970306,26876546.99410318
2024-07-23,-0.002980148027774443,0.0,-0.002980148027774443,12146424.781043645,-0.004328150370042427,26760221.25728519
2024-07-24,-0.014350095159979247,0.0,-0.014350095159979247,11972122.42958214,-0.016044660681431955,26330862.587452006
2024-07-25,-0.0003811253830624307,0.0,-0.0003811253830624307,11967559.549835093,-0.00378423215194894,26231220.49066002
2024-07-26,0.0028940868412493325,0.3,0.0024440868412493326,11996809.304652715,0.0029785046826260484,26309350.30372245
2024-07-29,-0.002291118525295499,0.3,-0.002741118525295499,11963924.628423294,-0.011762261077180057,25999892.85667908
2024-07-30,0.007818769756407473,0.0,0.007818769756407473,12057467.800475948,0.016107437541740245,26418684.506959975
2024-07-31,0.015407966377371206,0.0,0.015407966377371206,12243248.858941915,0.018664190874934695,26911767.87726256
2024-08-01,-0.022958687676272113,0.3,-0.023408687676272112,11956650.470260069,-0.03560751738419744,25953506.634733446
2024-08-02,-0.0054802603089249445,0.3,-0.005930260308924944,11885744.420548595,-0.0009671849924119957,25928404.79261587
2024-08-05,-0.028596964559387348,0.6,-0.02949696455938735,11535151.038613738,-0.04247623289861022,24827063.831955273
2024-08-06,0.021133826612569816,0.0,0.021133826612569816,11778932.920613606,0.029500658288630487,25559478.558371805
2024-08-07,-0.006084782859119886,0.0,-0.006084782859119886,11707260.671479534,-0.014102629453205617,25199022.703245934
2024-08-08,0.015986063179821184,0.0,0.015986063179821184,11894413.680236442,0.018985423751382454,25677436.82738777
2024-08-09,-0.002006425987147642,0.3,-0.0024564259871476418,11865195.933370424,-0.004004643518675632,25574607.84642077
2024-08-12,-0.0004308948740867513,0.0,-0.0004308948740867513,11860083.281262701,0.004442270420438932,25688217.17037125
2024-08-13,0.008001418052139097,0.0,0.008001418052139097,11954980.765729269,0.00908243795909873,25921528.809101004
2024-08-14,-0.0006035010115722162,0.0,-0.0006035010115722162,11947765.922743825,-0.004578777936524614,25802839.884908907
2024-08-15,0.008338498959346042,0.0,0.008338498959346042,12047392.356457135,0.02445015996152473,26433723.44755654
2024-08-16,-7.755572096141971e-05,0.0,-7.755572096141971e-05,12046458.012257224,-0.0014384439491817113,26395700.01800906
2024-08-19,0.005769910092388142,0.0,0.005769910092388142,12115964.991919676,0.016317359309204037,26826408.139420882
2024-08-20,-0.005385992163682451,0.0,-0.005385992163682451,12050708.499417746,-0.01660152011391548,26381048.98511018
2024-08-21,0.001552724776871961,0.0,0.001552724776871961,12069419.933083653,0.007223166482446918,26571603.693911213
2024-08-22,-0.007250493335375419,0.0,-0.007250493335375419,11981910.684296984,-0.018945236912866502,26068198.366775267
2024-08-23,0.004389764239415261,0.3,0.003939764239415261,12029116.587530844,0.018107155848779134,26540219.297299355
2024-08-26,-0.008350089690549633,0.3,-0.008800089690549634,11923259.282662492,-0.013786145062816545,26174331.984067824
2024-08-27,0.00022050763915621994,0.0,0.00022050763915621994,11925888.452417959,-0.0016599540797357923,26130883.794906512
2024-08-28,-0.0031064414887438606,0.0,-0.0031064414887438606,11888841.377739236,-0.010242507396690213,25863238.02435513
2024-08-29,0.001248041429929536,0.3,0.0007980414299295361,11898329.165712534,0.005990133140241438,26018162.26355877
2024-08-30,0.006063433950666219,0.3,0.0056134339506662195,11965119.650607545,0.006899641437099602,26197678.2540296
2024-09-03,-0.008942870217597642,0.3,-0.009392870217597642,11852732.834591363,-0.025954149568040784,25517739.79428911
2024-09-04,0.007625041681589572,0.0,0.007625041681589572,11943110.416495865,0.0074994343506885495,25709108.40865433
2024-09-05,0.01398587908744,0.0,0.01398587908744,12110145.314708922,0.018205313775820353,26177150.794130463
2024-09-06,-0.013102965353133766,0.0,-0.013102965353133766,11951466.500228876,-0.01976951132008632,25659641.315178297
2024-09-09,0.00961332192999722,0.6,0.00871332192999722,12055603.475380948,0.01006781080098662,25917977.72916069
2024-09-10,0.001094318611604772,0.3,0.000644318611604772,12063371.125074262,-0.0011677066992843766,25887713.132934447
2024-09-11,0.008431555578171879,0.3,0.007981555578171878,12159655.592169156,0.022122278665859963,26460408.336883064
2024-09-12,0.0015169795207830238,0.3,0.001066979520783024,12172629.695665775,0.005448455452005296,26604576.692948446
2024-09-13,-0.0011905962233430655,0.0,-0.0011905962233430655,12158137.008721963,-0.004182106862999201,26493313.51017368
2024-09-16,-0.002895918699430777,0.0,-0.002895918699430777,12122928.032408165,-0.0018450597369438547,26444431.764117826
2024-09-17,-0.001932391027806135,0.0,-0.001932391027806135,12099501.795047598,-0.0072919384630386495,26251600.59500385
2024-09-18,0.0009875200318373966,0.0,0.0009875200318373966,12111450.29544546,0.002014882879618884,26304494.49560532
2024-09-19,0.007863286319977746,0.0,0.007863286319977746,12206686.096868725,0.0160155239190209,26725774.756377444
2024-09-20,-0.0005356079562011895,0.0,-0.0005356079562011895,12200148.098676393,-0.0012373836379159786,26692704.719983272
2024-09-23,-1.170609441047965e-07,0.0,-1.170609441047965e-07,12200146.67051554,0.0025323839565346007,26760300.897172667
2024-09-24,-0.00036895704725036226,0.0,-0.00036895704725036226,12195645.340423964,0.015513711182220656,27175452.476440724
2024-09-25,-0.002678094360201111,0.0,-0.002678094360201111,12162984.25141876,-0.012771683101601383,26828376.209268995
2024-09-26,0.001638339477769235,0.0,0.001638339477769235,12182911.348685347,0.01924671200165888,27344734.239640947
2024-09-27,-0.0036213536544423383,0.0,-0.0036213536544423383,12138792.718151037,-0.00952382413931626,27084307.799606267
2024-09-30,-0.0010636335705617838,0.0,-0.0010636335705617838,12125881.49070992,-0.01031912921021718,26804821.327852838
2024-10-01,-0.00494906762441718,0.0,-0.00494906762441718,12065869.68320673,-0.0073808046397364265,26606980.178228915
2024-10-02,0.0025396324763379496,0.0,0.0025396324763379496,12096512.557709465,0.008435196598445526,26831415.28692322
2024-10-03,0.002243797461673602,0.0,0.002243797461673602,12123654.681881554,-0.003948757035662243,26725464.547032204
2024-10-04,0.006641205421425611,0.0,0.006641205421425611,12204170.363082359,0.017311170215812945,27188113.612902552
2024-10-07,-0.002097801749026784,0.0,-0.002097801749026784,12178568.433149263,-0.0017150076985045113,27141485.788748607
2024-10-08,0.005146157233043324,0.0,0.005146157233043324,12241241.261179628,0.0014314608421693402,27180337.762853496
2024-10-09,0.004751026331893815,0.0,0.004751026331893815,12299399.720746556,0.005378503139270241,27326527.294837426
2024-10-10,-0.00046593915954211694,0.0,-0.00046593915954211694,12293668.948777799,0.0032628929020305673,27415690.826784894
2024-10-11,-0.0005650186903588982,0.0,-0.0005650186903588982,12286722.796048654,0.002604404837588192,27487092.384599995
2024-10-14,0.0025727813070342,0.0,0.0025727813070342,12318333.84678304,-0.0034227931250606965,27393009.75375808
2024-10-15,-0.005108366372163364,0.0,-0.005108366372163364,12255407.284399051,-0.01614038784672712,26950875.95204325
2024-10-16,0.004305713507286213,0.0,0.004305713507286213,12308175.557080781,0.014520649755178926,27342220.182338145
2024-10-17,-0.0005463306898599418,0.0,-0.0005463306898599418,12301451.223037763,-0.006167372008229255,27173590.53894275
2024-10-18,0.004795538746331451,0.0,0.004795538746331451,12360443.309013946,0.016733348410273872,27628295.696989
2024-10-21,-0.0042380662735661875,0.0,-0.0042380662735661875,12308058.931099689,-0.014658265183088826,27223312.81210574
2024-10-22,0.007100139412233774,0.0,0.007100139412233774,12395447.865404485,0.02451395965506866,27890664.004059017
2024-10-23,-0.00559038627057501,0.0,-0.00559038627057501,12326152.5238401,-0.008928733145906819,27641635.70790463
2024-10-24,0.0012465466523072565,0.0,0.0012465466523072565,12341517.64800452,0.0026552982506868215,27715032.494845953
2024-10-25,0.0023488249435252182,0.0,0.0023488249435252182,12370505.712497111,0.003934267025893723,27824070.833311997
2024-10-28,-0.003356806592897077,0.3,-0.0038068065928970767,12323413.589793306,-0.011928787973875454,27492163.391771328
2024-10-29,0.009900854339491793,0.0,0.009900854339491793,12445425.912711164,0.007903569865091765,27709449.62588071
2024-10-30,0.0025093292458529645,0.3,0.0020593292458529647,12471055.142270306,-0.002596804737027936,27637493.595831785
2024-10-31,-0.005862500317379426,0.3,-0.006312500317379426,12392331.60272667,-0.0028243268146144196,27559436.281580344
2024-11-01,0.001859498486577904,0.3,0.0014094984865779042,12409798.575365884,0.002086336961327684,27616934.55212796
2024-11-04,-0.005083985776656896,0.0,-0.005083985776656896,12346707.335917545,-0.0047500027817025114,27485754.036183257
2024-11-05,0.005893796817863328,0.0,0.005893796817863328,12419476.320325067,0.01017427720147308,27765401.716838893
2024-11-06,0.008866179793807504,0.0,0.008866179793807504,12529589.630326003,-0.004715555135828952,27634472.434174694
2024-11-07,0.006909696686879285,0.0,0.006909696686879285,12616165.294282624,0.02728995087142958,28388615.829261195
2024-11-08,-0.0014460744623453036,0.0,-0.0014460744623453036,12597921.379837835,-0.02112513986981237,27788902.349157684
2024-11-11,-0.003748053703027898,0.0,-0.003748053703027898,12550703.69395968,-0.01759644357145197,27299916.497058142
2024-11-12,0.006703498011335585,0.3,0.006253498011335585,12629189.494550718,0.011631381958574894,27617452.253272627
2024-11-13,0.005063868063977827,0.3,0.0046138680639778275,12687458.90863355,0.013319288086598035,27985297.05605183
2024-11-14,-0.0038988708306250007,0.3,-0.0043488708306250005,12632282.78867104,-0.009116962767797122,27730156.14474606
2024-11-15,-0.011277756396885063,0.0,-0.011277756396885063,12489818.980643846,-0.011764396501062013,27403927.592822913
2024-11-18,-0.00148741961659955,0.0,-0.00148741961659955,12471241.378884258,-0.0004169217488369181,27392502.299405914
2024-11-19,0.010412373117428285,0.3,0.009962373117428284,12595484.538738213,0.01376153953169008,27769465.3026711
2024-11-20,-0.0006538067259210133,0.0,-0.0006538067259210133,12587249.526230553,-0.0016975747992452606,27722324.55818477
2024-11-21,0.0016870207002853464,0.0,0.0016870207002853464,12608484.47674096,0.0019892595453060878,27777471.456930213
2024-11-22,0.000586238379231796,0.0,0.000586238379231796,12615876.054245174,-0.006915801216886508,27585367.986026347
2024-11-25,-0.002181344340282554,0.0,-0.002181344340282554,12588356.48441654,-0.0034109114799283245,27491276.737684764
2024-11-26,0.005116625345406733,0.3,0.004666625345406733,12647101.627843734,0.009406690904870318,27749878.68053641
2024-11-27,-0.0004148630873526016,0.0,-0.0004148630873526016,12641854.812216345,0.0015227855700662761,27792135.795362227
2024-11-29,0.0030423501087905036,0.3,0.0025923501087905037,12674626.925914107,0.0029500671875782093,27874124.463244837
2024-12-02,-0.0018485347145911213,0.3,-0.002298534714591121,12645493.855930403,-0.009190067855197947,27617959.368023384
2024-12-03,0.015637424701056644,0.0,0.015637424701056644,12843236.81391019,0.022476134511380128,28238704.33770891
2024-12-04,-0.00038183304810819347,0.3,-0.0008318330481081935,12832553.3850837,-0.003464121515572516,28140882.034440763
2024-12-05,8.881576822328263e-06,0.0,8.881576822328263e-06,12832667.358392417,0.00428260039083046,28261398.186839774
2024-12-06,0.001116749410306328,0.0,0.001116749410306328,12846998.232097559,-0.003722529185887613,28156194.307255276
2024-12-09,-0.005971941796924063,0.3,-0.006421941796924063,12764495.557185844,-0.0035754968942248054,28055521.9219565
2024-12-10,0.006185493110474472,0.3,0.005735493110474472,12837706.233512767,0.00799044247195586,28279697.955894586
2024-12-11,0.00703753930709492,0.0,0.00703753930709492,12928052.095744051,0.011014305331897845,28591179.183874656
2024-12-12,-0.0018658176031403515,0.0,-0.0018658176031403515,12903930.708569497,-0.004567017135862072,28460602.7786074
2024-12-13,0.0028204400800440287,0.0,0.0028204400800440287,12940325.471930059,-0.0010606264976621648,28430416.70916097
2024-12-16,0.000852128447572964,0.0,0.000852128447572964,12951352.291385543,-0.0077157691461757,28211054.177103505
2024-12-17,0.004343585650862081,0.3,0.003893585650862081,13001779.490826542,0.01164903308765579,28539685.68065023
2024-12-18,-0.014705907340471435,0.0,-0.014705907340471435,12810576.526373206,-0.020574115657861946,27952506.886617504
2024-12-19,0.004559965885525918,0.3,0.004109965885525918,12863227.558870519,0.009262701270741934,28211422.607676603
2024-12-20,0.0017763632536236917,0.0,0.0017763632536236917,12886077.323629094,0.002949127994335132,28294621.703848924
2024-12-23,-0.0021701079746753948,0.0,-0.0021701079746753948,12858113.144466802,-0.014126004390540714,27894931.753431663
2024-12-24,0.008902492832534747,0.0,0.008902492832534747,12972582.404575339,0.020249265874686426,28459783.643063135
2024-12-26,-0.0005641734344569271,0.0,-0.0005641734344569271,12965263.618206374,0.0009234483000358121,28486064.78188771
2024-12-27,-0.0040328508278741565,0.0,-0.0040328508278741565,12912976.644090084,-0.004684654762829732,28352617.402832966
2024-12-30,-0.006860306879984635,0.0,-0.006860306879984635,12824389.66157755,-0.015703292140712678,27907387.968802422
2024-12-31,0.0017951168052575016,0.3,0.0013451168052575017,12841639.963628508,0.004974928166382896,28046225.219258595
2025-01-02,0.0,0.0,0.0,12841639.963628508,-0.00191386076838258,27992548.64911023
2025-01-03,0.0,0.6,-0.0009,12830082.487661242,0.0149134789120833,28410014.9330842
2025-01-06,0.012520562802315505,0.3,0.012070562802315504,12984948.804087447,0.018689698869084004,28940989.55704973
2025-01-07,-0.005294951050155372,0.0,-0.005294951050155372,12916194.13578103,1.7897020464118906e-05,28941507.51453208
2025-01-08,-0.0018003005627329038,0.0,-0.0018003005627329038,12892941.104210014,0.0007610305897701401,28963532.887064703
2025-01-10,-0.004195676192632958,0.0,-0.004195676192632958,12838846.498166062,-0.0025513827934831373,28889635.827618167
2025-01-13,-0.00011108323289770182,0.3,-0.0005610832328977018,12831642.836666193,0.0045663624992811295,29021556.37727929
2025-01-14,0.0,0.3,-0.00045,12825868.597389694,0.0041141889796309835,29140956.54469843
2025-01-15,0.006320324391323573,0.0,0.006320324391323573,12906932.247525688,0.011848835357752652,29486242.940963984
2025-01-16,-0.002282375813900794,0.0,-0.002282375813900794,12877473.77753228,-0.002652490518714001,29408030.96113058
2025-01-17,0.007360231609386525,0.0,0.007360231609386525,12972254.96707872,0.009510770625576138,29687723.99815174
2025-01-21,4.370533304625112e-05,0.0,4.370533304625112e-05,12972821.923802415,0.0019672753003606045,29746127.924297225
2025-01-22,0.002668474198586157,0.0,0.002668474198586157,13007439.564388935,-0.0005676676671878874,29729242.009250566
2025-01-23,-0.003143237896815587,0.3,-0.003593237896815587,12960700.739605634,-0.005896866910555798,29553932.62577031
2025-01-24,0.0,0.3,-0.00045,12954868.424272811,-0.0025334081451208407,29479060.45213583
2025-01-27,-0.014763753817068159,0.0,-0.014763753817068159,12763605.936124338,-0.035977055191164856,28418490.667265654
2025-01-28,0.010806176265568923,0.0,0.010806176265568923,12901531.71165436,0.02290440935468012,29069399.410750866
2025-01-29,0.0016151276105012212,0.3,0.0011651276105012214,12916563.642469363,0.01075099584437864,29381924.40301443
2025-01-30,0.0026303435601449762,0.0,0.0026303435601449762,12950538.642465534,0.011208150907445959,29711241.44567458
2025-01-31,-0.00849672873883085,0.3,-0.00894672873883085,12834673.686209647,-0.01336723843609917,29314084.197037738
2025-02-03,-0.0011515913994415649,0.3,-0.0016015913994415648,12814117.783219174,0.003743279104497254,29423814.995879985
2025-02-04,0.0055268282542660025,0.3,0.005076828254266003,12879172.858434513,0.011283643094154104,29755822.822761916
2025-02-05,-0.002752985557853138,0.0,-0.002752985557853138,12843716.681558149,-0.0054610799751720895,29593323.89459976
2025-02-06,0.0011065642324249668,0.0,0.0011065642324249668,12857929.079049362,0.005560297521022405,29757871.58008972
2025-02-07,-0.006272228734909868,0.0,-0.006272228734909868,12777281.206808316,-0.0026288404947373382,29679642.882242788
2025-02-10,-0.0008687131474127141,0.0,-0.0008687131474127141,12766181.414635772,-0.003102103631695263,29587573.554270364
2025-02-11,0.0035735536053154823,0.0,0.0035735536053154823,12811802.048256153,0.005989318886866412,29764782.967375506
2025-02-12,6.376691722833616e-05,0.0,6.376691722833616e-05,12812619.017376909,0.009544271110211987,30048866.125552762
2025-02-13,0.0027229918437439824,0.0,0.0027229918437439824,12847507.674458224,0.011708065028614989,30400680.20418688
2025-02-14,0.00013773625148134626,0.0,0.00013773625148134626,12849277.242006183,-0.010813805771189565,30071933.15314676
2025-02-18,-0.00098684091250123,0.0,-0.00098684091250123,12836597.049527701,-0.016167103417509952,29585757.099895388
2025-02-19,0.0006569541996147565,0.3,0.00020695419961475655,12839253.637195863,0.0033945828501578566,29686188.403555628
2025-02-20,0.002568467685190012,0.3,0.002118467685190012,12866453.181128219,0.0062871259320839805,29872829.208492354
2025-02-21,-0.008843494443534694,0.0,-0.008843494443534694,12752668.773912912,-0.021362115067599174,29234682.393545803
2025-02-24,-0.007185876630925225,0.0,-0.007185876630925225,12661029.669388521,-0.014463882885572543,28811835.371208645
2025-02-25,0.00023819115704235558,0.0,0.00023819115704235558,12664045.41469482,0.008474956564564984,29056014.424525037
2025-02-26,0.00024329810337631042,0.0,0.00024329810337631042,12667126.552925287,0.001403451899041952,29096793.14314773
2025-02-27,-0.008294201701778659,0.0,-0.008294201701778659,12562062.85031337,-0.008831390053126265,28839828.013605464
2025-02-28,0.008069747079264155,0.0,0.008069747079264155,12663435.52030922,0.010087343338517817,29130745.260602504
2025-03-03,-0.010147437516610468,0.0,-0.010147437516610468,12534934.099621255,-0.018181208368245924,28601113.1110972
2025-03-04,0.0021110844611764265,0.0,0.0021110844611764265,12561396.404220836,0.013083519561382428,28975316.333963547
2025-03-05,0.002928828436890485,0.0,0.002928828436890485,12598186.579216573,0.022748833755140342,29634470.988247484
2025-03-06,-0.010705022912483363,0.0,-0.010705022912483363,12463322.70323032,-0.01449177020884964,29205015.044424977
2025-03-07,-0.001192336382123671,0.0,-0.001192336382123671,12448462.23012911,-0.01130682715177933,28874798.98735255
2025-03-10,-0.01589433591247281,0.0,-0.01589433591247281,12250602.189849706,-0.034839853737685667,27868805.21392811
2025-03-11,0.008231071572633185,0.0,0.008231071572633185,12351437.773282217,0.037319654095025356,28908859.384553548
2025-03-12,0.001812761927840567,0.0,0.001812761927840567,12373827.989431715,0.0013911953346606996,28949077.254859697
2025-03-13,-0.004972806630826498,0.0,-0.004972806630826498,12312295.335557159,0.005759364083347462,29115805.530647393
2025-03-14,0.00695978542696809,0.0,0.00695978542696809,12397986.269206097,0.006296238191077341,29299125.577393435
2025-03-17,-0.004786205689844802,0.0,-0.004786205689844802,12338646.956781806,-0.0058495299644516045,29127739.464396242
2025-03-18,-0.004083542403814233,0.0,-0.004083542403814233,12288261.568728093,0.0022008336115416196,29191844.772437707
2025-03-19,0.002920620594080203,0.0,0.002920620594080203,12324150.918531165,0.00763887957581889,29414837.759250358
2025-03-20,-0.0011473355283908582,0.0,-0.0011473355283908582,12310010.982325085,-0.005573504050504807,29250894.041854233
2025-03-21,0.0043593136323698545,0.0,0.0043593136323698545,12363674.181014957,0.008037505388476363,29485998.260333385
2025-03-24,0.0030014620251713974,0.0,0.0030014620251713974,12400783.279560866,-0.0034896451727573934,29383102.58884028
2025-03-25,0.0057496796489435505,0.0,0.0057496796489435505,12472083.810814315,0.025298832149734447,30126460.76927378
2025-03-26,-0.008280973455966355,0.0,-0.008280973455966355,12368802.815836376,-0.018003611080731882,29584075.686344847
2025-03-27,-0.00046342476192730016,0.0,-0.00046342476192730016,12363070.80633612,-0.006219243059348322,29400085.12896531
2025-03-28,-0.004857413033733693,0.3,-0.0053074130337336925,12297454.8832016,-0.002825400689429125,29317018.108172655
2025-03-31,-0.013787512307568028,0.3,-0.014237512307568029,12122369.717950255,-0.018466419521712307,28775637.752661504
2025-04-01,0.010452820538322482,0.0,0.010452820538322482,12249082.673111185,0.02953813246313819,29625616.3523109
2025-04-02,0.0039082355136037744,0.0,0.0039082355136037744,12296954.973023307,0.004519235714632074,29759501.495798245
2025-04-03,-0.013265757773640474,0.0,-0.013265757773640474,12133826.546997815,-0.01976873479842678,29171193.802994426
2025-04-04,-0.0204823070644769,0.3,-0.0209323070644769,11879837.563848954,-0.06833279674172321,27177844.54614099
2025-04-07,-0.00727091851048074,0.0,-0.00727091851048074,11793460.23300446,-0.014595309159073066,26781175.50271284
2025-04-08,0.009904258475519923,0.0,0.009904258475519923,11910265.711472902,0.00985068644877214,27044988.4653196
2025-04-09,0.06253908550417983,0.0,0.06253908550417983,12655122.837180208,0.0894716708299117,29464748.77088744
2025-04-10,-0.03197888956136523,0.3,-0.03242888956136523,12244731.256307779,-0.04056414833686281,28269536.33103676
2025-04-11,0.007974801760358119,0.0,0.007974801760358119,12342380.560685692,0.0336758712365429,29221537.596437525
2025-04-14,-0.0033512157156100784,0.0,-0.0033512157156100784,12301018.580982683,0.0028303635544909334,29304245.171456665
2025-04-15,-0.0013137274231573182,0.3,-0.0017637274231573183,12279322.937178636,-0.006310847770570516,29119310.541148126
2025-04-16,0.0,0.3,-0.00045,12273797.241856905,-0.0022243254933346328,29054539.716363125
2025-04-17,-6.95221138174329e-05,0.3,-0.0005195221138174329,12267420.732769249,0.006734665840186005,29250212.33249324
2025-04-21,-0.006422336217650959,0.3,-0.006872336217650959,12183114.892970277,-0.003164769780981502,29157642.144416075
2025-04-22,0.0054129759446042815,0.0,0.0054129759446042815,12249061.800816275,0.01502480291204935,29595729.97101599
2025-04-23,0.0038890811087818554,0.0,0.0038890811087818554,12296699.39566613,0.000783613243294512,29618921.57696625
2025-04-24,0.005074944996535824,0.0,0.005074944996535824,12359104.468738072,0.005723526357777019,29788446.255300943
2025-04-25,0.001769064731068637,0.0,0.001769064731068637,12380968.524561308,-0.003871739903558435,29673113.13926929
2025-04-28,-0.0005722764222419796,0.0,-0.0005722764222419796,12373883.188190183,-0.005001872935484419,29524691.99774641
2025-04-29,0.004641922873571125,0.0,0.004641922873571125,12431321.79959634,0.0092807571567161,29798703.494304337
2025-04-30,0.0005026571617309239,0.3,5.265716173092391e-05,12431976.397718871,-0.017711153211973828,29270934.091198534
2025-05-01,0.010418385668438557,0.0,0.010418385668438557,12561497.522451233,0.011595141798916898,29610334.72257273
2025-05-02,0.0051510604303008686,0.0,0.0051510604303008686,12626202.555284454,0.0067498646147661654,29810200.473148
2025-05-05,8.765266892700745e-05,0.3,-0.00036234733107299254,12621627.48448696,0.002502338456303721,29884795.684182078
2025-05-06,-0.005496320837686186,0.3,-0.005946320837686186,12546575.237970442,-0.006312286652366662,29696154.287276108
2025-05-07,-0.008606559742015329,0.3,-0.00905655974201533,12432946.429770071,-0.007616899100038921,29469961.67641074
2025-05-08,0.005516318724646507,0.3,0.005066318724646507,12495935.699069742,0.01243086422933739,29836298.768853977
2025-05-09,0.0003794521346469405,0.3,-7.054786535305951e-05,12495054.137480583,-0.0007483885073766737,29813969.625752706
2025-05-12,0.010005636444506694,0.0,0.010005636444506694,12620075.106534643,0.0069281062884619556,30020523.976200897
2025-05-13,0.008340553044252874,0.0,0.008340553044252874,12725333.51238315,0.022881476072938958,30707437.87725943
2025-05-14,-8.137730355349815e-05,0.0,-8.137730355349815e-05,12724297.959055092,-0.0017473897960922575,30653780.01364857
2025-05-15,0.0005629461777705514,0.0,0.0005629461777705514,12731461.053955957,0.0022886972341710663,30723937.235182695
2025-05-16,0.0007260169824461427,0.0,0.0007260169824461427,12740704.310892481,-0.011344976384999726,30375374.89279533
2025-05-19,0.0012278654469865201,0.3,0.0007778654469865202,12750614.864546197,0.011385530367761153,30721214.64606939
2025-05-20,-0.00026915043271334986,0.3,-0.0007191504327133498,12741445.254348997,-0.0025856406999612332,30641780.623128265
2025-05-21,-0.003602902623211623,0.0,-0.003602902623211623,12695539.067818595,-0.003313750321432407,30540241.412739113
2025-05-22,0.0008229128164887855,0.0,0.0008229128164887855,12705986.389629738,0.001091361399388202,30573571.853344973
2025-05-23,-0.003014559019539287,0.3,-0.0034645590195392867,12661965.749881404,0.010333029861770005,30889489.484286558
2025-05-27,-0.0014056572368532187,0.3,-0.0018556572368532186,12638469.481504848,-0.0028964673074119204,30800019.087852683
2025-05-28,-0.0020186172057720885,0.3,-0.0024686172057720884,12607269.938288178,-0.01314521649860083,30395146.16878182
2025-05-29,0.0003703782639288056,0.0,0.0003703782639288056,12611939.397040805,-0.0003222284998648072,30385351.986428678
2025-05-30,0.0012704484769476719,0.0,0.0012704484769476719,12627962.216239132,-0.0043072395386349,30254474.996957395
2025-06-02,0.001805848801754717,0.0,0.001805848801754717,12650766.406675933,-0.003242725347601506,30156368.04400639
2025-06-03,0.013590136068987445,0.3,0.013140136068987444,12816999.198636629,0.019575045331105344,30746680.31548931
2025-06-04,0.0011408377169808582,0.0,0.0011408377169808582,12831621.314740947,0.005786672945435045,30924601.29863289
2025-06-05,-0.002879157050820258,0.0,-0.002879157050820258,12794677.061759155,0.001045631109715639,30956937.02380629
2025-06-06,0.0005450534922599948,0.0,0.0005450534922599948,12801650.845174003,-0.012365221273663927,30574147.647552047
2025-06-09,0.0007096505428828114,0.0,0.0007096505428828114,12810735.543646077,0.004866007368616187,30722921.67529419
2025-06-10,0.0034858380615954364,0.0,0.0034858380615954364,12855391.693201153,0.0073306283702968544,30948139.99654551
2025-06-11,-0.0003814123824769644,0.0,-0.0003814123824769644,12850488.487627774,0.0010253475526966092,30979872.596151482
2025-06-12,-0.0006040190732620631,0.3,-0.001054019073262063,12836943.827661078,-0.001102128175079242,30945728.8057029
2025-06-13,-0.011158003311218422,0.0,-0.011158003311218422,12693709.16592611,-0.018691414768840186,30367309.35327146
2025-06-16,-0.0017700347025974672,0.0,-0.0017700347025974672,12671240.860197742,-0.007290668131136545,30145911.3787412
2025-06-17,0.008933812600404068,0.0,0.008933812600404068,12784443.351457331,0.00960208970040346,30435375.123900283
2025-06-18,0.00980364258153299,0.0,0.00980364258153299,12909777.464678876,0.011664981510348138,30790403.211981095
2025-06-20,-0.004628510087214976,0.3,-0.005078510087214976,12844215.029600803,-0.008399958123774719,30531765.114386316
2025-06-23,0.0027367727016726516,0.3,0.0022867727016726517,12873586.829904908,0.004912384226222577,30681748.875732962
2025-06-24,0.010381722380051438,0.3,0.009931722380051437,13001443.72033501,0.022434464804972066,31370077.491040584
2025-06-25,-0.003183399626388117,0.0,-0.003183399626388117,12960054.92925319,-0.010380353260544272,31044445.004872933
2025-06-26,0.003287373156458151,0.0,0.003287373156458151,13002659.46593384,0.016316692282530208,31550987.661099378
2025-06-27,-0.0009584993711635347,0.0,-0.0009584993711635347,12990196.42501229,-0.007200190366117676,31323814.543700434
2025-06-30,-0.001834820541547699,0.0,-0.001834820541547699,12966361.74577294,-0.005806365511684019,31141937.02723951
2025-07-01,0.0013665567346017092,0.0,0.0013665567346017092,12984081.014739908,0.009131000675055345,31426294.07525776
2025-07-02,0.0011130413073897393,0.3,0.0006630413073897393,12992689.996791176,0.00874631149928784,31701158.23250819
2025-07-03,-0.001650428262304304,0.3,-0.002100428262304304,12965399.783518558,-0.0026983336565223996,31615617.930298675
2025-07-07,-0.0008962509943737929,0.3,-0.0013462509943737927,12947945.101167545,-0.012903043896891486,31207680.22431668
2025-07-08,0.03275811331749176,0.0,0.03275811331749176,13372095.354020253,0.04010329851564993,32459211.140333395
2025-07-09,0.008308789254816307,0.3,0.007858789254816307,13477183.833302805,0.005496390841786403,32637619.65117674
2025-07-10,0.0013820609189204357,0.0,0.0013820609189204357,13495810.12237592,0.009997328965990792,32963908.671496432
2025-07-11,-0.00047957535590872343,0.0,-0.00047957535590872343,13489337.864433205,-0.008284245601120389,32690827.556088854
2025-07-14,-0.0026391659162389503,0.0,-0.0026391659162389503,13453737.263708761,-0.014954754984104479,32201944.239759933
2025-07-15,0.009936703542836134,0.3,0.009486703542836133,13581368.880672773,0.026233335228746227,33046708.63801895
2025-07-16,-0.0015350839193042363,0.3,-0.0019850839193042364,13554408.72370561,-0.003091350296983086,32944549.6854565
2025-07-17,0.0026123243226969573,0.0,0.0026123243226969573,13589817.235294323,0.007353347964511014,33186802.42282778
2025-07-18,-0.0012116020179375408,0.3,-0.0016616020179375406,13567236.367552757,0.0007140858145001537,33210500.647666533
2025-07-21,0.003315129346454015,0.3,0.0028651293464540153,13606108.254619714,0.004376438541315219,33355844.362677354
2025-07-22,-0.004579286780530778,0.0,-0.004579286780530778,13543801.982954862,-0.005022486650334024,33188315.07965519
2025-07-23,0.00029699168099712737,0.0,0.00029699168099712737,13547824.379472872,0.0034131529026149125,33301591.87360221
2025-07-24,-4.8043437062528226e-05,0.0,-4.8043437062528226e-05,13547173.495424962,-5.0416812622944283e-05,33299912.913484674
2025-07-25,0.0012581964822143464,0.0,0.0012581964822143464,13564218.501460852,-0.0018927176881780251,33236885.579298533
2025-07-28,-0.0031332665960238314,0.0,-0.0031332665960238314,13521718.188729055,-0.025382072316669765,32393264.545943897
2025-07-29,0.006459370571421763,0.0,0.006459370571421763,13609059.977272391,0.022697000517033696,33128494.488091595
2025-07-30,0.0009283820056720459,0.0,0.0009283820056720459,13621694.383669402,-0.05959057961956961,31154348.299622502
2025-07-31,0.004995419019034553,0.0,0.004995419019034553,13689740.454865063,0.013298665922651675,31568659.56969711
2025-08-01,-0.00867540845685152,0.0,-0.00867540845685152,13570976.364750825,-0.01152466662433076,31204841.292379364
2025-08-04,-0.0024114029044715935,0.0,-0.0024114029044715935,13538251.272928348,-0.013893423851501916,30771299.206085492
2025-08-05,0.0040571820766377,0.3,0.0036071820766377,13587086.210269073,0.010898732542671574,31106667.366123136
2025-08-06,0.006575246533029499,0.0,0.006575246533029499,13676424.651767118,0.004911443204710963,31259445.996179685
2025-08-07,0.006211100571971339,0.0,0.006211100571971339,13761370.300744234,0.01522888131780551,31735492.389315855
2025-08-08,0.0031533827739894434,0.0,0.0031533827739894434,13804765.168797089,0.00827009502923104,31997947.92717494
2025-08-11,-0.003016431068859948,0.0,-0.003016431068859948,13763124.046243614,-0.00307872812241734,31899434.9450319
2025-08-12,0.008350746535595553,0.0,0.008350746535595553,13878056.406691754,0.01340374773573787,32327006.923947684
2025-08-13,-0.008656329195037981,0.3,-0.009106329195037982,13751678.256465115,-0.007197377224922485,32094337.26056335
2025-08-14,-0.0014017565928515884,0.0,-0.0014017565928515884,13732401.750806341,-0.005793716616722011,31908391.765474144
2025-08-15,0.0027222909716516194,0.0,0.0027222909716516194,13769785.344111651,0.011305422362900708,32269129.611303736
2025-08-18,-0.0007127771086413048,0.3,-0.0011627771086413048,13753774.152922614,-0.0013715223929764318,32224871.777439974
2025-08-19,-0.006924334920723585,0.0,-0.006924334920723585,13658538.414263785,-0.010214577560230042,31895708.325300846
2025-08-20,-0.0012060351002776916,0.0,-0.0012060351002776916,13642065.737517692,-0.0028053842576874263,31806228.60727726
2025-08-21,0.0015044247289959013,0.0,0.0015044247289959013,13662589.198567802,0.0010402856379654324,31839316.170095254
2025-08-22,0.007545662289679833,0.0,0.007545662289679833,13765682.482662825,0.017497990918198546,32396440.235281233
2025-08-25,-0.006639803536473454,0.3,-0.007089803536473454,13668086.498315271,-0.010826453589853024,32045701.678597514
2025-08-26,0.002023903058598031,0.0,0.002023903058598031,13695749.380384393,0.001928737135421943,32107509.413455676
2025-08-27,0.0016852119049556302,0.0,0.0016852119049556302,13718829.620287502,0.0022392473646646645,32179406.0692957
2025-08-28,0.0025404554757471054,0.3,0.0020904554757471055,13747508.222788073,0.007069140316275413,32406886.80609396
2025-08-29,-0.0015408450513406335,0.6,-0.0024408450513406336,13713952.685374215,0.00046780758038519324,32422046.993398536
2025-09-02,0.0,0.0,0.0,13713952.685374215,-0.0002064278529491869,32415354.17984947
2025-09-03,0.0,0.0,0.0,13713952.685374215,0.00970154023898142,32729833.042786118
2025-09-04,0.0,0.0,0.0,13713952.685374215,-0.0019221689634388414,32666920.773532733
2025-09-05,0.0,0.3,-0.00045,13707781.406665798,0.0063717688651532154,32875066.84223796
2025-09-08,-0.0005915187458235049,0.0,-0.0005915187458235049,13699672.997000104,-0.007534612998460121,32627365.93628319
2025-09-09,0.002107340439390426,0.0,0.002107340439390426,13728542.871913107,0.00022568526048899473,32634729.451863587
2025-09-10,0.0010833286864891933,0.0,0.0010833286864891933,13743415.396229945,0.0008336986970028492,32661936.98328464
2025-09-11,0.003311258920500215,0.0,0.003311258920500215,13788923.403058853,0.012021530937793411,33054583.469217457
2025-09-12,-0.004887742423667252,0.3,-0.005337742423667252,13715321.681633648,-0.01621136861729311,32518723.43210689
2025-09-15,0.0,0.3,-0.00045,13709149.786876913,0.00029553596483751217,32528333.88441168
2025-09-16,0.002763236540083569,0.3,0.002313236540083569,13740862.293097395,0.00934710815508164,32832379.73933388
2025-09-17,0.0,0.0,0.0,13740862.293097395,-0.012858273360865813,32410212.025557775
2025-09-18,0.0,0.3,-0.00045,13734678.905065503,0.007835425380256522,32664159.82344233
2025-09-19,0.0036278399056314248,0.0,0.0036278399056314248,13784506.121288335,0.007732606037760669,32916738.90291146
2025-09-22,0.0003821384610795064,0.0,0.0003821384610795064,13789773.711244266,0.001278843452003653,32958834.258918762
2025-09-23,0.00026702481321270175,0.0,0.00026702481321270175,13793455.922993755,0.0004200186654218283,32972677.584498048
2025-09-24,0.00881271870680811,0.0,0.00881271870680811,13915013.770037856,0.0024925981472054045,33054865.21955357
2025-09-25,-0.0006867492695268873,0.3,-0.0011367492695268872,13899195.888299309,-0.003266854685294451,32946879.7782393
2025-09-26,0.0,0.0,0.0,13899195.888299309,0.00617552520815765,33150344.064839955
2025-09-29,0.0,0.0,0.0,13899195.888299309,0.008252179212337373,33423906.64501366
2025-09-30,0.0,0.0,0.0,13899195.888299309,0.004041392020797818,33558985.754632704
2025-10-01,0.0,0.0,0.0,13899195.888299309,-0.002771274388971845,33465984.59689102
2025-10-02,0.0,0.0,0.0,13899195.888299309,0.000864331120594774,33494910.288859457
2025-10-03,0.0,0.0,0.0,13899195.888299309,0.007268828707810127,33738379.054332644
2025-10-06,0.0,0.0,0.0,13899195.888299309,-0.015272800697157606,33223099.515190665
2025-10-07,0.0,0.0,0.0,13899195.888299309,0.015539041712807223,33739354.644385956
2025-10-08,0.0,0.0,0.0,13899195.888299309,0.006846450212978516,33970349.45617677
2025-10-09,0.0,0.0,0.0,13899195.888299309,-0.008167754221004131,33692887.991017096
2025-10-10,0.0,0.0,0.0,13899195.888299309,-0.033094756493555144,32577830.06738976
2025-10-13,0.0,0.3,-0.00045,13892941.250149576,0.022014066245543917,33295000.576629348
2025-10-14,0.009430756583673604,0.3,0.008980756583673604,14017710.37374845,0.006345599103218868,33506277.302430075
2025-10-15,0.0,0.0,0.0,14017710.37374845,0.010702193618649014,33864867.96956083
2025-10-16,0.0,0.0,0.0,14017710.37374845,-0.001844737627544701,33802396.17336555
2025-10-17,0.0,0.0,0.0,14017710.37374845,-0.0024841846772892806,33718424.77873601
2025-10-20,0.0,0.0,0.0,14017710.37374845,0.017603166403916726,34311975.82099405
2025-10-21,0.0,0.0,0.0,14017710.37374845,-0.019167845834707042,33654289.15817303
2025-10-22,0.0,0.0,0.0,14017710.37374845,0.0014443163990357057,33702896.59990207
2025-10-23,0.0,0.3,-0.00045,14011402.404080262,0.012174728019966729,34113220.199490935
2025-10-24,0.0023064285434781563,0.0,0.0023064285434781563,14043718.702519191,0.0037321600030261635,34240536.1954939
2025-10-27,0.00018799341736979168,0.0,0.00018799341736979168,14046358.82919066,-0.005159002921008027,34063889.16924447
2025-10-28,0.005212047910252804,0.0,0.005212047910252804,14119569.124373004,0.012182636604028763,34478877.152313285
2025-10-29,0.0020562293225522277,0.0,0.0020562293225522277,14148602.196428342,0.008386911722442525,34768048.45127867
2025-10-30,-0.005085165040028849,0.0,-0.005085165040028849,14076654.219173787,-0.008788629798825375,34462484.944612764
2025-10-31,0.0019311700440191924,0.3,0.0014811700440191923,14097504.137723245,0.0023436914723760525,34543254.37669434
2025-11-03,-0.009356524867200145,0.0,-0.009356524867200145,13965600.48969318,-0.008461367318702761,34250971.21302974
2025-11-04,-0.007129791628047622,0.3,-0.0075797916280476215,13859744.148020744,-0.016048867006855427,33701281.93117619
2025-11-05,0.004481185150295141,0.3,0.004031185150295141,13915615.342817139,0.019988869576804277,34374932.460269585
2025-11-06,-0.007937834939674338,0.0,-0.007937834939674338,13805155.485141855,-0.009302925644412974,34055145.01955998
2025-11-07,-0.003402853414769158,0.3,-0.003852853414769158,13751966.24468951,0.0008194171617904142,34083050.38983627
2025-11-10,0.0027296513229243535,0.3,0.0022796513229243536,13783315.932732027,0.008297610391040244,34365858.262909316
2025-11-11,0.0,0.0,0.0,13783315.932732027,0.005481919829199978,34554249.142768234
2025-11-12,0.0,0.0,0.0,13783315.932732027,0.005789392130474813,34754297.24082984
2025-11-13,0.0,0.0,0.0,13783315.932732027,-0.018632355066903902,34106742.83453798
2025-11-14,0.0,0.3,-0.00045,13777113.440562299,-0.002111158679482594,34034738.08837397
2025-11-17,-0.007470575980637894,0.6,-0.008370575980637894,13661791.065714207,-0.009521969881372373,33710660.33737607
2025-11-18,-0.00200272013805628,0.3,-0.0024527201380562798,13628282.51564541,-0.003616577425134349,33588743.12421355
2025-11-19,0.010594289306066628,0.3,0.010144289306066628,13766531.756228928,0.0156674669462288,34114993.646877535
2025-11-20,-0.0070857730543692704,0.0,-0.0070857730543692704,13668985.236458521,-0.014727053883843776,33612580.29719298
2025-11-21,0.0016700345903635893,0.0,0.0016700345903635893,13691812.914618576,0.0013846729439866425,33659122.72770808
2025-11-24,0.010457062279242724,0.0,0.010457062279242724,13834989.054982483,0.01852731745156497,34282735.979625516
2025-11-25,0.002514868173630402,0.0,0.002514868173630402,13869782.228639385,0.00993491024041251,34623331.88437885
2025-11-26,0.0008231974250572316,0.0,0.0008231974250572316,13881199.797656106,0.006232281424517682,34839114.23253678
2025-11-28,-0.00018154558528986619,0.0,-0.00018154558528986619,13878679.727114316,0.0007199977457492347,34864198.316248104
2025-12-01,-0.0007850797341063642,0.0,-0.0007850797341063642,13867783.856924405,-0.0015934669958467705,34808643.366894506
2025-12-02,0.0029117231763540197,0.0,0.0029117231763540197,13908163.00458528,0.007419259474194773,35066897.72397821
2025-12-03,-0.0011567441144916368,0.0,-0.0011567441144916368,13892074.818886336,0.005897197467290283,35273694.144421786
2025-12-04,-0.001905145633806271,0.0,-0.001905145633806271,13865608.393200623,-0.007726511408715631,35001151.54418737
2025-12-05,0.0008230771081140897,0.0,0.0008230771081140897,13877020.858059142,0.0021115017112926515,35075056.53557013
2025-12-08,0.0007792483624405877,0.0,0.0007792483624405877,13887834.503838336,0.00297358621605619,35179355.240211695
2025-12-09,0.000797035996304829,0.0,0.000797035996304829,13898903.607848618,-0.0028967824115691543,35077448.30270151
2025-12-10,0.002204840918153028,0.0,0.002204840918153028,13929548.479240667,0.011239331441912602,35471695.370312124
2025-12-11,-0.0017294502094714725,0.3,-0.0021794502094714726,13899189.721889742,0.0057263904084349565,35674820.146451615
2025-12-12,-0.018791260708367064,0.3,-0.019241260708367063,13631751.788815804,-0.018124800790005502,35028221.13807791
2025-12-15,-0.0028125335846734155,0.3,-0.0032625335846734153,13587277.74078686,-0.008384272484218757,34734534.987418786
2025-12-16,0.0009246323733514417,0.0,0.0009246323733514417,13599840.97765171,0.0015193236571727222,34787307.98814606
2025-12-17,-0.002714911336861736,0.0,-0.002714911336861736,13562918.615201967,-0.0071665319469875095,34538003.63409932
2025-12-18,0.007252253245377815,0.3,0.006802253245377815,13655177.022369018,0.011786558875355468,34945087.84736987
2025-12-19,0.0016646590335645639,0.3,0.0012146590335645638,13671763.406494165,0.00504652383425539,35121439.06608178
2025-12-22,0.0,0.3,-0.00045,13665611.112961242,0.005764360063204376,35323891.68679657
2025-12-23,0.0011433445406963338,0.0,0.0011433445406963338,13681235.614822524,0.005334140133048803,35512314.275098585
2025-12-24,0.00020601018040780072,0.0,0.00020601018040780072,13684054.088639734,0.00012965705348603194,35516918.697129965
2025-12-26,-0.00116647155264461,0.0,-0.00116647155264461,13668092.028820487,0.012548759106433814,35962611.954063036
2025-12-29,-0.0009402244793402125,0.0,-0.0009402244793402125,13655240.954109116,-0.014634332789160043,35436323.12275985
2025-12-30,0.00222982468901356,0.0,0.00222982468901356,13685689.747523017,0.021115823531787137,36184590.26843544
2025-12-31,-0.007136556463454801,0.0,-0.007136556463454801,13588021.049898496,-0.01997712574029129,35461726.15878198
2026-01-02,0.0,0.0,0.0,13588021.049898496,-0.0009321130652691577,35428671.820512384
2026-01-05,0.0,0.3,-0.00045,13581906.440426042,0.03348931857341508,36615153.897742495
2026-01-06,0.0017875744067182397,0.0,0.0017875744067182397,13606185.108773388,0.011005307534972641,37018114.9268275
2026-01-07,-0.0030646762084559184,0.0,-0.0030646762084559184,13564486.556982683,-0.021705532333174016,36214617.03637009
2026-01-08,-0.001235967030370777,0.0,-0.001235967030370777,13547721.298814343,0.00033825839173149417,36226866.93448599
2026-01-09,0.003546772548766408,0.0,0.003546772548766408,13595771.984815314,0.009315230657618478,36564328.55598358
2026-01-12,-0.00037401860117192154,0.3,-0.0008240186011719215,13584568.815802535,0.01155302581735047,36986757.18778494
2026-01-13,-0.007709598573722264,0.0,-0.007709598573722264,13479837.243435593,-0.008210195498103201,36683088.68043235
2026-01-14,0.0030360888761475136,0.3,0.0025860888761475138,13514697.30058312,0.004826991802278646,36860157.64877506
2026-01-15,-0.0003515162134879901,0.0,-0.0003515162134879901,13509946.665361583,-0.01143107012080874,36438806.602027856
2026-01-16,0.00014701870834064046,0.0,0.00014701870834064046,13511932.880270075,-0.0062455453312342145,36211226.383578815
2026-01-20,-0.0047837746159059774,0.0,-0.0047837746159059774,13447294.838745615,-0.004832461123059117,36036237.03986188
2026-01-21,0.00313716302667546,0.0,0.00313716302667546,13489481.194922531,0.010000798746654016,36396628.19408426
2026-01-22,-0.0013240050474289222,0.0,-0.0013240050474289222,13471621.053733256,-0.0020202239469805042,36323098.85421722
2026-01-23,-0.00011976078491244823,0.0,-0.00011976078491244823,13470007.681821816,0.0063864267319864824,36555073.66372838
2026-01-26,0.0009015380440866583,0.0,0.0009015380440866583,13482151.406201117,0.002685778499057523,36653252.494605884
2026-01-27,0.0008233563791807619,0.3,0.0003733563791807619,13487185.053433703,0.0011512636791595862,36695450.05292599
2026-01-28,-0.0007399464881620244,0.0,-0.0007399464881620244,13477205.258218223,-0.00437162702886309,36535031.23163832
2026-01-29,0.015867644305768768,0.3,0.015417644305768767,13684992.015125267,0.015655242185429016,37106995.99382184
2026-01-30,-0.004730555023436156,0.0,-0.004730555023436156,13620254.407402435,-0.03507007265432273,35805650.94833484
2026-02-02,0.0044401148247726,0.0,0.0044401148247726,13680729.900913917,0.01001672453905882,36164306.290826
2026-02-03,-0.004888915020074291,0.3,-0.005338915020074291,13607689.646560349,0.015327840182235743,36718626.9979532
2026-02-04,-0.018195567809679333,0.3,-0.018645567809679332,13353966.546522336,-0.02962337011579786,35630897.520248905
2026-02-05,-0.0049477345520505195,0.0,-0.0049477345520505195,13287894.66483318,-0.01796746772079609,34990700.51919084
2026-02-06,0.009197011889797513,0.0,0.009197011889797513,13410103.590056026,0.023717523068642832,35820593.26594272
2026-02-09,0.0002669320305197065,0.3,-0.0001830679694802935,13407648.629621273,0.006719125246154367,36061276.31848814
2026-02-10,-0.010528047358720871,0.0,-0.010528047358720871,13266492.269879533,-0.023816987875334317,35202405.337641634
2026-02-11,0.00666492745873124,0.3,0.00621492745873124,13348942.556968655,0.013120476684721915,35664277.67612029
2026-02-12,-0.006452213437308862,0.3,-0.006902213437308862,13256805.306278082,-0.024939649233402916,34774823.10071517
2026-02-13,0.0027998779967312037,0.0,0.0027998779967312037,13293922.743762081,0.0006757476494857473,34798322.10568676
2026-02-17,-0.0015770670237355345,0.0,-0.0015770670237355345,13272957.336586805,0.00035371510675569163,34810630.79790529
2026-02-18,0.010131509477986755,0.0,0.010131509477986755,13407432.42964335,0.010557974794383095,35178160.56044615
2026-02-19,-0.004341421558696445,0.3,-0.004791421558696445,13343191.76885319,-0.0069343311980252335,34934223.54418271
2026-02-20,0.003859559269509005,0.3,0.0034095592695090053,13388686.172033517,0.012002531585134667,35353522.66567392
2026-02-23,-0.006765733781113325,0.3,-0.007215733781113325,13292076.976937251,-0.006769801505304939,35114186.334714
2026-02-24,0.003222445981978139,0.3,0.002772445981978139,13328928.542344104,0.015537289193607196,35659765.602594666
2026-02-25,0.004284711935802465,0.3,0.0038347119358024652,13380041.14371689,0.0035683971968850756,35787013.81021255
2026-02-26,-0.005041550636977965,0.3,-0.005491550636977965,13306563.97025132,-0.01092970222722226,35395872.40566544
2026-02-27,0.006319904257083241,0.0,0.006319904257083241,13390660.18053406,0.0036053815832210894,35523488.03215887
2026-03-02,0.0019172028484590652,0.0,0.0019172028484590652,13416332.792374928,-0.008815110101599698,35210344.573962525
2026-03-03,-0.003308971483746337,0.0,-0.003308971483746337,13371938.529748509,-0.014569288858438856,34697354.8930593
2026-03-04,0.019581079939862245,0.6,0.018681079939862243,13621740.782373663,0.031170983955170373,35778905.5857177
2026-03-05,-0.014503247307821942,0.3,-0.014953247307821943,13418051.523691785,-0.01958275232908665,35078256.13902681
2026-03-06,-0.0007830060929377879,0.3,-0.001233006092937788,13401506.984407721,0.007373767786670948,35336915.05415736
2026-03-09,0.013214582678033125,0.3,0.012764582678033124,13572571.628320431,0.017230171850845855,35945776.17321924
2026-03-10,0.0012993152685428554,0.0,0.0012993152685428554,13590206.677870497,0.012603020973645917,36398801.5442443
2026-03-11,-0.00860725307537582,0.0,-0.00860725307537582,13473232.329647405,-0.025708548283977006,35463041.1972652
2026-03-12,-0.002411805031580738,0.0,-0.002411805031580738,13440737.520123105,-0.011584890499971945,35052205.74819889
2026-03-13,0.004459313035107137,0.0,0.004459313035107137,13500673.976148043,0.007197992077081139,35304511.247458644
2026-03-16,0.0036998608989270653,0.0,0.0036998608989270653,13550624.591901558,0.019132314615147306,35979968.263979025
2026-03-17,-0.0009332938363641907,0.0,-0.0009332938363641907,13537977.87749105,-0.006790335891655541,35735652.1940955
2026-03-18,-0.004998398293489558,0.0,-0.004998398293489558,13470309.6719709,-0.022962136901878514,34915085.25613676
2026-03-19,0.0017624938753455055,0.0,0.0017624938753455055,13494051.010266757,0.007754359992031289,35185829.396365315
2026-03-20,-0.006393956708924231,0.0,-0.006393956708924231,13407770.632279096,-0.03306828429861899,34022294.3866036
2026-03-23,0.008451803005757496,0.3,0.008001803005757495,13515056.971624976,0.03580754406406576,35240549.19201252
2026-03-24,-0.015579902222313768,0.3,-0.016029902222313767,13298411.929840827,-0.022617419902050184,34443498.89335792
2026-03-25,0.004187720504583115,0.0,0.004187720504583115,13354101.962157814,0.016814566486969308,35022651.395544134
2026-03-26,-0.007374252749365617,0.0,-0.007374252749365617,13255625.439048063,-0.01680793557470407,34433992.92723251
2026-03-27,-0.0022191532372379807,0.0,-0.0022191532372379807,13226209.174943384,0.01009962010121046,34781763.17436533
2026-03-30,-0.003999566322576187,0.0,-0.003999566322576187,13173310.074151933,-0.010793770979532845,34406336.78839688
2026-03-31,0.01267713040600331,0.0,0.01267713040600331,13340309.843840677,0.036810246186719214,35672842.51596095
2026-04-01,0.002364112383417405,0.0,0.002364112383417405,13371847.835541127,0.005167309090593496,35857175.11938098
2026-04-02,-0.004082809095798223,0.0,-0.004082809095798223,13317253.133570548,-0.01667313189305083,35259323.70930332
2026-04-06,0.004090750891020112,0.0,0.004090750891020112,13371730.698692644,0.008094343694074867,35544724.79382706
2026-04-07,-0.0010637352897429951,0.0,-0.0010637352897429951,13357506.716863504,-0.007811737217035895,35267058.74428582
2026-04-08,0.009084891388904115,0.0,0.009084891388904115,13478858.214612765,0.0334711952078552,36447489.35192271
2026-04-09,-0.004308092649173511,0.0,-0.004308092649173511,13420790.04461914,-0.012067263828253925,36007667.88203558
2026-04-10,-0.0014458244276578157,0.3,-0.0018958244276578158,13395346.583014086,0.001802119943017899,36072558.018427365
2026-04-13,0.012729090846542012,0.3,0.012279090846542011,13559829.260627832,0.017222676585579542,36693824.01879329
2026-04-14,0.0056007397135296785,0.0,0.0056007397135296785,13635774.33487651,0.016026604710518467,37281901.43165982
2026-04-15,0.0012560341220984484,0.3,0.0008060341220984484,13646765.234271651,-0.0039405192541955405,37134991.38123534
2026-04-16,-0.001996501570132314,0.0,-0.001996501570132314,13619519.4460542,0.00016092641213212274,37140967.38216288
2026-04-17,0.0075698968579479995,0.0,0.0075698968579479995,13722617.803515648,0.012372177994037493,37600482.04148574
2026-04-20,-0.0003764173381631264,0.0,-0.0003764173381631264,13717452.37224942,-0.004383711524879319,37435652.37501946
2026-04-21,-0.010872321867318112,0.0,-0.010872321867318112,13568311.81485872,-0.024293687686908358,36526202.32786507
2026-04-22,0.021016897685139545,0.0,0.021016897685139545,13853475.636031676,0.025806322729335383,37468809.29321496
2026-04-23,-0.008266000957411479,0.0,-0.008266000957411479,13738962.79316076,-0.013836022627386813,36950390.0000128
2026-04-24,0.008802087034855365,0.0,0.008802087034855365,13859894.339434799,0.015559515723956752,37525320.17422433
2026-04-27,0.001177201781271342,0.0,0.001177201781271342,13876210.231739417,0.0002529263857119269,37534811.31782868
2026-04-28,-0.010318257850178224,0.0,-0.010318257850178224,13733031.916585049,-0.01475987949922062,36980802.025751546
2026-04-29,-0.002024918709898527,0.0,-0.002024918709898527,13705223.643313522,-0.009945699033497457,36613002.09878606
2026-04-30,0.016568979935158313,0.0,0.016568979935158313,13932305.218866441,0.02602827968992101,37565975.55770093
2026-05-01,-0.002239158337114166,0.3,-0.002689158337114166,13894839.044131909,-0.005282394957202207,37367537.23785256
2026-05-04,-0.0009708567140142232,0.3,-0.001420856714014223,13875096.468785906,-0.017332764908412346,36719854.49970251
2026-05-05,0.018677898762192592,0.3,0.018227898762192593,14128010.322534593,0.02594709634458916,37672628.102165595
2026-05-06,0.003914727017035968,0.0,0.003914727017035968,14183317.626241181,0.020531990448643046,38446122.14253453
2026-05-07,-0.003239000557971372,0.0,-0.003239000557971372,14137377.852535902,-0.011430459875098907,38006665.28603114
2026-05-08,0.005096431284728209,0.0,0.005096431284728209,14209428.027307589,0.0066652542192560445,38259989.37218871
2026-05-11,0.0014466962383378635,0.0,0.0014466962383378635,14229984.753383629,0.00821938882821308,38574463.10140203
2026-05-12,-0.0008642210584733579,0.0,-0.0008642210584733579,14217686.900897998,0.008004380438626713,38883227.77928142
2026-05-13,0.008487214342915128,0.0,0.008487214342915128,14338355.457086375,0.014441826266360012,39444772.59954511
2026-05-14,-0.006584578774548422,0.0,-0.006584578774548422,14243943.426081713,-0.027650645106240275,38354099.191098735
2026-05-15,-0.001966899571140468,0.3,-0.002416899571140468,14209517.245323868,-0.01776937568792487,37672570.79340016
2026-05-18,0.0030585761710118175,0.3,0.0026085761710118176,14246583.8534116,0.008737193922292575,38001723.3499734
2026-05-19,-0.0009287584729457342,0.0,-0.0009287584729457342,14233352.217947213,-0.00851145157501888,37678273.521912836
2026-05-20,0.006503277630914362,0.0,0.006503277630914362,14325915.659039114,0.026317566196844354,38669873.979508586
2026-05-21,-0.001852320490460013,0.3,-0.002302320490460013,14292932.809872707,-0.0054417872689486385,38459440.75159505
2026-05-22,0.0043264054892084396,0.3,0.0038764054892084397,14348338.013073785,0.0011414661375373832,38503340.90088162
2026-05-26,0.004772528944440601,0.0,0.004772528944440601,14416815.8715458,0.01330058839343904,39015457.98997651
2026-05-27,-0.0013034025476373666,0.0,-0.0013034025476373666,14398024.957010007,-0.003911070425113483,38862865.78610965
2026-05-28,0.0025970195951382723,0.3,0.0021470195951382724,14428937.798723998,0.007397179319296443,39150341.37319125
2026-05-29,-0.0024830889181170486,0.0,-0.0024830889181170486,14393109.463175787,-0.0035099197269736534,39012926.817687735
2026-06-01,0.00935365602245628,0.0,0.00935365602245628,14527737.658187894,0.0022565556221845525,39100961.65703606
2026-06-02,0.007780687331884617,0.3,0.007330687331884617,14634235.960599715,0.005199220331311649,39304256.171857156
2026-06-03,-0.0015018804176919252,0.0,-0.0015018804176919252,14612257.088182608,-0.01657982919952521,38652598.31771339
2026-06-04,0.00028009266956279254,0.0,0.00028009266956279254,14616349.874278773,0.006737150983350059,38913006.7084786
2026-06-05,-0.014186506807542076,0.0,-0.014186506807542076,14408994.9272859,-0.03656351592104191,37490210.368157536
2026-06-08,0.011022502770812315,0.3,0.010572502770812314,14561334.066079251,0.02252511529658363,38334681.67919346
2026-06-09,0.011199203811016257,0.3,0.010749203811016256,14717856.81371583,0.01443362210895175,38887989.9882179
2026-06-10,-0.008060438422528692,0.0,-0.008060438422528692,14599224.43515728,-0.018994843155430707,38149318.71776174
2026-06-11,0.009709762065129524,0.0,0.009709762065129524,14740979.430758085,0.03235194642938157,39383523.433236174
2026-06-12,-0.0012549462276787659,0.0,-0.0012549462276787659,14722480.294229165,0.0013077027216733539,39435025.37401891
2026-06-15,0.007064188945274941,0.0,0.007064188945274941,14826482.676770687,0.008086761405198605,39753927.01522655
2026-06-16,-0.008693350688986612,0.0,-0.008693350688986612,14697590.863377335,-0.015255585669535221,39147457.57594532
2026-06-17,-0.004592794876378125,0.0,-0.004592794876378125,14630087.843364915,-0.018583453943692308,38419962.60107009
2026-06-18,0.007898248603144054,0.0,0.007898248603144054,14745639.914237645,0.007783686073538276,38719011.5289139
2026-06-22,0.004263957835113574,0.0,0.004263957835113574,14808514.701083722,0.015131066898334145,39304871.48259527
2026-06-23,-0.008352781669523968,0.0,-0.008352781669523968,14684822.410935635,-0.023941634073002968,38363848.632272564
2026-06-24,0.001205879478331262,0.6,0.00030587947833126197,14689314.196754077,-0.005795451009771991,38141512.82697792
2026-06-25,0.012228906690487394,0.3,0.011778906690487393,14862338.258024896,0.012228906690487394,38607941.82837307
2026-06-26,-0.00023987027388808722,0.0,-0.00023987027388808722,14858773.224876327,0.0021218868385856405,38689863.51200357
2026-06-29,0.008077148206628793,0.3,0.007627148206628793,14972103.290431147,0.010835509337179606,39109087.88934209
2026-06-30,0.005028309158680688,0.0,0.005028309158680688,15047387.654531134,0.008153080203675023,39427947.41959648
2026-07-01,-0.004635885027967667,0.0,-0.004635885027967667,14977629.69539347,-0.011235452071629126,38984956.60608089
2026-07-02,-0.004083739062073877,0.0,-0.004083739062073877,14916464.963949114,-0.0031517749815675455,38862084.79519235
2026-07-06,0.0029143971602527906,0.3,0.0024643971602527908,14953225.05784728,0.008626716429859725,39197336.98059364
2026-07-07,-0.004800228575529542,0.0,-0.004800228575529542,14881446.159628276,-0.0008518917020220345,39163945.09447851
2026-07-08,-0.002420599006645918,0.0,-0.002420599006645918,14845424.145836825,-0.008031434606128807,38849402.43053419
2026-07-09,0.015879284876925158,0.3,0.015429284876925157,15074478.424101723,0.02416218222737427,39788088.77148536
2026-07-10,-0.0015541456483943671,0.0,-0.0015541456483943671,15051050.48905709,-0.002518610153087397,39687878.08713355
2026-07-13,-0.0057225379545384645,0.3,-0.006172537954538464,14958147.30865771,-0.012294443028803215,39199937.7310572
2026-07-14,0.01047686644706478,0.3,0.01002686644706478,15108130.654017143,0.01646995589175453,39845558.97644723
2026-07-15,-0.0025652243672326437,0.0,-0.0025652243672326437,15069374.909120124,-0.006575675442947682,39583547.51277529
2026-07-16,-0.005113967531957508,0.3,-0.005563967531957508,14985529.396398885,-0.01577595617743992,38959079.201866135
2026-07-17,-0.005837434591037294,0.0,-0.005837434591037294,14898052.34873534,-0.007409361095505607,38670417.3161111
2026-07-20,0.010711365877376755,0.3,0.010261365877376754,15050926.714746024,0.013285082379565804,39184156.99580783
2026-07-21,0.005498751800958734,0.3,0.005048751800958734,15126915.108103195,0.01890591066849956,39924969.16759103
2026-07-22,-0.0034077384253287215,0.3,-0.0038577384253287213,15068559.42643398,-0.0024451758086209254,39827345.5988225
2026-07-23,-0.005137374440331188,0.0,-0.005137374440331188,14991146.594384009,-0.018728397128751004,39081443.25386374
2026-07-24,-0.0014654912532737318,0.0,-0.0014654912532737318,14969177.200173393,0.0031391344670144367,39204125.15940261
2026-07-27,0.00037672950532647854,0.0,0.00037672950532647854,14974816.53089516,0.011204750437601652,39643397.59793822
2026-07-28,-0.004784488991806546,0.0,-0.004784488991806546,14903169.686048772,-0.013157136730020069,39121803.99529959
2026-07-29,-0.007880644314782258,0.0,-0.007880644314782258,14785723.106590176,-0.012634845699065478,38627506.0383499
2026-07-30,0.010068026686243292,0.0,0.010068026686243292,14934586.161402732,0.02517737341875699,39600045.18211272
2026-07-31,-0.0012358169092950065,0.0,-0.0012358169092950065,14916129.747291148,-0.009556355097758717,39221613.08846517
2026-08-03,0.004574532012508436,0.0,0.004574532012508436,14984364.060322858,0.007470752370445355,39514628.04741851
2026-08-04,0.01076507745059938,0.0,0.01076507745059938,15145671.899980213,0.02042409804233756,40321678.68476549
2026-08-05,-0.0059940019619919346,0.3,-0.0064440019619919344,15048073.160541056,-0.0034763353798761276,40181507.00657764
2026-08-06,-0.00238420870248629,0.0,-0.00238420870248629,15012195.413556041,-0.00013238301840735607,40176187.65739596
2026-08-07,-0.001595992733605711,0.3,-0.002045992733605711,14981480.570824437,-0.001494434522144661,40116146.97559258
2026-08-10,-0.0018372905445582233,0.3,-0.002287290544558223,14947213.571971307,-0.004381353124575438,39940383.96969514
2026-08-11,0.000926867342399107,0.0,0.000926867342399107,14961067.656091033,-0.001640272714221991,39874870.84767411
2026-08-12,-0.0002646187688276401,0.3,-0.0007146187688276401,14950376.19634229,-0.003637248615166932,39729836.02890345
2026-08-13,0.003659016517741831,0.3,0.003209016517741831,14998352.200502807,0.0029082465331959906,39845380.186798945
2026-08-14,0.0007355465592870147,0.0,0.0007355465592870147,15009384.186858863,0.002803686460059407,39957094.13972459
2026-08-17,-0.0001838766704276185,0.0,-0.0001838766704276185,15006624.311269414,0.0010073460811842792,39997344.761921756
2026-08-18,-0.011094313184006133,0.0,-0.011094313184006133,14840136.12132547,-0.013802730736850222,39445272.181983985
2026-08-19,0.006364552268734003,0.0,0.006364552268734003,14934586.943344772,0.013719360162468795,39986436.077755235
2026-08-20,-0.0036146808412782835,0.0,-0.0036146808412782835,14880603.178048259,-0.004561110129985335,39804053.53909897
2026-08-21,0.00666870193365845,0.0,0.00666870193365845,14979837.485235713,0.01286748019831747,40316231.40982609
2026-08-24,-0.003132517385891631,0.0,-0.003132517385891631,14932912.883875383,0.0024979270751441236,40416938.41583248
2026-08-25,0.0011432164381629194,0.3,0.0006932164381629194,14943264.624556141,-0.004228364067618707,40246040.88571182
2026-08-26,0.00046531200482748943,0.0,0.00046531200482748943,14950217.90497726,-0.008748377642475713,39893953.32142909
2026-08-27,0.006256495908539183,0.0,0.006256495908539183,15043753.88213152,0.010258713509653749,40303213.95932113
2026-08-28,-0.0008283394406928491,0.3,-0.001278339440692849,15024522.858207917,-0.003532955775861846,40160824.486777745
2026-08-31,0.008407571180984164,0.0,0.008407571180984164,15150842.603598623,0.007661234756381762,40468505.9911808
2026-09-01,-0.009198203862683075,0.3,-0.009648203862683075,15004664.185467679,-0.009203635762275463,40096048.60219451
2026-09-02,0.0011965865904284723,0.0,0.0011965865904284723,15022618.565425891,0.010307647141827903,40509344.52296751
2026-09-03,0.004201683634237963,0.0,0.004201683634237963,15085738.85599564,0.008715101667286795,40862387.57896032
2026-09-04,-0.0010506095389735792,0.0,-0.0010506095389735792,15069889.634851066,-0.005452141693415779,40639600.05194856
2026-09-08,0.00015139147880736115,0.0,0.00015139147880736115,15072171.08772835,0.007382964738030661,40939640.78609976
2026-09-09,-0.003886347296434023,0.0,-0.003886347296434023,15013595.396370165,-0.00890851147755235,40574929.52626992
2026-09-10,-0.0026262624620308262,0.0,-0.0026262624620308262,14974165.75436056,-0.02394799041082929,39603241.50305474
2026-09-11,0.0072371093687543684,0.0,0.0072371093687543684,15082535.429630727,0.01587145896422215,40231802.725420654
2026-09-14,-0.0038130865156803194,0.0,-0.0038130865156803194,15025024.41716173,-0.015957595442556448,39589799.89360365
2026-09-15,0.004126373770446445,0.0,0.004126373770446445,15087023.283817023,0.01927487011769826,40352888.14453853
2026-09-16,-0.0003538529880872443,0.0,-0.0003538529880872443,15081684.695546702,-0.0032123962225622193,40223258.67909355
2026-09-17,0.005353584458122396,0.0,0.005353584458122396,15162425.768335082,0.018999790500652633,40987492.16724988
2026-09-18,0.0037910159757824856,0.0,0.0037910159757824856,15219906.766654456,0.010753225313292793,41428239.905551136
2026-09-21,0.008597931569322648,0.0,0.008597931569322648,15350766.483525619,0.01566249182141202,42077109.37424733
2026-09-22,-0.0014988018060588693,0.0,-0.0014988018060588693,15327758.726995723,-0.0015983582534508823,42009855.079197645
