asset,test_year,strategy,horizon,threshold,robust_score,positive_rate,median_val_return,median_val_sharpe,worst_val_return,worst_val_drawdown,median_turnover,n_folds,ctx_self_ret20,ctx_self_ret60,ctx_self_ret120,ctx_self_sma60,ctx_self_sma200,ctx_self_vol20,ctx_self_dd252,ctx_usdclp_ret20,ctx_vix_level,ctx_vix_diff5,ctx_us2y_level,ctx_us10y_level,ctx_curve_10y_2y,ctx_wti_level,ctx_wti_diff20,ctx_usd_broad_chg20,eligible,meta_pred,final_score,selected_topk
QQQ,2017,BUYHOLD,0,,1.0027213666553665,0.6666666666666666,0.283932460353163,1.4037573724706358,-0.00014531923021998683,-0.1444681198101524,1.0,3,-0.0026625836401872327,-0.013003199509798113,0.05784437054844371,-0.0011817401067834021,0.03479710577565398,0.2432463701112825,-0.04059232902292864,-0.030865989024333795,14.039999961853027,2.609999656677246,1.22,2.49,1.2700000000000002,53.8,4.390000000000001,0.900100000000009,True,,1.0027213666553665,False
QQQ,2017,CASH,0,,0.0,0.0,0.0,0.0,0.0,0.0,0.0,3,-0.0026625836401872327,-0.013003199509798113,0.05784437054844371,-0.0011817401067834021,0.03479710577565398,0.2432463701112825,-0.04059232902292864,-0.030865989024333795,14.039999961853027,2.609999656677246,1.22,2.49,1.2700000000000002,53.8,4.390000000000001,0.900100000000009,False,,0.0,False
QQQ,2017,MOMENTUM,0,,-0.20627135680436837,0.6666666666666666,0.07486353253543876,0.5959149780616201,-0.10377313302007196,-0.15499242233593202,13.0,3,-0.0026625836401872327,-0.013003199509798113,0.05784437054844371,-0.0011817401067834021,0.03479710577565398,0.2432463701112825,-0.04059232902292864,-0.030865989024333795,14.039999961853027,2.609999656677246,1.22,2.49,1.2700000000000002,53.8,4.390000000000001,0.900100000000009,False,,-0.20627135680436837,False
QQQ,2017,MEANREV,0,,0.43372513912699556,1.0,0.044188379242525944,0.5673760590230733,0.035036990958365655,-0.06549980051783755,4.0,3,-0.0026625836401872327,-0.013003199509798113,0.05784437054844371,-0.0011817401067834021,0.03479710577565398,0.2432463701112825,-0.04059232902292864,-0.030865989024333795,14.039999961853027,2.609999656677246,1.22,2.49,1.2700000000000002,53.8,4.390000000000001,0.900100000000009,True,,0.43372513912699556,False
QQQ,2017,TREND60,0,,-0.00324498652906266,0.6666666666666666,0.1095599960627629,0.7962739824676422,-0.10377313302007196,-0.15499242233593202,6.0,3,-0.0026625836401872327,-0.013003199509798113,0.05784437054844371,-0.0011817401067834021,0.03479710577565398,0.2432463701112825,-0.04059232902292864,-0.030865989024333795,14.039999961853027,2.609999656677246,1.22,2.49,1.2700000000000002,53.8,4.390000000000001,0.900100000000009,False,,-0.00324498652906266,False
QQQ,2017,TREND200_0,0,,0.8285668958485034,0.6666666666666666,0.283932460353163,1.4037573724706358,-0.1031271775391891,-0.15626111919925956,1.0,3,-0.0026625836401872327,-0.013003199509798113,0.05784437054844371,-0.0011817401067834021,0.03479710577565398,0.2432463701112825,-0.04059232902292864,-0.030865989024333795,14.039999961853027,2.609999656677246,1.22,2.49,1.2700000000000002,53.8,4.390000000000001,0.900100000000009,True,,0.8285668958485034,False
QQQ,2017,TREND200_33,0,,0.9037824261891718,0.6666666666666666,0.283932460353163,1.4037573724706358,-0.06727369407250439,-0.13196506503724836,1.0,3,-0.0026625836401872327,-0.013003199509798113,0.05784437054844371,-0.0011817401067834021,0.03479710577565398,0.2432463701112825,-0.04059232902292864,-0.030865989024333795,14.039999961853027,2.609999656677246,1.22,2.49,1.2700000000000002,53.8,4.390000000000001,0.900100000000009,True,,0.9037824261891718,False
QQQ,2017,TREND200_50,0,,0.9339237481311672,0.6666666666666666,0.283932460353163,1.4037573724706358,-0.049466188630229335,-0.13431027950294194,1.0,3,-0.0026625836401872327,-0.013003199509798113,0.05784437054844371,-0.0011817401067834021,0.03479710577565398,0.2432463701112825,-0.04059232902292864,-0.030865989024333795,14.039999961853027,2.609999656677246,1.22,2.49,1.2700000000000002,53.8,4.390000000000001,0.900100000000009,True,,0.9339237481311672,False
QQQ,2017,TREND200_67,0,,0.960909974948087,0.6666666666666666,0.283932460353163,1.4037573724706358,-0.03216068313161702,-0.13722071827440419,1.0,3,-0.0026625836401872327,-0.013003199509798113,0.05784437054844371,-0.0011817401067834021,0.03479710577565398,0.2432463701112825,-0.04059232902292864,-0.030865989024333795,14.039999961853027,2.609999656677246,1.22,2.49,1.2700000000000002,53.8,4.390000000000001,0.900100000000009,True,,0.960909974948087,False
QQQ,2017,VOLTARGET10,0,,0.7879706854686015,0.6666666666666666,0.148723257368911,1.2926383384612847,-0.018471775340426766,-0.08042108741195642,4.082281245025651,3,-0.0026625836401872327,-0.013003199509798113,0.05784437054844371,-0.0011817401067834021,0.03479710577565398,0.2432463701112825,-0.04059232902292864,-0.030865989024333795,14.039999961853027,2.609999656677246,1.22,2.49,1.2700000000000002,53.8,4.390000000000001,0.900100000000009,True,,0.7879706854686015,False
QQQ,2017,VOLTARGET15,0,,0.8265311539641642,0.6666666666666666,0.2230842366528174,1.3303371777707411,-0.03198967585031676,-0.12003758012269272,3.944489377699008,3,-0.0026625836401872327,-0.013003199509798113,0.05784437054844371,-0.0011817401067834021,0.03479710577565398,0.2432463701112825,-0.04059232902292864,-0.030865989024333795,14.039999961853027,2.609999656677246,1.22,2.49,1.2700000000000002,53.8,4.390000000000001,0.900100000000009,True,,0.8265311539641642,False
QQQ,2017,VOLTARGET20,0,,1.012906748177752,0.6666666666666666,0.2784966451690003,1.4768470711225843,-0.03206364401793671,-0.1434853242223304,2.076030191537636,3,-0.0026625836401872327,-0.013003199509798113,0.05784437054844371,-0.0011817401067834021,0.03479710577565398,0.2432463701112825,-0.04059232902292864,-0.030865989024333795,14.039999961853027,2.609999656677246,1.22,2.49,1.2700000000000002,53.8,4.390000000000001,0.900100000000009,True,,1.012906748177752,False
QQQ,2017,LOGIT,1,0.52,0.45873452362797607,0.6666666666666666,0.2430481034047418,1.2477115371236713,-0.024982010085810025,-0.16089141369526017,7.0,3,-0.0026625836401872327,-0.013003199509798113,0.05784437054844371,-0.0011817401067834021,0.03479710577565398,0.2432463701112825,-0.04059232902292864,-0.030865989024333795,14.039999961853027,2.609999656677246,1.22,2.49,1.2700000000000002,53.8,4.390000000000001,0.900100000000009,True,,0.45873452362797607,False
QQQ,2017,LOGIT,1,0.56,0.4763636763593948,0.6666666666666666,0.2430481034047418,1.2477115371236713,-0.005333883793426364,-0.14523243160339827,7.0,3,-0.0026625836401872327,-0.013003199509798113,0.05784437054844371,-0.0011817401067834021,0.03479710577565398,0.2432463701112825,-0.04059232902292864,-0.030865989024333795,14.039999961853027,2.609999656677246,1.22,2.49,1.2700000000000002,53.8,4.390000000000001,0.900100000000009,True,,0.4763636763593948,False
QQQ,2017,LOGIT,1,0.6,0.37987552267722885,0.6666666666666666,0.211091955607853,1.1409074300980333,-0.0633937410801193,-0.15083486036190363,11.0,3,-0.0026625836401872327,-0.013003199509798113,0.05784437054844371,-0.0011817401067834021,0.03479710577565398,0.2432463701112825,-0.04059232902292864,-0.030865989024333795,14.039999961853027,2.609999656677246,1.22,2.49,1.2700000000000002,53.8,4.390000000000001,0.900100000000009,True,,0.37987552267722885,False
QQQ,2017,LOGIT,1,0.64,0.20031340612456938,0.6666666666666666,0.03520062734792284,0.7596660184902337,-0.011147772129567968,-0.11932338773599649,9.0,3,-0.0026625836401872327,-0.013003199509798113,0.05784437054844371,-0.0011817401067834021,0.03479710577565398,0.2432463701112825,-0.04059232902292864,-0.030865989024333795,14.039999961853027,2.609999656677246,1.22,2.49,1.2700000000000002,53.8,4.390000000000001,0.900100000000009,True,,0.20031340612456938,False
QQQ,2017,LOGIT,5,0.52,0.7199735060312392,0.6666666666666666,0.1307992973914618,1.2042323375371955,-0.00014531923021998683,-0.1444681198101524,6.0,3,-0.0026625836401872327,-0.013003199509798113,0.05784437054844371,-0.0011817401067834021,0.03479710577565398,0.2432463701112825,-0.04059232902292864,-0.030865989024333795,14.039999961853027,2.609999656677246,1.22,2.49,1.2700000000000002,53.8,4.390000000000001,0.900100000000009,True,,0.7199735060312392,False
QQQ,2017,LOGIT,5,0.56,0.5735201171691193,0.6666666666666666,0.09950626433997445,0.9752732901798215,-0.00014531923021998683,-0.1444681198101524,4.0,3,-0.0026625836401872327,-0.013003199509798113,0.05784437054844371,-0.0011817401067834021,0.03479710577565398,0.2432463701112825,-0.04059232902292864,-0.030865989024333795,14.039999961853027,2.609999656677246,1.22,2.49,1.2700000000000002,53.8,4.390000000000001,0.900100000000009,True,,0.5735201171691193,False
QQQ,2017,LOGIT,5,0.6,0.42609128164046,0.6666666666666666,0.09950626433997445,0.9752732901798215,-0.00014531923021998683,-0.1444681198101524,4.0,3,-0.0026625836401872327,-0.013003199509798113,0.05784437054844371,-0.0011817401067834021,0.03479710577565398,0.2432463701112825,-0.04059232902292864,-0.030865989024333795,14.039999961853027,2.609999656677246,1.22,2.49,1.2700000000000002,53.8,4.390000000000001,0.900100000000009,True,,0.42609128164046,False
QQQ,2017,LOGIT,5,0.64,0.44494038571373046,0.6666666666666666,0.09950626433997445,0.9752732901798215,-0.00014531923021998683,-0.1444681198101524,4.0,3,-0.0026625836401872327,-0.013003199509798113,0.05784437054844371,-0.0011817401067834021,0.03479710577565398,0.2432463701112825,-0.04059232902292864,-0.030865989024333795,14.039999961853027,2.609999656677246,1.22,2.49,1.2700000000000002,53.8,4.390000000000001,0.900100000000009,True,,0.44494038571373046,False
QQQ,2017,LOGIT,20,0.52,1.1009817392298193,1.0,0.240637363894882,1.6465341309044856,0.014473888344120667,-0.1319591038666238,9.0,3,-0.0026625836401872327,-0.013003199509798113,0.05784437054844371,-0.0011817401067834021,0.03479710577565398,0.2432463701112825,-0.04059232902292864,-0.030865989024333795,14.039999961853027,2.609999656677246,1.22,2.49,1.2700000000000002,53.8,4.390000000000001,0.900100000000009,True,,1.1009817392298193,False
QQQ,2017,LOGIT,20,0.56,1.017512684644487,1.0,0.240637363894882,1.6465341309044856,0.006955217453627149,-0.1319591038666238,9.0,3,-0.0026625836401872327,-0.013003199509798113,0.05784437054844371,-0.0011817401067834021,0.03479710577565398,0.2432463701112825,-0.04059232902292864,-0.030865989024333795,14.039999961853027,2.609999656677246,1.22,2.49,1.2700000000000002,53.8,4.390000000000001,0.900100000000009,True,,1.017512684644487,False
QQQ,2017,LOGIT,20,0.6,1.0777125010193207,0.6666666666666666,0.24230741212695417,1.6942063711762212,-0.009379883986898152,-0.1319591038666238,9.0,3,-0.0026625836401872327,-0.013003199509798113,0.05784437054844371,-0.0011817401067834021,0.03479710577565398,0.2432463701112825,-0.04059232902292864,-0.030865989024333795,14.039999961853027,2.609999656677246,1.22,2.49,1.2700000000000002,53.8,4.390000000000001,0.900100000000009,True,,1.0777125010193207,False
QQQ,2017,LOGIT,20,0.64,0.7717140173390802,1.0,0.18877069224838916,1.3874217151877282,0.0007028037486753735,-0.1319591038666238,9.0,3,-0.0026625836401872327,-0.013003199509798113,0.05784437054844371,-0.0011817401067834021,0.03479710577565398,0.2432463701112825,-0.04059232902292864,-0.030865989024333795,14.039999961853027,2.609999656677246,1.22,2.49,1.2700000000000002,53.8,4.390000000000001,0.900100000000009,True,,0.7717140173390802,False
QQQ,2017,RF,1,0.52,1.0187359227611776,1.0,0.281162271444807,1.4018639809080118,0.014473888344120667,-0.1319591038666238,1.0,3,-0.0026625836401872327,-0.013003199509798113,0.05784437054844371,-0.0011817401067834021,0.03479710577565398,0.2432463701112825,-0.04059232902292864,-0.030865989024333795,14.039999961853027,2.609999656677246,1.22,2.49,1.2700000000000002,53.8,4.390000000000001,0.900100000000009,True,,1.0187359227611776,False
QQQ,2017,RF,1,0.56,0.3665126427552009,0.6666666666666666,0.12002810986581891,0.834610676725506,0.0,-0.13304488234247425,3.0,3,-0.0026625836401872327,-0.013003199509798113,0.05784437054844371,-0.0011817401067834021,0.03479710577565398,0.2432463701112825,-0.04059232902292864,-0.030865989024333795,14.039999961853027,2.609999656677246,1.22,2.49,1.2700000000000002,53.8,4.390000000000001,0.900100000000009,True,,0.3665126427552009,False
QQQ,2017,RF,1,0.6,0.0,0.0,0.0,0.0,0.0,0.0,0.0,3,-0.0026625836401872327,-0.013003199509798113,0.05784437054844371,-0.0011817401067834021,0.03479710577565398,0.2432463701112825,-0.04059232902292864,-0.030865989024333795,14.039999961853027,2.609999656677246,1.22,2.49,1.2700000000000002,53.8,4.390000000000001,0.900100000000009,False,,0.0,False
QQQ,2017,RF,1,0.64,0.0,0.0,0.0,0.0,0.0,0.0,0.0,3,-0.0026625836401872327,-0.013003199509798113,0.05784437054844371,-0.0011817401067834021,0.03479710577565398,0.2432463701112825,-0.04059232902292864,-0.030865989024333795,14.039999961853027,2.609999656677246,1.22,2.49,1.2700000000000002,53.8,4.390000000000001,0.900100000000009,False,,0.0,False
QQQ,2017,RF,5,0.52,0.9022783159759847,0.6666666666666666,0.2674908535067193,1.388459124563866,-0.030041447928084497,-0.170048928388845,3.0,3,-0.0026625836401872327,-0.013003199509798113,0.05784437054844371,-0.0011817401067834021,0.03479710577565398,0.2432463701112825,-0.04059232902292864,-0.030865989024333795,14.039999961853027,2.609999656677246,1.22,2.49,1.2700000000000002,53.8,4.390000000000001,0.900100000000009,True,,0.9022783159759847,False
QQQ,2017,RF,5,0.56,0.8611334485254977,0.6666666666666666,0.2674908535067193,1.388459124563866,-0.0685089501495485,-0.12369379894877108,5.0,3,-0.0026625836401872327,-0.013003199509798113,0.05784437054844371,-0.0011817401067834021,0.03479710577565398,0.2432463701112825,-0.04059232902292864,-0.030865989024333795,14.039999961853027,2.609999656677246,1.22,2.49,1.2700000000000002,53.8,4.390000000000001,0.900100000000009,True,,0.8611334485254977,False
QQQ,2017,RF,5,0.6,0.1484788239835227,0.6666666666666666,0.041885327220335666,0.5459926100993837,-0.0070823380728590735,-0.09644576484798362,5.0,3,-0.0026625836401872327,-0.013003199509798113,0.05784437054844371,-0.0011817401067834021,0.03479710577565398,0.2432463701112825,-0.04059232902292864,-0.030865989024333795,14.039999961853027,2.609999656677246,1.22,2.49,1.2700000000000002,53.8,4.390000000000001,0.900100000000009,True,,0.1484788239835227,False
QQQ,2017,RF,5,0.64,-0.3630506125182622,0.3333333333333333,0.0,0.0,0.0,-0.009045647861123829,0.0,3,-0.0026625836401872327,-0.013003199509798113,0.05784437054844371,-0.0011817401067834021,0.03479710577565398,0.2432463701112825,-0.04059232902292864,-0.030865989024333795,14.039999961853027,2.609999656677246,1.22,2.49,1.2700000000000002,53.8,4.390000000000001,0.900100000000009,False,,-0.3630506125182622,False
QQQ,2017,RF,20,0.52,1.0991887890390604,1.0,0.2931735334855232,1.5143695059271536,0.013195262303841382,-0.12736636233862042,3.0,3,-0.0026625836401872327,-0.013003199509798113,0.05784437054844371,-0.0011817401067834021,0.03479710577565398,0.2432463701112825,-0.04059232902292864,-0.030865989024333795,14.039999961853027,2.609999656677246,1.22,2.49,1.2700000000000002,53.8,4.390000000000001,0.900100000000009,True,,1.0991887890390604,False
QQQ,2017,RF,20,0.56,0.9335893698751542,1.0,0.18646167736070884,1.3915102204246657,0.02441248263171647,-0.09644576484798362,3.0,3,-0.0026625836401872327,-0.013003199509798113,0.05784437054844371,-0.0011817401067834021,0.03479710577565398,0.2432463701112825,-0.04059232902292864,-0.030865989024333795,14.039999961853027,2.609999656677246,1.22,2.49,1.2700000000000002,53.8,4.390000000000001,0.900100000000009,True,,0.9335893698751542,False
QQQ,2017,RF,20,0.6,0.6397901881188247,0.6666666666666666,0.12308692592540105,1.1783933883154267,-0.015000931013375185,-0.0964457648479834,3.0,3,-0.0026625836401872327,-0.013003199509798113,0.05784437054844371,-0.0011817401067834021,0.03479710577565398,0.2432463701112825,-0.04059232902292864,-0.030865989024333795,14.039999961853027,2.609999656677246,1.22,2.49,1.2700000000000002,53.8,4.390000000000001,0.900100000000009,True,,0.6397901881188247,False
QQQ,2017,RF,20,0.64,0.16827509543569544,0.6666666666666666,0.02176273112891769,0.750077178352054,0.0,-0.09644576484798328,2.0,3,-0.0026625836401872327,-0.013003199509798113,0.05784437054844371,-0.0011817401067834021,0.03479710577565398,0.2432463701112825,-0.04059232902292864,-0.030865989024333795,14.039999961853027,2.609999656677246,1.22,2.49,1.2700000000000002,53.8,4.390000000000001,0.900100000000009,True,,0.16827509543569544,False
QQQ,2017,HGB,1,0.52,0.5356653423164015,0.6666666666666666,0.20153023824786787,1.1362758951845844,-0.02858606440345135,-0.1862746945814805,9.0,3,-0.0026625836401872327,-0.013003199509798113,0.05784437054844371,-0.0011817401067834021,0.03479710577565398,0.2432463701112825,-0.04059232902292864,-0.030865989024333795,14.039999961853027,2.609999656677246,1.22,2.49,1.2700000000000002,53.8,4.390000000000001,0.900100000000009,True,,0.5356653423164015,False
QQQ,2017,HGB,1,0.56,0.3845125436541896,0.6666666666666666,0.14528514023797556,0.9589487520834792,-0.03727538329771651,-0.15321245019339091,11.0,3,-0.0026625836401872327,-0.013003199509798113,0.05784437054844371,-0.0011817401067834021,0.03479710577565398,0.2432463701112825,-0.04059232902292864,-0.030865989024333795,14.039999961853027,2.609999656677246,1.22,2.49,1.2700000000000002,53.8,4.390000000000001,0.900100000000009,True,,0.3845125436541896,False
QQQ,2017,HGB,1,0.6,0.2473633103634485,0.6666666666666666,0.08146807755872199,0.6519981024600309,-0.03250632548211985,-0.10202289450543411,8.0,3,-0.0026625836401872327,-0.013003199509798113,0.05784437054844371,-0.0011817401067834021,0.03479710577565398,0.2432463701112825,-0.04059232902292864,-0.030865989024333795,14.039999961853027,2.609999656677246,1.22,2.49,1.2700000000000002,53.8,4.390000000000001,0.900100000000009,True,,0.2473633103634485,False
QQQ,2017,HGB,1,0.64,-0.13668434940269658,0.0,0.0,0.0,-0.04041442389393901,-0.0861398162561795,0.0,3,-0.0026625836401872327,-0.013003199509798113,0.05784437054844371,-0.0011817401067834021,0.03479710577565398,0.2432463701112825,-0.04059232902292864,-0.030865989024333795,14.039999961853027,2.609999656677246,1.22,2.49,1.2700000000000002,53.8,4.390000000000001,0.900100000000009,False,,-0.13668434940269658,False
QQQ,2017,HGB,5,0.52,0.8677478455701509,0.6666666666666666,0.22875180342556023,1.3368278759876528,-0.015271826815694722,-0.1444681198101524,7.0,3,-0.0026625836401872327,-0.013003199509798113,0.05784437054844371,-0.0011817401067834021,0.03479710577565398,0.2432463701112825,-0.04059232902292864,-0.030865989024333795,14.039999961853027,2.609999656677246,1.22,2.49,1.2700000000000002,53.8,4.390000000000001,0.900100000000009,True,,0.8677478455701509,False
QQQ,2017,HGB,5,0.56,0.7580942473386705,0.6666666666666666,0.2132640381278208,1.274033773630381,-0.0507674411366158,-0.1560883336945389,9.0,3,-0.0026625836401872327,-0.013003199509798113,0.05784437054844371,-0.0011817401067834021,0.03479710577565398,0.2432463701112825,-0.04059232902292864,-0.030865989024333795,14.039999961853027,2.609999656677246,1.22,2.49,1.2700000000000002,53.8,4.390000000000001,0.900100000000009,True,,0.7580942473386705,False
QQQ,2017,HGB,5,0.6,0.43160064307596463,0.6666666666666666,0.13775179466843746,1.0197122635644897,-0.05280086973444431,-0.1386661177241716,11.0,3,-0.0026625836401872327,-0.013003199509798113,0.05784437054844371,-0.0011817401067834021,0.03479710577565398,0.2432463701112825,-0.04059232902292864,-0.030865989024333795,14.039999961853027,2.609999656677246,1.22,2.49,1.2700000000000002,53.8,4.390000000000001,0.900100000000009,True,,0.43160064307596463,False
QQQ,2017,HGB,5,0.64,-0.19086944564130767,0.6666666666666666,0.07425127623634076,0.644359360352498,-0.14106292006332044,-0.1771684961776766,14.0,3,-0.0026625836401872327,-0.013003199509798113,0.05784437054844371,-0.0011817401067834021,0.03479710577565398,0.2432463701112825,-0.04059232902292864,-0.030865989024333795,14.039999961853027,2.609999656677246,1.22,2.49,1.2700000000000002,53.8,4.390000000000001,0.900100000000009,False,,-0.19086944564130767,False
QQQ,2017,HGB,20,0.52,1.4560260374040737,0.6666666666666666,0.3272377070718391,1.9074841891402308,-0.0003675611120332878,-0.1444681198101524,3.0,3,-0.0026625836401872327,-0.013003199509798113,0.05784437054844371,-0.0011817401067834021,0.03479710577565398,0.2432463701112825,-0.04059232902292864,-0.030865989024333795,14.039999961853027,2.609999656677246,1.22,2.49,1.2700000000000002,53.8,4.390000000000001,0.900100000000009,True,,1.4560260374040737,True
QQQ,2017,HGB,20,0.56,1.5091325368476498,0.6666666666666666,0.3562680770318809,2.1223258687292663,-0.07720084422478335,-0.18293365596261302,5.0,3,-0.0026625836401872327,-0.013003199509798113,0.05784437054844371,-0.0011817401067834021,0.03479710577565398,0.2432463701112825,-0.04059232902292864,-0.030865989024333795,14.039999961853027,2.609999656677246,1.22,2.49,1.2700000000000002,53.8,4.390000000000001,0.900100000000009,True,,1.5091325368476498,True
QQQ,2017,HGB,20,0.6,1.4464475550724105,0.6666666666666666,0.3562680770318809,2.126908987086803,-0.10135358588743126,-0.17341796353098682,5.0,3,-0.0026625836401872327,-0.013003199509798113,0.05784437054844371,-0.0011817401067834021,0.03479710577565398,0.2432463701112825,-0.04059232902292864,-0.030865989024333795,14.039999961853027,2.609999656677246,1.22,2.49,1.2700000000000002,53.8,4.390000000000001,0.900100000000009,True,,1.4464475550724105,True
QQQ,2017,HGB,20,0.64,1.0796469155028825,0.6666666666666666,0.23314049696205297,1.6561435862295981,-0.03195122402375905,-0.13778832695225884,5.0,3,-0.0026625836401872327,-0.013003199509798113,0.05784437054844371,-0.0011817401067834021,0.03479710577565398,0.2432463701112825,-0.04059232902292864,-0.030865989024333795,14.039999961853027,2.609999656677246,1.22,2.49,1.2700000000000002,53.8,4.390000000000001,0.900100000000009,True,,1.0796469155028825,False
QQQ,2018,BUYHOLD,0,,0.8382340968052983,0.6666666666666666,0.2222284914304895,1.122169590692234,-0.00014531923021998683,-0.1444681198101524,1.0,3,-0.039910654714558125,0.046062929770024796,0.03687802130304374,-0.005902027982823244,0.03663760630652835,0.2449735677988708,-0.05939859887610677,-0.04566629999434013,11.039999961853027,1.4200000762939453,1.91,2.43,0.5200000000000002,59.84,2.5900000000000034,0.18890000000000384,True,,0.8382340968052983,True
QQQ,2018,CASH,0,,0.0,0.0,0.0,0.0,0.0,0.0,0.0,3,-0.039910654714558125,0.046062929770024796,0.03687802130304374,-0.005902027982823244,0.03663760630652835,0.2449735677988708,-0.05939859887610677,-0.04566629999434013,11.039999961853027,1.4200000762939453,1.91,2.43,0.5200000000000002,59.84,2.5900000000000034,0.18890000000000384,False,,0.0,False
QQQ,2018,MOMENTUM,0,,0.0039657950692460475,0.6666666666666666,0.07486353253543876,0.5959149780616201,-0.10377313302007196,-0.15499242233593202,13.0,3,-0.039910654714558125,0.046062929770024796,0.03687802130304374,-0.005902027982823244,0.03663760630652835,0.2449735677988708,-0.05939859887610677,-0.04566629999434013,11.039999961853027,1.4200000762939453,1.91,2.43,0.5200000000000002,59.84,2.5900000000000034,0.18890000000000384,True,,0.0039657950692460475,False
QQQ,2018,MEANREV,0,,0.2458552553942298,0.6666666666666666,0.044188379242525944,0.5630844595742142,-0.009381027081478477,-0.04973377434559967,4.0,3,-0.039910654714558125,0.046062929770024796,0.03687802130304374,-0.005902027982823244,0.03663760630652835,0.2449735677988708,-0.05939859887610677,-0.04566629999434013,11.039999961853027,1.4200000762939453,1.91,2.43,0.5200000000000002,59.84,2.5900000000000034,0.18890000000000384,True,,0.2458552553942298,False
QQQ,2018,TREND60,0,,0.21855037304622862,0.6666666666666666,0.1095599960627629,0.7694038252301213,-0.10377313302007196,-0.15499242233593202,10.0,3,-0.039910654714558125,0.046062929770024796,0.03687802130304374,-0.005902027982823244,0.03663760630652835,0.2449735677988708,-0.05939859887610677,-0.04566629999434013,11.039999961853027,1.4200000762939453,1.91,2.43,0.5200000000000002,59.84,2.5900000000000034,0.18890000000000384,True,,0.21855037304622862,False
QQQ,2018,TREND200_0,0,,0.6590284124132278,0.6666666666666666,0.2222284914304895,1.122169590692234,-0.1031271775391891,-0.15626111919925956,1.0,3,-0.039910654714558125,0.046062929770024796,0.03687802130304374,-0.005902027982823244,0.03663760630652835,0.2449735677988708,-0.05939859887610677,-0.04566629999434013,11.039999961853027,1.4200000762939453,1.91,2.43,0.5200000000000002,59.84,2.5900000000000034,0.18890000000000384,True,,0.6590284124132278,False
QQQ,2018,TREND200_33,0,,0.7358568720250165,0.6666666666666666,0.2222284914304895,1.122169590692234,-0.06727369407250439,-0.13196506503724836,1.0,3,-0.039910654714558125,0.046062929770024796,0.03687802130304374,-0.005902027982823244,0.03663760630652835,0.2449735677988708,-0.05939859887610677,-0.04566629999434013,11.039999961853027,1.4200000762939453,1.91,2.43,0.5200000000000002,59.84,2.5900000000000034,0.18890000000000384,True,,0.7358568720250165,False
QQQ,2018,TREND200_50,0,,0.7669232004391967,0.6666666666666666,0.2222284914304895,1.122169590692234,-0.049466188630229335,-0.13431027950294194,1.0,3,-0.039910654714558125,0.046062929770024796,0.03687802130304374,-0.005902027982823244,0.03663760630652835,0.2449735677988708,-0.05939859887610677,-0.04566629999434013,11.039999961853027,1.4200000762939453,1.91,2.43,0.5200000000000002,59.84,2.5900000000000034,0.18890000000000384,True,,0.7669232004391967,False
QQQ,2018,TREND200_67,0,,0.7948233075254313,0.6666666666666666,0.2222284914304895,1.122169590692234,-0.03216068313161702,-0.13722071827440419,1.0,3,-0.039910654714558125,0.046062929770024796,0.03687802130304374,-0.005902027982823244,0.03663760630652835,0.2449735677988708,-0.05939859887610677,-0.04566629999434013,11.039999961853027,1.4200000762939453,1.91,2.43,0.5200000000000002,59.84,2.5900000000000034,0.18890000000000384,True,,0.7948233075254313,False
QQQ,2018,VOLTARGET10,0,,0.757434753200604,0.6666666666666666,0.13343756231722304,1.1309761216558802,-0.018471775340426766,-0.08042108741195642,4.082281245025651,3,-0.039910654714558125,0.046062929770024796,0.03687802130304374,-0.005902027982823244,0.03663760630652835,0.2449735677988708,-0.05939859887610677,-0.04566629999434013,11.039999961853027,1.4200000762939453,1.91,2.43,0.5200000000000002,59.84,2.5900000000000034,0.18890000000000384,True,,0.757434753200604,False
QQQ,2018,VOLTARGET15,0,,0.7580311277843201,0.6666666666666666,0.17677354958881475,1.1440323614340604,-0.03198967585031676,-0.12003758012269272,3.944489377699008,3,-0.039910654714558125,0.046062929770024796,0.03687802130304374,-0.005902027982823244,0.03663760630652835,0.2449735677988708,-0.05939859887610677,-0.04566629999434013,11.039999961853027,1.4200000762939453,1.91,2.43,0.5200000000000002,59.84,2.5900000000000034,0.18890000000000384,True,,0.7580311277843201,False
QQQ,2018,VOLTARGET20,0,,0.7769752485985709,0.6666666666666666,0.2121762744005955,1.1558644987478177,-0.03206364401793671,-0.1434853242223304,2.951146732383626,3,-0.039910654714558125,0.046062929770024796,0.03687802130304374,-0.005902027982823244,0.03663760630652835,0.2449735677988708,-0.05939859887610677,-0.04566629999434013,11.039999961853027,1.4200000762939453,1.91,2.43,0.5200000000000002,59.84,2.5900000000000034,0.18890000000000384,True,,0.7769752485985709,False
QQQ,2018,LOGIT,1,0.52,0.8406957917737327,0.6666666666666666,0.21180380941802435,1.2366348448611686,-0.024982010085810025,-0.16089141369526017,6.0,3,-0.039910654714558125,0.046062929770024796,0.03687802130304374,-0.005902027982823244,0.03663760630652835,0.2449735677988708,-0.05939859887610677,-0.04566629999434013,11.039999961853027,1.4200000762939453,1.91,2.43,0.5200000000000002,59.84,2.5900000000000034,0.18890000000000384,True,,0.8406957917737327,True
QQQ,2018,LOGIT,1,0.56,0.8729978198433904,0.6666666666666666,0.21180380941802435,1.2366348448611686,-0.005333883793426364,-0.14523243160339827,6.0,3,-0.039910654714558125,0.046062929770024796,0.03687802130304374,-0.005902027982823244,0.03663760630652835,0.2449735677988708,-0.05939859887610677,-0.04566629999434013,11.039999961853027,1.4200000762939453,1.91,2.43,0.5200000000000002,59.84,2.5900000000000034,0.18890000000000384,True,,0.8729978198433904,True
QQQ,2018,LOGIT,1,0.6,0.2776334996994934,0.6666666666666666,0.09706975175541377,0.7301115796708207,-0.0633937410801193,-0.15083486036190363,7.0,3,-0.039910654714558125,0.046062929770024796,0.03687802130304374,-0.005902027982823244,0.03663760630652835,0.2449735677988708,-0.05939859887610677,-0.04566629999434013,11.039999961853027,1.4200000762939453,1.91,2.43,0.5200000000000002,59.84,2.5900000000000034,0.18890000000000384,True,,0.2776334996994934,False
QQQ,2018,LOGIT,1,0.64,0.46887291333047443,0.6666666666666666,0.1058719109647992,1.0169586826138841,-0.011147772129567968,-0.11932338773599649,10.0,3,-0.039910654714558125,0.046062929770024796,0.03687802130304374,-0.005902027982823244,0.03663760630652835,0.2449735677988708,-0.05939859887610677,-0.04566629999434013,11.039999961853027,1.4200000762939453,1.91,2.43,0.5200000000000002,59.84,2.5900000000000034,0.18890000000000384,True,,0.46887291333047443,False
QQQ,2018,LOGIT,5,0.52,0.7818365847233965,0.6666666666666666,0.1307992973914618,1.2042323375371955,-0.00014531923021998683,-0.1444681198101524,6.0,3,-0.039910654714558125,0.046062929770024796,0.03687802130304374,-0.005902027982823244,0.03663760630652835,0.2449735677988708,-0.05939859887610677,-0.04566629999434013,11.039999961853027,1.4200000762939453,1.91,2.43,0.5200000000000002,59.84,2.5900000000000034,0.18890000000000384,True,,0.7818365847233965,False
QQQ,2018,LOGIT,5,0.56,0.6031184037695567,0.6666666666666666,0.09950626433997445,0.9752732901798215,-0.00014531923021998683,-0.1444681198101524,4.0,3,-0.039910654714558125,0.046062929770024796,0.03687802130304374,-0.005902027982823244,0.03663760630652835,0.2449735677988708,-0.05939859887610677,-0.04566629999434013,11.039999961853027,1.4200000762939453,1.91,2.43,0.5200000000000002,59.84,2.5900000000000034,0.18890000000000384,True,,0.6031184037695567,False
QQQ,2018,LOGIT,5,0.6,0.5925462128188665,0.6666666666666666,0.09950626433997445,0.9752732901798215,-0.00014531923021998683,-0.1444681198101524,4.0,3,-0.039910654714558125,0.046062929770024796,0.03687802130304374,-0.005902027982823244,0.03663760630652835,0.2449735677988708,-0.05939859887610677,-0.04566629999434013,11.039999961853027,1.4200000762939453,1.91,2.43,0.5200000000000002,59.84,2.5900000000000034,0.18890000000000384,True,,0.5925462128188665,False
QQQ,2018,LOGIT,5,0.64,0.5811755766899382,0.6666666666666666,0.09950626433997445,0.9752732901798215,-0.00014531923021998683,-0.1444681198101524,4.0,3,-0.039910654714558125,0.046062929770024796,0.03687802130304374,-0.005902027982823244,0.03663760630652835,0.2449735677988708,-0.05939859887610677,-0.04566629999434013,11.039999961853027,1.4200000762939453,1.91,2.43,0.5200000000000002,59.84,2.5900000000000034,0.18890000000000384,True,,0.5811755766899382,False
QQQ,2018,LOGIT,20,0.52,0.8092121217576667,1.0,0.2122694900919846,1.1815522361599848,0.014473888344120667,-0.1319591038666238,5.0,3,-0.039910654714558125,0.046062929770024796,0.03687802130304374,-0.005902027982823244,0.03663760630652835,0.2449735677988708,-0.05939859887610677,-0.04566629999434013,11.039999961853027,1.4200000762939453,1.91,2.43,0.5200000000000002,59.84,2.5900000000000034,0.18890000000000384,True,,0.8092121217576667,False
QQQ,2018,LOGIT,20,0.56,0.8024446255673812,1.0,0.2122694900919846,1.1815522361599848,0.006955217453627149,-0.1319591038666238,5.0,3,-0.039910654714558125,0.046062929770024796,0.03687802130304374,-0.005902027982823244,0.03663760630652835,0.2449735677988708,-0.05939859887610677,-0.04566629999434013,11.039999961853027,1.4200000762939453,1.91,2.43,0.5200000000000002,59.84,2.5900000000000034,0.18890000000000384,True,,0.8024446255673812,False
QQQ,2018,LOGIT,20,0.6,0.7758039089841466,0.6666666666666666,0.2122694900919846,1.1815522361599848,-0.009379883986898152,-0.1319591038666238,5.0,3,-0.039910654714558125,0.046062929770024796,0.03687802130304374,-0.005902027982823244,0.03663760630652835,0.2449735677988708,-0.05939859887610677,-0.04566629999434013,11.039999961853027,1.4200000762939453,1.91,2.43,0.5200000000000002,59.84,2.5900000000000034,0.18890000000000384,True,,0.7758039089841466,False
QQQ,2018,LOGIT,20,0.64,0.8081477201731371,1.0,0.18877069224838916,1.1920351408882444,0.0007028037486753735,-0.1319591038666238,7.0,3,-0.039910654714558125,0.046062929770024796,0.03687802130304374,-0.005902027982823244,0.03663760630652835,0.2449735677988708,-0.05939859887610677,-0.04566629999434013,11.039999961853027,1.4200000762939453,1.91,2.43,0.5200000000000002,59.84,2.5900000000000034,0.18890000000000384,True,,0.8081477201731371,False
QQQ,2018,RF,1,0.52,0.7362823129163122,1.0,0.1910667366238472,1.00452558017357,0.014473888344120667,-0.1319591038666238,1.0,3,-0.039910654714558125,0.046062929770024796,0.03687802130304374,-0.005902027982823244,0.03663760630652835,0.2449735677988708,-0.05939859887610677,-0.04566629999434013,11.039999961853027,1.4200000762939453,1.91,2.43,0.5200000000000002,59.84,2.5900000000000034,0.18890000000000384,True,,0.7362823129163122,False
QQQ,2018,RF,1,0.56,-0.26324206422567004,0.3333333333333333,0.0,0.0,0.0,-0.13304488234247425,0.0,3,-0.039910654714558125,0.046062929770024796,0.03687802130304374,-0.005902027982823244,0.03663760630652835,0.2449735677988708,-0.05939859887610677,-0.04566629999434013,11.039999961853027,1.4200000762939453,1.91,2.43,0.5200000000000002,59.84,2.5900000000000034,0.18890000000000384,False,,-0.26324206422567004,False
QQQ,2018,RF,1,0.6,0.0,0.0,0.0,0.0,0.0,0.0,0.0,3,-0.039910654714558125,0.046062929770024796,0.03687802130304374,-0.005902027982823244,0.03663760630652835,0.2449735677988708,-0.05939859887610677,-0.04566629999434013,11.039999961853027,1.4200000762939453,1.91,2.43,0.5200000000000002,59.84,2.5900000000000034,0.18890000000000384,False,,0.0,False
QQQ,2018,RF,1,0.64,0.0,0.0,0.0,0.0,0.0,0.0,0.0,3,-0.039910654714558125,0.046062929770024796,0.03687802130304374,-0.005902027982823244,0.03663760630652835,0.2449735677988708,-0.05939859887610677,-0.04566629999434013,11.039999961853027,1.4200000762939453,1.91,2.43,0.5200000000000002,59.84,2.5900000000000034,0.18890000000000384,False,,0.0,False
QQQ,2018,RF,5,0.52,0.7248953337604699,0.6666666666666666,0.2098533556757911,1.0896574707316957,-0.030041447928084497,-0.170048928388845,3.0,3,-0.039910654714558125,0.046062929770024796,0.03687802130304374,-0.005902027982823244,0.03663760630652835,0.2449735677988708,-0.05939859887610677,-0.04566629999434013,11.039999961853027,1.4200000762939453,1.91,2.43,0.5200000000000002,59.84,2.5900000000000034,0.18890000000000384,True,,0.7248953337604699,False
QQQ,2018,RF,5,0.56,-0.5026784118645822,0.3333333333333333,0.0,0.0,-0.0685089501495485,-0.12369379894877108,3.0,3,-0.039910654714558125,0.046062929770024796,0.03687802130304374,-0.005902027982823244,0.03663760630652835,0.2449735677988708,-0.05939859887610677,-0.04566629999434013,11.039999961853027,1.4200000762939453,1.91,2.43,0.5200000000000002,59.84,2.5900000000000034,0.18890000000000384,False,,-0.5026784118645822,False
QQQ,2018,RF,5,0.6,-0.20714158654494505,0.3333333333333333,0.0,0.0,-0.0070823380728590735,-0.08325365452747302,2.0,3,-0.039910654714558125,0.046062929770024796,0.03687802130304374,-0.005902027982823244,0.03663760630652835,0.2449735677988708,-0.05939859887610677,-0.04566629999434013,11.039999961853027,1.4200000762939453,1.91,2.43,0.5200000000000002,59.84,2.5900000000000034,0.18890000000000384,False,,-0.20714158654494505,False
QQQ,2018,RF,5,0.64,0.0,0.0,0.0,0.0,0.0,0.0,0.0,3,-0.039910654714558125,0.046062929770024796,0.03687802130304374,-0.005902027982823244,0.03663760630652835,0.2449735677988708,-0.05939859887610677,-0.04566629999434013,11.039999961853027,1.4200000762939453,1.91,2.43,0.5200000000000002,59.84,2.5900000000000034,0.18890000000000384,False,,0.0,False
QQQ,2018,RF,20,0.52,0.8077652912102898,1.0,0.2222284914304895,1.122169590692234,0.013195262303841382,-0.12736636233862042,3.0,3,-0.039910654714558125,0.046062929770024796,0.03687802130304374,-0.005902027982823244,0.03663760630652835,0.2449735677988708,-0.05939859887610677,-0.04566629999434013,11.039999961853027,1.4200000762939453,1.91,2.43,0.5200000000000002,59.84,2.5900000000000034,0.18890000000000384,True,,0.8077652912102898,False
QQQ,2018,RF,20,0.56,0.8277712522481819,1.0,0.18646167736070884,1.0896574707316957,0.02441248263171647,-0.08325365452747291,3.0,3,-0.039910654714558125,0.046062929770024796,0.03687802130304374,-0.005902027982823244,0.03663760630652835,0.2449735677988708,-0.05939859887610677,-0.04566629999434013,11.039999961853027,1.4200000762939453,1.91,2.43,0.5200000000000002,59.84,2.5900000000000034,0.18890000000000384,True,,0.8277712522481819,False
QQQ,2018,RF,20,0.6,0.613520554606361,0.6666666666666666,0.12308692592540105,0.939151594745984,-0.015000931013375185,-0.0796303706398287,3.0,3,-0.039910654714558125,0.046062929770024796,0.03687802130304374,-0.005902027982823244,0.03663760630652835,0.2449735677988708,-0.05939859887610677,-0.04566629999434013,11.039999961853027,1.4200000762939453,1.91,2.43,0.5200000000000002,59.84,2.5900000000000034,0.18890000000000384,True,,0.613520554606361,False
QQQ,2018,RF,20,0.64,0.49579751512086234,0.6666666666666666,0.02176273112891769,0.7244974269232695,0.0,-0.06491631839189171,2.0,3,-0.039910654714558125,0.046062929770024796,0.03687802130304374,-0.005902027982823244,0.03663760630652835,0.2449735677988708,-0.05939859887610677,-0.04566629999434013,11.039999961853027,1.4200000762939453,1.91,2.43,0.5200000000000002,59.84,2.5900000000000034,0.18890000000000384,True,,0.49579751512086234,False
QQQ,2018,HGB,1,0.52,-0.1401328101211842,0.6666666666666666,0.04181633323029699,0.3214885561978315,-0.02858606440345135,-0.1862746945814805,9.0,3,-0.039910654714558125,0.046062929770024796,0.03687802130304374,-0.005902027982823244,0.03663760630652835,0.2449735677988708,-0.05939859887610677,-0.04566629999434013,11.039999961853027,1.4200000762939453,1.91,2.43,0.5200000000000002,59.84,2.5900000000000034,0.18890000000000384,False,,-0.1401328101211842,False
QQQ,2018,HGB,1,0.56,0.2892027164237489,0.6666666666666666,0.09039115304236,0.7541982934069844,-0.03727538329771651,-0.15321245019339091,12.0,3,-0.039910654714558125,0.046062929770024796,0.03687802130304374,-0.005902027982823244,0.03663760630652835,0.2449735677988708,-0.05939859887610677,-0.04566629999434013,11.039999961853027,1.4200000762939453,1.91,2.43,0.5200000000000002,59.84,2.5900000000000034,0.18890000000000384,True,,0.2892027164237489,False
QQQ,2018,HGB,1,0.6,0.13452504645522528,0.6666666666666666,0.08146807755872199,0.6519981024600309,-0.03250632548211985,-0.10202289450543411,8.0,3,-0.039910654714558125,0.046062929770024796,0.03687802130304374,-0.005902027982823244,0.03663760630652835,0.2449735677988708,-0.05939859887610677,-0.04566629999434013,11.039999961853027,1.4200000762939453,1.91,2.43,0.5200000000000002,59.84,2.5900000000000034,0.18890000000000384,True,,0.13452504645522528,False
QQQ,2018,HGB,1,0.64,0.0,0.0,0.0,0.0,0.0,0.0,0.0,3,-0.039910654714558125,0.046062929770024796,0.03687802130304374,-0.005902027982823244,0.03663760630652835,0.2449735677988708,-0.05939859887610677,-0.04566629999434013,11.039999961853027,1.4200000762939453,1.91,2.43,0.5200000000000002,59.84,2.5900000000000034,0.18890000000000384,False,,0.0,False
QQQ,2018,HGB,5,0.52,0.0649975580270126,0.6666666666666666,0.06078564794499686,0.5193192586511582,-0.015271826815694722,-0.1444681198101524,9.0,3,-0.039910654714558125,0.046062929770024796,0.03687802130304374,-0.005902027982823244,0.03663760630652835,0.2449735677988708,-0.05939859887610677,-0.04566629999434013,11.039999961853027,1.4200000762939453,1.91,2.43,0.5200000000000002,59.84,2.5900000000000034,0.18890000000000384,True,,0.0649975580270126,False
QQQ,2018,HGB,5,0.56,0.0755707791304687,0.6666666666666666,0.0528616954385186,0.5631742681455166,-0.0507674411366158,-0.1560883336945389,9.0,3,-0.039910654714558125,0.046062929770024796,0.03687802130304374,-0.005902027982823244,0.03663760630652835,0.2449735677988708,-0.05939859887610677,-0.04566629999434013,11.039999961853027,1.4200000762939453,1.91,2.43,0.5200000000000002,59.84,2.5900000000000034,0.18890000000000384,True,,0.0755707791304687,False
QQQ,2018,HGB,5,0.6,-0.07815020233780609,0.6666666666666666,0.04309935484972183,0.5422715823963047,-0.05280086973444431,-0.1386661177241716,11.0,3,-0.039910654714558125,0.046062929770024796,0.03687802130304374,-0.005902027982823244,0.03663760630652835,0.2449735677988708,-0.05939859887610677,-0.04566629999434013,11.039999961853027,1.4200000762939453,1.91,2.43,0.5200000000000002,59.84,2.5900000000000034,0.18890000000000384,False,,-0.07815020233780609,False
QQQ,2018,HGB,5,0.64,-0.569648729464958,0.6666666666666666,0.015603597029818506,0.2861566556033135,-0.14106292006332044,-0.1771684961776766,14.0,3,-0.039910654714558125,0.046062929770024796,0.03687802130304374,-0.005902027982823244,0.03663760630652835,0.2449735677988708,-0.05939859887610677,-0.04566629999434013,11.039999961853027,1.4200000762939453,1.91,2.43,0.5200000000000002,59.84,2.5900000000000034,0.18890000000000384,False,,-0.569648729464958,False
QQQ,2018,HGB,20,0.52,0.7169656086961499,0.6666666666666666,0.2222284914304895,1.122169590692234,-0.0003675611120332878,-0.1444681198101524,3.0,3,-0.039910654714558125,0.046062929770024796,0.03687802130304374,-0.005902027982823244,0.03663760630652835,0.2449735677988708,-0.05939859887610677,-0.04566629999434013,11.039999961853027,1.4200000762939453,1.91,2.43,0.5200000000000002,59.84,2.5900000000000034,0.18890000000000384,True,,0.7169656086961499,False
QQQ,2018,HGB,20,0.56,0.533937353713308,0.6666666666666666,0.2222284914304895,1.122169590692234,-0.07720084422478335,-0.18293365596261302,5.0,3,-0.039910654714558125,0.046062929770024796,0.03687802130304374,-0.005902027982823244,0.03663760630652835,0.2449735677988708,-0.05939859887610677,-0.04566629999434013,11.039999961853027,1.4200000762939453,1.91,2.43,0.5200000000000002,59.84,2.5900000000000034,0.18890000000000384,True,,0.533937353713308,False
QQQ,2018,HGB,20,0.6,0.5423190923398817,0.6666666666666666,0.22548943427089196,1.1650534308928526,-0.10135358588743126,-0.17341796353098682,5.0,3,-0.039910654714558125,0.046062929770024796,0.03687802130304374,-0.005902027982823244,0.03663760630652835,0.2449735677988708,-0.05939859887610677,-0.04566629999434013,11.039999961853027,1.4200000762939453,1.91,2.43,0.5200000000000002,59.84,2.5900000000000034,0.18890000000000384,True,,0.5423190923398817,False
QQQ,2018,HGB,20,0.64,0.7329369378575958,0.6666666666666666,0.22548943427089196,1.1650534308928526,-0.03195122402375905,-0.13778832695225884,5.0,3,-0.039910654714558125,0.046062929770024796,0.03687802130304374,-0.005902027982823244,0.03663760630652835,0.2449735677988708,-0.05939859887610677,-0.04566629999434013,11.039999961853027,1.4200000762939453,1.91,2.43,0.5200000000000002,59.84,2.5900000000000034,0.18890000000000384,True,,0.7329369378575958,False
QQQ,2019,BUYHOLD,0,,0.25111188109204063,0.6666666666666666,0.11077932335012863,0.5399785346930179,-0.00014531923021998683,-0.2159854798531845,1.0,3,-0.05392413991784906,-0.1271434009470841,-0.06764053736756626,-0.052283035837405345,-0.03891904464620488,0.3595341959043086,-0.15658995688373134,0.028321433710700283,25.420000076293945,-4.690000534057617,2.52,2.72,0.20000000000000018,45.15,-4.910000000000004,-1.1110999999999933,True,,0.25111188109204063,False
QQQ,2019,CASH,0,,0.0,0.0,0.0,0.0,0.0,0.0,0.0,3,-0.05392413991784906,-0.1271434009470841,-0.06764053736756626,-0.052283035837405345,-0.03891904464620488,0.3595341959043086,-0.15658995688373134,0.028321433710700283,25.420000076293945,-4.690000534057617,2.52,2.72,0.20000000000000018,45.15,-4.910000000000004,-1.1110999999999933,False,,0.0,False
QQQ,2019,MOMENTUM,0,,-1.3399960876657042,0.3333333333333333,-0.10186907678772283,-0.6414798686075067,-0.10377313302007196,-0.1810789091506223,13.0,3,-0.05392413991784906,-0.1271434009470841,-0.06764053736756626,-0.052283035837405345,-0.03891904464620488,0.3595341959043086,-0.15658995688373134,0.028321433710700283,25.420000076293945,-4.690000534057617,2.52,2.72,0.20000000000000018,45.15,-4.910000000000004,-1.1110999999999933,False,,-1.3399960876657042,False
QQQ,2019,MEANREV,0,,0.034014871967384064,0.6666666666666666,0.044188379242525944,0.5630844595742142,-0.009381027081478477,-0.08251031143478393,4.0,3,-0.05392413991784906,-0.1271434009470841,-0.06764053736756626,-0.052283035837405345,-0.03891904464620488,0.3595341959043086,-0.15658995688373134,0.028321433710700283,25.420000076293945,-4.690000534057617,2.52,2.72,0.20000000000000018,45.15,-4.910000000000004,-1.1110999999999933,True,,0.034014871967384064,False
QQQ,2019,TREND60,0,,-0.8914433057424952,0.3333333333333333,-0.051442844901570806,-0.3060449431531272,-0.10377313302007196,-0.1810789091506223,10.0,3,-0.05392413991784906,-0.1271434009470841,-0.06764053736756626,-0.052283035837405345,-0.03891904464620488,0.3595341959043086,-0.15658995688373134,0.028321433710700283,25.420000076293945,-4.690000534057617,2.52,2.72,0.20000000000000018,45.15,-4.910000000000004,-1.1110999999999933,False,,-0.8914433057424952,False
QQQ,2019,TREND200_0,0,,-0.2407694541133867,0.6666666666666666,0.042126636334936185,0.2934089773435242,-0.1031271775391891,-0.19960663138729262,6.0,3,-0.05392413991784906,-0.1271434009470841,-0.06764053736756626,-0.052283035837405345,-0.03891904464620488,0.3595341959043086,-0.15658995688373134,0.028321433710700283,25.420000076293945,-4.690000534057617,2.52,2.72,0.20000000000000018,45.15,-4.910000000000004,-1.1110999999999933,False,,-0.2407694541133867,False
QQQ,2019,TREND200_33,0,,-0.05834386257371359,0.6666666666666666,0.06540138073570056,0.38583288816164074,-0.06727369407250439,-0.20059846713737206,4.35,3,-0.05392413991784906,-0.1271434009470841,-0.06764053736756626,-0.052283035837405345,-0.03891904464620488,0.3595341959043086,-0.15658995688373134,0.028321433710700283,25.420000076293945,-4.690000534057617,2.52,2.72,0.20000000000000018,45.15,-4.910000000000004,-1.1110999999999933,False,,-0.05834386257371359,False
QQQ,2019,TREND200_50,0,,0.029261291025934687,0.6666666666666666,0.07716222263020467,0.4297773998420665,-0.049466188630229335,-0.20434964667576372,3.5,3,-0.05392413991784906,-0.1271434009470841,-0.06764053736756626,-0.052283035837405345,-0.03891904464620488,0.3595341959043086,-0.15658995688373134,0.028321433710700283,25.420000076293945,-4.690000534057617,2.52,2.72,0.20000000000000018,45.15,-4.910000000000004,-1.1110999999999933,True,,0.029261291025934687,False
QQQ,2019,TREND200_67,0,,0.11109215926038452,0.6666666666666666,0.08875905257003303,0.4705983584426617,-0.03216068313161702,-0.2082059510044011,2.65,3,-0.05392413991784906,-0.1271434009470841,-0.06764053736756626,-0.052283035837405345,-0.03891904464620488,0.3595341959043086,-0.15658995688373134,0.028321433710700283,25.420000076293945,-4.690000534057617,2.52,2.72,0.20000000000000018,45.15,-4.910000000000004,-1.1110999999999933,True,,0.11109215926038452,False
QQQ,2019,VOLTARGET10,0,,-0.11274769353368261,0.6666666666666666,0.021128276436754856,0.24160016341682392,-0.018471775340426766,-0.09126208435522143,3.3154244139544695,3,-0.05392413991784906,-0.1271434009470841,-0.06764053736756626,-0.052283035837405345,-0.03891904464620488,0.3595341959043086,-0.15658995688373134,0.028321433710700283,25.420000076293945,-4.690000534057617,2.52,2.72,0.20000000000000018,45.15,-4.910000000000004,-1.1110999999999933,False,,-0.11274769353368261,False
QQQ,2019,VOLTARGET15,0,,-0.154564982527628,0.6666666666666666,0.025847842918159003,0.2359595193386898,-0.03198967585031676,-0.1347178596420342,3.944489377699008,3,-0.05392413991784906,-0.1271434009470841,-0.06764053736756626,-0.052283035837405345,-0.03891904464620488,0.3595341959043086,-0.15658995688373134,0.028321433710700283,25.420000076293945,-4.690000534057617,2.52,2.72,0.20000000000000018,45.15,-4.910000000000004,-1.1110999999999933,False,,-0.154564982527628,False
QQQ,2019,VOLTARGET20,0,,0.053736019689405064,0.6666666666666666,0.06812775607192134,0.41908397656822916,-0.03206364401793671,-0.15842009961098558,3.5614427297184648,3,-0.05392413991784906,-0.1271434009470841,-0.06764053736756626,-0.052283035837405345,-0.03891904464620488,0.3595341959043086,-0.15658995688373134,0.028321433710700283,25.420000076293945,-4.690000534057617,2.52,2.72,0.20000000000000018,45.15,-4.910000000000004,-1.1110999999999933,True,,0.053736019689405064,False
QQQ,2019,LOGIT,1,0.52,-0.022306403252019685,0.6666666666666666,0.04813982141691486,0.39579296619357207,-0.024982010085810025,-0.16089141369526017,6.0,3,-0.05392413991784906,-0.1271434009470841,-0.06764053736756626,-0.052283035837405345,-0.03891904464620488,0.3595341959043086,-0.15658995688373134,0.028321433710700283,25.420000076293945,-4.690000534057617,2.52,2.72,0.20000000000000018,45.15,-4.910000000000004,-1.1110999999999933,False,,-0.022306403252019685,False
QQQ,2019,LOGIT,1,0.56,0.01821546285936762,0.6666666666666666,0.048532021770132605,0.40842754914586443,-0.005333883793426364,-0.14523243160339827,6.0,3,-0.05392413991784906,-0.1271434009470841,-0.06764053736756626,-0.052283035837405345,-0.03891904464620488,0.3595341959043086,-0.15658995688373134,0.028321433710700283,25.420000076293945,-4.690000534057617,2.52,2.72,0.20000000000000018,45.15,-4.910000000000004,-1.1110999999999933,True,,0.01821546285936762,False
QQQ,2019,LOGIT,1,0.6,-0.12356202315284218,0.6666666666666666,0.025216591289528356,0.24907605865931978,-0.0633937410801193,-0.1538991867711429,6.0,3,-0.05392413991784906,-0.1271434009470841,-0.06764053736756626,-0.052283035837405345,-0.03891904464620488,0.3595341959043086,-0.15658995688373134,0.028321433710700283,25.420000076293945,-4.690000534057617,2.52,2.72,0.20000000000000018,45.15,-4.910000000000004,-1.1110999999999933,False,,-0.12356202315284218,False
QQQ,2019,LOGIT,1,0.64,-0.33945521875900275,0.6666666666666666,0.003550625192651813,0.09318444907872396,-0.011147772129567968,-0.13766171059051124,9.0,3,-0.05392413991784906,-0.1271434009470841,-0.06764053736756626,-0.052283035837405345,-0.03891904464620488,0.3595341959043086,-0.15658995688373134,0.028321433710700283,25.420000076293945,-4.690000534057617,2.52,2.72,0.20000000000000018,45.15,-4.910000000000004,-1.1110999999999933,False,,-0.33945521875900275,False
QQQ,2019,LOGIT,5,0.52,0.43875797455044546,0.6666666666666666,0.10979703575423017,0.8415087977357565,-0.00014531923021998683,-0.1444681198101524,5.0,3,-0.05392413991784906,-0.1271434009470841,-0.06764053736756626,-0.052283035837405345,-0.03891904464620488,0.3595341959043086,-0.15658995688373134,0.028321433710700283,25.420000076293945,-4.690000534057617,2.52,2.72,0.20000000000000018,45.15,-4.910000000000004,-1.1110999999999933,True,,0.43875797455044546,True
QQQ,2019,LOGIT,5,0.56,0.07540082942666533,0.6666666666666666,0.04996532548787802,0.45736740007750426,-0.00014531923021998683,-0.1444681198101524,3.0,3,-0.05392413991784906,-0.1271434009470841,-0.06764053736756626,-0.052283035837405345,-0.03891904464620488,0.3595341959043086,-0.15658995688373134,0.028321433710700283,25.420000076293945,-4.690000534057617,2.52,2.72,0.20000000000000018,45.15,-4.910000000000004,-1.1110999999999933,True,,0.07540082942666533,False
QQQ,2019,LOGIT,5,0.6,-0.08003672724401688,0.6666666666666666,0.03365830185571994,0.33066155088723387,-0.00014531923021998683,-0.1444681198101524,3.0,3,-0.05392413991784906,-0.1271434009470841,-0.06764053736756626,-0.052283035837405345,-0.03891904464620488,0.3595341959043086,-0.15658995688373134,0.028321433710700283,25.420000076293945,-4.690000534057617,2.52,2.72,0.20000000000000018,45.15,-4.910000000000004,-1.1110999999999933,False,,-0.08003672724401688,False
QQQ,2019,LOGIT,5,0.64,-0.3013248616206836,0.6666666666666666,0.00741108125281742,0.12441482740576518,-0.00014531923021998683,-0.1444681198101524,1.0,3,-0.05392413991784906,-0.1271434009470841,-0.06764053736756626,-0.052283035837405345,-0.03891904464620488,0.3595341959043086,-0.15658995688373134,0.028321433710700283,25.420000076293945,-4.690000534057617,2.52,2.72,0.20000000000000018,45.15,-4.910000000000004,-1.1110999999999933,False,,-0.3013248616206836,False
QQQ,2019,LOGIT,20,0.52,-0.2740998323715523,0.6666666666666666,0.014473888344120667,0.18136633041214956,-0.06190659919622843,-0.16660923202964628,3.0,3,-0.05392413991784906,-0.1271434009470841,-0.06764053736756626,-0.052283035837405345,-0.03891904464620488,0.3595341959043086,-0.15658995688373134,0.028321433710700283,25.420000076293945,-4.690000534057617,2.52,2.72,0.20000000000000018,45.15,-4.910000000000004,-1.1110999999999933,False,,-0.2740998323715523,False
QQQ,2019,LOGIT,20,0.56,-0.31735247481025397,0.6666666666666666,0.006955217453627149,0.1511958991105971,-0.04954748102840634,-0.15438212818606611,5.0,3,-0.05392413991784906,-0.1271434009470841,-0.06764053736756626,-0.052283035837405345,-0.03891904464620488,0.3595341959043086,-0.15658995688373134,0.028321433710700283,25.420000076293945,-4.690000534057617,2.52,2.72,0.20000000000000018,45.15,-4.910000000000004,-1.1110999999999933,False,,-0.31735247481025397,False
QQQ,2019,LOGIT,20,0.6,-0.39852045477036796,0.3333333333333333,-0.009379883986898152,0.0800453537750744,-0.04954748102840634,-0.15438212818606611,5.0,3,-0.05392413991784906,-0.1271434009470841,-0.06764053736756626,-0.052283035837405345,-0.03891904464620488,0.3595341959043086,-0.15658995688373134,0.028321433710700283,25.420000076293945,-4.690000534057617,2.52,2.72,0.20000000000000018,45.15,-4.910000000000004,-1.1110999999999933,False,,-0.39852045477036796,False
QQQ,2019,LOGIT,20,0.64,-0.3567200376399738,0.6666666666666666,0.0007028037486753735,0.1182843621369581,-0.04954748102840634,-0.15438212818606611,5.0,3,-0.05392413991784906,-0.1271434009470841,-0.06764053736756626,-0.052283035837405345,-0.03891904464620488,0.3595341959043086,-0.15658995688373134,0.028321433710700283,25.420000076293945,-4.690000534057617,2.52,2.72,0.20000000000000018,45.15,-4.910000000000004,-1.1110999999999933,False,,-0.3567200376399738,False
QQQ,2019,RF,1,0.52,0.22427368129125502,1.0,0.08996146415956408,0.48569747052770856,0.014473888344120667,-0.21598547985318528,1.0,3,-0.05392413991784906,-0.1271434009470841,-0.06764053736756626,-0.052283035837405345,-0.03891904464620488,0.3595341959043086,-0.15658995688373134,0.028321433710700283,25.420000076293945,-4.690000534057617,2.52,2.72,0.20000000000000018,45.15,-4.910000000000004,-1.1110999999999933,True,,0.22427368129125502,False
QQQ,2019,RF,1,0.56,0.0,0.0,0.0,0.0,0.0,0.0,0.0,3,-0.05392413991784906,-0.1271434009470841,-0.06764053736756626,-0.052283035837405345,-0.03891904464620488,0.3595341959043086,-0.15658995688373134,0.028321433710700283,25.420000076293945,-4.690000534057617,2.52,2.72,0.20000000000000018,45.15,-4.910000000000004,-1.1110999999999933,False,,0.0,False
QQQ,2019,RF,1,0.6,0.0,0.0,0.0,0.0,0.0,0.0,0.0,3,-0.05392413991784906,-0.1271434009470841,-0.06764053736756626,-0.052283035837405345,-0.03891904464620488,0.3595341959043086,-0.15658995688373134,0.028321433710700283,25.420000076293945,-4.690000534057617,2.52,2.72,0.20000000000000018,45.15,-4.910000000000004,-1.1110999999999933,False,,0.0,False
QQQ,2019,RF,1,0.64,0.0,0.0,0.0,0.0,0.0,0.0,0.0,3,-0.05392413991784906,-0.1271434009470841,-0.06764053736756626,-0.052283035837405345,-0.03891904464620488,0.3595341959043086,-0.15658995688373134,0.028321433710700283,25.420000076293945,-4.690000534057617,2.52,2.72,0.20000000000000018,45.15,-4.910000000000004,-1.1110999999999933,False,,0.0,False
QQQ,2019,RF,5,0.52,0.3457196513283712,0.6666666666666666,0.1430479459240368,0.6831685831532501,-0.030041447928084497,-0.21598547985318473,3.0,3,-0.05392413991784906,-0.1271434009470841,-0.06764053736756626,-0.052283035837405345,-0.03891904464620488,0.3595341959043086,-0.15658995688373134,0.028321433710700283,25.420000076293945,-4.690000534057617,2.52,2.72,0.20000000000000018,45.15,-4.910000000000004,-1.1110999999999933,True,,0.3457196513283712,True
QQQ,2019,RF,5,0.56,-0.3759534187840054,0.3333333333333333,0.0,0.0,-0.0685089501495485,-0.14774181783221407,5.0,3,-0.05392413991784906,-0.1271434009470841,-0.06764053736756626,-0.052283035837405345,-0.03891904464620488,0.3595341959043086,-0.15658995688373134,0.028321433710700283,25.420000076293945,-4.690000534057617,2.52,2.72,0.20000000000000018,45.15,-4.910000000000004,-1.1110999999999933,False,,-0.3759534187840054,False
QQQ,2019,RF,5,0.6,-0.052986270046217865,0.0,0.0,0.0,-0.0070823380728590735,-0.08325365452747302,0.0,3,-0.05392413991784906,-0.1271434009470841,-0.06764053736756626,-0.052283035837405345,-0.03891904464620488,0.3595341959043086,-0.15658995688373134,0.028321433710700283,25.420000076293945,-4.690000534057617,2.52,2.72,0.20000000000000018,45.15,-4.910000000000004,-1.1110999999999933,False,,-0.052986270046217865,False
QQQ,2019,RF,5,0.64,0.0,0.0,0.0,0.0,0.0,0.0,0.0,3,-0.05392413991784906,-0.1271434009470841,-0.06764053736756626,-0.052283035837405345,-0.03891904464620488,0.3595341959043086,-0.15658995688373134,0.028321433710700283,25.420000076293945,-4.690000534057617,2.52,2.72,0.20000000000000018,45.15,-4.910000000000004,-1.1110999999999933,False,,0.0,False
QQQ,2019,RF,20,0.52,0.25874977012615474,1.0,0.11077932335012863,0.5399785346930179,0.013195262303841382,-0.2159854798531845,1.0,3,-0.05392413991784906,-0.1271434009470841,-0.06764053736756626,-0.052283035837405345,-0.03891904464620488,0.3595341959043086,-0.15658995688373134,0.028321433710700283,25.420000076293945,-4.690000534057617,2.52,2.72,0.20000000000000018,45.15,-4.910000000000004,-1.1110999999999933,True,,0.25874977012615474,True
QQQ,2019,RF,20,0.56,0.20794735099504263,1.0,0.10008264765220987,0.5031661231436029,0.02441248263171647,-0.22026312307192752,3.0,3,-0.05392413991784906,-0.1271434009470841,-0.06764053736756626,-0.052283035837405345,-0.03891904464620488,0.3595341959043086,-0.15658995688373134,0.028321433710700283,25.420000076293945,-4.690000534057617,2.52,2.72,0.20000000000000018,45.15,-4.910000000000004,-1.1110999999999933,True,,0.20794735099504263,False
QQQ,2019,RF,20,0.6,-0.44199304113331545,0.3333333333333333,-0.015000931013375185,-0.04164362210839618,-0.031064229890589323,-0.2049779223303918,3.0,3,-0.05392413991784906,-0.1271434009470841,-0.06764053736756626,-0.052283035837405345,-0.03891904464620488,0.3595341959043086,-0.15658995688373134,0.028321433710700283,25.420000076293945,-4.690000534057617,2.52,2.72,0.20000000000000018,45.15,-4.910000000000004,-1.1110999999999933,False,,-0.44199304113331545,False
QQQ,2019,RF,20,0.64,-0.08565198736894665,0.6666666666666666,0.010887401159671128,0.15438856477176802,0.0,-0.08611914739968751,3.0,3,-0.05392413991784906,-0.1271434009470841,-0.06764053736756626,-0.052283035837405345,-0.03891904464620488,0.3595341959043086,-0.15658995688373134,0.028321433710700283,25.420000076293945,-4.690000534057617,2.52,2.72,0.20000000000000018,45.15,-4.910000000000004,-1.1110999999999933,False,,-0.08565198736894665,False
QQQ,2019,HGB,1,0.52,-0.0027318184858675376,0.6666666666666666,0.04181633323029699,0.3214885561978315,-0.02858606440345135,-0.21598547985318495,9.0,3,-0.05392413991784906,-0.1271434009470841,-0.06764053736756626,-0.052283035837405345,-0.03891904464620488,0.3595341959043086,-0.15658995688373134,0.028321433710700283,25.420000076293945,-4.690000534057617,2.52,2.72,0.20000000000000018,45.15,-4.910000000000004,-1.1110999999999933,False,,-0.0027318184858675376,False
QQQ,2019,HGB,1,0.56,-0.35588759789642077,0.3333333333333333,-0.001705667759959506,0.09438639224778171,-0.03727538329771651,-0.15321245019339091,12.0,3,-0.05392413991784906,-0.1271434009470841,-0.06764053736756626,-0.052283035837405345,-0.03891904464620488,0.3595341959043086,-0.15658995688373134,0.028321433710700283,25.420000076293945,-4.690000534057617,2.52,2.72,0.20000000000000018,45.15,-4.910000000000004,-1.1110999999999933,False,,-0.35588759789642077,False
QQQ,2019,HGB,1,0.6,0.07453613589075539,0.6666666666666666,0.08146807755872199,0.6519981024600309,-0.08226519102051644,-0.12881157979977742,8.0,3,-0.05392413991784906,-0.1271434009470841,-0.06764053736756626,-0.052283035837405345,-0.03891904464620488,0.3595341959043086,-0.15658995688373134,0.028321433710700283,25.420000076293945,-4.690000534057617,2.52,2.72,0.20000000000000018,45.15,-4.910000000000004,-1.1110999999999933,True,,0.07453613589075539,False
QQQ,2019,HGB,1,0.64,0.0,0.0,0.0,0.0,0.0,0.0,0.0,3,-0.05392413991784906,-0.1271434009470841,-0.06764053736756626,-0.052283035837405345,-0.03891904464620488,0.3595341959043086,-0.15658995688373134,0.028321433710700283,25.420000076293945,-4.690000534057617,2.52,2.72,0.20000000000000018,45.15,-4.910000000000004,-1.1110999999999933,False,,0.0,False
QQQ,2019,HGB,5,0.52,0.18693029662270333,0.6666666666666666,0.06078564794499686,0.5193192586511582,-0.015271826815694722,-0.18184960027244546,9.0,3,-0.05392413991784906,-0.1271434009470841,-0.06764053736756626,-0.052283035837405345,-0.03891904464620488,0.3595341959043086,-0.15658995688373134,0.028321433710700283,25.420000076293945,-4.690000534057617,2.52,2.72,0.20000000000000018,45.15,-4.910000000000004,-1.1110999999999933,True,,0.18693029662270333,False
QQQ,2019,HGB,5,0.56,0.04087613051331998,0.6666666666666666,0.0528616954385186,0.3942210324230675,-0.0507674411366158,-0.16728798766262576,9.0,3,-0.05392413991784906,-0.1271434009470841,-0.06764053736756626,-0.052283035837405345,-0.03891904464620488,0.3595341959043086,-0.15658995688373134,0.028321433710700283,25.420000076293945,-4.690000534057617,2.52,2.72,0.20000000000000018,45.15,-4.910000000000004,-1.1110999999999933,True,,0.04087613051331998,False
QQQ,2019,HGB,5,0.6,-0.1640313929725216,0.6666666666666666,0.012828134055977714,0.16549512316158113,-0.05280086973444431,-0.1697788501424301,6.0,3,-0.05392413991784906,-0.1271434009470841,-0.06764053736756626,-0.052283035837405345,-0.03891904464620488,0.3595341959043086,-0.15658995688373134,0.028321433710700283,25.420000076293945,-4.690000534057617,2.52,2.72,0.20000000000000018,45.15,-4.910000000000004,-1.1110999999999933,False,,-0.1640313929725216,False
QQQ,2019,HGB,5,0.64,-0.18331700924491492,0.6666666666666666,0.015603597029818506,0.2861566556033135,-0.14106292006332044,-0.1771684961776766,6.0,3,-0.05392413991784906,-0.1271434009470841,-0.06764053736756626,-0.052283035837405345,-0.03891904464620488,0.3595341959043086,-0.15658995688373134,0.028321433710700283,25.420000076293945,-4.690000534057617,2.52,2.72,0.20000000000000018,45.15,-4.910000000000004,-1.1110999999999933,False,,-0.18331700924491492,False
QQQ,2019,HGB,20,0.52,0.1606613966421016,0.6666666666666666,0.09449673107801915,0.4875553726364264,-0.0003675611120332878,-0.21598547985318517,3.0,3,-0.05392413991784906,-0.1271434009470841,-0.06764053736756626,-0.052283035837405345,-0.03891904464620488,0.3595341959043086,-0.15658995688373134,0.028321433710700283,25.420000076293945,-4.690000534057617,2.52,2.72,0.20000000000000018,45.15,-4.910000000000004,-1.1110999999999933,True,,0.1606613966421016,False
QQQ,2019,HGB,20,0.56,-0.060714938951657124,0.6666666666666666,0.07026299825329696,0.3978748626991082,-0.07720084422478335,-0.2301137042348449,5.0,3,-0.05392413991784906,-0.1271434009470841,-0.06764053736756626,-0.052283035837405345,-0.03891904464620488,0.3595341959043086,-0.15658995688373134,0.028321433710700283,25.420000076293945,-4.690000534057617,2.52,2.72,0.20000000000000018,45.15,-4.910000000000004,-1.1110999999999933,False,,-0.060714938951657124,False
QQQ,2019,HGB,20,0.6,-0.08177721029449463,0.6666666666666666,0.07388181518725845,0.41402417268488056,-0.10135358588743126,-0.21502160467263176,5.0,3,-0.05392413991784906,-0.1271434009470841,-0.06764053736756626,-0.052283035837405345,-0.03891904464620488,0.3595341959043086,-0.15658995688373134,0.028321433710700283,25.420000076293945,-4.690000534057617,2.52,2.72,0.20000000000000018,45.15,-4.910000000000004,-1.1110999999999933,False,,-0.08177721029449463,False
QQQ,2019,HGB,20,0.64,-0.11992273217554351,0.6666666666666666,0.046209111645327816,0.30781869973197346,-0.03195122402375905,-0.21113716665290116,5.0,3,-0.05392413991784906,-0.1271434009470841,-0.06764053736756626,-0.052283035837405345,-0.03891904464620488,0.3595341959043086,-0.15658995688373134,0.028321433710700283,25.420000076293945,-4.690000534057617,2.52,2.72,0.20000000000000018,45.15,-4.910000000000004,-1.1110999999999933,False,,-0.11992273217554351,False
QQQ,2020,BUYHOLD,0,,0.7561231865574115,1.0,0.2222284914304895,1.122169590692234,0.11077932335012863,-0.2159854798531845,1.0,3,-0.10398001693926939,0.15309341224247497,0.1845396402292785,0.023372864315830633,0.14722569279401299,0.2733495628544547,-0.10398001693926939,-0.14633127529715428,13.779999732971191,1.1700000762939453,1.58,1.9,0.31999999999999984,61.66,3.539999999999999,-2.1573000000000064,True,,0.7561231865574115,False
QQQ,2020,CASH,0,,0.0,0.0,0.0,0.0,0.0,0.0,0.0,3,-0.10398001693926939,0.15309341224247497,0.1845396402292785,0.023372864315830633,0.14722569279401299,0.2733495628544547,-0.10398001693926939,-0.14633127529715428,13.779999732971191,1.1700000762939453,1.58,1.9,0.31999999999999984,61.66,3.539999999999999,-2.1573000000000064,False,,0.0,False
QQQ,2020,MOMENTUM,0,,0.012277940881404964,0.6666666666666666,0.12279345234093664,0.8087963930520398,-0.10186907678772283,-0.1810789091506223,14.0,3,-0.10398001693926939,0.15309341224247497,0.1845396402292785,0.023372864315830633,0.14722569279401299,0.2733495628544547,-0.10398001693926939,-0.14633127529715428,13.779999732971191,1.1700000762939453,1.58,1.9,0.31999999999999984,61.66,3.539999999999999,-2.1573000000000064,True,,0.012277940881404964,False
QQQ,2020,MEANREV,0,,-0.5458558012537478,0.3333333333333333,0.0,0.0,-0.009381027081478477,-0.08251031143478393,2.0,3,-0.10398001693926939,0.15309341224247497,0.1845396402292785,0.023372864315830633,0.14722569279401299,0.2733495628544547,-0.10398001693926939,-0.14633127529715428,13.779999732971191,1.1700000762939453,1.58,1.9,0.31999999999999984,61.66,3.539999999999999,-2.1573000000000064,False,,-0.5458558012537478,False
QQQ,2020,TREND60,0,,0.07750511128535847,0.6666666666666666,0.12033956515726518,0.7694038252301213,-0.051442844901570806,-0.1810789091506223,10.0,3,-0.10398001693926939,0.15309341224247497,0.1845396402292785,0.023372864315830633,0.14722569279401299,0.2733495628544547,-0.10398001693926939,-0.14633127529715428,13.779999732971191,1.1700000762939453,1.58,1.9,0.31999999999999984,61.66,3.539999999999999,-2.1573000000000064,True,,0.07750511128535847,False
QQQ,2020,TREND200_0,0,,0.7774435480218752,1.0,0.2222284914304895,1.122169590692234,0.042126636334936185,-0.19960663138729262,3.0,3,-0.10398001693926939,0.15309341224247497,0.1845396402292785,0.023372864315830633,0.14722569279401299,0.2733495628544547,-0.10398001693926939,-0.14633127529715428,13.779999732971191,1.1700000762939453,1.58,1.9,0.31999999999999984,61.66,3.539999999999999,-2.1573000000000064,True,,0.7774435480218752,False
QQQ,2020,TREND200_33,0,,0.7704505589358882,1.0,0.2222284914304895,1.122169590692234,0.06540138073570056,-0.20059846713737206,2.34,3,-0.10398001693926939,0.15309341224247497,0.1845396402292785,0.023372864315830633,0.14722569279401299,0.2733495628544547,-0.10398001693926939,-0.14633127529715428,13.779999732971191,1.1700000762939453,1.58,1.9,0.31999999999999984,61.66,3.539999999999999,-2.1573000000000064,True,,0.7704505589358882,False
QQQ,2020,TREND200_50,0,,0.7656767054401545,1.0,0.2222284914304895,1.122169590692234,0.07716222263020467,-0.20434964667576372,2.0,3,-0.10398001693926939,0.15309341224247497,0.1845396402292785,0.023372864315830633,0.14722569279401299,0.2733495628544547,-0.10398001693926939,-0.14633127529715428,13.779999732971191,1.1700000762939453,1.58,1.9,0.31999999999999984,61.66,3.539999999999999,-2.1573000000000064,True,,0.7656767054401545,False
QQQ,2020,TREND200_67,0,,0.7615587695608844,1.0,0.2222284914304895,1.122169590692234,0.08875905257003303,-0.2082059510044011,1.66,3,-0.10398001693926939,0.15309341224247497,0.1845396402292785,0.023372864315830633,0.14722569279401299,0.2733495628544547,-0.10398001693926939,-0.14633127529715428,13.779999732971191,1.1700000762939453,1.58,1.9,0.31999999999999984,61.66,3.539999999999999,-2.1573000000000064,True,,0.7615587695608844,False
QQQ,2020,VOLTARGET10,0,,0.6769047415597298,1.0,0.13343756231722304,1.1309761216558802,0.021128276436754856,-0.09126208435522143,3.999323571059872,3,-0.10398001693926939,0.15309341224247497,0.1845396402292785,0.023372864315830633,0.14722569279401299,0.2733495628544547,-0.10398001693926939,-0.14633127529715428,13.779999732971191,1.1700000762939453,1.58,1.9,0.31999999999999984,61.66,3.539999999999999,-2.1573000000000064,True,,0.6769047415597298,False
QQQ,2020,VOLTARGET15,0,,0.664385496704701,1.0,0.17677354958881475,1.1440323614340604,0.025847842918159003,-0.1347178596420342,4.092597967660451,3,-0.10398001693926939,0.15309341224247497,0.1845396402292785,0.023372864315830633,0.14722569279401299,0.2733495628544547,-0.10398001693926939,-0.14633127529715428,13.779999732971191,1.1700000762939453,1.58,1.9,0.31999999999999984,61.66,3.539999999999999,-2.1573000000000064,True,,0.664385496704701,False
QQQ,2020,VOLTARGET20,0,,0.7339389727883158,1.0,0.2121762744005955,1.1558644987478177,0.06812775607192134,-0.15842009961098558,2.951146732383626,3,-0.10398001693926939,0.15309341224247497,0.1845396402292785,0.023372864315830633,0.14722569279401299,0.2733495628544547,-0.10398001693926939,-0.14633127529715428,13.779999732971191,1.1700000762939453,1.58,1.9,0.31999999999999984,61.66,3.539999999999999,-2.1573000000000064,True,,0.7339389727883158,False
QQQ,2020,LOGIT,1,0.52,0.9294545341424402,1.0,0.15993025097604852,1.2366348448611686,0.04813982141691486,-0.14108761300964567,6.0,3,-0.10398001693926939,0.15309341224247497,0.1845396402292785,0.023372864315830633,0.14722569279401299,0.2733495628544547,-0.10398001693926939,-0.14633127529715428,13.779999732971191,1.1700000762939453,1.58,1.9,0.31999999999999984,61.66,3.539999999999999,-2.1573000000000064,True,,0.9294545341424402,False
QQQ,2020,LOGIT,1,0.56,0.9130684211674452,1.0,0.12681330232690535,1.2366348448611686,0.048532021770132605,-0.13766171059051147,6.0,3,-0.10398001693926939,0.15309341224247497,0.1845396402292785,0.023372864315830633,0.14722569279401299,0.2733495628544547,-0.10398001693926939,-0.14633127529715428,13.779999732971191,1.1700000762939453,1.58,1.9,0.31999999999999984,61.66,3.539999999999999,-2.1573000000000064,True,,0.9130684211674452,False
QQQ,2020,LOGIT,1,0.6,0.27742943243345963,1.0,0.09706975175541377,0.7301115796708207,0.025216591289528356,-0.1538991867711429,6.0,3,-0.10398001693926939,0.15309341224247497,0.1845396402292785,0.023372864315830633,0.14722569279401299,0.2733495628544547,-0.10398001693926939,-0.14633127529715428,13.779999732971191,1.1700000762939453,1.58,1.9,0.31999999999999984,61.66,3.539999999999999,-2.1573000000000064,True,,0.27742943243345963,False
QQQ,2020,LOGIT,1,0.64,0.45963810926365845,1.0,0.1058719109647992,1.0169586826138841,0.003550625192651813,-0.13766171059051124,10.0,3,-0.10398001693926939,0.15309341224247497,0.1845396402292785,0.023372864315830633,0.14722569279401299,0.2733495628544547,-0.10398001693926939,-0.14633127529715428,13.779999732971191,1.1700000762939453,1.58,1.9,0.31999999999999984,61.66,3.539999999999999,-2.1573000000000064,True,,0.45963810926365845,False
QQQ,2020,LOGIT,5,0.52,1.2744304463075222,1.0,0.21025898221958328,1.5642672149311025,0.10979703575423017,-0.13766171059051147,7.0,3,-0.10398001693926939,0.15309341224247497,0.1845396402292785,0.023372864315830633,0.14722569279401299,0.2733495628544547,-0.10398001693926939,-0.14633127529715428,13.779999732971191,1.1700000762939453,1.58,1.9,0.31999999999999984,61.66,3.539999999999999,-2.1573000000000064,True,,1.2744304463075222,True
QQQ,2020,LOGIT,5,0.56,1.0548140841586053,1.0,0.21693242108201316,1.452854095672147,0.04996532548787802,-0.13766171059051135,6.0,3,-0.10398001693926939,0.15309341224247497,0.1845396402292785,0.023372864315830633,0.14722569279401299,0.2733495628544547,-0.10398001693926939,-0.14633127529715428,13.779999732971191,1.1700000762939453,1.58,1.9,0.31999999999999984,61.66,3.539999999999999,-2.1573000000000064,True,,1.0548140841586053,True
QQQ,2020,LOGIT,5,0.6,1.0979072835495038,1.0,0.15453313360769894,1.5100492287143399,0.03365830185571994,-0.13766171059051147,6.0,3,-0.10398001693926939,0.15309341224247497,0.1845396402292785,0.023372864315830633,0.14722569279401299,0.2733495628544547,-0.10398001693926939,-0.14633127529715428,13.779999732971191,1.1700000762939453,1.58,1.9,0.31999999999999984,61.66,3.539999999999999,-2.1573000000000064,True,,1.0979072835495038,True
QQQ,2020,LOGIT,5,0.64,0.2192554187930079,1.0,0.049521314753258716,0.6596233139416122,0.00741108125281742,-0.13766171059051147,6.0,3,-0.10398001693926939,0.15309341224247497,0.1845396402292785,0.023372864315830633,0.14722569279401299,0.2733495628544547,-0.10398001693926939,-0.14633127529715428,13.779999732971191,1.1700000762939453,1.58,1.9,0.31999999999999984,61.66,3.539999999999999,-2.1573000000000064,True,,0.2192554187930079,False
QQQ,2020,LOGIT,20,0.52,0.6194224158163482,0.6666666666666666,0.2122694900919846,1.1815522361599848,-0.06190659919622843,-0.16660923202964628,5.0,3,-0.10398001693926939,0.15309341224247497,0.1845396402292785,0.023372864315830633,0.14722569279401299,0.2733495628544547,-0.10398001693926939,-0.14633127529715428,13.779999732971191,1.1700000762939453,1.58,1.9,0.31999999999999984,61.66,3.539999999999999,-2.1573000000000064,True,,0.6194224158163482,False
QQQ,2020,LOGIT,20,0.56,0.6436574116510226,0.6666666666666666,0.2122694900919846,1.1815522361599848,-0.04954748102840634,-0.15438212818606611,5.0,3,-0.10398001693926939,0.15309341224247497,0.1845396402292785,0.023372864315830633,0.14722569279401299,0.2733495628544547,-0.10398001693926939,-0.14633127529715428,13.779999732971191,1.1700000762939453,1.58,1.9,0.31999999999999984,61.66,3.539999999999999,-2.1573000000000064,True,,0.6436574116510226,False
QQQ,2020,LOGIT,20,0.6,0.6822920717646258,0.6666666666666666,0.2122694900919846,1.1815522361599848,-0.04954748102840634,-0.15438212818606611,5.0,3,-0.10398001693926939,0.15309341224247497,0.1845396402292785,0.023372864315830633,0.14722569279401299,0.2733495628544547,-0.10398001693926939,-0.14633127529715428,13.779999732971191,1.1700000762939453,1.58,1.9,0.31999999999999984,61.66,3.539999999999999,-2.1573000000000064,True,,0.6822920717646258,False
QQQ,2020,LOGIT,20,0.64,0.7093545995124898,0.6666666666666666,0.17616693604679812,1.1920351408882444,-0.04954748102840634,-0.15438212818606611,5.0,3,-0.10398001693926939,0.15309341224247497,0.1845396402292785,0.023372864315830633,0.14722569279401299,0.2733495628544547,-0.10398001693926939,-0.14633127529715428,13.779999732971191,1.1700000762939453,1.58,1.9,0.31999999999999984,61.66,3.539999999999999,-2.1573000000000064,True,,0.7093545995124898,False
QQQ,2020,RF,1,0.52,0.7431000027967014,1.0,0.1910667366238472,1.00452558017357,0.08996146415956408,-0.21598547985318528,1.0,3,-0.10398001693926939,0.15309341224247497,0.1845396402292785,0.023372864315830633,0.14722569279401299,0.2733495628544547,-0.10398001693926939,-0.14633127529715428,13.779999732971191,1.1700000762939453,1.58,1.9,0.31999999999999984,61.66,3.539999999999999,-2.1573000000000064,True,,0.7431000027967014,False
QQQ,2020,RF,1,0.56,0.0,0.0,0.0,0.0,0.0,0.0,0.0,3,-0.10398001693926939,0.15309341224247497,0.1845396402292785,0.023372864315830633,0.14722569279401299,0.2733495628544547,-0.10398001693926939,-0.14633127529715428,13.779999732971191,1.1700000762939453,1.58,1.9,0.31999999999999984,61.66,3.539999999999999,-2.1573000000000064,False,,0.0,False
QQQ,2020,RF,1,0.6,0.0,0.0,0.0,0.0,0.0,0.0,0.0,3,-0.10398001693926939,0.15309341224247497,0.1845396402292785,0.023372864315830633,0.14722569279401299,0.2733495628544547,-0.10398001693926939,-0.14633127529715428,13.779999732971191,1.1700000762939453,1.58,1.9,0.31999999999999984,61.66,3.539999999999999,-2.1573000000000064,False,,0.0,False
QQQ,2020,RF,1,0.64,0.0,0.0,0.0,0.0,0.0,0.0,0.0,3,-0.10398001693926939,0.15309341224247497,0.1845396402292785,0.023372864315830633,0.14722569279401299,0.2733495628544547,-0.10398001693926939,-0.14633127529715428,13.779999732971191,1.1700000762939453,1.58,1.9,0.31999999999999984,61.66,3.539999999999999,-2.1573000000000064,False,,0.0,False
QQQ,2020,RF,5,0.52,0.7992164253621782,1.0,0.2098533556757911,1.0896574707316957,0.1430479459240368,-0.21598547985318473,1.0,3,-0.10398001693926939,0.15309341224247497,0.1845396402292785,0.023372864315830633,0.14722569279401299,0.2733495628544547,-0.10398001693926939,-0.14633127529715428,13.779999732971191,1.1700000762939453,1.58,1.9,0.31999999999999984,61.66,3.539999999999999,-2.1573000000000064,True,,0.7992164253621782,False
QQQ,2020,RF,5,0.56,0.16795730510671716,0.6666666666666666,0.10542137965529896,0.6449383434087543,0.0,-0.14774181783221407,2.0,3,-0.10398001693926939,0.15309341224247497,0.1845396402292785,0.023372864315830633,0.14722569279401299,0.2733495628544547,-0.10398001693926939,-0.14633127529715428,13.779999732971191,1.1700000762939453,1.58,1.9,0.31999999999999984,61.66,3.539999999999999,-2.1573000000000064,True,,0.16795730510671716,False
QQQ,2020,RF,5,0.6,0.0,0.0,0.0,0.0,0.0,0.0,0.0,3,-0.10398001693926939,0.15309341224247497,0.1845396402292785,0.023372864315830633,0.14722569279401299,0.2733495628544547,-0.10398001693926939,-0.14633127529715428,13.779999732971191,1.1700000762939453,1.58,1.9,0.31999999999999984,61.66,3.539999999999999,-2.1573000000000064,False,,0.0,False
QQQ,2020,RF,5,0.64,0.0,0.0,0.0,0.0,0.0,0.0,0.0,3,-0.10398001693926939,0.15309341224247497,0.1845396402292785,0.023372864315830633,0.14722569279401299,0.2733495628544547,-0.10398001693926939,-0.14633127529715428,13.779999732971191,1.1700000762939453,1.58,1.9,0.31999999999999984,61.66,3.539999999999999,-2.1573000000000064,False,,0.0,False
QQQ,2020,RF,20,0.52,0.79766647965676,1.0,0.2222284914304895,1.122169590692234,0.11077932335012863,-0.2159854798531845,1.0,3,-0.10398001693926939,0.15309341224247497,0.1845396402292785,0.023372864315830633,0.14722569279401299,0.2733495628544547,-0.10398001693926939,-0.14633127529715428,13.779999732971191,1.1700000762939453,1.58,1.9,0.31999999999999984,61.66,3.539999999999999,-2.1573000000000064,True,,0.79766647965676,False
QQQ,2020,RF,20,0.56,0.7509047364496538,1.0,0.2098533556757911,1.0896574707316957,0.10008264765220987,-0.22026312307192752,1.0,3,-0.10398001693926939,0.15309341224247497,0.1845396402292785,0.023372864315830633,0.14722569279401299,0.2733495628544547,-0.10398001693926939,-0.14633127529715428,13.779999732971191,1.1700000762939453,1.58,1.9,0.31999999999999984,61.66,3.539999999999999,-2.1573000000000064,True,,0.7509047364496538,False
QQQ,2020,RF,20,0.6,0.3233892613702138,0.6666666666666666,0.1684348718462878,0.939151594745984,-0.031064229890589323,-0.2049779223303918,3.0,3,-0.10398001693926939,0.15309341224247497,0.1845396402292785,0.023372864315830633,0.14722569279401299,0.2733495628544547,-0.10398001693926939,-0.14633127529715428,13.779999732971191,1.1700000762939453,1.58,1.9,0.31999999999999984,61.66,3.539999999999999,-2.1573000000000064,True,,0.3233892613702138,False
QQQ,2020,RF,20,0.64,-0.10994109171531163,0.6666666666666666,0.010887401159671128,0.15438856477176802,-0.010392158569166532,-0.08611914739968751,4.0,3,-0.10398001693926939,0.15309341224247497,0.1845396402292785,0.023372864315830633,0.14722569279401299,0.2733495628544547,-0.10398001693926939,-0.14633127529715428,13.779999732971191,1.1700000762939453,1.58,1.9,0.31999999999999984,61.66,3.539999999999999,-2.1573000000000064,False,,-0.10994109171531163,False
QQQ,2020,HGB,1,0.52,-0.18739730082323375,1.0,0.07058652737081772,0.39776278359960826,0.04181633323029699,-0.21598547985318495,11.0,3,-0.10398001693926939,0.15309341224247497,0.1845396402292785,0.023372864315830633,0.14722569279401299,0.2733495628544547,-0.10398001693926939,-0.14633127529715428,13.779999732971191,1.1700000762939453,1.58,1.9,0.31999999999999984,61.66,3.539999999999999,-2.1573000000000064,False,,-0.18739730082323375,False
QQQ,2020,HGB,1,0.56,0.2019397742261752,0.6666666666666666,0.09039115304236,0.7541982934069844,-0.001705667759959506,-0.14779719230643285,12.0,3,-0.10398001693926939,0.15309341224247497,0.1845396402292785,0.023372864315830633,0.14722569279401299,0.2733495628544547,-0.10398001693926939,-0.14633127529715428,13.779999732971191,1.1700000762939453,1.58,1.9,0.31999999999999984,61.66,3.539999999999999,-2.1573000000000064,True,,0.2019397742261752,False
QQQ,2020,HGB,1,0.6,-0.9327751347802483,0.3333333333333333,-0.020902310776458766,-0.3180172438789115,-0.08226519102051644,-0.12881157979977742,6.0,3,-0.10398001693926939,0.15309341224247497,0.1845396402292785,0.023372864315830633,0.14722569279401299,0.2733495628544547,-0.10398001693926939,-0.14633127529715428,13.779999732971191,1.1700000762939453,1.58,1.9,0.31999999999999984,61.66,3.539999999999999,-2.1573000000000064,False,,-0.9327751347802483,False
QQQ,2020,HGB,1,0.64,0.0,0.0,0.0,0.0,0.0,0.0,0.0,3,-0.10398001693926939,0.15309341224247497,0.1845396402292785,0.023372864315830633,0.14722569279401299,0.2733495628544547,-0.10398001693926939,-0.14633127529715428,13.779999732971191,1.1700000762939453,1.58,1.9,0.31999999999999984,61.66,3.539999999999999,-2.1573000000000064,False,,0.0,False
QQQ,2020,HGB,5,0.52,0.13085548781373163,1.0,0.1307820919033742,0.6291726020702922,0.06078564794499686,-0.18184960027244546,9.0,3,-0.10398001693926939,0.15309341224247497,0.1845396402292785,0.023372864315830633,0.14722569279401299,0.2733495628544547,-0.10398001693926939,-0.14633127529715428,13.779999732971191,1.1700000762939453,1.58,1.9,0.31999999999999984,61.66,3.539999999999999,-2.1573000000000064,True,,0.13085548781373163,False
QQQ,2020,HGB,5,0.56,0.013322608682393322,1.0,0.0671008631305472,0.5631742681455166,0.0528616954385186,-0.16728798766262576,11.0,3,-0.10398001693926939,0.15309341224247497,0.1845396402292785,0.023372864315830633,0.14722569279401299,0.2733495628544547,-0.10398001693926939,-0.14633127529715428,13.779999732971191,1.1700000762939453,1.58,1.9,0.31999999999999984,61.66,3.539999999999999,-2.1573000000000064,True,,0.013322608682393322,False
QQQ,2020,HGB,5,0.6,0.23323466127964768,1.0,0.04309935484972183,0.5422715823963047,0.012828134055977714,-0.1697788501424301,6.0,3,-0.10398001693926939,0.15309341224247497,0.1845396402292785,0.023372864315830633,0.14722569279401299,0.2733495628544547,-0.10398001693926939,-0.14633127529715428,13.779999732971191,1.1700000762939453,1.58,1.9,0.31999999999999984,61.66,3.539999999999999,-2.1573000000000064,True,,0.23323466127964768,False
QQQ,2020,HGB,5,0.64,0.019019246626372915,1.0,0.037642410049215425,0.2869919741157562,0.015603597029818506,-0.16977885014242988,4.0,3,-0.10398001693926939,0.15309341224247497,0.1845396402292785,0.023372864315830633,0.14722569279401299,0.2733495628544547,-0.10398001693926939,-0.14633127529715428,13.779999732971191,1.1700000762939453,1.58,1.9,0.31999999999999984,61.66,3.539999999999999,-2.1573000000000064,True,,0.019019246626372915,False
QQQ,2020,HGB,20,0.52,0.746332297663376,1.0,0.2222284914304895,1.122169590692234,0.09449673107801915,-0.21598547985318517,1.0,3,-0.10398001693926939,0.15309341224247497,0.1845396402292785,0.023372864315830633,0.14722569279401299,0.2733495628544547,-0.10398001693926939,-0.14633127529715428,13.779999732971191,1.1700000762939453,1.58,1.9,0.31999999999999984,61.66,3.539999999999999,-2.1573000000000064,True,,0.746332297663376,False
QQQ,2020,HGB,20,0.56,0.6081285057049378,1.0,0.2222284914304895,1.122169590692234,0.07026299825329696,-0.2301137042348449,3.0,3,-0.10398001693926939,0.15309341224247497,0.1845396402292785,0.023372864315830633,0.14722569279401299,0.2733495628544547,-0.10398001693926939,-0.14633127529715428,13.779999732971191,1.1700000762939453,1.58,1.9,0.31999999999999984,61.66,3.539999999999999,-2.1573000000000064,True,,0.6081285057049378,False
QQQ,2020,HGB,20,0.6,0.7998100870568383,1.0,0.22548943427089196,1.1650534308928526,0.07388181518725845,-0.21502160467263176,5.0,3,-0.10398001693926939,0.15309341224247497,0.1845396402292785,0.023372864315830633,0.14722569279401299,0.2733495628544547,-0.10398001693926939,-0.14633127529715428,13.779999732971191,1.1700000762939453,1.58,1.9,0.31999999999999984,61.66,3.539999999999999,-2.1573000000000064,True,,0.7998100870568383,False
QQQ,2020,HGB,20,0.64,0.769430358173266,1.0,0.22548943427089196,1.1650534308928526,0.046209111645327816,-0.21113716665290116,7.0,3,-0.10398001693926939,0.15309341224247497,0.1845396402292785,0.023372864315830633,0.14722569279401299,0.2733495628544547,-0.10398001693926939,-0.14633127529715428,13.779999732971191,1.1700000762939453,1.58,1.9,0.31999999999999984,61.66,3.539999999999999,-2.1573000000000064,True,,0.769430358173266,False
QQQ,2021,BUYHOLD,0,,0.7193036302837307,1.0,0.3957851392076004,1.0439262180447322,0.11077932335012863,-0.24830010123853097,1.0,3,-0.031635075847900596,0.017487143498821744,0.091510301965257,-7.322992373515191e-05,0.0950550505197929,0.14964578395797312,-0.047367531206588875,-0.06385780118499007,22.75,-0.5599994659423828,0.12,0.93,0.81,48.24,3.700000000000003,-1.4978999999999871,True,2.071724293160264,0.90625,True
QQQ,2021,CASH,0,,0.0,0.0,0.0,0.0,0.0,0.0,0.0,3,-0.031635075847900596,0.017487143498821744,0.091510301965257,-7.322992373515191e-05,0.0950550505197929,0.14964578395797312,-0.047367531206588875,-0.06385780118499007,22.75,-0.5599994659423828,0.12,0.93,0.81,48.24,3.700000000000003,-1.4978999999999871,False,0.7884824821177048,0.13020833333333334,False
QQQ,2021,MOMENTUM,0,,-0.2615406303162165,0.6666666666666666,0.10745206905749449,0.5303248599245013,-0.10186907678772283,-0.22960803577086686,12.0,3,-0.031635075847900596,0.017487143498821744,0.091510301965257,-7.322992373515191e-05,0.0950550505197929,0.14964578395797312,-0.047367531206588875,-0.06385780118499007,22.75,-0.5599994659423828,0.12,0.93,0.81,48.24,3.700000000000003,-1.4978999999999871,False,1.5534251403720538,0.15625,False
QQQ,2021,MEANREV,0,,-0.4792691906909702,0.3333333333333333,0.0,0.11192064601479375,-0.0005881002479765085,-0.17208560368663262,6.0,3,-0.031635075847900596,0.017487143498821744,0.091510301965257,-7.322992373515191e-05,0.0950550505197929,0.14964578395797312,-0.047367531206588875,-0.06385780118499007,22.75,-0.5599994659423828,0.12,0.93,0.81,48.24,3.700000000000003,-1.4978999999999871,False,1.5556070432659332,0.13541666666666666,False
QQQ,2021,TREND60,0,,-0.49820198636497093,0.6666666666666666,0.036482128898237765,0.26729388456067915,-0.051442844901570806,-0.22960803577086653,10.0,3,-0.031635075847900596,0.017487143498821744,0.091510301965257,-7.322992373515191e-05,0.0950550505197929,0.14964578395797312,-0.047367531206588875,-0.06385780118499007,22.75,-0.5599994659423828,0.12,0.93,0.81,48.24,3.700000000000003,-1.4978999999999871,False,1.7530933750197208,0.21875,False
QQQ,2021,TREND200_0,0,,0.6010906026192623,1.0,0.31867487404831585,0.9341265393567507,0.042126636334936185,-0.24830010123853097,3.0,3,-0.031635075847900596,0.017487143498821744,0.091510301965257,-7.322992373515191e-05,0.0950550505197929,0.14964578395797312,-0.047367531206588875,-0.06385780118499007,22.75,-0.5599994659423828,0.12,0.93,0.81,48.24,3.700000000000003,-1.4978999999999871,True,1.9674758681200213,0.78125,False
QQQ,2021,TREND200_33,0,,0.6523551036757945,1.0,0.3463482859663227,0.9858236839214641,0.06540138073570056,-0.24830010123853097,2.34,3,-0.031635075847900596,0.017487143498821744,0.091510301965257,-7.322992373515191e-05,0.0950550505197929,0.14964578395797312,-0.047367531206588875,-0.06385780118499007,22.75,-0.5599994659423828,0.12,0.93,0.81,48.24,3.700000000000003,-1.4978999999999871,True,2.0676891402789117,0.8541666666666667,False
QQQ,2021,TREND200_50,0,,0.6739330075146988,1.0,0.3597711359692748,1.0064854415689926,0.07716222263020467,-0.24830010123853097,2.0,3,-0.031635075847900596,0.017487143498821744,0.091510301965257,-7.322992373515191e-05,0.0950550505197929,0.14964578395797312,-0.047367531206588875,-0.06385780118499007,22.75,-0.5599994659423828,0.12,0.93,0.81,48.24,3.700000000000003,-1.4978999999999871,True,2.075480104089533,0.8958333333333333,False
QQQ,2021,TREND200_67,0,,0.6922817983513138,1.0,0.3726061506734102,1.023027613654263,0.08875905257003303,-0.24830010123853097,1.6600000000000001,3,-0.031635075847900596,0.017487143498821744,0.091510301965257,-7.322992373515191e-05,0.0950550505197929,0.14964578395797312,-0.047367531206588875,-0.06385780118499007,22.75,-0.5599994659423828,0.12,0.93,0.81,48.24,3.700000000000003,-1.4978999999999871,True,2.078649769519007,0.9166666666666667,True
QQQ,2021,VOLTARGET10,0,,0.6688752126802928,1.0,0.1346279349334707,1.112496800282132,0.021128276436754856,-0.09126208435522143,3.3154244139544695,3,-0.031635075847900596,0.017487143498821744,0.091510301965257,-7.322992373515191e-05,0.0950550505197929,0.14964578395797312,-0.047367531206588875,-0.06385780118499007,22.75,-0.5599994659423828,0.12,0.93,0.81,48.24,3.700000000000003,-1.4978999999999871,True,1.9666691538897845,0.8020833333333333,False
QQQ,2021,VOLTARGET15,0,,0.5562455311774527,1.0,0.18112718087792312,1.0386925010838017,0.025847842918159003,-0.1347178596420342,4.235699147761768,3,-0.031635075847900596,0.017487143498821744,0.091510301965257,-7.322992373515191e-05,0.0950550505197929,0.14964578395797312,-0.047367531206588875,-0.06385780118499007,22.75,-0.5599994659423828,0.12,0.93,0.81,48.24,3.700000000000003,-1.4978999999999871,True,1.9663273336278098,0.7395833333333333,False
QQQ,2021,VOLTARGET20,0,,0.5722222144089956,1.0,0.22466114454619523,1.0044554461454096,0.06812775607192134,-0.15842009961098558,3.5614427297184648,3,-0.031635075847900596,0.017487143498821744,0.091510301965257,-7.322992373515191e-05,0.0950550505197929,0.14964578395797312,-0.047367531206588875,-0.06385780118499007,22.75,-0.5599994659423828,0.12,0.93,0.81,48.24,3.700000000000003,-1.4978999999999871,True,2.0093499151578245,0.78125,False
QQQ,2021,LOGIT,1,0.52,0.8523033170215327,1.0,0.15993025097604852,1.2730164652368587,0.04813982141691486,-0.14108761300964567,9.0,3,-0.031635075847900596,0.017487143498821744,0.091510301965257,-7.322992373515191e-05,0.0950550505197929,0.14964578395797312,-0.047367531206588875,-0.06385780118499007,22.75,-0.5599994659423828,0.12,0.93,0.81,48.24,3.700000000000003,-1.4978999999999871,True,1.7604153790576786,0.6666666666666666,False
QQQ,2021,LOGIT,1,0.56,0.9711607136338691,1.0,0.12681330232690535,1.3447546488325268,0.048532021770132605,-0.13766171059051147,7.0,3,-0.031635075847900596,0.017487143498821744,0.091510301965257,-7.322992373515191e-05,0.0950550505197929,0.14964578395797312,-0.047367531206588875,-0.06385780118499007,22.75,-0.5599994659423828,0.12,0.93,0.81,48.24,3.700000000000003,-1.4978999999999871,True,1.827746130032078,0.75,False
QQQ,2021,LOGIT,1,0.6,1.2800376096676602,1.0,0.15598914506738626,1.7804382814163522,0.025216591289528356,-0.1538991867711429,7.0,3,-0.031635075847900596,0.017487143498821744,0.091510301965257,-7.322992373515191e-05,0.0950550505197929,0.14964578395797312,-0.047367531206588875,-0.06385780118499007,22.75,-0.5599994659423828,0.12,0.93,0.81,48.24,3.700000000000003,-1.4978999999999871,True,1.8666660170788572,0.8020833333333333,False
QQQ,2021,LOGIT,1,0.64,1.1112171424107418,1.0,0.1640264995454639,1.646797699605111,0.003550625192651813,-0.13766171059051124,8.0,3,-0.031635075847900596,0.017487143498821744,0.091510301965257,-7.322992373515191e-05,0.0950550505197929,0.14964578395797312,-0.047367531206588875,-0.06385780118499007,22.75,-0.5599994659423828,0.12,0.93,0.81,48.24,3.700000000000003,-1.4978999999999871,True,1.7372765129628522,0.65625,False
QQQ,2021,LOGIT,5,0.52,0.8378799995728802,1.0,0.21025898221958328,1.1489699828833932,0.10979703575423017,-0.2006298652274794,7.0,3,-0.031635075847900596,0.017487143498821744,0.091510301965257,-7.322992373515191e-05,0.0950550505197929,0.14964578395797312,-0.047367531206588875,-0.06385780118499007,22.75,-0.5599994659423828,0.12,0.93,0.81,48.24,3.700000000000003,-1.4978999999999871,True,2.0272041748371086,0.90625,True
QQQ,2021,LOGIT,5,0.56,0.6105344825785345,1.0,0.21698439980196893,1.052525965077283,0.04996532548787802,-0.2006298652274794,7.0,3,-0.031635075847900596,0.017487143498821744,0.091510301965257,-7.322992373515191e-05,0.0950550505197929,0.14964578395797312,-0.047367531206588875,-0.06385780118499007,22.75,-0.5599994659423828,0.12,0.93,0.81,48.24,3.700000000000003,-1.4978999999999871,True,1.9651813909828257,0.7604166666666667,False
QQQ,2021,LOGIT,5,0.6,0.7404165081769043,1.0,0.15453313360769894,1.1959113567079978,0.03365830185571994,-0.17208560368663262,9.0,3,-0.031635075847900596,0.017487143498821744,0.091510301965257,-7.322992373515191e-05,0.0950550505197929,0.14964578395797312,-0.047367531206588875,-0.06385780118499007,22.75,-0.5599994659423828,0.12,0.93,0.81,48.24,3.700000000000003,-1.4978999999999871,True,1.8955618150783264,0.7708333333333333,False
QQQ,2021,LOGIT,5,0.64,0.23473496930745408,1.0,0.049521314753258716,0.6596233139416122,0.00741108125281742,-0.17208560368663262,7.0,3,-0.031635075847900596,0.017487143498821744,0.091510301965257,-7.322992373515191e-05,0.0950550505197929,0.14964578395797312,-0.047367531206588875,-0.06385780118499007,22.75,-0.5599994659423828,0.12,0.93,0.81,48.24,3.700000000000003,-1.4978999999999871,True,2.0241035042519098,0.6979166666666667,False
QQQ,2021,LOGIT,20,0.52,0.04810054885859538,0.6666666666666666,0.19211685542960422,0.6839095972951096,-0.06190659919622843,-0.2006298652274794,9.0,3,-0.031635075847900596,0.017487143498821744,0.091510301965257,-7.322992373515191e-05,0.0950550505197929,0.14964578395797312,-0.047367531206588875,-0.06385780118499007,22.75,-0.5599994659423828,0.12,0.93,0.81,48.24,3.700000000000003,-1.4978999999999871,True,1.8786965225526406,0.5,False
QQQ,2021,LOGIT,20,0.56,0.018065616475694393,0.6666666666666666,0.16492535195433145,0.618219059231007,-0.04954748102840634,-0.2006298652274794,7.0,3,-0.031635075847900596,0.017487143498821744,0.091510301965257,-7.322992373515191e-05,0.0950550505197929,0.14964578395797312,-0.047367531206588875,-0.06385780118499007,22.75,-0.5599994659423828,0.12,0.93,0.81,48.24,3.700000000000003,-1.4978999999999871,True,1.9479248712804005,0.5208333333333333,False
QQQ,2021,LOGIT,20,0.6,0.06644775482986982,0.6666666666666666,0.16492535195433145,0.618219059231007,-0.04954748102840634,-0.2006298652274794,7.0,3,-0.031635075847900596,0.017487143498821744,0.091510301965257,-7.322992373515191e-05,0.0950550505197929,0.14964578395797312,-0.047367531206588875,-0.06385780118499007,22.75,-0.5599994659423828,0.12,0.93,0.81,48.24,3.700000000000003,-1.4978999999999871,True,1.9462966066595777,0.5520833333333334,False
QQQ,2021,LOGIT,20,0.64,0.024942298158686024,0.6666666666666666,0.12308985391897265,0.5213402104754261,-0.04954748102840634,-0.2006298652274794,5.0,3,-0.031635075847900596,0.017487143498821744,0.091510301965257,-7.322992373515191e-05,0.0950550505197929,0.14964578395797312,-0.047367531206588875,-0.06385780118499007,22.75,-0.5599994659423828,0.12,0.93,0.81,48.24,3.700000000000003,-1.4978999999999871,True,2.0296601925429227,0.625,False
QQQ,2021,RF,1,0.52,0.10281890115743815,1.0,0.08996146415956408,0.48569747052770856,0.013844721947444683,-0.24830010123853075,1.0,3,-0.031635075847900596,0.017487143498821744,0.091510301965257,-7.322992373515191e-05,0.0950550505197929,0.14964578395797312,-0.047367531206588875,-0.06385780118499007,22.75,-0.5599994659423828,0.12,0.93,0.81,48.24,3.700000000000003,-1.4978999999999871,True,1.9539035235788638,0.5833333333333334,False
QQQ,2021,RF,1,0.56,0.0,0.0,0.0,0.0,0.0,0.0,0.0,3,-0.031635075847900596,0.017487143498821744,0.091510301965257,-7.322992373515191e-05,0.0950550505197929,0.14964578395797312,-0.047367531206588875,-0.06385780118499007,22.75,-0.5599994659423828,0.12,0.93,0.81,48.24,3.700000000000003,-1.4978999999999871,False,0.8270705145194208,0.16145833333333334,False
QQQ,2021,RF,1,0.6,0.0,0.0,0.0,0.0,0.0,0.0,0.0,3,-0.031635075847900596,0.017487143498821744,0.091510301965257,-7.322992373515191e-05,0.0950550505197929,0.14964578395797312,-0.047367531206588875,-0.06385780118499007,22.75,-0.5599994659423828,0.12,0.93,0.81,48.24,3.700000000000003,-1.4978999999999871,False,0.8224275061990519,0.15104166666666669,False
QQQ,2021,RF,1,0.64,0.0,0.0,0.0,0.0,0.0,0.0,0.0,3,-0.031635075847900596,0.017487143498821744,0.091510301965257,-7.322992373515191e-05,0.0950550505197929,0.14964578395797312,-0.047367531206588875,-0.06385780118499007,22.75,-0.5599994659423828,0.12,0.93,0.81,48.24,3.700000000000003,-1.4978999999999871,False,0.8177844978786831,0.140625,False
QQQ,2021,RF,5,0.52,0.4073424798959885,1.0,0.23364002184709776,0.7601708730483188,0.1430479459240368,-0.24830010123853097,3.0,3,-0.031635075847900596,0.017487143498821744,0.091510301965257,-7.322992373515191e-05,0.0950550505197929,0.14964578395797312,-0.047367531206588875,-0.06385780118499007,22.75,-0.5599994659423828,0.12,0.93,0.81,48.24,3.700000000000003,-1.4978999999999871,True,1.8122153879238005,0.5520833333333334,False
QQQ,2021,RF,5,0.56,0.17686083112306616,1.0,0.10542137965529896,0.6449383434087543,0.0210585368395928,-0.17208560368663262,3.0,3,-0.031635075847900596,0.017487143498821744,0.091510301965257,-7.322992373515191e-05,0.0950550505197929,0.14964578395797312,-0.047367531206588875,-0.06385780118499007,22.75,-0.5599994659423828,0.12,0.93,0.81,48.24,3.700000000000003,-1.4978999999999871,True,1.5705999597975282,0.3333333333333333,False
QQQ,2021,RF,5,0.6,0.0,0.0,0.0,0.0,0.0,0.0,0.0,3,-0.031635075847900596,0.017487143498821744,0.091510301965257,-7.322992373515191e-05,0.0950550505197929,0.14964578395797312,-0.047367531206588875,-0.06385780118499007,22.75,-0.5599994659423828,0.12,0.93,0.81,48.24,3.700000000000003,-1.4978999999999871,False,0.8332087971030281,0.18229166666666669,False
QQQ,2021,RF,5,0.64,0.0,0.0,0.0,0.0,0.0,0.0,0.0,3,-0.031635075847900596,0.017487143498821744,0.091510301965257,-7.322992373515191e-05,0.0950550505197929,0.14964578395797312,-0.047367531206588875,-0.06385780118499007,22.75,-0.5599994659423828,0.12,0.93,0.81,48.24,3.700000000000003,-1.4978999999999871,False,0.8285657887826593,0.171875,False
QQQ,2021,RF,20,0.52,0.44212146289615123,1.0,0.2566804777790843,0.7879220380739427,0.11077932335012863,-0.24830010123853097,1.0,3,-0.031635075847900596,0.017487143498821744,0.091510301965257,-7.322992373515191e-05,0.0950550505197929,0.14964578395797312,-0.047367531206588875,-0.06385780118499007,22.75,-0.5599994659423828,0.12,0.93,0.81,48.24,3.700000000000003,-1.4978999999999871,True,1.833177112843508,0.6041666666666667,False
QQQ,2021,RF,20,0.56,0.3623354061725711,1.0,0.21486304446508608,0.7475968688107268,0.10008264765220987,-0.22026312307192752,3.0,3,-0.031635075847900596,0.017487143498821744,0.091510301965257,-7.322992373515191e-05,0.0950550505197929,0.14964578395797312,-0.047367531206588875,-0.06385780118499007,22.75,-0.5599994659423828,0.12,0.93,0.81,48.24,3.700000000000003,-1.4978999999999871,True,1.722360483244854,0.4479166666666667,False
QQQ,2021,RF,20,0.6,-0.7732809021568099,0.3333333333333333,-0.030549562592256718,-0.002029604107578198,-0.031064229890589323,-0.2049779223303918,4.0,3,-0.031635075847900596,0.017487143498821744,0.091510301965257,-7.322992373515191e-05,0.0950550505197929,0.14964578395797312,-0.047367531206588875,-0.06385780118499007,22.75,-0.5599994659423828,0.12,0.93,0.81,48.24,3.700000000000003,-1.4978999999999871,False,1.7696738878871394,0.22916666666666669,False
QQQ,2021,RF,20,0.64,-0.321564893318728,0.3333333333333333,-0.010392158569166532,-0.04164205450561248,-0.09534667358703097,-0.17208560368663262,4.0,3,-0.031635075847900596,0.017487143498821744,0.091510301965257,-7.322992373515191e-05,0.0950550505197929,0.14964578395797312,-0.047367531206588875,-0.06385780118499007,22.75,-0.5599994659423828,0.12,0.93,0.81,48.24,3.700000000000003,-1.4978999999999871,False,1.5783560819967455,0.1875,False
QQQ,2021,HGB,1,0.52,0.38665051819083834,1.0,0.27025338145864786,0.8124380794493512,0.07058652737081772,-0.24830010123853097,7.0,3,-0.031635075847900596,0.017487143498821744,0.091510301965257,-7.322992373515191e-05,0.0950550505197929,0.14964578395797312,-0.047367531206588875,-0.06385780118499007,22.75,-0.5599994659423828,0.12,0.93,0.81,48.24,3.700000000000003,-1.4978999999999871,True,1.8167224615398503,0.5520833333333333,False
QQQ,2021,HGB,1,0.56,-0.1162344520820936,0.6666666666666666,0.10470461008187537,0.4650097822561031,-0.001705667759959506,-0.24830010123853097,10.0,3,-0.031635075847900596,0.017487143498821744,0.091510301965257,-7.322992373515191e-05,0.0950550505197929,0.14964578395797312,-0.047367531206588875,-0.06385780118499007,22.75,-0.5599994659423828,0.12,0.93,0.81,48.24,3.700000000000003,-1.4978999999999871,False,1.9008436786349092,0.4270833333333333,False
QQQ,2021,HGB,1,0.6,-0.9345223343639415,0.3333333333333333,-0.020902310776458766,-0.3180172438789115,-0.08226519102051644,-0.2006298652274794,11.0,3,-0.031635075847900596,0.017487143498821744,0.091510301965257,-7.322992373515191e-05,0.0950550505197929,0.14964578395797312,-0.047367531206588875,-0.06385780118499007,22.75,-0.5599994659423828,0.12,0.93,0.81,48.24,3.700000000000003,-1.4978999999999871,False,1.707193639466202,0.15625,False
QQQ,2021,HGB,1,0.64,-0.46713273608034767,0.3333333333333333,0.0,0.0,0.0,-0.025653646650732775,0.0,3,-0.031635075847900596,0.017487143498821744,0.091510301965257,-7.322992373515191e-05,0.0950550505197929,0.14964578395797312,-0.047367531206588875,-0.06385780118499007,22.75,-0.5599994659423828,0.12,0.93,0.81,48.24,3.700000000000003,-1.4978999999999871,False,1.1131111878826363,0.125,False
QQQ,2021,HGB,5,0.52,0.17508533480722588,1.0,0.18326548561014167,0.6507267568684371,0.1307820919033742,-0.20572786488082506,9.0,3,-0.031635075847900596,0.017487143498821744,0.091510301965257,-7.322992373515191e-05,0.0950550505197929,0.14964578395797312,-0.047367531206588875,-0.06385780118499007,22.75,-0.5599994659423828,0.12,0.93,0.81,48.24,3.700000000000003,-1.4978999999999871,True,1.7502135298880974,0.39583333333333337,False
QQQ,2021,HGB,5,0.56,0.30898076064561353,1.0,0.24208811422140863,0.798554060688643,0.0671008631305472,-0.20572786488082506,11.0,3,-0.031635075847900596,0.017487143498821744,0.091510301965257,-7.322992373515191e-05,0.0950550505197929,0.14964578395797312,-0.047367531206588875,-0.06385780118499007,22.75,-0.5599994659423828,0.12,0.93,0.81,48.24,3.700000000000003,-1.4978999999999871,True,1.6048443236280328,0.40625,False
QQQ,2021,HGB,5,0.6,0.314048977389801,1.0,0.0828892069688083,0.6227539919773586,0.012828134055977714,-0.19389572467356686,6.0,3,-0.031635075847900596,0.017487143498821744,0.091510301965257,-7.322992373515191e-05,0.0950550505197929,0.14964578395797312,-0.047367531206588875,-0.06385780118499007,22.75,-0.5599994659423828,0.12,0.93,0.81,48.24,3.700000000000003,-1.4978999999999871,True,1.826677282891854,0.5416666666666667,False
QQQ,2021,HGB,5,0.64,0.5470606495837128,1.0,0.05484995978595153,0.8646682161331569,0.037642410049215425,-0.16977885014242988,6.0,3,-0.031635075847900596,0.017487143498821744,0.091510301965257,-7.322992373515191e-05,0.0950550505197929,0.14964578395797312,-0.047367531206588875,-0.06385780118499007,22.75,-0.5599994659423828,0.12,0.93,0.81,48.24,3.700000000000003,-1.4978999999999871,True,1.785073347833606,0.5520833333333333,False
QQQ,2021,HGB,20,0.52,0.7525092896249901,1.0,0.41308457197431103,1.1215642091600055,0.09449673107801915,-0.21598547985318517,5.0,3,-0.031635075847900596,0.017487143498821744,0.091510301965257,-7.322992373515191e-05,0.0950550505197929,0.14964578395797312,-0.047367531206588875,-0.06385780118499007,22.75,-0.5599994659423828,0.12,0.93,0.81,48.24,3.700000000000003,-1.4978999999999871,True,1.576755971474506,0.5625,False
QQQ,2021,HGB,20,0.56,0.19603814315374385,1.0,0.24197153837163388,0.7838510759253831,0.07026299825329696,-0.2301137042348449,7.0,3,-0.031635075847900596,0.017487143498821744,0.091510301965257,-7.322992373515191e-05,0.0950550505197929,0.14964578395797312,-0.047367531206588875,-0.06385780118499007,22.75,-0.5599994659423828,0.12,0.93,0.81,48.24,3.700000000000003,-1.4978999999999871,True,1.8101212461443559,0.46875,False
QQQ,2021,HGB,20,0.6,0.197421427685822,1.0,0.17003617195403287,0.6291016937788186,0.07388181518725845,-0.21502160467263176,7.0,3,-0.031635075847900596,0.017487143498821744,0.091510301965257,-7.322992373515191e-05,0.0950550505197929,0.14964578395797312,-0.047367531206588875,-0.06385780118499007,22.75,-0.5599994659423828,0.12,0.93,0.81,48.24,3.700000000000003,-1.4978999999999871,True,1.8438516332659323,0.5416666666666667,False
QQQ,2021,HGB,20,0.64,0.059052536934653996,1.0,0.11638525640330966,0.5070671382339582,0.046209111645327816,-0.21113716665290116,7.0,3,-0.031635075847900596,0.017487143498821744,0.091510301965257,-7.322992373515191e-05,0.0950550505197929,0.14964578395797312,-0.047367531206588875,-0.06385780118499007,22.75,-0.5599994659423828,0.12,0.93,0.81,48.24,3.700000000000003,-1.4978999999999871,True,1.8765240364337412,0.5,False
QQQ,2022,BUYHOLD,0,,1.7357105260027132,1.0,0.5023103414647236,1.9298703742374808,0.3957851392076004,-0.24830010123853097,1.0,3,0.0374322841974688,0.16330614500153673,0.2607457532044588,0.05847767679465532,0.2166318354666903,0.36153896073591524,-0.029253254901678738,0.015431218373259004,17.219999313354492,-0.7399997711181641,0.73,1.52,0.79,76.83,11.39,-0.6059999999999945,True,1.8555871425412187,1.0,True
QQQ,2022,CASH,0,,0.0,0.0,0.0,0.0,0.0,0.0,0.0,3,0.0374322841974688,0.16330614500153673,0.2607457532044588,0.05847767679465532,0.2166318354666903,0.36153896073591524,-0.029253254901678738,0.015431218373259004,17.219999313354492,-0.7399997711181641,0.73,1.52,0.79,76.83,11.39,-0.6059999999999945,False,-0.16686457335632,0.078125,False
QQQ,2022,MOMENTUM,0,,0.9420457006102749,1.0,0.28131551146882794,1.3990351676933082,0.10745206905749449,-0.22960803577086686,12.0,3,0.0374322841974688,0.16330614500153673,0.2607457532044588,0.05847767679465532,0.2166318354666903,0.36153896073591524,-0.029253254901678738,0.015431218373259004,17.219999313354492,-0.7399997711181641,0.73,1.52,0.79,76.83,11.39,-0.6059999999999945,True,0.993196348046234,0.46875,False
QQQ,2022,MEANREV,0,,-0.21858787985544686,0.3333333333333333,0.0,0.11192064601479375,-0.0005881002479765085,-0.17208560368663262,6.0,3,0.0374322841974688,0.16330614500153673,0.2607457532044588,0.05847767679465532,0.2166318354666903,0.36153896073591524,-0.029253254901678738,0.015431218373259004,17.219999313354492,-0.7399997711181641,0.73,1.52,0.79,76.83,11.39,-0.6059999999999945,False,0.6026381852767533,0.16666666666666666,False
QQQ,2022,TREND60,0,,0.8675311101042135,1.0,0.2859806430415748,1.3997452796243326,0.036482128898237765,-0.22960803577086653,10.0,3,0.0374322841974688,0.16330614500153673,0.2607457532044588,0.05847767679465532,0.2166318354666903,0.36153896073591524,-0.029253254901678738,0.015431218373259004,17.219999313354492,-0.7399997711181641,0.73,1.52,0.79,76.83,11.39,-0.6059999999999945,True,0.923768841745392,0.41666666666666663,False
QQQ,2022,TREND200_0,0,,1.3842483855488341,1.0,0.34418546616944323,1.6421366962095243,0.31867487404831585,-0.24830010123853097,3.0,3,0.0374322841974688,0.16330614500153673,0.2607457532044588,0.05847767679465532,0.2166318354666903,0.36153896073591524,-0.029253254901678738,0.015431218373259004,17.219999313354492,-0.7399997711181641,0.73,1.52,0.79,76.83,11.39,-0.6059999999999945,True,1.7640597196998649,0.84375,False
QQQ,2022,TREND200_33,0,,1.5942110800445801,1.0,0.3952732963190595,1.8265031472232378,0.3463482859663227,-0.24830010123853097,2.34,3,0.0374322841974688,0.16330614500153673,0.2607457532044588,0.05847767679465532,0.2166318354666903,0.36153896073591524,-0.029253254901678738,0.015431218373259004,17.219999313354492,-0.7399997711181641,0.73,1.52,0.79,76.83,11.39,-0.6059999999999945,True,1.8425096571382853,0.90625,False
QQQ,2022,TREND200_50,0,,1.6871070925999854,1.0,0.4220146218445622,1.9087500788225333,0.3597711359692748,-0.24830010123853097,2.0,3,0.0374322841974688,0.16330614500153673,0.2607457532044588,0.05847767679465532,0.2166318354666903,0.36153896073591524,-0.029253254901678738,0.015431218373259004,17.219999313354492,-0.7399997711181641,0.73,1.52,0.79,76.83,11.39,-0.6059999999999945,True,1.8464273732194276,0.9375,True
QQQ,2022,TREND200_67,0,,1.7178992100242276,1.0,0.4490411746681595,1.9298703742374808,0.3726061506734102,-0.24830010123853097,1.66,3,0.0374322841974688,0.16330614500153673,0.2607457532044588,0.05847767679465532,0.2166318354666903,0.36153896073591524,-0.029253254901678738,0.015431218373259004,17.219999313354492,-0.7399997711181641,0.73,1.52,0.79,76.83,11.39,-0.6059999999999945,True,1.8528739246664108,0.96875,True
QQQ,2022,VOLTARGET10,0,,1.5616628015634364,1.0,0.22465066029898018,1.8040538552644336,0.1346279349334707,-0.08297895149948786,3.9540935870889364,3,0.0374322841974688,0.16330614500153673,0.2607457532044588,0.05847767679465532,0.2166318354666903,0.36153896073591524,-0.029253254901678738,0.015431218373259004,17.219999313354492,-0.7399997711181641,0.73,1.52,0.79,76.83,11.39,-0.6059999999999945,True,1.1953475049704734,0.7395833333333333,False
QQQ,2022,VOLTARGET15,0,,1.6976249424316177,1.0,0.3708712809716854,1.9514320909698328,0.18112718087792312,-0.12334570479686457,4.235699147761768,3,0.0374322841974688,0.16330614500153673,0.2607457532044588,0.05847767679465532,0.2166318354666903,0.36153896073591524,-0.029253254901678738,0.015431218373259004,17.219999313354492,-0.7399997711181641,0.73,1.52,0.79,76.83,11.39,-0.6059999999999945,True,1.2695316496682563,0.8333333333333333,False
QQQ,2022,VOLTARGET20,0,,1.7283618349667507,1.0,0.45792026353238513,1.9646147598774266,0.22466114454619523,-0.15545619137801503,3.6598375381063892,3,0.0374322841974688,0.16330614500153673,0.2607457532044588,0.05847767679465532,0.2166318354666903,0.36153896073591524,-0.029253254901678738,0.015431218373259004,17.219999313354492,-0.7399997711181641,0.73,1.52,0.79,76.83,11.39,-0.6059999999999945,True,1.3830401441879454,0.9270833333333333,False
QQQ,2022,LOGIT,1,0.52,1.1213263595326783,1.0,0.20457252975473272,1.3567340806413264,0.15993025097604852,-0.13009289388524048,10.0,3,0.0374322841974688,0.16330614500153673,0.2607457532044588,0.05847767679465532,0.2166318354666903,0.36153896073591524,-0.029253254901678738,0.015431218373259004,17.219999313354492,-0.7399997711181641,0.73,1.52,0.79,76.83,11.39,-0.6059999999999945,True,0.9233810364253664,0.45833333333333337,False
QQQ,2022,LOGIT,1,0.56,1.1822450003553446,1.0,0.12681330232690535,1.3447546488325268,0.10312764916410844,-0.0759758851783654,7.0,3,0.0374322841974688,0.16330614500153673,0.2607457532044588,0.05847767679465532,0.2166318354666903,0.36153896073591524,-0.029253254901678738,0.015431218373259004,17.219999313354492,-0.7399997711181641,0.73,1.52,0.79,76.83,11.39,-0.6059999999999945,True,0.6309115894788017,0.44791666666666663,False
QQQ,2022,LOGIT,1,0.6,1.521979668657631,1.0,0.15598914506738626,1.7804382814163522,0.08365545120843731,-0.059026817977030355,7.0,3,0.0374322841974688,0.16330614500153673,0.2607457532044588,0.05847767679465532,0.2166318354666903,0.36153896073591524,-0.029253254901678738,0.015431218373259004,17.219999313354492,-0.7399997711181641,0.73,1.52,0.79,76.83,11.39,-0.6059999999999945,True,0.4578205184219793,0.5104166666666667,False
QQQ,2022,LOGIT,1,0.64,1.3740380602120177,1.0,0.1640264995454639,1.646797699605111,0.08365545120843731,-0.0644619702319702,8.0,3,0.0374322841974688,0.16330614500153673,0.2607457532044588,0.05847767679465532,0.2166318354666903,0.36153896073591524,-0.029253254901678738,0.015431218373259004,17.219999313354492,-0.7399997711181641,0.73,1.52,0.79,76.83,11.39,-0.6059999999999945,True,0.4814007601055223,0.4791666666666667,False
QQQ,2022,LOGIT,5,0.52,0.7991375929606768,1.0,0.21025898221958328,1.1489699828833932,0.13981497821007305,-0.2006298652274794,10.0,3,0.0374322841974688,0.16330614500153673,0.2607457532044588,0.05847767679465532,0.2166318354666903,0.36153896073591524,-0.029253254901678738,0.015431218373259004,17.219999313354492,-0.7399997711181641,0.73,1.52,0.79,76.83,11.39,-0.6059999999999945,True,1.2520364958178856,0.5208333333333334,False
QQQ,2022,LOGIT,5,0.56,0.7272469983534969,1.0,0.21698439980196893,1.0857226828075208,0.16782819237421287,-0.2006298652274794,8.0,3,0.0374322841974688,0.16330614500153673,0.2607457532044588,0.05847767679465532,0.2166318354666903,0.36153896073591524,-0.029253254901678738,0.015431218373259004,17.219999313354492,-0.7399997711181641,0.73,1.52,0.79,76.83,11.39,-0.6059999999999945,True,1.3230498304700604,0.5625,False
QQQ,2022,LOGIT,5,0.6,0.80999618006853,1.0,0.15453313360769894,1.1959113567079978,0.09071455511887683,-0.17208560368663262,9.0,3,0.0374322841974688,0.16330614500153673,0.2607457532044588,0.05847767679465532,0.2166318354666903,0.36153896073591524,-0.029253254901678738,0.015431218373259004,17.219999313354492,-0.7399997711181641,0.73,1.52,0.79,76.83,11.39,-0.6059999999999945,True,1.0544448105151079,0.45833333333333337,False
QQQ,2022,LOGIT,5,0.64,0.29358913265582004,1.0,0.06496982769362414,0.6596233139416122,0.049521314753258716,-0.17208560368663262,8.0,3,0.0374322841974688,0.16330614500153673,0.2607457532044588,0.05847767679465532,0.2166318354666903,0.36153896073591524,-0.029253254901678738,0.015431218373259004,17.219999313354492,-0.7399997711181641,0.73,1.52,0.79,76.83,11.39,-0.6059999999999945,True,1.0872276942482941,0.36458333333333337,False
QQQ,2022,LOGIT,20,0.52,0.6914652477328426,1.0,0.19370834988062913,1.1040171012195772,0.19211685542960422,-0.2006298652274794,9.0,3,0.0374322841974688,0.16330614500153673,0.2607457532044588,0.05847767679465532,0.2166318354666903,0.36153896073591524,-0.029253254901678738,0.015431218373259004,17.219999313354492,-0.7399997711181641,0.73,1.52,0.79,76.83,11.39,-0.6059999999999945,True,1.3747800781582782,0.59375,False
QQQ,2022,LOGIT,20,0.56,0.7616263730659734,1.0,0.20390521440551557,1.1662878028022419,0.16492535195433145,-0.2006298652274794,8.0,3,0.0374322841974688,0.16330614500153673,0.2607457532044588,0.05847767679465532,0.2166318354666903,0.36153896073591524,-0.029253254901678738,0.015431218373259004,17.219999313354492,-0.7399997711181641,0.73,1.52,0.79,76.83,11.39,-0.6059999999999945,True,1.3260561690669999,0.5833333333333333,False
QQQ,2022,LOGIT,20,0.6,0.5887021756256469,1.0,0.16492535195433145,0.9489381746632689,0.158942829467418,-0.2006298652274794,7.0,3,0.0374322841974688,0.16330614500153673,0.2607457532044588,0.05847767679465532,0.2166318354666903,0.36153896073591524,-0.029253254901678738,0.015431218373259004,17.219999313354492,-0.7399997711181641,0.73,1.52,0.79,76.83,11.39,-0.6059999999999945,True,1.3595501986308134,0.5416666666666666,False
QQQ,2022,LOGIT,20,0.64,0.610967069580602,1.0,0.158942829467418,0.9489381746632689,0.12308985391897265,-0.2006298652274794,7.0,3,0.0374322841974688,0.16330614500153673,0.2607457532044588,0.05847767679465532,0.2166318354666903,0.36153896073591524,-0.029253254901678738,0.015431218373259004,17.219999313354492,-0.7399997711181641,0.73,1.52,0.79,76.83,11.39,-0.6059999999999945,True,1.2965726711963135,0.53125,False
QQQ,2022,RF,1,0.52,1.1006508505132178,1.0,0.2938792369758556,1.491318234757071,0.013844721947444683,-0.24830010123853075,1.0,3,0.0374322841974688,0.16330614500153673,0.2607457532044588,0.05847767679465532,0.2166318354666903,0.36153896073591524,-0.029253254901678738,0.015431218373259004,17.219999313354492,-0.7399997711181641,0.73,1.52,0.79,76.83,11.39,-0.6059999999999945,True,0.961433370510024,0.47916666666666663,False
QQQ,2022,RF,1,0.56,0.0,0.0,0.0,0.0,0.0,0.0,0.0,3,0.0374322841974688,0.16330614500153673,0.2607457532044588,0.05847767679465532,0.2166318354666903,0.36153896073591524,-0.029253254901678738,0.015431218373259004,17.219999313354492,-0.7399997711181641,0.73,1.52,0.79,76.83,11.39,-0.6059999999999945,False,-0.14251332230770475,0.13020833333333331,False
QQQ,2022,RF,1,0.6,0.0,0.0,0.0,0.0,0.0,0.0,0.0,3,0.0374322841974688,0.16330614500153673,0.2607457532044588,0.05847767679465532,0.2166318354666903,0.36153896073591524,-0.029253254901678738,0.015431218373259004,17.219999313354492,-0.7399997711181641,0.73,1.52,0.79,76.83,11.39,-0.6059999999999945,False,-0.1474955411813984,0.109375,False
QQQ,2022,RF,1,0.64,0.0,0.0,0.0,0.0,0.0,0.0,0.0,3,0.0374322841974688,0.16330614500153673,0.2607457532044588,0.05847767679465532,0.2166318354666903,0.36153896073591524,-0.029253254901678738,0.015431218373259004,17.219999313354492,-0.7399997711181641,0.73,1.52,0.79,76.83,11.39,-0.6059999999999945,False,-0.15247776005509206,0.08854166666666666,False
QQQ,2022,RF,5,0.52,1.2772709574784304,1.0,0.37114980711687484,1.5453875133964365,0.23364002184709776,-0.24830010123853097,3.0,3,0.0374322841974688,0.16330614500153673,0.2607457532044588,0.05847767679465532,0.2166318354666903,0.36153896073591524,-0.029253254901678738,0.015431218373259004,17.219999313354492,-0.7399997711181641,0.73,1.52,0.79,76.83,11.39,-0.6059999999999945,True,1.2616518919326223,0.6770833333333333,False
QQQ,2022,RF,5,0.56,0.8103621424948078,1.0,0.13520820055483296,1.2396484271893131,0.0210585368395928,-0.17208560368663262,2.0,3,0.0374322841974688,0.16330614500153673,0.2607457532044588,0.05847767679465532,0.2166318354666903,0.36153896073591524,-0.029253254901678738,0.015431218373259004,17.219999313354492,-0.7399997711181641,0.73,1.52,0.79,76.83,11.39,-0.6059999999999945,True,0.6870667545588459,0.375,False
QQQ,2022,RF,5,0.6,0.0,0.0,0.0,0.0,0.0,0.0,0.0,3,0.0374322841974688,0.16330614500153673,0.2607457532044588,0.05847767679465532,0.2166318354666903,0.36153896073591524,-0.029253254901678738,0.015431218373259004,17.219999313354492,-0.7399997711181641,0.73,1.52,0.79,76.83,11.39,-0.6059999999999945,False,-0.14450644751572772,0.11979166666666666,False
QQQ,2022,RF,5,0.64,0.0,0.0,0.0,0.0,0.0,0.0,0.0,3,0.0374322841974688,0.16330614500153673,0.2607457532044588,0.05847767679465532,0.2166318354666903,0.36153896073591524,-0.029253254901678738,0.015431218373259004,17.219999313354492,-0.7399997711181641,0.73,1.52,0.79,76.83,11.39,-0.6059999999999945,False,-0.14948866638942138,0.09895833333333333,False
QQQ,2022,RF,20,0.52,1.626891090355486,1.0,0.4327202745937997,1.8910662256053434,0.2566804777790843,-0.24830010123853097,2.0,3,0.0374322841974688,0.16330614500153673,0.2607457532044588,0.05847767679465532,0.2166318354666903,0.36153896073591524,-0.029253254901678738,0.015431218373259004,17.219999313354492,-0.7399997711181641,0.73,1.52,0.79,76.83,11.39,-0.6059999999999945,True,1.2602624830821607,0.78125,False
QQQ,2022,RF,20,0.56,1.4045372900892055,1.0,0.3902778019022046,1.690395141684554,0.21486304446508608,-0.19268475180126865,5.0,3,0.0374322841974688,0.16330614500153673,0.2607457532044588,0.05847767679465532,0.2166318354666903,0.36153896073591524,-0.029253254901678738,0.015431218373259004,17.219999313354492,-0.7399997711181641,0.73,1.52,0.79,76.83,11.39,-0.6059999999999945,True,0.9326051103103448,0.6041666666666666,False
QQQ,2022,RF,20,0.6,0.5198681732016628,0.6666666666666666,0.17836969230213207,1.1190490873714682,-0.030549562592256718,-0.17208560368663262,4.0,3,0.0374322841974688,0.16330614500153673,0.2607457532044588,0.05847767679465532,0.2166318354666903,0.36153896073591524,-0.029253254901678738,0.015431218373259004,17.219999313354492,-0.7399997711181641,0.73,1.52,0.79,76.83,11.39,-0.6059999999999945,True,0.5349833782967321,0.23958333333333331,False
QQQ,2022,RF,20,0.64,-0.49086343676738126,0.3333333333333333,-0.010392158569166532,-0.04164205450561248,-0.09534667358703097,-0.17208560368663262,4.0,3,0.0374322841974688,0.16330614500153673,0.2607457532044588,0.05847767679465532,0.2166318354666903,0.36153896073591524,-0.029253254901678738,0.015431218373259004,17.219999313354492,-0.7399997711181641,0.73,1.52,0.79,76.83,11.39,-0.6059999999999945,False,0.554832591000137,0.13541666666666666,False
QQQ,2022,HGB,1,0.52,1.3994402997827922,1.0,0.3311130791928032,1.7367632659543752,0.27025338145864786,-0.24830010123853097,7.0,3,0.0374322841974688,0.16330614500153673,0.2607457532044588,0.05847767679465532,0.2166318354666903,0.36153896073591524,-0.029253254901678738,0.015431218373259004,17.219999313354492,-0.7399997711181641,0.73,1.52,0.79,76.83,11.39,-0.6059999999999945,True,1.4363834891759568,0.84375,False
QQQ,2022,HGB,1,0.56,1.2213437033151149,1.0,0.21775271538781427,1.7004529831266224,0.10470461008187537,-0.24830010123853097,9.0,3,0.0374322841974688,0.16330614500153673,0.2607457532044588,0.05847767679465532,0.2166318354666903,0.36153896073591524,-0.029253254901678738,0.015431218373259004,17.219999313354492,-0.7399997711181641,0.73,1.52,0.79,76.83,11.39,-0.6059999999999945,True,1.1845474239412623,0.6145833333333333,False
QQQ,2022,HGB,1,0.6,0.3983968709257947,0.6666666666666666,0.07767356149721882,0.915318485246837,-0.020902310776458766,-0.2006298652274794,6.0,3,0.0374322841974688,0.16330614500153673,0.2607457532044588,0.05847767679465532,0.2166318354666903,0.36153896073591524,-0.029253254901678738,0.015431218373259004,17.219999313354492,-0.7399997711181641,0.73,1.52,0.79,76.83,11.39,-0.6059999999999945,True,0.8694899892907175,0.28125,False
QQQ,2022,HGB,1,0.64,-0.46713273608034767,0.3333333333333333,0.0,0.0,0.0,-0.025653646650732775,0.0,3,0.0374322841974688,0.16330614500153673,0.2607457532044588,0.05847767679465532,0.2166318354666903,0.36153896073591524,-0.029253254901678738,0.015431218373259004,17.219999313354492,-0.7399997711181641,0.73,1.52,0.79,76.83,11.39,-0.6059999999999945,False,0.23116199884515354,0.09375,False
QQQ,2022,HGB,5,0.52,1.3629149852824103,1.0,0.34548795938962007,1.7293971870488845,0.18326548561014167,-0.20572786488082506,7.0,3,0.0374322841974688,0.16330614500153673,0.2607457532044588,0.05847767679465532,0.2166318354666903,0.36153896073591524,-0.029253254901678738,0.015431218373259004,17.219999313354492,-0.7399997711181641,0.73,1.52,0.79,76.83,11.39,-0.6059999999999945,True,1.0985420067023757,0.625,False
QQQ,2022,HGB,5,0.56,1.3716809595073653,1.0,0.30099354233026543,1.739913808058299,0.24208811422140863,-0.20572786488082506,9.0,3,0.0374322841974688,0.16330614500153673,0.2607457532044588,0.05847767679465532,0.2166318354666903,0.36153896073591524,-0.029253254901678738,0.015431218373259004,17.219999313354492,-0.7399997711181641,0.73,1.52,0.79,76.83,11.39,-0.6059999999999945,True,1.1776173169884039,0.65625,False
QQQ,2022,HGB,5,0.6,0.595462595436913,1.0,0.15506267439495502,0.8964646770962377,0.0828892069688083,-0.19389572467356686,6.0,3,0.0374322841974688,0.16330614500153673,0.2607457532044588,0.05847767679465532,0.2166318354666903,0.36153896073591524,-0.029253254901678738,0.015431218373259004,17.219999313354492,-0.7399997711181641,0.73,1.52,0.79,76.83,11.39,-0.6059999999999945,True,1.0396410958772293,0.3854166666666667,False
QQQ,2022,HGB,5,0.64,0.8675842442349708,1.0,0.17041795621650868,1.046592972494623,0.05484995978595153,-0.08660007212249587,9.0,3,0.0374322841974688,0.16330614500153673,0.2607457532044588,0.05847767679465532,0.2166318354666903,0.36153896073591524,-0.029253254901678738,0.015431218373259004,17.219999313354492,-0.7399997711181641,0.73,1.52,0.79,76.83,11.39,-0.6059999999999945,True,0.42477097308492906,0.3229166666666667,False
QQQ,2022,HGB,20,0.52,1.3396076848397755,1.0,0.41308457197431103,1.5545398016121768,0.3381426594139805,-0.2006298652274794,4.0,3,0.0374322841974688,0.16330614500153673,0.2607457532044588,0.05847767679465532,0.2166318354666903,0.36153896073591524,-0.029253254901678738,0.015431218373259004,17.219999313354492,-0.7399997711181641,0.73,1.52,0.79,76.83,11.39,-0.6059999999999945,True,1.3671188795902658,0.7604166666666667,False
QQQ,2022,HGB,20,0.56,1.0344257666424361,1.0,0.3047962524265022,1.4375451474840182,0.24197153837163388,-0.2006298652274796,4.0,3,0.0374322841974688,0.16330614500153673,0.2607457532044588,0.05847767679465532,0.2166318354666903,0.36153896073591524,-0.029253254901678738,0.015431218373259004,17.219999313354492,-0.7399997711181641,0.73,1.52,0.79,76.83,11.39,-0.6059999999999945,True,1.2636566610665234,0.6145833333333334,False
QQQ,2022,HGB,20,0.6,1.2596455219874774,1.0,0.3137746703677262,1.5613810619411868,0.17003617195403287,-0.2006298652274796,5.0,3,0.0374322841974688,0.16330614500153673,0.2607457532044588,0.05847767679465532,0.2166318354666903,0.36153896073591524,-0.029253254901678738,0.015431218373259004,17.219999313354492,-0.7399997711181641,0.73,1.52,0.79,76.83,11.39,-0.6059999999999945,True,1.1051429251943998,0.6041666666666667,False
QQQ,2022,HGB,20,0.64,1.13949696414546,1.0,0.2859786916555087,1.486696788974848,0.11638525640330966,-0.2006298652274796,7.0,3,0.0374322841974688,0.16330614500153673,0.2607457532044588,0.05847767679465532,0.2166318354666903,0.36153896073591524,-0.029253254901678738,0.015431218373259004,17.219999313354492,-0.7399997711181641,0.73,1.52,0.79,76.83,11.39,-0.6059999999999945,True,1.0092607553164876,0.5208333333333334,False
QQQ,2023,BUYHOLD,0,,0.36015877577767336,0.6666666666666666,0.3957851392076004,1.0439262180447322,-0.3207084276400498,-0.3274821753527758,1.0,3,-0.1259681862730031,-0.12999011057388843,-0.19495575136163856,-0.09463445859818609,-0.13887321884176607,0.30109402408965086,-0.3286696468971153,-0.038202247191011285,21.670000076293945,-0.2999992370605469,4.34,3.83,-0.5099999999999998,78.43,-2.049999999999997,-1.8597999999999928,True,2.6251429577746723,0.9166666666666667,True
QQQ,2023,CASH,0,,0.0,0.0,0.0,0.0,0.0,0.0,0.0,3,-0.1259681862730031,-0.12999011057388843,-0.19495575136163856,-0.09463445859818609,-0.13887321884176607,0.30109402408965086,-0.3286696468971153,-0.038202247191011285,21.670000076293945,-0.2999992370605469,4.34,3.83,-0.5099999999999998,78.43,-2.049999999999997,-1.8597999999999928,False,0.37112153225013644,0.2604166666666667,False
QQQ,2023,MOMENTUM,0,,0.010087731270846667,1.0,0.10745206905749449,0.5303248599245013,0.009793196496876488,-0.22960803577086686,12.0,3,-0.1259681862730031,-0.12999011057388843,-0.19495575136163856,-0.09463445859818609,-0.13887321884176607,0.30109402408965086,-0.3286696468971153,-0.038202247191011285,21.670000076293945,-0.2999992370605469,4.34,3.83,-0.5099999999999998,78.43,-2.049999999999997,-1.8597999999999928,True,1.1573148088517127,0.3229166666666667,False
QQQ,2023,MEANREV,0,,-0.30680882326879766,0.3333333333333333,-0.0005881002479765085,0.11192064601479375,-0.05538770937535187,-0.17208560368663262,6.0,3,-0.1259681862730031,-0.12999011057388843,-0.19495575136163856,-0.09463445859818609,-0.13887321884176607,0.30109402408965086,-0.3286696468971153,-0.038202247191011285,21.670000076293945,-0.2999992370605469,4.34,3.83,-0.5099999999999998,78.43,-2.049999999999997,-1.8597999999999928,False,0.810842505783463,0.14583333333333334,False
QQQ,2023,TREND60,0,,-0.3862217598663485,0.6666666666666666,0.036482128898237765,0.26729388456067915,-0.0974460393331088,-0.22960803577086653,10.0,3,-0.1259681862730031,-0.12999011057388843,-0.19495575136163856,-0.09463445859818609,-0.13887321884176607,0.30109402408965086,-0.3286696468971153,-0.038202247191011285,21.670000076293945,-0.2999992370605469,4.34,3.83,-0.5099999999999998,78.43,-2.049999999999997,-1.8597999999999928,False,1.199288524806788,0.16666666666666666,False
QQQ,2023,TREND200_0,0,,-0.2467815009842212,0.6666666666666666,0.31867487404831585,0.9341265393567507,-0.39769068108144856,-0.3986748403067494,3.0,3,-0.1259681862730031,-0.12999011057388843,-0.19495575136163856,-0.09463445859818609,-0.13887321884176607,0.30109402408965086,-0.3286696468971153,-0.038202247191011285,21.670000076293945,-0.2999992370605469,4.34,3.83,-0.5099999999999998,78.43,-2.049999999999997,-1.8597999999999928,False,2.348837766768334,0.5520833333333333,False
QQQ,2023,TREND200_33,0,,-0.015864364164051327,0.6666666666666666,0.3463482859663227,0.9858236839214641,-0.365074752604601,-0.36719585426015733,2.34,3,-0.1259681862730031,-0.12999011057388843,-0.19495575136163856,-0.09463445859818609,-0.13887321884176607,0.30109402408965086,-0.3286696468971153,-0.038202247191011285,21.670000076293945,-0.2999992370605469,4.34,3.83,-0.5099999999999998,78.43,-2.049999999999997,-1.8597999999999928,False,2.4445480432309994,0.625,False
QQQ,2023,TREND200_50,0,,0.10737853364390304,0.6666666666666666,0.3597711359692748,1.0064854415689926,-0.35085393617478566,-0.3541271267967072,2.0,3,-0.1259681862730031,-0.12999011057388843,-0.19495575136163856,-0.09463445859818609,-0.13887321884176607,0.30109402408965086,-0.3286696468971153,-0.038202247191011285,21.670000076293945,-0.2999992370605469,4.34,3.83,-0.5099999999999998,78.43,-2.049999999999997,-1.8597999999999928,True,2.497165789256431,0.7604166666666667,False
QQQ,2023,TREND200_67,0,,0.21206891826957716,0.6666666666666666,0.3726061506734102,1.023027613654263,-0.3385731827984222,-0.3430251489048688,1.6600000000000001,3,-0.1259681862730031,-0.12999011057388843,-0.19495575136163856,-0.09463445859818609,-0.13887321884176607,0.30109402408965086,-0.3286696468971153,-0.038202247191011285,21.670000076293945,-0.2999992370605469,4.34,3.83,-0.5099999999999998,78.43,-2.049999999999997,-1.8597999999999928,True,2.544206874699671,0.8541666666666666,True
QQQ,2023,VOLTARGET10,0,,0.44198049167603426,0.6666666666666666,0.1346279349334707,1.112496800282132,-0.10652314048275424,-0.10935790234341947,2.6946954893033346,3,-0.1259681862730031,-0.12999011057388843,-0.19495575136163856,-0.09463445859818609,-0.13887321884176607,0.30109402408965086,-0.3286696468971153,-0.038202247191011285,21.670000076293945,-0.2999992370605469,4.34,3.83,-0.5099999999999998,78.43,-2.049999999999997,-1.8597999999999928,True,1.5503666952205921,0.625,False
QQQ,2023,VOLTARGET15,0,,0.29990244252969356,0.6666666666666666,0.18112718087792312,1.0386925010838017,-0.15937659954783856,-0.1633630879484994,4.235699147761768,3,-0.1259681862730031,-0.12999011057388843,-0.19495575136163856,-0.09463445859818609,-0.13887321884176607,0.30109402408965086,-0.3286696468971153,-0.038202247191011285,21.670000076293945,-0.2999992370605469,4.34,3.83,-0.5099999999999998,78.43,-2.049999999999997,-1.8597999999999928,True,1.732059615506723,0.59375,False
QQQ,2023,VOLTARGET20,0,,0.24235849173749177,0.6666666666666666,0.22466114454619523,1.0044554461454096,-0.21122649247286607,-0.21619638130860086,4.1375197884191515,3,-0.1259681862730031,-0.12999011057388843,-0.19495575136163856,-0.09463445859818609,-0.13887321884176607,0.30109402408965086,-0.3286696468971153,-0.038202247191011285,21.670000076293945,-0.2999992370605469,4.34,3.83,-0.5099999999999998,78.43,-2.049999999999997,-1.8597999999999928,True,2.0062938875379785,0.6875,False
QQQ,2023,LOGIT,1,0.52,0.6103465793751882,0.6666666666666666,0.20457252975473272,1.3567340806413264,-0.23465199852285,-0.2879742810545023,9.0,3,-0.1259681862730031,-0.12999011057388843,-0.19495575136163856,-0.09463445859818609,-0.13887321884176607,0.30109402408965086,-0.3286696468971153,-0.038202247191011285,21.670000076293945,-0.2999992370605469,4.34,3.83,-0.5099999999999998,78.43,-2.049999999999997,-1.8597999999999928,True,1.8305482607538714,0.7604166666666667,False
QQQ,2023,LOGIT,1,0.56,0.6088492101755556,0.6666666666666666,0.10312764916410844,1.2089174665866482,-0.15862938964143014,-0.2879742810545016,4.0,3,-0.1259681862730031,-0.12999011057388843,-0.19495575136163856,-0.09463445859818609,-0.13887321884176607,0.30109402408965086,-0.3286696468971153,-0.038202247191011285,21.670000076293945,-0.2999992370605469,4.34,3.83,-0.5099999999999998,78.43,-2.049999999999997,-1.8597999999999928,True,1.8246263917528174,0.7395833333333333,False
QQQ,2023,LOGIT,1,0.6,0.43237936353515877,0.6666666666666666,0.08365545120843731,1.0767931723367412,-0.15862938964143014,-0.2879742810545016,3.0,3,-0.1259681862730031,-0.12999011057388843,-0.19495575136163856,-0.09463445859818609,-0.13887321884176607,0.30109402408965086,-0.3286696468971153,-0.038202247191011285,21.670000076293945,-0.2999992370605469,4.34,3.83,-0.5099999999999998,78.43,-2.049999999999997,-1.8597999999999928,True,1.8855980186671262,0.7291666666666667,False
QQQ,2023,LOGIT,1,0.64,0.4334288808906163,0.6666666666666666,0.08365545120843731,1.0767931723367412,-0.16554978465395798,-0.29383079561956593,5.0,3,-0.1259681862730031,-0.12999011057388843,-0.19495575136163856,-0.09463445859818609,-0.13887321884176607,0.30109402408965086,-0.3286696468971153,-0.038202247191011285,21.670000076293945,-0.2999992370605469,4.34,3.83,-0.5099999999999998,78.43,-2.049999999999997,-1.8597999999999928,True,1.8484195592792199,0.7291666666666666,False
QQQ,2023,LOGIT,5,0.52,0.1548623205523552,0.6666666666666666,0.13981497821007305,0.8763584403482827,-0.2884162519511325,-0.2955120102114821,10.0,3,-0.1259681862730031,-0.12999011057388843,-0.19495575136163856,-0.09463445859818609,-0.13887321884176607,0.30109402408965086,-0.3286696468971153,-0.038202247191011285,21.670000076293945,-0.2999992370605469,4.34,3.83,-0.5099999999999998,78.43,-2.049999999999997,-1.8597999999999928,True,2.068165092567936,0.6666666666666667,False
QQQ,2023,LOGIT,5,0.56,0.3613546895529105,0.6666666666666666,0.16782819237421287,1.052525965077283,-0.2884162519511325,-0.2955120102114821,8.0,3,-0.1259681862730031,-0.12999011057388843,-0.19495575136163856,-0.09463445859818609,-0.13887321884176607,0.30109402408965086,-0.3286696468971153,-0.038202247191011285,21.670000076293945,-0.2999992370605469,4.34,3.83,-0.5099999999999998,78.43,-2.049999999999997,-1.8597999999999928,True,2.0804556553783504,0.7916666666666666,False
QQQ,2023,LOGIT,5,0.6,-0.01167146282796283,0.6666666666666666,0.09071455511887683,0.6586450321955529,-0.2884162519511325,-0.2955120102114821,6.0,3,-0.1259681862730031,-0.12999011057388843,-0.19495575136163856,-0.09463445859818609,-0.13887321884176607,0.30109402408965086,-0.3286696468971153,-0.038202247191011285,21.670000076293945,-0.2999992370605469,4.34,3.83,-0.5099999999999998,78.43,-2.049999999999997,-1.8597999999999928,False,2.2395530446328085,0.6145833333333334,False
QQQ,2023,LOGIT,5,0.64,-0.22109557818060518,0.6666666666666666,0.06496982769362414,0.5102472476176606,-0.2884162519511325,-0.2955120102114821,8.0,3,-0.1259681862730031,-0.12999011057388843,-0.19495575136163856,-0.09463445859818609,-0.13887321884176607,0.30109402408965086,-0.3286696468971153,-0.038202247191011285,21.670000076293945,-0.2999992370605469,4.34,3.83,-0.5099999999999998,78.43,-2.049999999999997,-1.8597999999999928,False,2.2088166873843136,0.5208333333333334,False
QQQ,2023,LOGIT,20,0.52,0.20043288936461734,0.6666666666666666,0.19211685542960422,0.6839095972951096,-0.11682282647180398,-0.28797428105450196,8.0,3,-0.1259681862730031,-0.12999011057388843,-0.19495575136163856,-0.09463445859818609,-0.13887321884176607,0.30109402408965086,-0.3286696468971153,-0.038202247191011285,21.670000076293945,-0.2999992370605469,4.34,3.83,-0.5099999999999998,78.43,-2.049999999999997,-1.8597999999999928,True,1.7033228934444307,0.5416666666666667,False
QQQ,2023,LOGIT,20,0.56,0.13075668985496075,0.6666666666666666,0.16492535195433145,0.618219059231007,-0.11682282647180398,-0.28797428105450196,7.0,3,-0.1259681862730031,-0.12999011057388843,-0.19495575136163856,-0.09463445859818609,-0.13887321884176607,0.30109402408965086,-0.3286696468971153,-0.038202247191011285,21.670000076293945,-0.2999992370605469,4.34,3.83,-0.5099999999999998,78.43,-2.049999999999997,-1.8597999999999928,True,1.745118465644082,0.5104166666666667,False
QQQ,2023,LOGIT,20,0.6,0.16857972638158292,0.6666666666666666,0.158942829467418,0.618219059231007,-0.11682282647180398,-0.28797428105450196,7.0,3,-0.1259681862730031,-0.12999011057388843,-0.19495575136163856,-0.09463445859818609,-0.13887321884176607,0.30109402408965086,-0.3286696468971153,-0.038202247191011285,21.670000076293945,-0.2999992370605469,4.34,3.83,-0.5099999999999998,78.43,-2.049999999999997,-1.8597999999999928,True,1.7388270295477752,0.5416666666666666,False
QQQ,2023,LOGIT,20,0.64,0.06305990037585697,0.6666666666666666,0.12308985391897265,0.5213402104754261,-0.11682282647180398,-0.28797428105450196,7.0,3,-0.1259681862730031,-0.12999011057388843,-0.19495575136163856,-0.09463445859818609,-0.13887321884176607,0.30109402408965086,-0.3286696468971153,-0.038202247191011285,21.670000076293945,-0.2999992370605469,4.34,3.83,-0.5099999999999998,78.43,-2.049999999999997,-1.8597999999999928,True,1.7565087375605717,0.48958333333333337,False
QQQ,2023,RF,1,0.52,-0.5450239523302142,0.6666666666666666,0.013844721947444683,0.21073873513227512,-0.2884162519511325,-0.2955120102114821,1.0,3,-0.1259681862730031,-0.12999011057388843,-0.19495575136163856,-0.09463445859818609,-0.13887321884176607,0.30109402408965086,-0.3286696468971153,-0.038202247191011285,21.670000076293945,-0.2999992370605469,4.34,3.83,-0.5099999999999998,78.43,-2.049999999999997,-1.8597999999999928,False,2.2032597271997156,0.4479166666666667,False
QQQ,2023,RF,1,0.56,-0.1863814665581852,0.0,0.0,0.0,-0.022502516246334037,-0.032249908403384486,0.0,3,-0.1259681862730031,-0.12999011057388843,-0.19495575136163856,-0.09463445859818609,-0.13887321884176607,0.30109402408965086,-0.3286696468971153,-0.038202247191011285,21.670000076293945,-0.2999992370605469,4.34,3.83,-0.5099999999999998,78.43,-2.049999999999997,-1.8597999999999928,False,0.4728048329393662,0.17708333333333331,False
QQQ,2023,RF,1,0.6,0.0,0.0,0.0,0.0,0.0,0.0,0.0,3,-0.1259681862730031,-0.12999011057388843,-0.19495575136163856,-0.09463445859818609,-0.13887321884176607,0.30109402408965086,-0.3286696468971153,-0.038202247191011285,21.670000076293945,-0.2999992370605469,4.34,3.83,-0.5099999999999998,78.43,-2.049999999999997,-1.8597999999999928,False,0.32843303871807655,0.25,False
QQQ,2023,RF,1,0.64,0.0,0.0,0.0,0.0,0.0,0.0,0.0,3,-0.1259681862730031,-0.12999011057388843,-0.19495575136163856,-0.09463445859818609,-0.13887321884176607,0.30109402408965086,-0.3286696468971153,-0.038202247191011285,21.670000076293945,-0.2999992370605469,4.34,3.83,-0.5099999999999998,78.43,-2.049999999999997,-1.8597999999999928,False,0.3228621406742503,0.23958333333333334,False
QQQ,2023,RF,5,0.52,0.23347040425773152,0.6666666666666666,0.23364002184709776,0.7601708730483188,-0.18673499627462042,-0.24830010123853097,3.0,3,-0.1259681862730031,-0.12999011057388843,-0.19495575136163856,-0.09463445859818609,-0.13887321884176607,0.30109402408965086,-0.3286696468971153,-0.038202247191011285,21.670000076293945,-0.2999992370605469,4.34,3.83,-0.5099999999999998,78.43,-2.049999999999997,-1.8597999999999928,True,1.6244765320239332,0.5416666666666666,False
QQQ,2023,RF,5,0.56,0.3025996632848024,1.0,0.12201180029669856,0.6027319445408901,0.0210585368395928,-0.17208560368663262,3.0,3,-0.1259681862730031,-0.12999011057388843,-0.19495575136163856,-0.09463445859818609,-0.13887321884176607,0.30109402408965086,-0.3286696468971153,-0.038202247191011285,21.670000076293945,-0.2999992370605469,4.34,3.83,-0.5099999999999998,78.43,-2.049999999999997,-1.8597999999999928,True,1.1768295242159064,0.5,False
QQQ,2023,RF,5,0.6,0.0,0.0,0.0,0.0,0.0,0.0,0.0,3,-0.1259681862730031,-0.12999011057388843,-0.19495575136163856,-0.09463445859818609,-0.13887321884176607,0.30109402408965086,-0.3286696468971153,-0.038202247191011285,21.670000076293945,-0.2999992370605469,4.34,3.83,-0.5099999999999998,78.43,-2.049999999999997,-1.8597999999999928,False,0.31847287811878716,0.22916666666666669,False
QQQ,2023,RF,5,0.64,0.0,0.0,0.0,0.0,0.0,0.0,0.0,3,-0.1259681862730031,-0.12999011057388843,-0.19495575136163856,-0.09463445859818609,-0.13887321884176607,0.30109402408965086,-0.3286696468971153,-0.038202247191011285,21.670000076293945,-0.2999992370605469,4.34,3.83,-0.5099999999999998,78.43,-2.049999999999997,-1.8597999999999928,False,0.3129019800749609,0.21875,False
QQQ,2023,RF,20,0.52,0.17641539846031185,0.6666666666666666,0.2566804777790843,0.7879220380739427,-0.16957460777959088,-0.31146970064488766,3.0,3,-0.1259681862730031,-0.12999011057388843,-0.19495575136163856,-0.09463445859818609,-0.13887321884176607,0.30109402408965086,-0.3286696468971153,-0.038202247191011285,21.670000076293945,-0.2999992370605469,4.34,3.83,-0.5099999999999998,78.43,-2.049999999999997,-1.8597999999999928,True,1.699322716029512,0.5208333333333334,False
QQQ,2023,RF,20,0.56,-0.0400566756793483,0.6666666666666666,0.21486304446508608,0.7475968688107268,-0.28856095349743416,-0.29565526882545823,5.0,3,-0.1259681862730031,-0.12999011057388843,-0.19495575136163856,-0.09463445859818609,-0.13887321884176607,0.30109402408965086,-0.3286696468971153,-0.038202247191011285,21.670000076293945,-0.2999992370605469,4.34,3.83,-0.5099999999999998,78.43,-2.049999999999997,-1.8597999999999928,False,1.8952500604259195,0.42708333333333337,False
QQQ,2023,RF,20,0.6,-0.8061883125651144,0.3333333333333333,-0.030549562592256718,-0.002029604107578198,-0.32301486918235256,-0.3297656175620124,4.0,3,-0.1259681862730031,-0.12999011057388843,-0.19495575136163856,-0.09463445859818609,-0.13887321884176607,0.30109402408965086,-0.3286696468971153,-0.038202247191011285,21.670000076293945,-0.2999992370605469,4.34,3.83,-0.5099999999999998,78.43,-2.049999999999997,-1.8597999999999928,False,2.037836171466248,0.34375,False
QQQ,2023,RF,20,0.64,-1.0076626734745615,0.3333333333333333,-0.09534667358703097,-0.3619324864244099,-0.11293494772748092,-0.17208560368663262,2.0,3,-0.1259681862730031,-0.12999011057388843,-0.19495575136163856,-0.09463445859818609,-0.13887321884176607,0.30109402408965086,-0.3286696468971153,-0.038202247191011285,21.670000076293945,-0.2999992370605469,4.34,3.83,-0.5099999999999998,78.43,-2.049999999999997,-1.8597999999999928,False,1.2628711707481313,0.14583333333333331,False
QQQ,2023,HGB,1,0.52,0.08251702577573765,0.6666666666666666,0.27025338145864786,0.8124380794493512,-0.2852612796651406,-0.31146970064488766,7.0,3,-0.1259681862730031,-0.12999011057388843,-0.19495575136163856,-0.09463445859818609,-0.13887321884176607,0.30109402408965086,-0.3286696468971153,-0.038202247191011285,21.670000076293945,-0.2999992370605469,4.34,3.83,-0.5099999999999998,78.43,-2.049999999999997,-1.8597999999999928,True,2.053323754610218,0.6041666666666666,False
QQQ,2023,HGB,1,0.56,-0.3200180641646863,0.6666666666666666,0.10470461008187537,0.4650097822561031,-0.2852612796651406,-0.31146970064488766,7.0,3,-0.1259681862730031,-0.12999011057388843,-0.19495575136163856,-0.09463445859818609,-0.13887321884176607,0.30109402408965086,-0.3286696468971153,-0.038202247191011285,21.670000076293945,-0.2999992370605469,4.34,3.83,-0.5099999999999998,78.43,-2.049999999999997,-1.8597999999999928,False,2.1276910577603445,0.4375,False
QQQ,2023,HGB,1,0.6,0.1342997644016391,0.6666666666666666,0.07767356149721882,0.915318485246837,-0.21939471459658544,-0.22717874060499488,11.0,3,-0.1259681862730031,-0.12999011057388843,-0.19495575136163856,-0.09463445859818609,-0.13887321884176607,0.30109402408965086,-0.3286696468971153,-0.038202247191011285,21.670000076293945,-0.2999992370605469,4.34,3.83,-0.5099999999999998,78.43,-2.049999999999997,-1.8597999999999928,True,1.4895530138395134,0.44791666666666663,False
QQQ,2023,HGB,1,0.64,-0.691232391505368,0.3333333333333333,0.0,0.0,-0.1014504362203722,-0.15169574252702422,4.0,3,-0.1259681862730031,-0.12999011057388843,-0.19495575136163856,-0.09463445859818609,-0.13887321884176607,0.30109402408965086,-0.3286696468971153,-0.038202247191011285,21.670000076293945,-0.2999992370605469,4.34,3.83,-0.5099999999999998,78.43,-2.049999999999997,-1.8597999999999928,False,1.2255662921985153,0.15625,False
QQQ,2023,HGB,5,0.52,-0.05969144207506394,0.6666666666666666,0.18326548561014167,0.6507267568684371,-0.2852612796651406,-0.31146970064488766,4.0,3,-0.1259681862730031,-0.12999011057388843,-0.19495575136163856,-0.09463445859818609,-0.13887321884176607,0.30109402408965086,-0.3286696468971153,-0.038202247191011285,21.670000076293945,-0.2999992370605469,4.34,3.83,-0.5099999999999998,78.43,-2.049999999999997,-1.8597999999999928,False,2.175092425051581,0.5208333333333333,False
QQQ,2023,HGB,5,0.56,0.06297219424857667,0.6666666666666666,0.24208811422140863,0.798554060688643,-0.3141455679545949,-0.3209847590757072,4.0,3,-0.1259681862730031,-0.12999011057388843,-0.19495575136163856,-0.09463445859818609,-0.13887321884176607,0.30109402408965086,-0.3286696468971153,-0.038202247191011285,21.670000076293945,-0.2999992370605469,4.34,3.83,-0.5099999999999998,78.43,-2.049999999999997,-1.8597999999999928,True,2.230960540345038,0.6770833333333333,False
QQQ,2023,HGB,5,0.6,-0.012865865722550204,0.6666666666666666,0.15506267439495502,0.6227539919773586,-0.22283456163910642,-0.27249025130931437,7.0,3,-0.1259681862730031,-0.12999011057388843,-0.19495575136163856,-0.09463445859818609,-0.13887321884176607,0.30109402408965086,-0.3286696468971153,-0.038202247191011285,21.670000076293945,-0.2999992370605469,4.34,3.83,-0.5099999999999998,78.43,-2.049999999999997,-1.8597999999999928,False,1.8180030330928463,0.40625,False
QQQ,2023,HGB,5,0.64,0.490505611962292,0.6666666666666666,0.17041795621650868,1.046592972494623,-0.1295040063667965,-0.21303546593894807,11.0,3,-0.1259681862730031,-0.12999011057388843,-0.19495575136163856,-0.09463445859818609,-0.13887321884176607,0.30109402408965086,-0.3286696468971153,-0.038202247191011285,21.670000076293945,-0.2999992370605469,4.34,3.83,-0.5099999999999998,78.43,-2.049999999999997,-1.8597999999999928,True,1.1852174604913959,0.5833333333333334,False
QQQ,2023,HGB,20,0.52,0.4297449468076097,0.6666666666666666,0.3381426594139805,1.1215642091600055,-0.3207084276400498,-0.3274821753527758,4.0,3,-0.1259681862730031,-0.12999011057388843,-0.19495575136163856,-0.09463445859818609,-0.13887321884176607,0.30109402408965086,-0.3286696468971153,-0.038202247191011285,21.670000076293945,-0.2999992370605469,4.34,3.83,-0.5099999999999998,78.43,-2.049999999999997,-1.8597999999999928,True,2.1522371000784926,0.8229166666666667,True
QQQ,2023,HGB,20,0.56,0.14819048888678124,0.6666666666666666,0.24197153837163388,0.7838510759253831,-0.2884162519511325,-0.2955120102114821,4.0,3,-0.1259681862730031,-0.12999011057388843,-0.19495575136163856,-0.09463445859818609,-0.13887321884176607,0.30109402408965086,-0.3286696468971153,-0.038202247191011285,21.670000076293945,-0.2999992370605469,4.34,3.83,-0.5099999999999998,78.43,-2.049999999999997,-1.8597999999999928,True,2.068297401377464,0.6666666666666667,False
QQQ,2023,HGB,20,0.6,-0.03620862915336398,0.6666666666666666,0.17003617195403287,0.6291016937788186,-0.27175041209134654,-0.2790123584794816,4.0,3,-0.1259681862730031,-0.12999011057388843,-0.19495575136163856,-0.09463445859818609,-0.13887321884176607,0.30109402408965086,-0.3286696468971153,-0.038202247191011285,21.670000076293945,-0.2999992370605469,4.34,3.83,-0.5099999999999998,78.43,-2.049999999999997,-1.8597999999999928,False,2.014993490512498,0.45833333333333337,False
QQQ,2023,HGB,20,0.64,-0.28197007473606117,0.6666666666666666,0.11638525640330966,0.5070671382339582,-0.3336994612710511,-0.3403436652238887,5.0,3,-0.1259681862730031,-0.12999011057388843,-0.19495575136163856,-0.09463445859818609,-0.13887321884176607,0.30109402408965086,-0.3286696468971153,-0.038202247191011285,21.670000076293945,-0.2999992370605469,4.34,3.83,-0.5099999999999998,78.43,-2.049999999999997,-1.8597999999999928,False,2.316951034443289,0.53125,False
QQQ,2024,BUYHOLD,0,,1.2137124072120955,0.6666666666666666,0.5485686140934731,1.9298703742374808,-0.3207084276400498,-0.3274821753527758,1.0,3,0.07468746406358973,0.10082743547581896,0.21605123673686744,0.06757116627730864,0.19233789863877226,0.24588993861301076,-0.013255316338610657,0.017821998273333195,12.449999809265137,-1.1999998092651367,4.26,3.84,-0.41999999999999993,72.02,-5.540000000000006,-1.4055000000000035,True,0.4255802464446162,0.9895833333333333,True
QQQ,2024,CASH,0,,0.0,0.0,0.0,0.0,0.0,0.0,0.0,3,0.07468746406358973,0.10082743547581896,0.21605123673686744,0.06757116627730864,0.19233789863877226,0.24588993861301076,-0.013255316338610657,0.017821998273333195,12.449999809265137,-1.1999998092651367,4.26,3.84,-0.41999999999999993,72.02,-5.540000000000006,-1.4055000000000035,False,-1.4998638289761934,0.17708333333333334,False
QQQ,2024,MOMENTUM,0,,0.5871566092618943,1.0,0.1807340556862398,1.0442607509877944,0.009793196496876488,-0.15083758776939915,12.0,3,0.07468746406358973,0.10082743547581896,0.21605123673686744,0.06757116627730864,0.19233789863877226,0.24588993861301076,-0.013255316338610657,0.017821998273333195,12.449999809265137,-1.1999998092651367,4.26,3.84,-0.41999999999999993,72.02,-5.540000000000006,-1.4055000000000035,True,-0.912686014502799,0.375,False
QQQ,2024,MEANREV,0,,-0.38086946009119305,0.3333333333333333,0.0,0.0,-0.05538770937535187,-0.0920280607749826,6.0,3,0.07468746406358973,0.10082743547581896,0.21605123673686744,0.06757116627730864,0.19233789863877226,0.24588993861301076,-0.013255316338610657,0.017821998273333195,12.449999809265137,-1.1999998092651367,4.26,3.84,-0.41999999999999993,72.02,-5.540000000000006,-1.4055000000000035,False,-1.2944763977389564,0.125,False
QQQ,2024,TREND60,0,,0.6875107152273571,0.6666666666666666,0.240519158554507,1.3039776392419553,-0.0974460393331088,-0.2113856656638483,10.0,3,0.07468746406358973,0.10082743547581896,0.21605123673686744,0.06757116627730864,0.19233789863877226,0.24588993861301076,-0.013255316338610657,0.017821998273333195,12.449999809265137,-1.1999998092651367,4.26,3.84,-0.41999999999999993,72.02,-5.540000000000006,-1.4055000000000035,True,-0.8724286362129524,0.4375,False
QQQ,2024,TREND200_0,0,,0.5319251156944795,0.6666666666666666,0.3627687303741518,1.7749501812982529,-0.39769068108144856,-0.3986748403067494,3.0,3,0.07468746406358973,0.10082743547581896,0.21605123673686744,0.06757116627730864,0.19233789863877226,0.24588993861301076,-0.013255316338610657,0.017821998273333195,12.449999809265137,-1.1999998092651367,4.26,3.84,-0.41999999999999993,72.02,-5.540000000000006,-1.4055000000000035,True,0.02123348163185268,0.6354166666666667,False
QQQ,2024,TREND200_33,0,,0.8641793683273867,0.6666666666666666,0.43784511692159067,1.9298703742374808,-0.365074752604601,-0.36719585426015733,2.34,3,0.07468746406358973,0.10082743547581896,0.21605123673686744,0.06757116627730864,0.19233789863877226,0.24588993861301076,-0.013255316338610657,0.017821998273333195,12.449999809265137,-1.1999998092651367,4.26,3.84,-0.41999999999999993,72.02,-5.540000000000006,-1.4055000000000035,True,0.16371133245699443,0.8541666666666667,False
QQQ,2024,TREND200_50,0,,0.9734803837147994,0.6666666666666666,0.4764882917735267,1.9298703742374808,-0.35085393617478566,-0.3541271267967072,2.0,3,0.07468746406358973,0.10082743547581896,0.21605123673686744,0.06757116627730864,0.19233789863877226,0.24588993861301076,-0.013255316338610657,0.017821998273333195,12.449999809265137,-1.1999998092651367,4.26,3.84,-0.41999999999999993,72.02,-5.540000000000006,-1.4055000000000035,True,0.25398003497051674,0.8854166666666667,True
QQQ,2024,TREND200_67,0,,1.0724933365705513,0.6666666666666666,0.5150413368178113,1.9298703742374808,-0.3385731827984222,-0.3430251489048688,1.6600000000000001,3,0.07468746406358973,0.10082743547581896,0.21605123673686744,0.06757116627730864,0.19233789863877226,0.24588993861301076,-0.013255316338610657,0.017821998273333195,12.449999809265137,-1.1999998092651367,4.26,3.84,-0.41999999999999993,72.02,-5.540000000000006,-1.4055000000000035,True,0.33156884247882884,0.9375,True
QQQ,2024,VOLTARGET10,0,,1.0241812559557495,0.6666666666666666,0.22465066029898018,1.8040538552644336,-0.10652314048275424,-0.10935790234341947,3.201137822949802,3,0.07468746406358973,0.10082743547581896,0.21605123673686744,0.06757116627730864,0.19233789863877226,0.24588993861301076,-0.013255316338610657,0.017821998273333195,12.449999809265137,-1.1999998092651367,4.26,3.84,-0.41999999999999993,72.02,-5.540000000000006,-1.4055000000000035,True,-0.34226728054428934,0.6458333333333333,False
QQQ,2024,VOLTARGET15,0,,1.1585981292817344,0.6666666666666666,0.3708712809716854,1.9514320909698328,-0.15937659954783856,-0.1633630879484994,4.283725239172114,3,0.07468746406358973,0.10082743547581896,0.21605123673686744,0.06757116627730864,0.19233789863877226,0.24588993861301076,-0.013255316338610657,0.017821998273333195,12.449999809265137,-1.1999998092651367,4.26,3.84,-0.41999999999999993,72.02,-5.540000000000006,-1.4055000000000035,True,-0.1981033146020399,0.78125,False
QQQ,2024,VOLTARGET20,0,,1.1711534449389334,0.6666666666666666,0.45792026353238513,1.9646147598774266,-0.21122649247286607,-0.21619638130860086,4.108014891544003,3,0.07468746406358973,0.10082743547581896,0.21605123673686744,0.06757116627730864,0.19233789863877226,0.24588993861301076,-0.013255316338610657,0.017821998273333195,12.449999809265137,-1.1999998092651367,4.26,3.84,-0.41999999999999993,72.02,-5.540000000000006,-1.4055000000000035,True,0.00849293628663439,0.8645833333333334,False
QQQ,2024,LOGIT,1,0.52,0.6287503389595362,0.6666666666666666,0.20457252975473272,1.3567340806413264,-0.23465199852285,-0.2879742810545023,10.0,3,0.07468746406358973,0.10082743547581896,0.21605123673686744,0.06757116627730864,0.19233789863877226,0.24588993861301076,-0.013255316338610657,0.017821998273333195,12.449999809265137,-1.1999998092651367,4.26,3.84,-0.41999999999999993,72.02,-5.540000000000006,-1.4055000000000035,True,-0.2867532549737458,0.5833333333333333,False
QQQ,2024,LOGIT,1,0.56,0.6139220712092766,0.6666666666666666,0.10312764916410844,1.1671749507050573,-0.15862938964143014,-0.2879742810545016,4.0,3,0.07468746406358973,0.10082743547581896,0.21605123673686744,0.06757116627730864,0.19233789863877226,0.24588993861301076,-0.013255316338610657,0.017821998273333195,12.449999809265137,-1.1999998092651367,4.26,3.84,-0.41999999999999993,72.02,-5.540000000000006,-1.4055000000000035,True,-0.32449478855508385,0.5208333333333334,False
QQQ,2024,LOGIT,1,0.6,0.5456517578191652,0.6666666666666666,0.08365545120843731,1.0767931723367412,-0.15862938964143014,-0.2879742810545016,3.0,3,0.07468746406358973,0.10082743547581896,0.21605123673686744,0.06757116627730864,0.19233789863877226,0.24588993861301076,-0.013255316338610657,0.017821998273333195,12.449999809265137,-1.1999998092651367,4.26,3.84,-0.41999999999999993,72.02,-5.540000000000006,-1.4055000000000035,True,-0.2929186595197727,0.5104166666666667,False
QQQ,2024,LOGIT,1,0.64,0.42991293269743813,0.6666666666666666,0.08365545120843731,1.0767931723367412,-0.16554978465395798,-0.29383079561956593,4.0,3,0.07468746406358973,0.10082743547581896,0.21605123673686744,0.06757116627730864,0.19233789863877226,0.24588993861301076,-0.013255316338610657,0.017821998273333195,12.449999809265137,-1.1999998092651367,4.26,3.84,-0.41999999999999993,72.02,-5.540000000000006,-1.4055000000000035,True,-0.29308037122650965,0.44791666666666663,False
QQQ,2024,LOGIT,5,0.52,0.09973770329078702,0.6666666666666666,0.13981497821007305,0.8763584403482827,-0.2884162519511325,-0.2955120102114821,10.0,3,0.07468746406358973,0.10082743547581896,0.21605123673686744,0.06757116627730864,0.19233789863877226,0.24588993861301076,-0.013255316338610657,0.017821998273333195,12.449999809265137,-1.1999998092651367,4.26,3.84,-0.41999999999999993,72.02,-5.540000000000006,-1.4055000000000035,True,-0.07556576612433186,0.5104166666666667,False
QQQ,2024,LOGIT,5,0.56,-0.3407083730837801,0.6666666666666666,0.025647726466079934,0.350199583475315,-0.2884162519511325,-0.2955120102114821,8.0,3,0.07468746406358973,0.10082743547581896,0.21605123673686744,0.06757116627730864,0.19233789863877226,0.24588993861301076,-0.013255316338610657,0.017821998273333195,12.449999809265137,-1.1999998092651367,4.26,3.84,-0.41999999999999993,72.02,-5.540000000000006,-1.4055000000000035,False,0.03646390411257694,0.5104166666666666,False
QQQ,2024,LOGIT,5,0.6,-0.34432636571101216,0.6666666666666666,0.01309524669603257,0.23826235475253074,-0.2884162519511325,-0.2955120102114821,6.0,3,0.07468746406358973,0.10082743547581896,0.21605123673686744,0.06757116627730864,0.19233789863877226,0.24588993861301076,-0.013255316338610657,0.017821998273333195,12.449999809265137,-1.1999998092651367,4.26,3.84,-0.41999999999999993,72.02,-5.540000000000006,-1.4055000000000035,False,0.09927708145423386,0.5208333333333333,False
QQQ,2024,LOGIT,5,0.64,-0.9867136193327849,0.3333333333333333,-0.023545596746366915,-0.4150222700038593,-0.2884162519511325,-0.2955120102114821,6.0,3,0.07468746406358973,0.10082743547581896,0.21605123673686744,0.06757116627730864,0.19233789863877226,0.24588993861301076,-0.013255316338610657,0.017821998273333195,12.449999809265137,-1.1999998092651367,4.26,3.84,-0.41999999999999993,72.02,-5.540000000000006,-1.4055000000000035,False,0.016836528196891187,0.40625,False
QQQ,2024,LOGIT,20,0.52,0.5577154108283627,0.6666666666666666,0.19370834988062913,1.1040171012195772,-0.11682282647180398,-0.28797428105450196,8.0,3,0.07468746406358973,0.10082743547581896,0.21605123673686744,0.06757116627730864,0.19233789863877226,0.24588993861301076,-0.013255316338610657,0.017821998273333195,12.449999809265137,-1.1999998092651367,4.26,3.84,-0.41999999999999993,72.02,-5.540000000000006,-1.4055000000000035,True,-0.49666286516415104,0.4375,False
QQQ,2024,LOGIT,20,0.56,0.6062660653741044,0.6666666666666666,0.20390521440551557,1.1662878028022419,-0.11682282647180398,-0.28797428105450196,8.0,3,0.07468746406358973,0.10082743547581896,0.21605123673686744,0.06757116627730864,0.19233789863877226,0.24588993861301076,-0.013255316338610657,0.017821998273333195,12.449999809265137,-1.1999998092651367,4.26,3.84,-0.41999999999999993,72.02,-5.540000000000006,-1.4055000000000035,True,-0.5130686461024615,0.4375,False
QQQ,2024,LOGIT,20,0.6,0.39803041665540106,0.6666666666666666,0.158942829467418,0.9489381746632689,-0.11682282647180398,-0.28797428105450196,8.0,3,0.07468746406358973,0.10082743547581896,0.21605123673686744,0.06757116627730864,0.19233789863877226,0.24588993861301076,-0.013255316338610657,0.017821998273333195,12.449999809265137,-1.1999998092651367,4.26,3.84,-0.41999999999999993,72.02,-5.540000000000006,-1.4055000000000035,True,-0.4897116210413811,0.36458333333333337,False
QQQ,2024,LOGIT,20,0.64,0.4045688159293993,0.6666666666666666,0.158942829467418,0.9489381746632689,-0.11682282647180398,-0.28797428105450196,8.0,3,0.07468746406358973,0.10082743547581896,0.21605123673686744,0.06757116627730864,0.19233789863877226,0.24588993861301076,-0.013255316338610657,0.017821998273333195,12.449999809265137,-1.1999998092651367,4.26,3.84,-0.41999999999999993,72.02,-5.540000000000006,-1.4055000000000035,True,-0.4972499023997595,0.35416666666666663,False
QQQ,2024,RF,1,0.52,1.1567070887136146,0.6666666666666666,0.36763538061342715,1.866192259575697,-0.2884162519511325,-0.2955120102114821,1.0,3,0.07468746406358973,0.10082743547581896,0.21605123673686744,0.06757116627730864,0.19233789863877226,0.24588993861301076,-0.013255316338610657,0.017821998273333195,12.449999809265137,-1.1999998092651367,4.26,3.84,-0.41999999999999993,72.02,-5.540000000000006,-1.4055000000000035,True,-0.24196771994923139,0.7395833333333333,False
QQQ,2024,RF,1,0.56,-0.1863814665581852,0.0,0.0,0.0,-0.022502516246334037,-0.032249908403384486,0.0,3,0.07468746406358973,0.10082743547581896,0.21605123673686744,0.06757116627730864,0.19233789863877226,0.24588993861301076,-0.013255316338610657,0.017821998273333195,12.449999809265137,-1.1999998092651367,4.26,3.84,-0.41999999999999993,72.02,-5.540000000000006,-1.4055000000000035,False,-1.406978752819601,0.14583333333333331,False
QQQ,2024,RF,1,0.6,0.0,0.0,0.0,0.0,0.0,0.0,0.0,3,0.07468746406358973,0.10082743547581896,0.21605123673686744,0.06757116627730864,0.19233789863877226,0.24588993861301076,-0.013255316338610657,0.017821998273333195,12.449999809265137,-1.1999998092651367,4.26,3.84,-0.41999999999999993,72.02,-5.540000000000006,-1.4055000000000035,False,-1.5253940549253828,0.16666666666666666,False
QQQ,2024,RF,1,0.64,0.0,0.0,0.0,0.0,0.0,0.0,0.0,3,0.07468746406358973,0.10082743547581896,0.21605123673686744,0.06757116627730864,0.19233789863877226,0.24588993861301076,-0.013255316338610657,0.017821998273333195,12.449999809265137,-1.1999998092651367,4.26,3.84,-0.41999999999999993,72.02,-5.540000000000006,-1.4055000000000035,False,-1.5322236332270602,0.15625,False
QQQ,2024,RF,5,0.52,0.9042049625174602,0.6666666666666666,0.09891377741401852,1.5453875133964365,-0.18673499627462042,-0.24339568685988833,3.0,3,0.07468746406358973,0.10082743547581896,0.21605123673686744,0.06757116627730864,0.19233789863877226,0.24588993861301076,-0.013255316338610657,0.017821998273333195,12.449999809265137,-1.1999998092651367,4.26,3.84,-0.41999999999999993,72.02,-5.540000000000006,-1.4055000000000035,True,-0.7207145126509414,0.53125,False
QQQ,2024,RF,5,0.56,0.2864698227377904,0.6666666666666666,0.12201180029669856,0.6027319445408901,0.0,-0.1517840159532804,2.0,3,0.07468746406358973,0.10082743547581896,0.21605123673686744,0.06757116627730864,0.19233789863877226,0.24588993861301076,-0.013255316338610657,0.017821998273333195,12.449999809265137,-1.1999998092651367,4.26,3.84,-0.41999999999999993,72.02,-5.540000000000006,-1.4055000000000035,True,-0.9447602516341477,0.25,False
QQQ,2024,RF,5,0.6,0.0,0.0,0.0,0.0,0.0,0.0,0.0,3,0.07468746406358973,0.10082743547581896,0.21605123673686744,0.06757116627730864,0.19233789863877226,0.24588993861301076,-0.013255316338610657,0.017821998273333195,12.449999809265137,-1.1999998092651367,4.26,3.84,-0.41999999999999993,72.02,-5.540000000000006,-1.4055000000000035,False,-1.539611586833865,0.14583333333333334,False
QQQ,2024,RF,5,0.64,0.0,0.0,0.0,0.0,0.0,0.0,0.0,3,0.07468746406358973,0.10082743547581896,0.21605123673686744,0.06757116627730864,0.19233789863877226,0.24588993861301076,-0.013255316338610657,0.017821998273333195,12.449999809265137,-1.1999998092651367,4.26,3.84,-0.41999999999999993,72.02,-5.540000000000006,-1.4055000000000035,False,-1.5464411651355423,0.13541666666666666,False
QQQ,2024,RF,20,0.52,1.294664890536467,0.6666666666666666,0.505811217144577,1.8910662256053434,-0.16957460777959088,-0.31146970064488766,2.0,3,0.07468746406358973,0.10082743547581896,0.21605123673686744,0.06757116627730864,0.19233789863877226,0.24588993861301076,-0.013255316338610657,0.017821998273333195,12.449999809265137,-1.1999998092651367,4.26,3.84,-0.41999999999999993,72.02,-5.540000000000006,-1.4055000000000035,True,-0.4772985141367544,0.6979166666666666,False
QQQ,2024,RF,20,0.56,-0.1423104932495307,0.6666666666666666,0.07125947277543165,0.6623972028404537,-0.28856095349743416,-0.29565526882545823,3.0,3,0.07468746406358973,0.10082743547581896,0.21605123673686744,0.06757116627730864,0.19233789863877226,0.24588993861301076,-0.013255316338610657,0.017821998273333195,12.449999809265137,-1.1999998092651367,4.26,3.84,-0.41999999999999993,72.02,-5.540000000000006,-1.4055000000000035,False,-0.22735502079892367,0.3854166666666667,False
QQQ,2024,RF,20,0.6,-0.8100144388101317,0.3333333333333333,-0.007031083631086843,-0.02927179190677539,-0.32301486918235256,-0.3297656175620124,3.0,3,0.07468746406358973,0.10082743547581896,0.21605123673686744,0.06757116627730864,0.19233789863877226,0.24588993861301076,-0.013255316338610657,0.017821998273333195,12.449999809265137,-1.1999998092651367,4.26,3.84,-0.41999999999999993,72.02,-5.540000000000006,-1.4055000000000035,False,-0.21332912347613764,0.32291666666666663,False
QQQ,2024,RF,20,0.64,-0.573390794552143,0.3333333333333333,0.0,0.0,-0.11293494772748092,-0.12178056736029186,1.0,3,0.07468746406358973,0.10082743547581896,0.21605123673686744,0.06757116627730864,0.19233789863877226,0.24588993861301076,-0.013255316338610657,0.017821998273333195,12.449999809265137,-1.1999998092651367,4.26,3.84,-0.41999999999999993,72.02,-5.540000000000006,-1.4055000000000035,False,-0.9156147266211473,0.125,False
QQQ,2024,HGB,1,0.52,1.0171019431524801,0.6666666666666666,0.46766146455513513,1.7367632659543752,-0.2852612796651406,-0.31146970064488766,5.0,3,0.07468746406358973,0.10082743547581896,0.21605123673686744,0.06757116627730864,0.19233789863877226,0.24588993861301076,-0.013255316338610657,0.017821998273333195,12.449999809265137,-1.1999998092651367,4.26,3.84,-0.41999999999999993,72.02,-5.540000000000006,-1.4055000000000035,True,-0.004214989286664084,0.7916666666666667,False
QQQ,2024,HGB,1,0.56,0.7790842785525461,0.6666666666666666,0.27902451335805845,1.5581026468878674,-0.2852612796651406,-0.31146970064488766,7.0,3,0.07468746406358973,0.10082743547581896,0.21605123673686744,0.06757116627730864,0.19233789863877226,0.24588993861301076,-0.013255316338610657,0.017821998273333195,12.449999809265137,-1.1999998092651367,4.26,3.84,-0.41999999999999993,72.02,-5.540000000000006,-1.4055000000000035,True,-0.15632992975461368,0.6875,False
QQQ,2024,HGB,1,0.6,0.5409697588742128,0.6666666666666666,0.07767356149721882,1.3214612198313245,-0.21939471459658544,-0.22717874060499488,6.0,3,0.07468746406358973,0.10082743547581896,0.21605123673686744,0.06757116627730864,0.19233789863877226,0.24588993861301076,-0.013255316338610657,0.017821998273333195,12.449999809265137,-1.1999998092651367,4.26,3.84,-0.41999999999999993,72.02,-5.540000000000006,-1.4055000000000035,True,-0.47534487858728636,0.4375,False
QQQ,2024,HGB,1,0.64,-0.4294913350078565,0.3333333333333333,0.0,0.0,-0.1014504362203722,-0.15169574252702422,2.0,3,0.07468746406358973,0.10082743547581896,0.21605123673686744,0.06757116627730864,0.19233789863877226,0.24588993861301076,-0.013255316338610657,0.017821998273333195,12.449999809265137,-1.1999998092651367,4.26,3.84,-0.41999999999999993,72.02,-5.540000000000006,-1.4055000000000035,False,-0.6595023647235277,0.1875,False
QQQ,2024,HGB,5,0.52,1.0328480347317797,0.6666666666666666,0.43932275186298786,1.728055475068385,-0.2852612796651406,-0.31146970064488766,4.0,3,0.07468746406358973,0.10082743547581896,0.21605123673686744,0.06757116627730864,0.19233789863877226,0.24588993861301076,-0.013255316338610657,0.017821998273333195,12.449999809265137,-1.1999998092651367,4.26,3.84,-0.41999999999999993,72.02,-5.540000000000006,-1.4055000000000035,True,-0.012450888613421585,0.8020833333333333,False
QQQ,2024,HGB,5,0.56,0.8090244259815187,0.6666666666666666,0.3309821164772251,1.568597522358962,-0.3141455679545949,-0.3209847590757072,4.0,3,0.07468746406358973,0.10082743547581896,0.21605123673686744,0.06757116627730864,0.19233789863877226,0.24588993861301076,-0.013255316338610657,0.017821998273333195,12.449999809265137,-1.1999998092651367,4.26,3.84,-0.41999999999999993,72.02,-5.540000000000006,-1.4055000000000035,True,0.02465336814807495,0.8020833333333333,False
QQQ,2024,HGB,5,0.6,0.7220316539940389,0.6666666666666666,0.2963502986871418,1.433269744574774,-0.22283456163910642,-0.27249025130931437,7.0,3,0.07468746406358973,0.10082743547581896,0.21605123673686744,0.06757116627730864,0.19233789863877226,0.24588993861301076,-0.013255316338610657,0.017821998273333195,12.449999809265137,-1.1999998092651367,4.26,3.84,-0.41999999999999993,72.02,-5.540000000000006,-1.4055000000000035,True,-0.31737352601956925,0.5833333333333334,False
QQQ,2024,HGB,5,0.64,0.5436156607735785,0.6666666666666666,0.17041795621650868,1.1574883548033272,-0.1295040063667965,-0.21303546593894807,11.0,3,0.07468746406358973,0.10082743547581896,0.21605123673686744,0.06757116627730864,0.19233789863877226,0.24588993861301076,-0.013255316338610657,0.017821998273333195,12.449999809265137,-1.1999998092651367,4.26,3.84,-0.41999999999999993,72.02,-5.540000000000006,-1.4055000000000035,True,-0.7416251919561455,0.36458333333333337,False
QQQ,2024,HGB,20,0.52,0.7127740349054821,0.6666666666666666,0.3381426594139805,1.5545398016121768,-0.3207084276400498,-0.3274821753527758,4.0,3,0.07468746406358973,0.10082743547581896,0.21605123673686744,0.06757116627730864,0.19233789863877226,0.24588993861301076,-0.013255316338610657,0.017821998273333195,12.449999809265137,-1.1999998092651367,4.26,3.84,-0.41999999999999993,72.02,-5.540000000000006,-1.4055000000000035,True,0.019781806074064656,0.7395833333333333,False
QQQ,2024,HGB,20,0.56,0.7372030208129234,0.6666666666666666,0.3047962524265022,1.4375451474840182,-0.2884162519511325,-0.2955120102114821,4.0,3,0.07468746406358973,0.10082743547581896,0.21605123673686744,0.06757116627730864,0.19233789863877226,0.24588993861301076,-0.013255316338610657,0.017821998273333195,12.449999809265137,-1.1999998092651367,4.26,3.84,-0.41999999999999993,72.02,-5.540000000000006,-1.4055000000000035,True,-0.10452472864063256,0.6979166666666667,False
QQQ,2024,HGB,20,0.6,0.6144596134525208,0.6666666666666666,0.2324567099675694,1.2816547411826902,-0.27175041209134654,-0.2790123584794816,3.0,3,0.07468746406358973,0.10082743547581896,0.21605123673686744,0.06757116627730864,0.19233789863877226,0.24588993861301076,-0.013255316338610657,0.017821998273333195,12.449999809265137,-1.1999998092651367,4.26,3.84,-0.41999999999999993,72.02,-5.540000000000006,-1.4055000000000035,True,-0.15359765323961416,0.6354166666666666,False
QQQ,2024,HGB,20,0.64,0.4499275623910191,0.6666666666666666,0.22098493077386427,1.2338208107008095,-0.3336994612710511,-0.3403436652238887,4.0,3,0.07468746406358973,0.10082743547581896,0.21605123673686744,0.06757116627730864,0.19233789863877226,0.24588993861301076,-0.013255316338610657,0.017821998273333195,12.449999809265137,-1.1999998092651367,4.26,3.84,-0.41999999999999993,72.02,-5.540000000000006,-1.4055000000000035,True,0.04359904978063667,0.65625,False
QQQ,2025,BUYHOLD,0,,0.8907790881017301,0.6666666666666666,0.44888236091952405,1.6096055071062063,-0.3207084276400498,-0.3274821753527758,1.0,3,0.0272211167712213,0.134050192467134,0.13461692433660022,0.04159416426422391,0.13825266674436287,0.25720774350382175,-0.034815371546354834,0.03371186876348786,17.350000381469727,0.5699996948242188,4.24,4.55,0.3099999999999996,71.73,3.469999999999999,2.240700000000004,True,1.3742008678512703,0.9583333333333333,True
QQQ,2025,CASH,0,,0.0,0.0,0.0,0.0,0.0,0.0,0.0,3,0.0272211167712213,0.134050192467134,0.13461692433660022,0.04159416426422391,0.13825266674436287,0.25720774350382175,-0.034815371546354834,0.03371186876348786,17.350000381469727,0.5699996948242188,4.24,4.55,0.3099999999999996,71.73,3.469999999999999,2.240700000000004,False,-0.5024159907235876,0.1875,False
QQQ,2025,MOMENTUM,0,,0.6018351582475561,1.0,0.1807340556862398,1.0442607509877944,0.009793196496876488,-0.16909579950769105,12.0,3,0.0272211167712213,0.134050192467134,0.13461692433660022,0.04159416426422391,0.13825266674436287,0.25720774350382175,-0.034815371546354834,0.03371186876348786,17.350000381469727,0.5699996948242188,4.24,4.55,0.3099999999999996,71.73,3.469999999999999,2.240700000000004,True,0.23026372313334093,0.4270833333333333,False
QQQ,2025,MEANREV,0,,-0.463456252249134,0.3333333333333333,0.0,0.0,-0.05538770937535187,-0.0920280607749826,2.0,3,0.0272211167712213,0.134050192467134,0.13461692433660022,0.04159416426422391,0.13825266674436287,0.25720774350382175,-0.034815371546354834,0.03371186876348786,17.350000381469727,0.5699996948242188,4.24,4.55,0.3099999999999996,71.73,3.469999999999999,2.240700000000004,False,-0.08168686159747296,0.15625,False
QQQ,2025,TREND60,0,,0.6374086720318883,0.6666666666666666,0.240519158554507,1.2510410808131267,-0.0974460393331088,-0.2113856656638483,11.0,3,0.0272211167712213,0.134050192467134,0.13461692433660022,0.04159416426422391,0.13825266674436287,0.25720774350382175,-0.034815371546354834,0.03371186876348786,17.350000381469727,0.5699996948242188,4.24,4.55,0.3099999999999996,71.73,3.469999999999999,2.240700000000004,True,0.2696289789418574,0.48958333333333337,False
QQQ,2025,TREND200_0,0,,0.40423505003535093,0.6666666666666666,0.3627687303741518,1.6096055071062063,-0.39769068108144856,-0.3986748403067494,3.0,3,0.0272211167712213,0.134050192467134,0.13461692433660022,0.04159416426422391,0.13825266674436287,0.25720774350382175,-0.034815371546354834,0.03371186876348786,17.350000381469727,0.5699996948242188,4.24,4.55,0.3099999999999996,71.73,3.469999999999999,2.240700000000004,True,1.0103151840881104,0.6979166666666667,False
QQQ,2025,TREND200_33,0,,0.5781891855793891,0.6666666666666666,0.43784511692159067,1.6096055071062063,-0.365074752604601,-0.36719585426015733,2.34,3,0.0272211167712213,0.134050192467134,0.13461692433660022,0.04159416426422391,0.13825266674436287,0.25720774350382175,-0.034815371546354834,0.03371186876348786,17.350000381469727,0.5699996948242188,4.24,4.55,0.3099999999999996,71.73,3.469999999999999,2.240700000000004,True,1.2123805888551853,0.7708333333333333,False
QQQ,2025,TREND200_50,0,,0.6766275651183888,0.6666666666666666,0.44888236091952405,1.6096055071062063,-0.35085393617478566,-0.3541271267967072,2.0,3,0.0272211167712213,0.134050192467134,0.13461692433660022,0.04159416426422391,0.13825266674436287,0.25720774350382175,-0.034815371546354834,0.03371186876348786,17.350000381469727,0.5699996948242188,4.24,4.55,0.3099999999999996,71.73,3.469999999999999,2.240700000000004,True,1.276663834584681,0.875,False
QQQ,2025,TREND200_67,0,,0.7614128635960286,0.6666666666666666,0.44888236091952405,1.6096055071062063,-0.3385731827984222,-0.3430251489048688,1.6600000000000001,3,0.0272211167712213,0.134050192467134,0.13461692433660022,0.04159416426422391,0.13825266674436287,0.25720774350382175,-0.034815371546354834,0.03371186876348786,17.350000381469727,0.5699996948242188,4.24,4.55,0.3099999999999996,71.73,3.469999999999999,2.240700000000004,True,1.3164288757949603,0.9166666666666666,True
QQQ,2025,VOLTARGET10,0,,1.0157434054173156,0.6666666666666666,0.19777836117917813,1.7883620552607558,-0.10652314048275424,-0.10935790234341947,2.181009505010976,3,0.0272211167712213,0.134050192467134,0.13461692433660022,0.04159416426422391,0.13825266674436287,0.25720774350382175,-0.034815371546354834,0.03371186876348786,17.350000381469727,0.5699996948242188,4.24,4.55,0.3099999999999996,71.73,3.469999999999999,2.240700000000004,True,0.7424277207780392,0.7916666666666667,False
QQQ,2025,VOLTARGET15,0,,1.0031721390927657,0.6666666666666666,0.30554925103449815,1.7883620552607562,-0.15937659954783856,-0.1633630879484994,3.271514257516464,3,0.0272211167712213,0.134050192467134,0.13461692433660022,0.04159416426422391,0.13825266674436287,0.25720774350382175,-0.034815371546354834,0.03371186876348786,17.350000381469727,0.5699996948242188,4.24,4.55,0.3099999999999996,71.73,3.469999999999999,2.240700000000004,True,0.8993337103258012,0.875,False
QQQ,2025,VOLTARGET20,0,,0.9249544462182123,0.6666666666666666,0.38834714289439476,1.7194540880500597,-0.21122649247286607,-0.21619638130860086,4.108014891544003,3,0.0272211167712213,0.134050192467134,0.13461692433660022,0.04159416426422391,0.13825266674436287,0.25720774350382175,-0.034815371546354834,0.03371186876348786,17.350000381469727,0.5699996948242188,4.24,4.55,0.3099999999999996,71.73,3.469999999999999,2.240700000000004,True,1.0814566981680642,0.9270833333333333,True
QQQ,2025,LOGIT,1,0.52,0.5385367909078589,0.6666666666666666,0.22108573258767317,1.1505217922578332,-0.23465199852285,-0.2879742810545023,4.0,3,0.0272211167712213,0.134050192467134,0.13461692433660022,0.04159416426422391,0.13825266674436287,0.25720774350382175,-0.034815371546354834,0.03371186876348786,17.350000381469727,0.5699996948242188,4.24,4.55,0.3099999999999996,71.73,3.469999999999999,2.240700000000004,True,0.8732249504230416,0.6458333333333333,False
QQQ,2025,LOGIT,1,0.56,0.29038318312076394,0.6666666666666666,0.11855826456168428,0.8313373038381131,-0.15862938964143014,-0.2879742810545016,6.0,3,0.0272211167712213,0.134050192467134,0.13461692433660022,0.04159416426422391,0.13825266674436287,0.25720774350382175,-0.034815371546354834,0.03371186876348786,17.350000381469727,0.5699996948242188,4.24,4.55,0.3099999999999996,71.73,3.469999999999999,2.240700000000004,True,0.6514147860914292,0.45833333333333337,False
QQQ,2025,LOGIT,1,0.6,0.42873866856420867,0.6666666666666666,0.10759554740361299,0.9547107337193982,-0.15862938964143014,-0.2879742810545016,4.0,3,0.0272211167712213,0.134050192467134,0.13461692433660022,0.04159416426422391,0.13825266674436287,0.25720774350382175,-0.034815371546354834,0.03371186876348786,17.350000381469727,0.5699996948242188,4.24,4.55,0.3099999999999996,71.73,3.469999999999999,2.240700000000004,True,0.62014787382403,0.5104166666666666,False
QQQ,2025,LOGIT,1,0.64,0.03052040780568184,0.6666666666666666,0.11127474877971144,0.6747833235028134,-0.16554978465395798,-0.29383079561956593,5.0,3,0.0272211167712213,0.134050192467134,0.13461692433660022,0.04159416426422391,0.13825266674436287,0.25720774350382175,-0.034815371546354834,0.03371186876348786,17.350000381469727,0.5699996948242188,4.24,4.55,0.3099999999999996,71.73,3.469999999999999,2.240700000000004,True,0.7088862981873935,0.4375,False
QQQ,2025,LOGIT,5,0.52,0.6533119437824909,0.6666666666666666,0.18048060218069972,1.4971613020549521,-0.2884162519511325,-0.2955120102114821,9.0,3,0.0272211167712213,0.134050192467134,0.13461692433660022,0.04159416426422391,0.13825266674436287,0.25720774350382175,-0.034815371546354834,0.03371186876348786,17.350000381469727,0.5699996948242188,4.24,4.55,0.3099999999999996,71.73,3.469999999999999,2.240700000000004,True,0.7854660103892308,0.7083333333333334,False
QQQ,2025,LOGIT,5,0.56,-0.4747152800819092,0.6666666666666666,0.025647726466079934,0.350199583475315,-0.2884162519511325,-0.2955120102114821,9.0,3,0.0272211167712213,0.134050192467134,0.13461692433660022,0.04159416426422391,0.13825266674436287,0.25720774350382175,-0.034815371546354834,0.03371186876348786,17.350000381469727,0.5699996948242188,4.24,4.55,0.3099999999999996,71.73,3.469999999999999,2.240700000000004,False,0.9103178271649106,0.46875,False
QQQ,2025,LOGIT,5,0.6,-0.538792865193062,0.6666666666666666,0.01309524669603257,0.23826235475253074,-0.2884162519511325,-0.2955120102114821,7.0,3,0.0272211167712213,0.134050192467134,0.13461692433660022,0.04159416426422391,0.13825266674436287,0.25720774350382175,-0.034815371546354834,0.03371186876348786,17.350000381469727,0.5699996948242188,4.24,4.55,0.3099999999999996,71.73,3.469999999999999,2.240700000000004,False,0.939721148876437,0.47916666666666663,False
QQQ,2025,LOGIT,5,0.64,-1.2221143991430061,0.3333333333333333,-0.023545596746366915,-0.4150222700038593,-0.2884162519511325,-0.2955120102114821,6.0,3,0.0272211167712213,0.134050192467134,0.13461692433660022,0.04159416426422391,0.13825266674436287,0.25720774350382175,-0.034815371546354834,0.03371186876348786,17.350000381469727,0.5699996948242188,4.24,4.55,0.3099999999999996,71.73,3.469999999999999,2.240700000000004,False,0.8581388423494245,0.35416666666666663,False
QQQ,2025,LOGIT,20,0.52,0.7310555320429677,0.6666666666666666,0.25003035879830726,1.3204948008518504,-0.11682282647180398,-0.28797428105450196,7.0,3,0.0272211167712213,0.134050192467134,0.13461692433660022,0.04159416426422391,0.13825266674436287,0.25720774350382175,-0.034815371546354834,0.03371186876348786,17.350000381469727,0.5699996948242188,4.24,4.55,0.3099999999999996,71.73,3.469999999999999,2.240700000000004,True,0.5347003451409422,0.6145833333333334,False
QQQ,2025,LOGIT,20,0.56,0.8064249921525015,0.6666666666666666,0.2515198621994559,1.4017390893521122,-0.11682282647180398,-0.28797428105450196,7.0,3,0.0272211167712213,0.134050192467134,0.13461692433660022,0.04159416426422391,0.13825266674436287,0.25720774350382175,-0.034815371546354834,0.03371186876348786,17.350000381469727,0.5699996948242188,4.24,4.55,0.3099999999999996,71.73,3.469999999999999,2.240700000000004,True,0.506111998130601,0.6041666666666666,False
QQQ,2025,LOGIT,20,0.6,0.631900812475704,0.6666666666666666,0.20396364804360667,1.1362571111026785,-0.11682282647180398,-0.28797428105450196,5.0,3,0.0272211167712213,0.134050192467134,0.13461692433660022,0.04159416426422391,0.13825266674436287,0.25720774350382175,-0.034815371546354834,0.03371186876348786,17.350000381469727,0.5699996948242188,4.24,4.55,0.3099999999999996,71.73,3.469999999999999,2.240700000000004,True,0.5333236733777832,0.53125,False
QQQ,2025,LOGIT,20,0.64,0.5661495686606537,0.6666666666666666,0.1914141316440836,1.0626965091967941,-0.11682282647180398,-0.28797428105450196,5.0,3,0.0272211167712213,0.134050192467134,0.13461692433660022,0.04159416426422391,0.13825266674436287,0.25720774350382175,-0.034815371546354834,0.03371186876348786,17.350000381469727,0.5699996948242188,4.24,4.55,0.3099999999999996,71.73,3.469999999999999,2.240700000000004,True,0.5299348476029213,0.46875,False
QQQ,2025,RF,1,0.52,0.3188613139852601,0.6666666666666666,0.18704752740888675,1.0394702789888548,-0.2884162519511325,-0.2955120102114821,2.0,3,0.0272211167712213,0.134050192467134,0.13461692433660022,0.04159416426422391,0.13825266674436287,0.25720774350382175,-0.034815371546354834,0.03371186876348786,17.350000381469727,0.5699996948242188,4.24,4.55,0.3099999999999996,71.73,3.469999999999999,2.240700000000004,True,0.7185510207303859,0.5,False
QQQ,2025,RF,1,0.56,-0.1863814665581852,0.0,0.0,0.0,-0.022502516246334037,-0.032249908403384486,0.0,3,0.0272211167712213,0.134050192467134,0.13461692433660022,0.04159416426422391,0.13825266674436287,0.25720774350382175,-0.034815371546354834,0.03371186876348786,17.350000381469727,0.5699996948242188,4.24,4.55,0.3099999999999996,71.73,3.469999999999999,2.240700000000004,False,-0.44076410801453314,0.15625,False
QQQ,2025,RF,1,0.6,0.0,0.0,0.0,0.0,0.0,0.0,0.0,3,0.0272211167712213,0.134050192467134,0.13461692433660022,0.04159416426422391,0.13825266674436287,0.25720774350382175,-0.034815371546354834,0.03371186876348786,17.350000381469727,0.5699996948242188,4.24,4.55,0.3099999999999996,71.73,3.469999999999999,2.240700000000004,False,-0.5356453279940611,0.17708333333333331,False
QQQ,2025,RF,1,0.64,0.0,0.0,0.0,0.0,0.0,0.0,0.0,3,0.0272211167712213,0.134050192467134,0.13461692433660022,0.04159416426422391,0.13825266674436287,0.25720774350382175,-0.034815371546354834,0.03371186876348786,17.350000381469727,0.5699996948242188,4.24,4.55,0.3099999999999996,71.73,3.469999999999999,2.240700000000004,False,-0.5439684786907354,0.16666666666666666,False
QQQ,2025,RF,5,0.52,0.986542429350196,0.6666666666666666,0.09891377741401852,1.6391474945651883,-0.18673499627462042,-0.24339568685988833,3.0,3,0.0272211167712213,0.134050192467134,0.13461692433660022,0.04159416426422391,0.13825266674436287,0.25720774350382175,-0.034815371546354834,0.03371186876348786,17.350000381469727,0.5699996948242188,4.24,4.55,0.3099999999999996,71.73,3.469999999999999,2.240700000000004,True,0.17418289531591902,0.5833333333333334,False
QQQ,2025,RF,5,0.56,0.17686379534830868,0.6666666666666666,0.04718393403050736,0.3910774284084274,0.0,-0.1517840159532804,2.0,3,0.0272211167712213,0.134050192467134,0.13461692433660022,0.04159416426422391,0.13825266674436287,0.25720774350382175,-0.034815371546354834,0.03371186876348786,17.350000381469727,0.5699996948242188,4.24,4.55,0.3099999999999996,71.73,3.469999999999999,2.240700000000004,True,-0.01817106581366945,0.28125,False
QQQ,2025,RF,5,0.6,0.0,0.0,0.0,0.0,0.0,0.0,0.0,3,0.0272211167712213,0.134050192467134,0.13461692433660022,0.04159416426422391,0.13825266674436287,0.25720774350382175,-0.034815371546354834,0.03371186876348786,17.350000381469727,0.5699996948242188,4.24,4.55,0.3099999999999996,71.73,3.469999999999999,2.240700000000004,False,-0.5469125588756881,0.15625,False
QQQ,2025,RF,5,0.64,0.0,0.0,0.0,0.0,0.0,0.0,0.0,3,0.0272211167712213,0.134050192467134,0.13461692433660022,0.04159416426422391,0.13825266674436287,0.25720774350382175,-0.034815371546354834,0.03371186876348786,17.350000381469727,0.5699996948242188,4.24,4.55,0.3099999999999996,71.73,3.469999999999999,2.240700000000004,False,-0.5552357095723625,0.14583333333333331,False
QQQ,2025,RF,20,0.52,0.6451288414450355,0.6666666666666666,0.3142405998934359,1.2428679140986005,-0.16957460777959088,-0.31146970064488766,1.0,3,0.0272211167712213,0.134050192467134,0.13461692433660022,0.04159416426422391,0.13825266674436287,0.25720774350382175,-0.034815371546354834,0.03371186876348786,17.350000381469727,0.5699996948242188,4.24,4.55,0.3099999999999996,71.73,3.469999999999999,2.240700000000004,True,0.5411658762398801,0.5833333333333334,False
QQQ,2025,RF,20,0.56,-0.027951505678185107,0.6666666666666666,0.07125947277543165,0.6623972028404537,-0.28856095349743416,-0.29565526882545823,2.0,3,0.0272211167712213,0.134050192467134,0.13461692433660022,0.04159416426422391,0.13825266674436287,0.25720774350382175,-0.034815371546354834,0.03371186876348786,17.350000381469727,0.5699996948242188,4.24,4.55,0.3099999999999996,71.73,3.469999999999999,2.240700000000004,False,0.6224402176134848,0.3541666666666667,False
QQQ,2025,RF,20,0.6,-1.5443778315278909,0.0,-0.007031083631086843,-0.9999999999999999,-0.32301486918235256,-0.3297656175620124,2.0,3,0.0272211167712213,0.134050192467134,0.13461692433660022,0.04159416426422391,0.13825266674436287,0.25720774350382175,-0.034815371546354834,0.03371186876348786,17.350000381469727,0.5699996948242188,4.24,4.55,0.3099999999999996,71.73,3.469999999999999,2.240700000000004,False,0.6158959140433683,0.23958333333333331,False
QQQ,2025,RF,20,0.64,-0.4077259180206899,0.0,0.0,0.0,-0.11293494772748092,-0.12178056736029186,0.0,3,0.0272211167712213,0.134050192467134,0.13461692433660022,0.04159416426422391,0.13825266674436287,0.25720774350382175,-0.034815371546354834,0.03371186876348786,17.350000381469727,0.5699996948242188,4.24,4.55,0.3099999999999996,71.73,3.469999999999999,2.240700000000004,False,-0.23862240240941068,0.15625,False
QQQ,2025,HGB,1,0.52,0.3964776770248906,0.6666666666666666,0.264858188932269,1.137770275081472,-0.2852612796651406,-0.31146970064488766,5.0,3,0.0272211167712213,0.134050192467134,0.13461692433660022,0.04159416426422391,0.13825266674436287,0.25720774350382175,-0.034815371546354834,0.03371186876348786,17.350000381469727,0.5699996948242188,4.24,4.55,0.3099999999999996,71.73,3.469999999999999,2.240700000000004,True,0.9055106523964646,0.6458333333333333,False
QQQ,2025,HGB,1,0.56,0.3077235006051836,0.6666666666666666,0.19020948582769814,1.0785779902519321,-0.2852612796651406,-0.31146970064488766,9.0,3,0.0272211167712213,0.134050192467134,0.13461692433660022,0.04159416426422391,0.13825266674436287,0.25720774350382175,-0.034815371546354834,0.03371186876348786,17.350000381469727,0.5699996948242188,4.24,4.55,0.3099999999999996,71.73,3.469999999999999,2.240700000000004,True,0.7771625455110233,0.5208333333333334,False
QQQ,2025,HGB,1,0.6,-0.9713036350513913,0.3333333333333333,-0.022159528366968995,-0.18825697809340938,-0.21939471459658544,-0.22717874060499488,6.0,3,0.0272211167712213,0.134050192467134,0.13461692433660022,0.04159416426422391,0.13825266674436287,0.25720774350382175,-0.034815371546354834,0.03371186876348786,17.350000381469727,0.5699996948242188,4.24,4.55,0.3099999999999996,71.73,3.469999999999999,2.240700000000004,False,0.4798108483495177,0.19791666666666666,False
QQQ,2025,HGB,1,0.64,-1.0106369005011568,0.3333333333333333,-0.036660345962713836,-0.5005701542477257,-0.1014504362203722,-0.15169574252702422,4.0,3,0.0272211167712213,0.134050192467134,0.13461692433660022,0.04159416426422391,0.13825266674436287,0.25720774350382175,-0.034815371546354834,0.03371186876348786,17.350000381469727,0.5699996948242188,4.24,4.55,0.3099999999999996,71.73,3.469999999999999,2.240700000000004,False,0.24752064053288897,0.15625,False
QQQ,2025,HGB,5,0.52,0.8781543451675576,0.6666666666666666,0.3728403706938672,1.630315212834284,-0.2852612796651406,-0.31146970064488766,7.0,3,0.0272211167712213,0.134050192467134,0.13461692433660022,0.04159416426422391,0.13825266674436287,0.25720774350382175,-0.034815371546354834,0.03371186876348786,17.350000381469727,0.5699996948242188,4.24,4.55,0.3099999999999996,71.73,3.469999999999999,2.240700000000004,True,0.8609306674703104,0.7916666666666667,False
QQQ,2025,HGB,5,0.56,0.6398717146928621,0.6666666666666666,0.2878602028103969,1.4050505629184098,-0.3141455679545949,-0.3209847590757072,6.0,3,0.0272211167712213,0.134050192467134,0.13461692433660022,0.04159416426422391,0.13825266674436287,0.25720774350382175,-0.034815371546354834,0.03371186876348786,17.350000381469727,0.5699996948242188,4.24,4.55,0.3099999999999996,71.73,3.469999999999999,2.240700000000004,True,0.893435010319661,0.7395833333333333,False
QQQ,2025,HGB,5,0.6,0.6236075969513596,0.6666666666666666,0.24657471395361075,1.345908403717508,-0.22283456163910642,-0.27249025130931437,7.0,3,0.0272211167712213,0.134050192467134,0.13461692433660022,0.04159416426422391,0.13825266674436287,0.25720774350382175,-0.034815371546354834,0.03371186876348786,17.350000381469727,0.5699996948242188,4.24,4.55,0.3099999999999996,71.73,3.469999999999999,2.240700000000004,True,0.6151336515110595,0.5520833333333333,False
QQQ,2025,HGB,5,0.64,0.3699066192738285,0.6666666666666666,0.1223172507068313,0.9105524638321179,-0.1295040063667965,-0.21303546593894807,6.0,3,0.0272211167712213,0.134050192467134,0.13461692433660022,0.04159416426422391,0.13825266674436287,0.25720774350382175,-0.034815371546354834,0.03371186876348786,17.350000381469727,0.5699996948242188,4.24,4.55,0.3099999999999996,71.73,3.469999999999999,2.240700000000004,True,0.34410777159405703,0.375,False
QQQ,2025,HGB,20,0.52,0.6022600108333243,0.6666666666666666,0.3744295181923065,1.4073344403032106,-0.3207084276400498,-0.3274821753527758,3.0,3,0.0272211167712213,0.134050192467134,0.13461692433660022,0.04159416426422391,0.13825266674436287,0.25720774350382175,-0.034815371546354834,0.03371186876348786,17.350000381469727,0.5699996948242188,4.24,4.55,0.3099999999999996,71.73,3.469999999999999,2.240700000000004,True,1.0206304425556705,0.7708333333333334,False
QQQ,2025,HGB,20,0.56,0.7157413604033285,0.6666666666666666,0.34569614153907513,1.397935024334827,-0.2884162519511325,-0.2955120102114821,4.0,3,0.0272211167712213,0.134050192467134,0.13461692433660022,0.04159416426422391,0.13825266674436287,0.25720774350382175,-0.034815371546354834,0.03371186876348786,17.350000381469727,0.5699996948242188,4.24,4.55,0.3099999999999996,71.73,3.469999999999999,2.240700000000004,True,0.8676788335347011,0.7604166666666667,False
QQQ,2025,HGB,20,0.6,0.37900168580219956,0.6666666666666666,0.21178792161538862,0.9866450131853384,-0.27175041209134654,-0.2790123584794816,3.0,3,0.0272211167712213,0.134050192467134,0.13461692433660022,0.04159416426422391,0.13825266674436287,0.25720774350382175,-0.034815371546354834,0.03371186876348786,17.350000381469727,0.5699996948242188,4.24,4.55,0.3099999999999996,71.73,3.469999999999999,2.240700000000004,True,0.7749581704168683,0.5416666666666666,False
QQQ,2025,HGB,20,0.64,0.13697934536870215,0.6666666666666666,0.17750575162100946,0.8828732541916295,-0.3336994612710511,-0.3403436652238887,5.0,3,0.0272211167712213,0.134050192467134,0.13461692433660022,0.04159416426422391,0.13825266674436287,0.25720774350382175,-0.034815371546354834,0.03371186876348786,17.350000381469727,0.5699996948242188,4.24,4.55,0.3099999999999996,71.73,3.469999999999999,2.240700000000004,True,0.9150773143758674,0.59375,False
QQQ,2026,BUYHOLD,0,,1.276470692006955,1.0,0.44888236091952405,1.6096055071062063,0.06546807814570932,-0.24674210103338068,1.0,3,-0.04233405068302476,-0.038476586808661506,0.053111978814295524,-0.03322196143355194,0.052193766832371535,0.18175031558823412,-0.0758057130458305,-0.03159365730897157,14.949999809265137,0.9499998092651367,3.45,4.14,0.6899999999999995,57.79,-1.6799999999999997,-1.4923000000000002,True,2.1794736674907957,0.9583333333333333,False
QQQ,2026,CASH,0,,0.0,0.0,0.0,0.0,0.0,0.0,0.0,3,-0.04233405068302476,-0.038476586808661506,0.053111978814295524,-0.03322196143355194,0.052193766832371535,0.18175031558823412,-0.0758057130458305,-0.03159365730897157,14.949999809265137,0.9499998092651367,3.45,4.14,0.6899999999999995,57.79,-1.6799999999999997,-1.4923000000000002,False,1.0557837893681365,0.19270833333333334,False
QQQ,2026,MOMENTUM,0,,0.7571318955614521,1.0,0.1807340556862398,1.0442607509877944,0.1052554377484276,-0.16909579950769105,11.0,3,-0.04233405068302476,-0.038476586808661506,0.053111978814295524,-0.03322196143355194,0.052193766832371535,0.18175031558823412,-0.0758057130458305,-0.03159365730897157,14.949999809265137,0.9499998092651367,3.45,4.14,0.6899999999999995,57.79,-1.6799999999999997,-1.4923000000000002,True,1.7243904183299847,0.4895833333333333,False
QQQ,2026,MEANREV,0,,-0.4744768712217652,0.3333333333333333,0.0,0.0,-0.053388176685511546,-0.1090179232202535,2.0,3,-0.04233405068302476,-0.038476586808661506,0.053111978814295524,-0.03322196143355194,0.052193766832371535,0.18175031558823412,-0.0758057130458305,-0.03159365730897157,14.949999809265137,0.9499998092651367,3.45,4.14,0.6899999999999995,57.79,-1.6799999999999997,-1.4923000000000002,False,1.3441846443067043,0.125,False
QQQ,2026,TREND60,0,,0.9785094384051813,1.0,0.240519158554507,1.2510410808131267,0.11781989740584886,-0.16909579950769105,11.0,3,-0.04233405068302476,-0.038476586808661506,0.053111978814295524,-0.03322196143355194,0.052193766832371535,0.18175031558823412,-0.0758057130458305,-0.03159365730897157,14.949999809265137,0.9499998092651367,3.45,4.14,0.6899999999999995,57.79,-1.6799999999999997,-1.4923000000000002,True,1.7302478528886598,0.59375,False
QQQ,2026,TREND200_0,0,,1.1756108079330747,0.6666666666666666,0.3627687303741518,1.6096055071062063,-0.029382162656021782,-0.18917645885170264,3.0,3,-0.04233405068302476,-0.038476586808661506,0.053111978814295524,-0.03322196143355194,0.052193766832371535,0.18175031558823412,-0.0758057130458305,-0.03159365730897157,14.949999809265137,0.9499998092651367,3.45,4.14,0.6899999999999995,57.79,-1.6799999999999997,-1.4923000000000002,True,1.5379646569430792,0.5520833333333334,False
QQQ,2026,TREND200_33,0,,1.2297110333099819,1.0,0.43784511692159067,1.6096055071062063,0.005158725446293255,-0.19066130073367293,2.34,3,-0.04233405068302476,-0.038476586808661506,0.053111978814295524,-0.03322196143355194,0.052193766832371535,0.18175031558823412,-0.0758057130458305,-0.03159365730897157,14.949999809265137,0.9499998092651367,3.45,4.14,0.6899999999999995,57.79,-1.6799999999999997,-1.4923000000000002,True,1.970301235135011,0.875,False
QQQ,2026,TREND200_50,0,,1.2422587329800476,1.0,0.44888236091952405,1.6096055071062063,0.021759373029133666,-0.20487301167127658,2.0,3,-0.04233405068302476,-0.038476586808661506,0.053111978814295524,-0.03322196143355194,0.052193766832371535,0.18175031558823412,-0.0758057130458305,-0.03159365730897157,14.949999809265137,0.9499998092651367,3.45,4.14,0.6899999999999995,57.79,-1.6799999999999997,-1.4923000000000002,True,2.0507139942727193,0.8958333333333334,False
QQQ,2026,TREND200_67,0,,1.2531388912360657,1.0,0.44888236091952405,1.6096055071062063,0.03749989660056796,-0.21910108034981668,1.6600000000000001,3,-0.04233405068302476,-0.038476586808661506,0.053111978814295524,-0.03322196143355194,0.052193766832371535,0.18175031558823412,-0.0758057130458305,-0.03159365730897157,14.949999809265137,0.9499998092651367,3.45,4.14,0.6899999999999995,57.79,-1.6799999999999997,-1.4923000000000002,True,2.106036079362476,0.9166666666666666,False
QQQ,2026,VOLTARGET10,0,,1.3656719227830434,1.0,0.19777836117917813,1.7883620552607558,0.041841037364718,-0.09236142653101553,3.089664745187804,3,-0.04233405068302476,-0.038476586808661506,0.053111978814295524,-0.03322196143355194,0.052193766832371535,0.18175031558823412,-0.0758057130458305,-0.03159365730897157,14.949999809265137,0.9499998092651367,3.45,4.14,0.6899999999999995,57.79,-1.6799999999999997,-1.4923000000000002,True,2.1534686771480223,0.96875,True
QQQ,2026,VOLTARGET15,0,,1.3578119378531088,1.0,0.30554925103449815,1.7883620552607562,0.04647463477959457,-0.13631498297077338,4.234935925019614,3,-0.04233405068302476,-0.038476586808661506,0.053111978814295524,-0.03322196143355194,0.052193766832371535,0.18175031558823412,-0.0758057130458305,-0.03159365730897157,14.949999809265137,0.9499998092651367,3.45,4.14,0.6899999999999995,57.79,-1.6799999999999997,-1.4923000000000002,True,2.165936656478765,0.96875,True
QQQ,2026,VOLTARGET20,0,,1.2983974291644385,1.0,0.38834714289439476,1.7194540880500597,0.03264585818887311,-0.17879698178997783,3.437437158603446,3,-0.04233405068302476,-0.038476586808661506,0.053111978814295524,-0.03322196143355194,0.052193766832371535,0.18175031558823412,-0.0758057130458305,-0.03159365730897157,14.949999809265137,0.9499998092651367,3.45,4.14,0.6899999999999995,57.79,-1.6799999999999997,-1.4923000000000002,True,2.224940922470463,0.9791666666666667,True
QQQ,2026,LOGIT,1,0.52,0.8371785869510198,1.0,0.22108573258767317,1.1505217922578332,0.12288682756801861,-0.15624931040539736,9.0,3,-0.04233405068302476,-0.038476586808661506,0.053111978814295524,-0.03322196143355194,0.052193766832371535,0.18175031558823412,-0.0758057130458305,-0.03159365730897157,14.949999809265137,0.9499998092651367,3.45,4.14,0.6899999999999995,57.79,-1.6799999999999997,-1.4923000000000002,True,1.7636147123060486,0.5625,False
QQQ,2026,LOGIT,1,0.56,0.585436139397342,1.0,0.11855826456168428,0.8313373038381131,0.09860630794378356,-0.13807994528591827,6.0,3,-0.04233405068302476,-0.038476586808661506,0.053111978814295524,-0.03322196143355194,0.052193766832371535,0.18175031558823412,-0.0758057130458305,-0.03159365730897157,14.949999809265137,0.9499998092651367,3.45,4.14,0.6899999999999995,57.79,-1.6799999999999997,-1.4923000000000002,True,1.7774382114526068,0.5,False
QQQ,2026,LOGIT,1,0.6,0.7724690955769649,1.0,0.1563545336732921,0.9547107337193982,0.10759554740361299,-0.13807994528591827,6.0,3,-0.04233405068302476,-0.038476586808661506,0.053111978814295524,-0.03322196143355194,0.052193766832371535,0.18175031558823412,-0.0758057130458305,-0.03159365730897157,14.949999809265137,0.9499998092651367,3.45,4.14,0.6899999999999995,57.79,-1.6799999999999997,-1.4923000000000002,True,1.7677560699068142,0.5416666666666667,False
QQQ,2026,LOGIT,1,0.64,0.24007191736170017,1.0,0.11127474877971144,0.6747833235028134,0.024538771604336818,-0.13807994528591838,6.0,3,-0.04233405068302476,-0.038476586808661506,0.053111978814295524,-0.03322196143355194,0.052193766832371535,0.18175031558823412,-0.0758057130458305,-0.03159365730897157,14.949999809265137,0.9499998092651367,3.45,4.14,0.6899999999999995,57.79,-1.6799999999999997,-1.4923000000000002,True,1.8900321437905463,0.59375,False
QQQ,2026,LOGIT,5,0.52,0.8729620076580498,0.6666666666666666,0.18048060218069972,1.4971613020549521,-0.025715926579169546,-0.21651563446922972,12.0,3,-0.04233405068302476,-0.038476586808661506,0.053111978814295524,-0.03322196143355194,0.052193766832371535,0.18175031558823412,-0.0758057130458305,-0.03159365730897157,14.949999809265137,0.9499998092651367,3.45,4.14,0.6899999999999995,57.79,-1.6799999999999997,-1.4923000000000002,True,1.6269354237328733,0.5,False
QQQ,2026,LOGIT,5,0.56,-0.29304205548665874,0.6666666666666666,0.025647726466079934,0.350199583475315,-0.025715926579169546,-0.21651563446922972,12.0,3,-0.04233405068302476,-0.038476586808661506,0.053111978814295524,-0.03322196143355194,0.052193766832371535,0.18175031558823412,-0.0758057130458305,-0.03159365730897157,14.949999809265137,0.9499998092651367,3.45,4.14,0.6899999999999995,57.79,-1.6799999999999997,-1.4923000000000002,False,1.6966479848598293,0.2708333333333333,False
QQQ,2026,LOGIT,5,0.6,-0.3861602851869671,0.6666666666666666,0.01309524669603257,0.23826235475253074,-0.07840239110270297,-0.15624931040539736,10.0,3,-0.04233405068302476,-0.038476586808661506,0.053111978814295524,-0.03322196143355194,0.052193766832371535,0.18175031558823412,-0.0758057130458305,-0.03159365730897157,14.949999809265137,0.9499998092651367,3.45,4.14,0.6899999999999995,57.79,-1.6799999999999997,-1.4923000000000002,False,1.771998016718927,0.3333333333333333,False
QQQ,2026,LOGIT,5,0.64,-1.0999973528019984,0.3333333333333333,-0.023545596746366915,-0.4150222700038593,-0.11975976927789578,-0.1589900684643467,7.0,3,-0.04233405068302476,-0.038476586808661506,0.053111978814295524,-0.03322196143355194,0.052193766832371535,0.18175031558823412,-0.0758057130458305,-0.03159365730897157,14.949999809265137,0.9499998092651367,3.45,4.14,0.6899999999999995,57.79,-1.6799999999999997,-1.4923000000000002,False,1.7331198697425696,0.2604166666666667,False
QQQ,2026,LOGIT,20,0.52,0.9090494692487296,1.0,0.25003035879830726,1.3204948008518504,0.08193212208490652,-0.24674210103338068,7.0,3,-0.04233405068302476,-0.038476586808661506,0.053111978814295524,-0.03322196143355194,0.052193766832371535,0.18175031558823412,-0.0758057130458305,-0.03159365730897157,14.949999809265137,0.9499998092651367,3.45,4.14,0.6899999999999995,57.79,-1.6799999999999997,-1.4923000000000002,True,1.8346269831652138,0.71875,False
QQQ,2026,LOGIT,20,0.56,0.9860375676615749,1.0,0.2515198621994559,1.4017390893521122,0.08193212208490652,-0.24674210103338068,7.0,3,-0.04233405068302476,-0.038476586808661506,0.053111978814295524,-0.03322196143355194,0.052193766832371535,0.18175031558823412,-0.0758057130458305,-0.03159365730897157,14.949999809265137,0.9499998092651367,3.45,4.14,0.6899999999999995,57.79,-1.6799999999999997,-1.4923000000000002,True,1.811059542468968,0.71875,False
QQQ,2026,LOGIT,20,0.6,0.7971992863391719,1.0,0.20396364804360667,1.1362571111026785,0.1011300718752155,-0.25140110383721515,7.0,3,-0.04233405068302476,-0.038476586808661506,0.053111978814295524,-0.03322196143355194,0.052193766832371535,0.18175031558823412,-0.0758057130458305,-0.03159365730897157,14.949999809265137,0.9499998092651367,3.45,4.14,0.6899999999999995,57.79,-1.6799999999999997,-1.4923000000000002,True,1.782657329629349,0.59375,False
QQQ,2026,LOGIT,20,0.64,0.7212285346749616,1.0,0.1914141316440836,1.0626965091967941,0.08978030787667568,-0.25140110383721515,7.0,3,-0.04233405068302476,-0.038476586808661506,0.053111978814295524,-0.03322196143355194,0.052193766832371535,0.18175031558823412,-0.0758057130458305,-0.03159365730897157,14.949999809265137,0.9499998092651367,3.45,4.14,0.6899999999999995,57.79,-1.6799999999999997,-1.4923000000000002,True,1.7921488163327226,0.5625,False
QQQ,2026,RF,1,0.52,0.6376032242385098,1.0,0.18704752740888675,1.0394702789888548,0.03610758495265576,-0.17227454173129708,3.0,3,-0.04233405068302476,-0.038476586808661506,0.053111978814295524,-0.03322196143355194,0.052193766832371535,0.18175031558823412,-0.0758057130458305,-0.03159365730897157,14.949999809265137,0.9499998092651367,3.45,4.14,0.6899999999999995,57.79,-1.6799999999999997,-1.4923000000000002,True,1.659482888352669,0.42708333333333337,False
QQQ,2026,RF,1,0.56,0.0,0.0,0.0,0.0,0.0,0.0,0.0,3,-0.04233405068302476,-0.038476586808661506,0.053111978814295524,-0.03322196143355194,0.052193766832371535,0.18175031558823412,-0.0758057130458305,-0.03159365730897157,14.949999809265137,0.9499998092651367,3.45,4.14,0.6899999999999995,57.79,-1.6799999999999997,-1.4923000000000002,False,1.0380370010505837,0.18229166666666669,False
QQQ,2026,RF,1,0.6,0.0,0.0,0.0,0.0,0.0,0.0,0.0,3,-0.04233405068302476,-0.038476586808661506,0.053111978814295524,-0.03322196143355194,0.052193766832371535,0.18175031558823412,-0.0758057130458305,-0.03159365730897157,14.949999809265137,0.9499998092651367,3.45,4.14,0.6899999999999995,57.79,-1.6799999999999997,-1.4923000000000002,False,1.0293087176702684,0.171875,False
QQQ,2026,RF,1,0.64,0.0,0.0,0.0,0.0,0.0,0.0,0.0,3,-0.04233405068302476,-0.038476586808661506,0.053111978814295524,-0.03322196143355194,0.052193766832371535,0.18175031558823412,-0.0758057130458305,-0.03159365730897157,14.949999809265137,0.9499998092651367,3.45,4.14,0.6899999999999995,57.79,-1.6799999999999997,-1.4923000000000002,False,1.020580434289953,0.15104166666666669,False
QQQ,2026,RF,5,0.52,1.100659883640133,0.6666666666666666,0.09891377741401852,1.6391474945651883,-0.04296347982444637,-0.24674210103338068,3.0,3,-0.04233405068302476,-0.038476586808661506,0.053111978814295524,-0.03322196143355194,0.052193766832371535,0.18175031558823412,-0.0758057130458305,-0.03159365730897157,14.949999809265137,0.9499998092651367,3.45,4.14,0.6899999999999995,57.79,-1.6799999999999997,-1.4923000000000002,True,1.3638312119289013,0.5,False
QQQ,2026,RF,5,0.56,-0.3393685978166085,0.3333333333333333,0.0,0.0,-0.06296670201426857,-0.13807994528591794,1.0,3,-0.04233405068302476,-0.038476586808661506,0.053111978814295524,-0.03322196143355194,0.052193766832371535,0.18175031558823412,-0.0758057130458305,-0.03159365730897157,14.949999809265137,0.9499998092651367,3.45,4.14,0.6899999999999995,57.79,-1.6799999999999997,-1.4923000000000002,False,1.3784904495114763,0.16666666666666669,False
QQQ,2026,RF,5,0.6,0.0,0.0,0.0,0.0,0.0,0.0,0.0,3,-0.04233405068302476,-0.038476586808661506,0.053111978814295524,-0.03322196143355194,0.052193766832371535,0.18175031558823412,-0.0758057130458305,-0.03159365730897157,14.949999809265137,0.9499998092651367,3.45,4.14,0.6899999999999995,57.79,-1.6799999999999997,-1.4923000000000002,False,1.0218367173259284,0.16145833333333334,False
QQQ,2026,RF,5,0.64,0.0,0.0,0.0,0.0,0.0,0.0,0.0,3,-0.04233405068302476,-0.038476586808661506,0.053111978814295524,-0.03322196143355194,0.052193766832371535,0.18175031558823412,-0.0758057130458305,-0.03159365730897157,14.949999809265137,0.9499998092651367,3.45,4.14,0.6899999999999995,57.79,-1.6799999999999997,-1.4923000000000002,False,1.0131084339456131,0.140625,False
QQQ,2026,RF,20,0.52,0.8762562253334022,1.0,0.3142405998934359,1.2428679140986005,0.06546807814570932,-0.24674210103338068,1.0,3,-0.04233405068302476,-0.038476586808661506,0.053111978814295524,-0.03322196143355194,0.052193766832371535,0.18175031558823412,-0.0758057130458305,-0.03159365730897157,14.949999809265137,0.9499998092651367,3.45,4.14,0.6899999999999995,57.79,-1.6799999999999997,-1.4923000000000002,True,1.7156041858019995,0.5416666666666666,False
QQQ,2026,RF,20,0.56,0.3692359004386262,1.0,0.07125947277543165,0.6623972028404537,0.046899995746001455,-0.24674210103338068,2.0,3,-0.04233405068302476,-0.038476586808661506,0.053111978814295524,-0.03322196143355194,0.052193766832371535,0.18175031558823412,-0.0758057130458305,-0.03159365730897157,14.949999809265137,0.9499998092651367,3.45,4.14,0.6899999999999995,57.79,-1.6799999999999997,-1.4923000000000002,True,1.5973339397026152,0.34375,False
QQQ,2026,RF,20,0.6,-1.1661545272913088,0.0,-0.007031083631086843,-0.794002621115577,-0.13728328107128085,-0.1931332859352578,2.0,3,-0.04233405068302476,-0.038476586808661506,0.053111978814295524,-0.03322196143355194,0.052193766832371535,0.18175031558823412,-0.0758057130458305,-0.03159365730897157,14.949999809265137,0.9499998092651367,3.45,4.14,0.6899999999999995,57.79,-1.6799999999999997,-1.4923000000000002,False,1.3885944950760947,0.125,False
QQQ,2026,RF,20,0.64,-0.10836557961730878,0.0,0.0,0.0,-0.010890206808107039,-0.023788425026844306,0.0,3,-0.04233405068302476,-0.038476586808661506,0.053111978814295524,-0.03322196143355194,0.052193766832371535,0.18175031558823412,-0.0758057130458305,-0.03159365730897157,14.949999809265137,0.9499998092651367,3.45,4.14,0.6899999999999995,57.79,-1.6799999999999997,-1.4923000000000002,False,1.0101696545391403,0.09375,False
QQQ,2026,HGB,1,0.52,0.7229698355591926,1.0,0.264858188932269,1.137770275081472,0.07194160452117337,-0.2576535548869192,5.0,3,-0.04233405068302476,-0.038476586808661506,0.053111978814295524,-0.03322196143355194,0.052193766832371535,0.18175031558823412,-0.0758057130458305,-0.03159365730897157,14.949999809265137,0.9499998092651367,3.45,4.14,0.6899999999999995,57.79,-1.6799999999999997,-1.4923000000000002,True,1.8285509718730195,0.625,False
QQQ,2026,HGB,1,0.56,0.6184850122265992,1.0,0.19020948582769814,1.0785779902519321,0.022982917627158095,-0.22756098755246879,9.0,3,-0.04233405068302476,-0.038476586808661506,0.053111978814295524,-0.03322196143355194,0.052193766832371535,0.18175031558823412,-0.0758057130458305,-0.03159365730897157,14.949999809265137,0.9499998092651367,3.45,4.14,0.6899999999999995,57.79,-1.6799999999999997,-1.4923000000000002,True,1.7718294662323357,0.5,False
QQQ,2026,HGB,1,0.6,-0.820996909687548,0.3333333333333333,-0.022159528366968995,-0.18825697809340938,-0.05715144978731013,-0.15664001855739185,6.0,3,-0.04233405068302476,-0.038476586808661506,0.053111978814295524,-0.03322196143355194,0.052193766832371535,0.18175031558823412,-0.0758057130458305,-0.03159365730897157,14.949999809265137,0.9499998092651367,3.45,4.14,0.6899999999999995,57.79,-1.6799999999999997,-1.4923000000000002,False,1.4945744025942977,0.15625,False
QQQ,2026,HGB,1,0.64,0.19117672291786258,0.6666666666666666,0.019457628388245052,0.5450427058399374,-0.036660345962713836,-0.0474152475562456,2.0,3,-0.04233405068302476,-0.038476586808661506,0.053111978814295524,-0.03322196143355194,0.052193766832371535,0.18175031558823412,-0.0758057130458305,-0.03159365730897157,14.949999809265137,0.9499998092651367,3.45,4.14,0.6899999999999995,57.79,-1.6799999999999997,-1.4923000000000002,True,1.5706907154068999,0.30208333333333337,False
QQQ,2026,HGB,5,0.52,1.1859239117816105,1.0,0.3728403706938672,1.630315212834284,0.020831782986894254,-0.24674210103338068,7.0,3,-0.04233405068302476,-0.038476586808661506,0.053111978814295524,-0.03322196143355194,0.052193766832371535,0.18175031558823412,-0.0758057130458305,-0.03159365730897157,14.949999809265137,0.9499998092651367,3.45,4.14,0.6899999999999995,57.79,-1.6799999999999997,-1.4923000000000002,True,1.8739810095120382,0.8333333333333333,False
QQQ,2026,HGB,5,0.56,1.0207128819261866,1.0,0.2878602028103969,1.4050505629184098,0.044815149162086954,-0.22519235326131626,6.0,3,-0.04233405068302476,-0.038476586808661506,0.053111978814295524,-0.03322196143355194,0.052193766832371535,0.18175031558823412,-0.0758057130458305,-0.03159365730897157,14.949999809265137,0.9499998092651367,3.45,4.14,0.6899999999999995,57.79,-1.6799999999999997,-1.4923000000000002,True,1.795988409909372,0.71875,False
QQQ,2026,HGB,5,0.6,0.8320210136787178,1.0,0.24657471395361075,1.345908403717508,0.0035240444612456567,-0.25140110383721515,7.0,3,-0.04233405068302476,-0.038476586808661506,0.053111978814295524,-0.03322196143355194,0.052193766832371535,0.18175031558823412,-0.0758057130458305,-0.03159365730897157,14.949999809265137,0.9499998092651367,3.45,4.14,0.6899999999999995,57.79,-1.6799999999999997,-1.4923000000000002,True,1.8157680935287757,0.65625,False
QQQ,2026,HGB,5,0.64,0.19956594195456265,0.6666666666666666,0.1223172507068313,0.9105524638321179,-0.20409350070775023,-0.2402878949984677,6.0,3,-0.04233405068302476,-0.038476586808661506,0.053111978814295524,-0.03322196143355194,0.052193766832371535,0.18175031558823412,-0.0758057130458305,-0.03159365730897157,14.949999809265137,0.9499998092651367,3.45,4.14,0.6899999999999995,57.79,-1.6799999999999997,-1.4923000000000002,True,1.852302377571059,0.5625,False
QQQ,2026,HGB,20,0.52,0.9656740429440395,1.0,0.3744295181923065,1.4073344403032106,0.05388373244014555,-0.24674210103338068,3.0,3,-0.04233405068302476,-0.038476586808661506,0.053111978814295524,-0.03322196143355194,0.052193766832371535,0.18175031558823412,-0.0758057130458305,-0.03159365730897157,14.949999809265137,0.9499998092651367,3.45,4.14,0.6899999999999995,57.79,-1.6799999999999997,-1.4923000000000002,True,1.8908192905836323,0.78125,False
QQQ,2026,HGB,20,0.56,1.0201408228990607,1.0,0.34569614153907513,1.397935024334827,0.041679239697695936,-0.24674210103338068,5.0,3,-0.04233405068302476,-0.038476586808661506,0.053111978814295524,-0.03322196143355194,0.052193766832371535,0.18175031558823412,-0.0758057130458305,-0.03159365730897157,14.949999809265137,0.9499998092651367,3.45,4.14,0.6899999999999995,57.79,-1.6799999999999997,-1.4923000000000002,True,1.849431016299378,0.7708333333333334,False
QQQ,2026,HGB,20,0.6,0.6063440496698441,1.0,0.21178792161538862,0.9866450131853384,0.008404326681471286,-0.22519235326131626,7.0,3,-0.04233405068302476,-0.038476586808661506,0.053111978814295524,-0.03322196143355194,0.052193766832371535,0.18175031558823412,-0.0758057130458305,-0.03159365730897157,14.949999809265137,0.9499998092651367,3.45,4.14,0.6899999999999995,57.79,-1.6799999999999997,-1.4923000000000002,True,1.8078162384304184,0.5520833333333333,False
QQQ,2026,HGB,20,0.64,0.5125240310045297,0.6666666666666666,0.17750575162100946,0.8828732541916295,-0.011854356800267918,-0.22519235326131626,5.0,3,-0.04233405068302476,-0.038476586808661506,0.053111978814295524,-0.03322196143355194,0.052193766832371535,0.18175031558823412,-0.0758057130458305,-0.03159365730897157,14.949999809265137,0.9499998092651367,3.45,4.14,0.6899999999999995,57.79,-1.6799999999999997,-1.4923000000000002,True,1.618121241763832,0.3645833333333333,False
ECH,2017,BUYHOLD,0,,-0.11370546947159724,0.6666666666666666,0.002811990495724226,0.10347006002956287,-0.032100636641103186,-0.17004597237148555,1.0,3,-0.02761804798352807,-0.003084796898419895,-0.013274920385612066,-0.02688536151616938,-0.004316206391369648,0.2698137262001679,-0.06536398271514521,-0.030865989024333795,14.039999961853027,2.609999656677246,1.22,2.49,1.2700000000000002,53.8,4.390000000000001,0.900100000000009,False,,-0.11370546947159724,False
ECH,2017,CASH,0,,0.0,0.0,0.0,0.0,0.0,0.0,0.0,3,-0.02761804798352807,-0.003084796898419895,-0.013274920385612066,-0.02688536151616938,-0.004316206391369648,0.2698137262001679,-0.06536398271514521,-0.030865989024333795,14.039999961853027,2.609999656677246,1.22,2.49,1.2700000000000002,53.8,4.390000000000001,0.900100000000009,False,,0.0,False
ECH,2017,MOMENTUM,0,,-0.8392572626026823,0.0,-0.06551563189722187,-0.4505011162942377,-0.09863382985469582,-0.2110180850261384,10.0,3,-0.02761804798352807,-0.003084796898419895,-0.013274920385612066,-0.02688536151616938,-0.004316206391369648,0.2698137262001679,-0.06536398271514521,-0.030865989024333795,14.039999961853027,2.609999656677246,1.22,2.49,1.2700000000000002,53.8,4.390000000000001,0.900100000000009,False,,-0.8392572626026823,False
ECH,2017,MEANREV,0,,-0.17762198574289456,0.6666666666666666,0.003401415630563731,0.08256136254941017,0.0,-0.046528622140871945,6.0,3,-0.02761804798352807,-0.003084796898419895,-0.013274920385612066,-0.02688536151616938,-0.004316206391369648,0.2698137262001679,-0.06536398271514521,-0.030865989024333795,14.039999961853027,2.609999656677246,1.22,2.49,1.2700000000000002,53.8,4.390000000000001,0.900100000000009,False,,-0.17762198574289456,False
ECH,2017,TREND60,0,,-0.808403170517734,0.0,-0.06551563189722187,-0.4505011162942377,-0.09863382985469582,-0.2110180850261384,10.0,3,-0.02761804798352807,-0.003084796898419895,-0.013274920385612066,-0.02688536151616938,-0.004316206391369648,0.2698137262001679,-0.06536398271514521,-0.030865989024333795,14.039999961853027,2.609999656677246,1.22,2.49,1.2700000000000002,53.8,4.390000000000001,0.900100000000009,False,,-0.808403170517734,False
ECH,2017,TREND200_0,0,,-0.24797300045954906,0.6666666666666666,0.004266215668308204,0.09513966595179522,-0.06107012894382957,-0.11676956355331669,5.0,3,-0.02761804798352807,-0.003084796898419895,-0.013274920385612066,-0.02688536151616938,-0.004316206391369648,0.2698137262001679,-0.06536398271514521,-0.030865989024333795,14.039999961853027,2.609999656677246,1.22,2.49,1.2700000000000002,53.8,4.390000000000001,0.900100000000009,False,,-0.24797300045954906,False
ECH,2017,TREND200_33,0,,-0.16380745473982064,0.6666666666666666,0.005615266553505416,0.1073152839135018,-0.048213048821289184,-0.11550407765546178,3.6799999999999997,3,-0.02761804798352807,-0.003084796898419895,-0.013274920385612066,-0.02688536151616938,-0.004316206391369648,0.2698137262001679,-0.06536398271514521,-0.030865989024333795,14.039999961853027,2.609999656677246,1.22,2.49,1.2700000000000002,53.8,4.390000000000001,0.900100000000009,False,,-0.16380745473982064,False
ECH,2017,TREND200_50,0,,-0.1363185322421728,0.6666666666666666,0.005606842352175345,0.10879594373226523,-0.04283860985832866,-0.12839181140145206,3.0,3,-0.02761804798352807,-0.003084796898419895,-0.013274920385612066,-0.02688536151616938,-0.004316206391369648,0.2698137262001679,-0.06536398271514521,-0.030865989024333795,14.039999961853027,2.609999656677246,1.22,2.49,1.2700000000000002,53.8,4.390000000000001,0.900100000000009,False,,-0.1363185322421728,False
ECH,2017,TREND200_67,0,,-0.12098198607021082,0.6666666666666666,0.0051199514338375884,0.10805748876129975,-0.038331880361081705,-0.14222156834395783,2.32,3,-0.02761804798352807,-0.003084796898419895,-0.013274920385612066,-0.02688536151616938,-0.004316206391369648,0.2698137262001679,-0.06536398271514521,-0.030865989024333795,14.039999961853027,2.609999656677246,1.22,2.49,1.2700000000000002,53.8,4.390000000000001,0.900100000000009,False,,-0.12098198607021082,False
ECH,2017,VOLTARGET10,0,,-0.3718548314113825,0.3333333333333333,-0.02227520270765393,-0.15348043959313573,-0.023204014006348084,-0.11680690658121928,2.9565559248279465,3,-0.02761804798352807,-0.003084796898419895,-0.013274920385612066,-0.02688536151616938,-0.004316206391369648,0.2698137262001679,-0.06536398271514521,-0.030865989024333795,14.039999961853027,2.609999656677246,1.22,2.49,1.2700000000000002,53.8,4.390000000000001,0.900100000000009,False,,-0.3718548314113825,False
ECH,2017,VOLTARGET15,0,,-0.4240292719363376,0.3333333333333333,-0.03240404576628442,-0.14934643087775668,-0.04099822559383137,-0.16466871068530942,4.434833887241919,3,-0.02761804798352807,-0.003084796898419895,-0.013274920385612066,-0.02688536151616938,-0.004316206391369648,0.2698137262001679,-0.06536398271514521,-0.030865989024333795,14.039999961853027,2.609999656677246,1.22,2.49,1.2700000000000002,53.8,4.390000000000001,0.900100000000009,False,,-0.4240292719363376,False
ECH,2017,VOLTARGET20,0,,-0.257761979818127,0.3333333333333333,-0.019066165455510653,-0.03318919042529454,-0.03121398265739317,-0.16732552192112704,2.883114691249615,3,-0.02761804798352807,-0.003084796898419895,-0.013274920385612066,-0.02688536151616938,-0.004316206391369648,0.2698137262001679,-0.06536398271514521,-0.030865989024333795,14.039999961853027,2.609999656677246,1.22,2.49,1.2700000000000002,53.8,4.390000000000001,0.900100000000009,False,,-0.257761979818127,False
ECH,2017,LOGIT,1,0.52,-0.3662512412426435,0.6666666666666666,0.00985521108179177,0.14027994167073432,-0.10196492374756294,-0.15386537376298448,11.0,3,-0.02761804798352807,-0.003084796898419895,-0.013274920385612066,-0.02688536151616938,-0.004316206391369648,0.2698137262001679,-0.06536398271514521,-0.030865989024333795,14.039999961853027,2.609999656677246,1.22,2.49,1.2700000000000002,53.8,4.390000000000001,0.900100000000009,False,,-0.3662512412426435,False
ECH,2017,LOGIT,1,0.56,0.11670541249811811,1.0,0.04100987334438044,0.39576336910186893,0.033055212832155956,-0.10314827118523351,13.0,3,-0.02761804798352807,-0.003084796898419895,-0.013274920385612066,-0.02688536151616938,-0.004316206391369648,0.2698137262001679,-0.06536398271514521,-0.030865989024333795,14.039999961853027,2.609999656677246,1.22,2.49,1.2700000000000002,53.8,4.390000000000001,0.900100000000009,True,,0.11670541249811811,False
ECH,2017,LOGIT,1,0.6,-0.3089147549307435,0.3333333333333333,-0.003624004388915192,0.06970577942547329,-0.006108598374109708,-0.09292772993211607,13.0,3,-0.02761804798352807,-0.003084796898419895,-0.013274920385612066,-0.02688536151616938,-0.004316206391369648,0.2698137262001679,-0.06536398271514521,-0.030865989024333795,14.039999961853027,2.609999656677246,1.22,2.49,1.2700000000000002,53.8,4.390000000000001,0.900100000000009,False,,-0.3089147549307435,False
ECH,2017,LOGIT,1,0.64,0.12223122370246822,0.6666666666666666,0.03618053098874574,0.40492594042061614,-0.006108598374109708,-0.09292772993211607,10.0,3,-0.02761804798352807,-0.003084796898419895,-0.013274920385612066,-0.02688536151616938,-0.004316206391369648,0.2698137262001679,-0.06536398271514521,-0.030865989024333795,14.039999961853027,2.609999656677246,1.22,2.49,1.2700000000000002,53.8,4.390000000000001,0.900100000000009,True,,0.12223122370246822,False
ECH,2017,LOGIT,5,0.52,-0.0006599469386811552,0.6666666666666666,0.048247912615040356,0.3488843085901301,-0.010761450753167812,-0.12684789558223886,11.0,3,-0.02761804798352807,-0.003084796898419895,-0.013274920385612066,-0.02688536151616938,-0.004316206391369648,0.2698137262001679,-0.06536398271514521,-0.030865989024333795,14.039999961853027,2.609999656677246,1.22,2.49,1.2700000000000002,53.8,4.390000000000001,0.900100000000009,False,,-0.0006599469386811552,False
ECH,2017,LOGIT,5,0.56,-0.46277119342092216,0.3333333333333333,-0.007981453473437039,0.03469658516788445,-0.02608535072809115,-0.15570467546024414,11.0,3,-0.02761804798352807,-0.003084796898419895,-0.013274920385612066,-0.02688536151616938,-0.004316206391369648,0.2698137262001679,-0.06536398271514521,-0.030865989024333795,14.039999961853027,2.609999656677246,1.22,2.49,1.2700000000000002,53.8,4.390000000000001,0.900100000000009,False,,-0.46277119342092216,False
ECH,2017,LOGIT,5,0.6,-0.36576690876709317,0.3333333333333333,-0.010503564328184556,0.014500174849925097,-0.036888148806643706,-0.12672243281186824,10.0,3,-0.02761804798352807,-0.003084796898419895,-0.013274920385612066,-0.02688536151616938,-0.004316206391369648,0.2698137262001679,-0.06536398271514521,-0.030865989024333795,14.039999961853027,2.609999656677246,1.22,2.49,1.2700000000000002,53.8,4.390000000000001,0.900100000000009,False,,-0.36576690876709317,False
ECH,2017,LOGIT,5,0.64,-0.6675200092731335,0.3333333333333333,-0.04067345078688911,-0.17892888153245287,-0.04643743180743998,-0.1533487895112854,12.0,3,-0.02761804798352807,-0.003084796898419895,-0.013274920385612066,-0.02688536151616938,-0.004316206391369648,0.2698137262001679,-0.06536398271514521,-0.030865989024333795,14.039999961853027,2.609999656677246,1.22,2.49,1.2700000000000002,53.8,4.390000000000001,0.900100000000009,False,,-0.6675200092731335,False
ECH,2017,LOGIT,20,0.52,0.30973345432973787,1.0,0.0701902546343387,0.5067475986621057,0.07011224879005473,-0.11636675337112501,7.0,3,-0.02761804798352807,-0.003084796898419895,-0.013274920385612066,-0.02688536151616938,-0.004316206391369648,0.2698137262001679,-0.06536398271514521,-0.030865989024333795,14.039999961853027,2.609999656677246,1.22,2.49,1.2700000000000002,53.8,4.390000000000001,0.900100000000009,True,,0.30973345432973787,False
ECH,2017,LOGIT,20,0.56,0.30973345432973787,1.0,0.0701902546343387,0.5067475986621057,0.07011224879005473,-0.11636675337112501,7.0,3,-0.02761804798352807,-0.003084796898419895,-0.013274920385612066,-0.02688536151616938,-0.004316206391369648,0.2698137262001679,-0.06536398271514521,-0.030865989024333795,14.039999961853027,2.609999656677246,1.22,2.49,1.2700000000000002,53.8,4.390000000000001,0.900100000000009,True,,0.30973345432973787,False
ECH,2017,LOGIT,20,0.6,0.3842644415752985,1.0,0.08406104437863715,0.5805923915137288,0.06392068769795811,-0.11636675337112501,9.0,3,-0.02761804798352807,-0.003084796898419895,-0.013274920385612066,-0.02688536151616938,-0.004316206391369648,0.2698137262001679,-0.06536398271514521,-0.030865989024333795,14.039999961853027,2.609999656677246,1.22,2.49,1.2700000000000002,53.8,4.390000000000001,0.900100000000009,True,,0.3842644415752985,False
ECH,2017,LOGIT,20,0.64,0.5160881987397234,1.0,0.09898035611344858,0.6945662488865151,0.08808943435792327,-0.11636675337112501,7.0,3,-0.02761804798352807,-0.003084796898419895,-0.013274920385612066,-0.02688536151616938,-0.004316206391369648,0.2698137262001679,-0.06536398271514521,-0.030865989024333795,14.039999961853027,2.609999656677246,1.22,2.49,1.2700000000000002,53.8,4.390000000000001,0.900100000000009,True,,0.5160881987397234,False
ECH,2017,RF,1,0.52,-0.3380921292276776,0.3333333333333333,-0.005198196492731455,0.04340506751894279,-0.0772283707540331,-0.17369501881828486,3.0,3,-0.02761804798352807,-0.003084796898419895,-0.013274920385612066,-0.02688536151616938,-0.004316206391369648,0.2698137262001679,-0.06536398271514521,-0.030865989024333795,14.039999961853027,2.609999656677246,1.22,2.49,1.2700000000000002,53.8,4.390000000000001,0.900100000000009,False,,-0.3380921292276776,False
ECH,2017,RF,1,0.56,-0.5474382816460137,0.0,0.0,0.0,-0.04402870143466686,-0.04402870143466686,0.0,3,-0.02761804798352807,-0.003084796898419895,-0.013274920385612066,-0.02688536151616938,-0.004316206391369648,0.2698137262001679,-0.06536398271514521,-0.030865989024333795,14.039999961853027,2.609999656677246,1.22,2.49,1.2700000000000002,53.8,4.390000000000001,0.900100000000009,False,,-0.5474382816460137,False
ECH,2017,RF,1,0.6,0.0,0.0,0.0,0.0,0.0,0.0,0.0,3,-0.02761804798352807,-0.003084796898419895,-0.013274920385612066,-0.02688536151616938,-0.004316206391369648,0.2698137262001679,-0.06536398271514521,-0.030865989024333795,14.039999961853027,2.609999656677246,1.22,2.49,1.2700000000000002,53.8,4.390000000000001,0.900100000000009,False,,0.0,False
ECH,2017,RF,1,0.64,0.0,0.0,0.0,0.0,0.0,0.0,0.0,3,-0.02761804798352807,-0.003084796898419895,-0.013274920385612066,-0.02688536151616938,-0.004316206391369648,0.2698137262001679,-0.06536398271514521,-0.030865989024333795,14.039999961853027,2.609999656677246,1.22,2.49,1.2700000000000002,53.8,4.390000000000001,0.900100000000009,False,,0.0,False
ECH,2017,RF,5,0.52,-0.18821802091168155,0.6666666666666666,0.007909824125025722,0.13674955184163592,-0.03578707393923397,-0.17004597237148666,5.0,3,-0.02761804798352807,-0.003084796898419895,-0.013274920385612066,-0.02688536151616938,-0.004316206391369648,0.2698137262001679,-0.06536398271514521,-0.030865989024333795,14.039999961853027,2.609999656677246,1.22,2.49,1.2700000000000002,53.8,4.390000000000001,0.900100000000009,False,,-0.18821802091168155,False
ECH,2017,RF,5,0.56,0.36261434084033484,0.6666666666666666,0.06600946374997818,0.6720201540201493,-0.0026811790283503,-0.08201380374299327,2.0,3,-0.02761804798352807,-0.003084796898419895,-0.013274920385612066,-0.02688536151616938,-0.004316206391369648,0.2698137262001679,-0.06536398271514521,-0.030865989024333795,14.039999961853027,2.609999656677246,1.22,2.49,1.2700000000000002,53.8,4.390000000000001,0.900100000000009,True,,0.36261434084033484,False
ECH,2017,RF,5,0.6,0.6979828329345482,0.6666666666666666,0.043172006967913124,0.9989591046163369,0.0,-0.03876005798003779,2.0,3,-0.02761804798352807,-0.003084796898419895,-0.013274920385612066,-0.02688536151616938,-0.004316206391369648,0.2698137262001679,-0.06536398271514521,-0.030865989024333795,14.039999961853027,2.609999656677246,1.22,2.49,1.2700000000000002,53.8,4.390000000000001,0.900100000000009,True,,0.6979828329345482,True
ECH,2017,RF,5,0.64,0.0,0.0,0.0,0.0,0.0,0.0,0.0,3,-0.02761804798352807,-0.003084796898419895,-0.013274920385612066,-0.02688536151616938,-0.004316206391369648,0.2698137262001679,-0.06536398271514521,-0.030865989024333795,14.039999961853027,2.609999656677246,1.22,2.49,1.2700000000000002,53.8,4.390000000000001,0.900100000000009,False,,0.0,False
ECH,2017,RF,20,0.52,0.2588455175806821,0.6666666666666666,0.14725032424562778,0.7105234672205706,-0.029479860641902556,-0.09465984407370087,8.0,3,-0.02761804798352807,-0.003084796898419895,-0.013274920385612066,-0.02688536151616938,-0.004316206391369648,0.2698137262001679,-0.06536398271514521,-0.030865989024333795,14.039999961853027,2.609999656677246,1.22,2.49,1.2700000000000002,53.8,4.390000000000001,0.900100000000009,True,,0.2588455175806821,False
ECH,2017,RF,20,0.56,0.5048741432076707,0.6666666666666666,0.12945428261356362,0.7745225023878324,0.0,-0.08201380374299327,4.0,3,-0.02761804798352807,-0.003084796898419895,-0.013274920385612066,-0.02688536151616938,-0.004316206391369648,0.2698137262001679,-0.06536398271514521,-0.030865989024333795,14.039999961853027,2.609999656677246,1.22,2.49,1.2700000000000002,53.8,4.390000000000001,0.900100000000009,True,,0.5048741432076707,False
ECH,2017,RF,20,0.6,0.6273546792035385,0.6666666666666666,0.10161998483092471,0.9197890605467948,0.0,-0.08201380374299327,2.0,3,-0.02761804798352807,-0.003084796898419895,-0.013274920385612066,-0.02688536151616938,-0.004316206391369648,0.2698137262001679,-0.06536398271514521,-0.030865989024333795,14.039999961853027,2.609999656677246,1.22,2.49,1.2700000000000002,53.8,4.390000000000001,0.900100000000009,True,,0.6273546792035385,True
ECH,2017,RF,20,0.64,0.6625579251019207,0.6666666666666666,0.10161998483092471,0.9197890605467948,0.0,-0.08201380374299327,2.0,3,-0.02761804798352807,-0.003084796898419895,-0.013274920385612066,-0.02688536151616938,-0.004316206391369648,0.2698137262001679,-0.06536398271514521,-0.030865989024333795,14.039999961853027,2.609999656677246,1.22,2.49,1.2700000000000002,53.8,4.390000000000001,0.900100000000009,True,,0.6625579251019207,True
ECH,2017,HGB,1,0.52,-0.38853341443339273,0.3333333333333333,-0.010258495611182417,0.01739680286981802,-0.02655509041908022,-0.14979391584755386,8.0,3,-0.02761804798352807,-0.003084796898419895,-0.013274920385612066,-0.02688536151616938,-0.004316206391369648,0.2698137262001679,-0.06536398271514521,-0.030865989024333795,14.039999961853027,2.609999656677246,1.22,2.49,1.2700000000000002,53.8,4.390000000000001,0.900100000000009,False,,-0.38853341443339273,False
ECH,2017,HGB,1,0.56,-1.2091730670714465,0.3333333333333333,-0.05682648631518972,-0.5583861511391659,-0.13850226023752343,-0.14381060887114594,8.0,3,-0.02761804798352807,-0.003084796898419895,-0.013274920385612066,-0.02688536151616938,-0.004316206391369648,0.2698137262001679,-0.06536398271514521,-0.030865989024333795,14.039999961853027,2.609999656677246,1.22,2.49,1.2700000000000002,53.8,4.390000000000001,0.900100000000009,False,,-1.2091730670714465,False
ECH,2017,HGB,1,0.6,-1.0859398170171575,0.3333333333333333,-0.044367999552656356,-0.662495494972039,-0.07735001730459867,-0.11797378096253042,6.0,3,-0.02761804798352807,-0.003084796898419895,-0.013274920385612066,-0.02688536151616938,-0.004316206391369648,0.2698137262001679,-0.06536398271514521,-0.030865989024333795,14.039999961853027,2.609999656677246,1.22,2.49,1.2700000000000002,53.8,4.390000000000001,0.900100000000009,False,,-1.0859398170171575,False
ECH,2017,HGB,1,0.64,-0.22818528708775734,0.0,-0.0038155406661278812,-0.1223479478033764,-0.0110693620162573,-0.05904810532323157,2.0,3,-0.02761804798352807,-0.003084796898419895,-0.013274920385612066,-0.02688536151616938,-0.004316206391369648,0.2698137262001679,-0.06536398271514521,-0.030865989024333795,14.039999961853027,2.609999656677246,1.22,2.49,1.2700000000000002,53.8,4.390000000000001,0.900100000000009,False,,-0.22818528708775734,False
ECH,2017,HGB,5,0.52,-0.10270561348382158,0.6666666666666666,0.02344775013316136,0.21766738240920286,-0.05162923595817326,-0.13364936432257268,7.0,3,-0.02761804798352807,-0.003084796898419895,-0.013274920385612066,-0.02688536151616938,-0.004316206391369648,0.2698137262001679,-0.06536398271514521,-0.030865989024333795,14.039999961853027,2.609999656677246,1.22,2.49,1.2700000000000002,53.8,4.390000000000001,0.900100000000009,False,,-0.10270561348382158,False
ECH,2017,HGB,5,0.56,-0.3602904654770056,0.3333333333333333,-0.007467124897385435,0.03862126170154846,-0.02649601645405608,-0.11434004208180715,9.0,3,-0.02761804798352807,-0.003084796898419895,-0.013274920385612066,-0.02688536151616938,-0.004316206391369648,0.2698137262001679,-0.06536398271514521,-0.030865989024333795,14.039999961853027,2.609999656677246,1.22,2.49,1.2700000000000002,53.8,4.390000000000001,0.900100000000009,False,,-0.3602904654770056,False
ECH,2017,HGB,5,0.6,0.025881274842854712,0.6666666666666666,0.0463064525683925,0.43005240363679187,-0.02463804857497509,-0.0897406296592348,8.0,3,-0.02761804798352807,-0.003084796898419895,-0.013274920385612066,-0.02688536151616938,-0.004316206391369648,0.2698137262001679,-0.06536398271514521,-0.030865989024333795,14.039999961853027,2.609999656677246,1.22,2.49,1.2700000000000002,53.8,4.390000000000001,0.900100000000009,True,,0.025881274842854712,False
ECH,2017,HGB,5,0.64,0.31917977558245514,0.6666666666666666,0.0910136253338878,0.8692067415408351,-0.031639199259898,-0.06877305997110827,10.0,3,-0.02761804798352807,-0.003084796898419895,-0.013274920385612066,-0.02688536151616938,-0.004316206391369648,0.2698137262001679,-0.06536398271514521,-0.030865989024333795,14.039999961853027,2.609999656677246,1.22,2.49,1.2700000000000002,53.8,4.390000000000001,0.900100000000009,True,,0.31917977558245514,False
ECH,2017,HGB,20,0.52,0.07689451850889048,0.6666666666666666,0.11583254382237951,0.657688089064156,-0.06261487654695597,-0.10251568366770947,8.0,3,-0.02761804798352807,-0.003084796898419895,-0.013274920385612066,-0.02688536151616938,-0.004316206391369648,0.2698137262001679,-0.06536398271514521,-0.030865989024333795,14.039999961853027,2.609999656677246,1.22,2.49,1.2700000000000002,53.8,4.390000000000001,0.900100000000009,True,,0.07689451850889048,False
ECH,2017,HGB,20,0.56,0.16969153108058843,0.6666666666666666,0.11583254382237951,0.657688089064156,-0.017651356168321364,-0.10126059461170867,8.0,3,-0.02761804798352807,-0.003084796898419895,-0.013274920385612066,-0.02688536151616938,-0.004316206391369648,0.2698137262001679,-0.06536398271514521,-0.030865989024333795,14.039999961853027,2.609999656677246,1.22,2.49,1.2700000000000002,53.8,4.390000000000001,0.900100000000009,True,,0.16969153108058843,False
ECH,2017,HGB,20,0.6,0.016337088307731534,0.6666666666666666,0.09001559898254663,0.5503539347778138,-0.016874974983990265,-0.06541890649389526,6.0,3,-0.02761804798352807,-0.003084796898419895,-0.013274920385612066,-0.02688536151616938,-0.004316206391369648,0.2698137262001679,-0.06536398271514521,-0.030865989024333795,14.039999961853027,2.609999656677246,1.22,2.49,1.2700000000000002,53.8,4.390000000000001,0.900100000000009,True,,0.016337088307731534,False
ECH,2017,HGB,20,0.64,0.13662494936140768,1.0,0.0989113921552347,0.6127562939420851,0.005332267172702743,-0.06541890649389515,8.0,3,-0.02761804798352807,-0.003084796898419895,-0.013274920385612066,-0.02688536151616938,-0.004316206391369648,0.2698137262001679,-0.06536398271514521,-0.030865989024333795,14.039999961853027,2.609999656677246,1.22,2.49,1.2700000000000002,53.8,4.390000000000001,0.900100000000009,True,,0.13662494936140768,False
ECH,2018,BUYHOLD,0,,0.11921778358887104,0.6666666666666666,0.0940066930884027,0.46307497940636305,-0.032100636641103186,-0.17004597237148555,1.0,3,0.10918813645349235,0.019054024647498613,0.11570908347833098,0.03772531621844877,0.08449101684740845,0.4766662446453919,-0.03628384995727185,-0.04566629999434013,11.039999961853027,1.4200000762939453,1.91,2.43,0.5200000000000002,59.84,2.5900000000000034,0.18890000000000384,True,,0.11921778358887104,False
ECH,2018,CASH,0,,0.0,0.0,0.0,0.0,0.0,0.0,0.0,3,0.10918813645349235,0.019054024647498613,0.11570908347833098,0.03772531621844877,0.08449101684740845,0.4766662446453919,-0.03628384995727185,-0.04566629999434013,11.039999961853027,1.4200000762939453,1.91,2.43,0.5200000000000002,59.84,2.5900000000000034,0.18890000000000384,False,,0.0,False
ECH,2018,MOMENTUM,0,,-1.0866073548837045,0.3333333333333333,-0.06551563189722187,-0.4505011162942377,-0.09863382985469582,-0.2110180850261384,10.0,3,0.10918813645349235,0.019054024647498613,0.11570908347833098,0.03772531621844877,0.08449101684740845,0.4766662446453919,-0.03628384995727185,-0.04566629999434013,11.039999961853027,1.4200000762939453,1.91,2.43,0.5200000000000002,59.84,2.5900000000000034,0.18890000000000384,False,,-1.0866073548837045,False
ECH,2018,MEANREV,0,,-0.19743708370383933,0.3333333333333333,0.0,0.010061987840636178,-0.00038642919654197083,-0.04339435642313183,2.0,3,0.10918813645349235,0.019054024647498613,0.11570908347833098,0.03772531621844877,0.08449101684740845,0.4766662446453919,-0.03628384995727185,-0.04566629999434013,11.039999961853027,1.4200000762939453,1.91,2.43,0.5200000000000002,59.84,2.5900000000000034,0.18890000000000384,False,,-0.19743708370383933,False
ECH,2018,TREND60,0,,-1.0866073548837045,0.3333333333333333,-0.06551563189722187,-0.4505011162942377,-0.09863382985469582,-0.2110180850261384,10.0,3,0.10918813645349235,0.019054024647498613,0.11570908347833098,0.03772531621844877,0.08449101684740845,0.4766662446453919,-0.03628384995727185,-0.04566629999434013,11.039999961853027,1.4200000762939453,1.91,2.43,0.5200000000000002,59.84,2.5900000000000034,0.18890000000000384,False,,-1.0866073548837045,False
ECH,2018,TREND200_0,0,,-0.3418075011381615,0.6666666666666666,0.004830106970099779,0.1418884761343077,-0.06107012894382957,-0.1268714546230979,5.0,3,0.10918813645349235,0.019054024647498613,0.11570908347833098,0.03772531621844877,0.08449101684740845,0.4766662446453919,-0.03628384995727185,-0.04566629999434013,11.039999961853027,1.4200000762939453,1.91,2.43,0.5200000000000002,59.84,2.5900000000000034,0.18890000000000384,False,,-0.3418075011381615,False
ECH,2018,TREND200_33,0,,-0.15604685609951613,0.6666666666666666,0.03504345115762475,0.26146317341030006,-0.048213048821289184,-0.12632237027684745,3.6799999999999997,3,0.10918813645349235,0.019054024647498613,0.11570908347833098,0.03772531621844877,0.08449101684740845,0.4766662446453919,-0.03628384995727185,-0.04566629999434013,11.039999961853027,1.4200000762939453,1.91,2.43,0.5200000000000002,59.84,2.5900000000000034,0.18890000000000384,False,,-0.15604685609951613,False
ECH,2018,TREND200_50,0,,-0.06757936069493588,0.6666666666666666,0.05032761041671363,0.31889179741840357,-0.04283860985832866,-0.12839181140145206,3.0,3,0.10918813645349235,0.019054024647498613,0.11570908347833098,0.03772531621844877,0.08449101684740845,0.4766662446453919,-0.03628384995727185,-0.04566629999434013,11.039999961853027,1.4200000762939453,1.91,2.43,0.5200000000000002,59.84,2.5900000000000034,0.18890000000000384,False,,-0.06757936069493588,False
ECH,2018,TREND200_67,0,,0.004691451576774863,0.6666666666666666,0.0654015582419043,0.3723477043136413,-0.038331880361081705,-0.14222156834395783,2.32,3,0.10918813645349235,0.019054024647498613,0.11570908347833098,0.03772531621844877,0.08449101684740845,0.4766662446453919,-0.03628384995727185,-0.04566629999434013,11.039999961853027,1.4200000762939453,1.91,2.43,0.5200000000000002,59.84,2.5900000000000034,0.18890000000000384,True,,0.004691451576774863,False
ECH,2018,VOLTARGET10,0,,-0.12031069720935271,0.6666666666666666,0.024535344528508585,0.2705053422978613,-0.023204014006348084,-0.11680690658121928,3.4570356647606095,3,0.10918813645349235,0.019054024647498613,0.11570908347833098,0.03772531621844877,0.08449101684740845,0.4766662446453919,-0.03628384995727185,-0.04566629999434013,11.039999961853027,1.4200000762939453,1.91,2.43,0.5200000000000002,59.84,2.5900000000000034,0.18890000000000384,False,,-0.12031069720935271,False
ECH,2018,VOLTARGET15,0,,-0.1687999636374613,0.6666666666666666,0.03210530128671496,0.27050534229786133,-0.04099822559383137,-0.16466871068530942,4.434833887241919,3,0.10918813645349235,0.019054024647498613,0.11570908347833098,0.03772531621844877,0.08449101684740845,0.4766662446453919,-0.03628384995727185,-0.04566629999434013,11.039999961853027,1.4200000762939453,1.91,2.43,0.5200000000000002,59.84,2.5900000000000034,0.18890000000000384,False,,-0.1687999636374613,False
ECH,2018,VOLTARGET20,0,,-0.1058744447433358,0.6666666666666666,0.041284014519704204,0.2929297296240844,-0.03121398265739317,-0.16732552192112704,2.896179264823455,3,0.10918813645349235,0.019054024647498613,0.11570908347833098,0.03772531621844877,0.08449101684740845,0.4766662446453919,-0.03628384995727185,-0.04566629999434013,11.039999961853027,1.4200000762939453,1.91,2.43,0.5200000000000002,59.84,2.5900000000000034,0.18890000000000384,False,,-0.1058744447433358,False
ECH,2018,LOGIT,1,0.52,-0.19818082206793358,0.6666666666666666,0.06378592168172248,0.3910095209730331,-0.10196492374756294,-0.15386537376298448,7.0,3,0.10918813645349235,0.019054024647498613,0.11570908347833098,0.03772531621844877,0.08449101684740845,0.4766662446453919,-0.03628384995727185,-0.04566629999434013,11.039999961853027,1.4200000762939453,1.91,2.43,0.5200000000000002,59.84,2.5900000000000034,0.18890000000000384,False,,-0.19818082206793358,False
ECH,2018,LOGIT,1,0.56,0.1690702266208558,1.0,0.04100987334438044,0.39576336910186893,0.033055212832155956,-0.09292772993211607,9.0,3,0.10918813645349235,0.019054024647498613,0.11570908347833098,0.03772531621844877,0.08449101684740845,0.4766662446453919,-0.03628384995727185,-0.04566629999434013,11.039999961853027,1.4200000762939453,1.91,2.43,0.5200000000000002,59.84,2.5900000000000034,0.18890000000000384,True,,0.1690702266208558,False
ECH,2018,LOGIT,1,0.6,-0.16895629268181134,0.3333333333333333,-0.003624004388915192,0.06970577942547329,-0.006108598374109708,-0.09292772993211607,7.0,3,0.10918813645349235,0.019054024647498613,0.11570908347833098,0.03772531621844877,0.08449101684740845,0.4766662446453919,-0.03628384995727185,-0.04566629999434013,11.039999961853027,1.4200000762939453,1.91,2.43,0.5200000000000002,59.84,2.5900000000000034,0.18890000000000384,False,,-0.16895629268181134,False
ECH,2018,LOGIT,1,0.64,0.17827363502434468,0.6666666666666666,0.028004550554787455,0.3998882511247122,-0.006108598374109708,-0.09292772993211607,7.0,3,0.10918813645349235,0.019054024647498613,0.11570908347833098,0.03772531621844877,0.08449101684740845,0.4766662446453919,-0.03628384995727185,-0.04566629999434013,11.039999961853027,1.4200000762939453,1.91,2.43,0.5200000000000002,59.84,2.5900000000000034,0.18890000000000384,True,,0.17827363502434468,False
ECH,2018,LOGIT,5,0.52,0.119340792564577,1.0,0.12448025869056023,0.6345545495820676,0.048247912615040356,-0.12684789558223886,10.0,3,0.10918813645349235,0.019054024647498613,0.11570908347833098,0.03772531621844877,0.08449101684740845,0.4766662446453919,-0.03628384995727185,-0.04566629999434013,11.039999961853027,1.4200000762939453,1.91,2.43,0.5200000000000002,59.84,2.5900000000000034,0.18890000000000384,True,,0.119340792564577,False
ECH,2018,LOGIT,5,0.56,0.47824599421234354,0.6666666666666666,0.102299047823875,0.9656443879601617,-0.007981453473437039,-0.15570467546024414,11.0,3,0.10918813645349235,0.019054024647498613,0.11570908347833098,0.03772531621844877,0.08449101684740845,0.4766662446453919,-0.03628384995727185,-0.04566629999434013,11.039999961853027,1.4200000762939453,1.91,2.43,0.5200000000000002,59.84,2.5900000000000034,0.18890000000000384,True,,0.47824599421234354,False
ECH,2018,LOGIT,5,0.6,0.09689393684631917,0.6666666666666666,0.07153656101222294,0.49200428679268815,-0.010503564328184556,-0.12672243281186824,10.0,3,0.10918813645349235,0.019054024647498613,0.11570908347833098,0.03772531621844877,0.08449101684740845,0.4766662446453919,-0.03628384995727185,-0.04566629999434013,11.039999961853027,1.4200000762939453,1.91,2.43,0.5200000000000002,59.84,2.5900000000000034,0.18890000000000384,True,,0.09689393684631917,False
ECH,2018,LOGIT,5,0.64,-0.2821955960006256,0.6666666666666666,0.004485398016651487,0.14327654340167814,-0.04067345078688911,-0.1533487895112854,12.0,3,0.10918813645349235,0.019054024647498613,0.11570908347833098,0.03772531621844877,0.08449101684740845,0.4766662446453919,-0.03628384995727185,-0.04566629999434013,11.039999961853027,1.4200000762939453,1.91,2.43,0.5200000000000002,59.84,2.5900000000000034,0.18890000000000384,False,,-0.2821955960006256,False
ECH,2018,LOGIT,20,0.52,0.23571552131524598,1.0,0.0701902546343387,0.4722109063908793,0.025952619130651833,-0.11636675337112501,7.0,3,0.10918813645349235,0.019054024647498613,0.11570908347833098,0.03772531621844877,0.08449101684740845,0.4766662446453919,-0.03628384995727185,-0.04566629999434013,11.039999961853027,1.4200000762939453,1.91,2.43,0.5200000000000002,59.84,2.5900000000000034,0.18890000000000384,True,,0.23571552131524598,False
ECH,2018,LOGIT,20,0.56,0.23571552131524598,1.0,0.0701902546343387,0.4722109063908793,0.025952619130651833,-0.11636675337112501,7.0,3,0.10918813645349235,0.019054024647498613,0.11570908347833098,0.03772531621844877,0.08449101684740845,0.4766662446453919,-0.03628384995727185,-0.04566629999434013,11.039999961853027,1.4200000762939453,1.91,2.43,0.5200000000000002,59.84,2.5900000000000034,0.18890000000000384,True,,0.23571552131524598,False
ECH,2018,LOGIT,20,0.6,0.2057471722471127,1.0,0.06392068769795811,0.4520819384174383,0.019137338393978576,-0.11636675337112501,9.0,3,0.10918813645349235,0.019054024647498613,0.11570908347833098,0.03772531621844877,0.08449101684740845,0.4766662446453919,-0.03628384995727185,-0.04566629999434013,11.039999961853027,1.4200000762939453,1.91,2.43,0.5200000000000002,59.84,2.5900000000000034,0.18890000000000384,True,,0.2057471722471127,False
ECH,2018,LOGIT,20,0.64,0.30701981251975885,1.0,0.08808943435792327,0.5757714821900096,0.011912517140420631,-0.11636675337112501,7.0,3,0.10918813645349235,0.019054024647498613,0.11570908347833098,0.03772531621844877,0.08449101684740845,0.4766662446453919,-0.03628384995727185,-0.04566629999434013,11.039999961853027,1.4200000762939453,1.91,2.43,0.5200000000000002,59.84,2.5900000000000034,0.18890000000000384,True,,0.30701981251975885,False
ECH,2018,RF,1,0.52,-0.349959377204283,0.3333333333333333,0.0,0.0,-0.0772283707540331,-0.17369501881828486,1.0,3,0.10918813645349235,0.019054024647498613,0.11570908347833098,0.03772531621844877,0.08449101684740845,0.4766662446453919,-0.03628384995727185,-0.04566629999434013,11.039999961853027,1.4200000762939453,1.91,2.43,0.5200000000000002,59.84,2.5900000000000034,0.18890000000000384,False,,-0.349959377204283,False
ECH,2018,RF,1,0.56,-0.5474382816460137,0.0,0.0,0.0,-0.04402870143466686,-0.04402870143466686,0.0,3,0.10918813645349235,0.019054024647498613,0.11570908347833098,0.03772531621844877,0.08449101684740845,0.4766662446453919,-0.03628384995727185,-0.04566629999434013,11.039999961853027,1.4200000762939453,1.91,2.43,0.5200000000000002,59.84,2.5900000000000034,0.18890000000000384,False,,-0.5474382816460137,False
ECH,2018,RF,1,0.6,0.0,0.0,0.0,0.0,0.0,0.0,0.0,3,0.10918813645349235,0.019054024647498613,0.11570908347833098,0.03772531621844877,0.08449101684740845,0.4766662446453919,-0.03628384995727185,-0.04566629999434013,11.039999961853027,1.4200000762939453,1.91,2.43,0.5200000000000002,59.84,2.5900000000000034,0.18890000000000384,False,,0.0,False
ECH,2018,RF,1,0.64,0.0,0.0,0.0,0.0,0.0,0.0,0.0,3,0.10918813645349235,0.019054024647498613,0.11570908347833098,0.03772531621844877,0.08449101684740845,0.4766662446453919,-0.03628384995727185,-0.04566629999434013,11.039999961853027,1.4200000762939453,1.91,2.43,0.5200000000000002,59.84,2.5900000000000034,0.18890000000000384,False,,0.0,False
ECH,2018,RF,5,0.52,-0.2781772914780756,0.3333333333333333,0.0,0.0,-0.03578707393923397,-0.17004597237148666,1.0,3,0.10918813645349235,0.019054024647498613,0.11570908347833098,0.03772531621844877,0.08449101684740845,0.4766662446453919,-0.03628384995727185,-0.04566629999434013,11.039999961853027,1.4200000762939453,1.91,2.43,0.5200000000000002,59.84,2.5900000000000034,0.18890000000000384,False,,-0.2781772914780756,False
ECH,2018,RF,5,0.56,0.38402215498984515,0.6666666666666666,0.06600946374997818,0.6720201540201493,0.0,-0.08201380374299327,2.0,3,0.10918813645349235,0.019054024647498613,0.11570908347833098,0.03772531621844877,0.08449101684740845,0.4766662446453919,-0.03628384995727185,-0.04566629999434013,11.039999961853027,1.4200000762939453,1.91,2.43,0.5200000000000002,59.84,2.5900000000000034,0.18890000000000384,True,,0.38402215498984515,False
ECH,2018,RF,5,0.6,0.6979828329345482,0.6666666666666666,0.043172006967913124,0.9989591046163369,0.0,-0.03876005798003779,2.0,3,0.10918813645349235,0.019054024647498613,0.11570908347833098,0.03772531621844877,0.08449101684740845,0.4766662446453919,-0.03628384995727185,-0.04566629999434013,11.039999961853027,1.4200000762939453,1.91,2.43,0.5200000000000002,59.84,2.5900000000000034,0.18890000000000384,True,,0.6979828329345482,True
ECH,2018,RF,5,0.64,0.0,0.0,0.0,0.0,0.0,0.0,0.0,3,0.10918813645349235,0.019054024647498613,0.11570908347833098,0.03772531621844877,0.08449101684740845,0.4766662446453919,-0.03628384995727185,-0.04566629999434013,11.039999961853027,1.4200000762939453,1.91,2.43,0.5200000000000002,59.84,2.5900000000000034,0.18890000000000384,False,,0.0,False
ECH,2018,RF,20,0.52,0.5680524260893414,1.0,0.14725032424562778,0.7105234672205706,0.027460582012395873,-0.09465984407370087,2.0,3,0.10918813645349235,0.019054024647498613,0.11570908347833098,0.03772531621844877,0.08449101684740845,0.4766662446453919,-0.03628384995727185,-0.04566629999434013,11.039999961853027,1.4200000762939453,1.91,2.43,0.5200000000000002,59.84,2.5900000000000034,0.18890000000000384,True,,0.5680524260893414,False
ECH,2018,RF,20,0.56,0.6352830466718498,1.0,0.12945428261356362,0.7745225023878324,0.027460582012395873,-0.08201380374299327,4.0,3,0.10918813645349235,0.019054024647498613,0.11570908347833098,0.03772531621844877,0.08449101684740845,0.4766662446453919,-0.03628384995727185,-0.04566629999434013,11.039999961853027,1.4200000762939453,1.91,2.43,0.5200000000000002,59.84,2.5900000000000034,0.18890000000000384,True,,0.6352830466718498,False
ECH,2018,RF,20,0.6,0.6791053367193884,1.0,0.10161998483092471,0.9197890605467948,0.006764406460141759,-0.08201380374299327,2.0,3,0.10918813645349235,0.019054024647498613,0.11570908347833098,0.03772531621844877,0.08449101684740845,0.4766662446453919,-0.03628384995727185,-0.04566629999434013,11.039999961853027,1.4200000762939453,1.91,2.43,0.5200000000000002,59.84,2.5900000000000034,0.18890000000000384,True,,0.6791053367193884,True
ECH,2018,RF,20,0.64,0.6625579251019207,0.6666666666666666,0.10161998483092471,0.9197890605467948,0.0,-0.08201380374299327,2.0,3,0.10918813645349235,0.019054024647498613,0.11570908347833098,0.03772531621844877,0.08449101684740845,0.4766662446453919,-0.03628384995727185,-0.04566629999434013,11.039999961853027,1.4200000762939453,1.91,2.43,0.5200000000000002,59.84,2.5900000000000034,0.18890000000000384,True,,0.6625579251019207,True
ECH,2018,HGB,1,0.52,-0.11166006041104098,0.6666666666666666,0.025983005853116303,0.2664464341367056,-0.02655509041908022,-0.14979391584755386,8.0,3,0.10918813645349235,0.019054024647498613,0.11570908347833098,0.03772531621844877,0.08449101684740845,0.4766662446453919,-0.03628384995727185,-0.04566629999434013,11.039999961853027,1.4200000762939453,1.91,2.43,0.5200000000000002,59.84,2.5900000000000034,0.18890000000000384,False,,-0.11166006041104098,False
ECH,2018,HGB,1,0.56,-0.8179806509116182,0.3333333333333333,-0.021447179514203274,-0.3966602357800129,-0.05682648631518972,-0.1078256984741639,6.0,3,0.10918813645349235,0.019054024647498613,0.11570908347833098,0.03772531621844877,0.08449101684740845,0.4766662446453919,-0.03628384995727185,-0.04566629999434013,11.039999961853027,1.4200000762939453,1.91,2.43,0.5200000000000002,59.84,2.5900000000000034,0.18890000000000384,False,,-0.8179806509116182,False
ECH,2018,HGB,1,0.6,-0.3439732263989013,0.3333333333333333,0.0,0.0,-0.07735001730459867,-0.11797378096253042,4.0,3,0.10918813645349235,0.019054024647498613,0.11570908347833098,0.03772531621844877,0.08449101684740845,0.4766662446453919,-0.03628384995727185,-0.04566629999434013,11.039999961853027,1.4200000762939453,1.91,2.43,0.5200000000000002,59.84,2.5900000000000034,0.18890000000000384,False,,-0.3439732263989013,False
ECH,2018,HGB,1,0.64,-0.06112908101768852,0.0,0.0,0.0,-0.0110693620162573,-0.05904810532323157,0.0,3,0.10918813645349235,0.019054024647498613,0.11570908347833098,0.03772531621844877,0.08449101684740845,0.4766662446453919,-0.03628384995727185,-0.04566629999434013,11.039999961853027,1.4200000762939453,1.91,2.43,0.5200000000000002,59.84,2.5900000000000034,0.18890000000000384,False,,-0.06112908101768852,False
ECH,2018,HGB,5,0.52,0.016456631868178515,1.0,0.08122115442544664,0.44809228758689373,0.02344775013316136,-0.11434004208180748,7.0,3,0.10918813645349235,0.019054024647498613,0.11570908347833098,0.03772531621844877,0.08449101684740845,0.4766662446453919,-0.03628384995727185,-0.04566629999434013,11.039999961853027,1.4200000762939453,1.91,2.43,0.5200000000000002,59.84,2.5900000000000034,0.18890000000000384,True,,0.016456631868178515,False
ECH,2018,HGB,5,0.56,0.2258250091139577,0.6666666666666666,0.15633272176244306,0.7996800594606319,-0.007467124897385435,-0.11434004208180715,9.0,3,0.10918813645349235,0.019054024647498613,0.11570908347833098,0.03772531621844877,0.08449101684740845,0.4766662446453919,-0.03628384995727185,-0.04566629999434013,11.039999961853027,1.4200000762939453,1.91,2.43,0.5200000000000002,59.84,2.5900000000000034,0.18890000000000384,True,,0.2258250091139577,False
ECH,2018,HGB,5,0.6,0.05945355500623081,0.6666666666666666,0.0463064525683925,0.43005240363679187,0.0,-0.08550012935532214,8.0,3,0.10918813645349235,0.019054024647498613,0.11570908347833098,0.03772531621844877,0.08449101684740845,0.4766662446453919,-0.03628384995727185,-0.04566629999434013,11.039999961853027,1.4200000762939453,1.91,2.43,0.5200000000000002,59.84,2.5900000000000034,0.18890000000000384,True,,0.05945355500623081,False
ECH,2018,HGB,5,0.64,0.40907521673133973,0.6666666666666666,0.0910136253338878,0.8692067415408351,0.0,-0.06877305997110827,8.0,3,0.10918813645349235,0.019054024647498613,0.11570908347833098,0.03772531621844877,0.08449101684740845,0.4766662446453919,-0.03628384995727185,-0.04566629999434013,11.039999961853027,1.4200000762939453,1.91,2.43,0.5200000000000002,59.84,2.5900000000000034,0.18890000000000384,True,,0.40907521673133973,False
ECH,2018,HGB,20,0.52,0.2785943814675821,1.0,0.11583254382237951,0.657688089064156,0.0028166026153906287,-0.10126059461170889,8.0,3,0.10918813645349235,0.019054024647498613,0.11570908347833098,0.03772531621844877,0.08449101684740845,0.4766662446453919,-0.03628384995727185,-0.04566629999434013,11.039999961853027,1.4200000762939453,1.91,2.43,0.5200000000000002,59.84,2.5900000000000034,0.18890000000000384,True,,0.2785943814675821,False
ECH,2018,HGB,20,0.56,0.16748421998346413,0.6666666666666666,0.11583254382237951,0.657688089064156,-0.020645786854511128,-0.10126059461170867,8.0,3,0.10918813645349235,0.019054024647498613,0.11570908347833098,0.03772531621844877,0.08449101684740845,0.4766662446453919,-0.03628384995727185,-0.04566629999434013,11.039999961853027,1.4200000762939453,1.91,2.43,0.5200000000000002,59.84,2.5900000000000034,0.18890000000000384,True,,0.16748421998346413,False
ECH,2018,HGB,20,0.6,0.11587447472536097,1.0,0.09001559898254663,0.5503539347778138,0.006764406460141759,-0.06541890649389526,6.0,3,0.10918813645349235,0.019054024647498613,0.11570908347833098,0.03772531621844877,0.08449101684740845,0.4766662446453919,-0.03628384995727185,-0.04566629999434013,11.039999961853027,1.4200000762939453,1.91,2.43,0.5200000000000002,59.84,2.5900000000000034,0.18890000000000384,True,,0.11587447472536097,False
ECH,2018,HGB,20,0.64,0.15091600940966016,1.0,0.0989113921552347,0.6127562939420851,0.006764406460141759,-0.06541890649389515,8.0,3,0.10918813645349235,0.019054024647498613,0.11570908347833098,0.03772531621844877,0.08449101684740845,0.4766662446453919,-0.03628384995727185,-0.04566629999434013,11.039999961853027,1.4200000762939453,1.91,2.43,0.5200000000000002,59.84,2.5900000000000034,0.18890000000000384,True,,0.15091600940966016,False
ECH,2019,BUYHOLD,0,,0.04154542890514072,0.6666666666666666,0.0940066930884027,0.46307497940636305,-0.10175252076952634,-0.15511748975206097,1.0,3,-0.02078921073696771,-0.044175612505023554,-0.05128389662592936,-0.011919285401384427,-0.04921737295163542,0.19561481932403824,-0.1363399203497394,0.028321433710700283,25.420000076293945,-4.690000534057617,2.52,2.72,0.20000000000000018,45.15,-4.910000000000004,-1.1110999999999933,True,,0.04154542890514072,False
ECH,2019,CASH,0,,0.0,0.0,0.0,0.0,0.0,0.0,0.0,3,-0.02078921073696771,-0.044175612505023554,-0.05128389662592936,-0.011919285401384427,-0.04921737295163542,0.19561481932403824,-0.1363399203497394,0.028321433710700283,25.420000076293945,-4.690000534057617,2.52,2.72,0.20000000000000018,45.15,-4.910000000000004,-1.1110999999999933,False,,0.0,False
ECH,2019,MOMENTUM,0,,-1.2872257869869843,0.3333333333333333,-0.09863382985469582,-0.4505011162942377,-0.16462089249081346,-0.2110180850261384,11.0,3,-0.02078921073696771,-0.044175612505023554,-0.05128389662592936,-0.011919285401384427,-0.04921737295163542,0.19561481932403824,-0.1363399203497394,0.028321433710700283,25.420000076293945,-4.690000534057617,2.52,2.72,0.20000000000000018,45.15,-4.910000000000004,-1.1110999999999933,False,,-1.2872257869869843,False
ECH,2019,MEANREV,0,,-0.19551298498925795,0.3333333333333333,0.0,0.010061987840636178,-0.00038642919654197083,-0.031166757076900087,2.0,3,-0.02078921073696771,-0.044175612505023554,-0.05128389662592936,-0.011919285401384427,-0.04921737295163542,0.19561481932403824,-0.1363399203497394,0.028321433710700283,25.420000076293945,-4.690000534057617,2.52,2.72,0.20000000000000018,45.15,-4.910000000000004,-1.1110999999999933,False,,-0.19551298498925795,False
ECH,2019,TREND60,0,,-1.2725624238896165,0.3333333333333333,-0.09863382985469582,-0.4505011162942377,-0.16280833724097254,-0.2110180850261384,11.0,3,-0.02078921073696771,-0.044175612505023554,-0.05128389662592936,-0.011919285401384427,-0.04921737295163542,0.19561481932403824,-0.1363399203497394,0.028321433710700283,25.420000076293945,-4.690000534057617,2.52,2.72,0.20000000000000018,45.15,-4.910000000000004,-1.1110999999999933,False,,-1.2725624238896165,False
ECH,2019,TREND200_0,0,,-0.2768327135796568,0.6666666666666666,0.004830106970099779,0.1418884761343077,-0.07219644100914102,-0.1268714546230979,4.0,3,-0.02078921073696771,-0.044175612505023554,-0.05128389662592936,-0.011919285401384427,-0.04921737295163542,0.19561481932403824,-0.1363399203497394,0.028321433710700283,25.420000076293945,-4.690000534057617,2.52,2.72,0.20000000000000018,45.15,-4.910000000000004,-1.1110999999999933,False,,-0.2768327135796568,False
ECH,2019,TREND200_33,0,,-0.16177167693426145,0.6666666666666666,0.03504345115762475,0.26146317341030006,-0.07964215834128874,-0.12632237027684745,3.01,3,-0.02078921073696771,-0.044175612505023554,-0.05128389662592936,-0.011919285401384427,-0.04921737295163542,0.19561481932403824,-0.1363399203497394,0.028321433710700283,25.420000076293945,-4.690000534057617,2.52,2.72,0.20000000000000018,45.15,-4.910000000000004,-1.1110999999999933,False,,-0.16177167693426145,False
ECH,2019,TREND200_50,0,,-0.10444062603007007,0.6666666666666666,0.05032761041671363,0.31889179741840357,-0.08438040182917295,-0.1300571136226255,2.5,3,-0.02078921073696771,-0.044175612505023554,-0.05128389662592936,-0.011919285401384427,-0.04921737295163542,0.19561481932403824,-0.1363399203497394,0.028321433710700283,25.420000076293945,-4.690000534057617,2.52,2.72,0.20000000000000018,45.15,-4.910000000000004,-1.1110999999999933,False,,-0.10444062603007007,False
ECH,2019,TREND200_67,0,,-0.05131616207899793,0.6666666666666666,0.0654015582419043,0.3723477043136413,-0.08971909872190631,-0.13826280344515296,1.99,3,-0.02078921073696771,-0.044175612505023554,-0.05128389662592936,-0.011919285401384427,-0.04921737295163542,0.19561481932403824,-0.1363399203497394,0.028321433710700283,25.420000076293945,-4.690000534057617,2.52,2.72,0.20000000000000018,45.15,-4.910000000000004,-1.1110999999999933,False,,-0.05131616207899793,False
ECH,2019,VOLTARGET10,0,,-0.15295561881019304,0.6666666666666666,0.024535344528508585,0.2705053422978613,-0.04784233998989251,-0.08064009994270005,2.9565559248279465,3,-0.02078921073696771,-0.044175612505023554,-0.05128389662592936,-0.011919285401384427,-0.04921737295163542,0.19561481932403824,-0.1363399203497394,0.028321433710700283,25.420000076293945,-4.690000534057617,2.52,2.72,0.20000000000000018,45.15,-4.910000000000004,-1.1110999999999933,False,,-0.15295561881019304,False
ECH,2019,VOLTARGET15,0,,-0.19770297845332946,0.6666666666666666,0.03210530128671496,0.27050534229786133,-0.0750131316565501,-0.11846873139911862,4.225096487057124,3,-0.02078921073696771,-0.044175612505023554,-0.05128389662592936,-0.011919285401384427,-0.04921737295163542,0.19561481932403824,-0.1363399203497394,0.028321433710700283,25.420000076293945,-4.690000534057617,2.52,2.72,0.20000000000000018,45.15,-4.910000000000004,-1.1110999999999933,False,,-0.19770297845332946,False
ECH,2019,VOLTARGET20,0,,-0.19089345133487357,0.6666666666666666,0.041284014519704204,0.2929297296240844,-0.10226172940532152,-0.14967948884568927,3.1256871189579085,3,-0.02078921073696771,-0.044175612505023554,-0.05128389662592936,-0.011919285401384427,-0.04921737295163542,0.19561481932403824,-0.1363399203497394,0.028321433710700283,25.420000076293945,-4.690000534057617,2.52,2.72,0.20000000000000018,45.15,-4.910000000000004,-1.1110999999999933,False,,-0.19089345133487357,False
ECH,2019,LOGIT,1,0.52,-0.21337116232245987,0.6666666666666666,0.06378592168172248,0.3910095209730331,-0.1250160189621916,-0.1894846810545765,6.0,3,-0.02078921073696771,-0.044175612505023554,-0.05128389662592936,-0.011919285401384427,-0.04921737295163542,0.19561481932403824,-0.1363399203497394,0.028321433710700283,25.420000076293945,-4.690000534057617,2.52,2.72,0.20000000000000018,45.15,-4.910000000000004,-1.1110999999999933,False,,-0.21337116232245987,False
ECH,2019,LOGIT,1,0.56,-0.2193918165703999,0.6666666666666666,0.033055212832155956,0.25766963394696846,-0.10823703269965368,-0.17394196747708757,7.0,3,-0.02078921073696771,-0.044175612505023554,-0.05128389662592936,-0.011919285401384427,-0.04921737295163542,0.19561481932403824,-0.1363399203497394,0.028321433710700283,25.420000076293945,-4.690000534057617,2.52,2.72,0.20000000000000018,45.15,-4.910000000000004,-1.1110999999999933,False,,-0.2193918165703999,False
ECH,2019,LOGIT,1,0.6,-0.3435959997189292,0.3333333333333333,-0.006108598374109708,0.06970577942547329,-0.08417978416773342,-0.13121553541312225,7.0,3,-0.02078921073696771,-0.044175612505023554,-0.05128389662592936,-0.011919285401384427,-0.04921737295163542,0.19561481932403824,-0.1363399203497394,0.028321433710700283,25.420000076293945,-4.690000534057617,2.52,2.72,0.20000000000000018,45.15,-4.910000000000004,-1.1110999999999933,False,,-0.3435959997189292,False
ECH,2019,LOGIT,1,0.64,-0.07546481719733049,0.6666666666666666,0.009082165912373874,0.14644765883339955,-0.006108598374109708,-0.09604430329505165,7.0,3,-0.02078921073696771,-0.044175612505023554,-0.05128389662592936,-0.011919285401384427,-0.04921737295163542,0.19561481932403824,-0.1363399203497394,0.028321433710700283,25.420000076293945,-4.690000534057617,2.52,2.72,0.20000000000000018,45.15,-4.910000000000004,-1.1110999999999933,False,,-0.07546481719733049,False
ECH,2019,LOGIT,5,0.52,-0.009518283060291205,0.6666666666666666,0.12448025869056023,0.6345545495820676,-0.02763859905836752,-0.1252724116067666,13.0,3,-0.02078921073696771,-0.044175612505023554,-0.05128389662592936,-0.011919285401384427,-0.04921737295163542,0.19561481932403824,-0.1363399203497394,0.028321433710700283,25.420000076293945,-4.690000534057617,2.52,2.72,0.20000000000000018,45.15,-4.910000000000004,-1.1110999999999933,False,,-0.009518283060291205,False
ECH,2019,LOGIT,5,0.56,0.48281069821970385,1.0,0.102299047823875,0.9656443879601617,0.0025740494889321397,-0.11422398368000808,13.0,3,-0.02078921073696771,-0.044175612505023554,-0.05128389662592936,-0.011919285401384427,-0.04921737295163542,0.19561481932403824,-0.1363399203497394,0.028321433710700283,25.420000076293945,-4.690000534057617,2.52,2.72,0.20000000000000018,45.15,-4.910000000000004,-1.1110999999999933,True,,0.48281069821970385,True
ECH,2019,LOGIT,5,0.6,0.12239533118644727,1.0,0.07153656101222294,0.49200428679268815,0.0025821866545305827,-0.10780554891125294,10.0,3,-0.02078921073696771,-0.044175612505023554,-0.05128389662592936,-0.011919285401384427,-0.04921737295163542,0.19561481932403824,-0.1363399203497394,0.028321433710700283,25.420000076293945,-4.690000534057617,2.52,2.72,0.20000000000000018,45.15,-4.910000000000004,-1.1110999999999933,True,,0.12239533118644727,False
ECH,2019,LOGIT,5,0.64,-0.2568997093936949,0.6666666666666666,0.004485398016651487,0.14327654340167814,-0.027510648167787588,-0.10634112184335553,12.0,3,-0.02078921073696771,-0.044175612505023554,-0.05128389662592936,-0.011919285401384427,-0.04921737295163542,0.19561481932403824,-0.1363399203497394,0.028321433710700283,25.420000076293945,-4.690000534057617,2.52,2.72,0.20000000000000018,45.15,-4.910000000000004,-1.1110999999999933,False,,-0.2568997093936949,False
ECH,2019,LOGIT,20,0.52,-0.06189563854395834,0.6666666666666666,0.025952619130651833,0.2567131125856664,-0.025903228760873698,-0.1084696278531927,7.0,3,-0.02078921073696771,-0.044175612505023554,-0.05128389662592936,-0.011919285401384427,-0.04921737295163542,0.19561481932403824,-0.1363399203497394,0.028321433710700283,25.420000076293945,-4.690000534057617,2.52,2.72,0.20000000000000018,45.15,-4.910000000000004,-1.1110999999999933,False,,-0.06189563854395834,False
ECH,2019,LOGIT,20,0.56,-0.06142060153146607,0.6666666666666666,0.025952619130651833,0.2567131125856664,-0.02507689867104046,-0.10846962785319281,7.0,3,-0.02078921073696771,-0.044175612505023554,-0.05128389662592936,-0.011919285401384427,-0.04921737295163542,0.19561481932403824,-0.1363399203497394,0.028321433710700283,25.420000076293945,-4.690000534057617,2.52,2.72,0.20000000000000018,45.15,-4.910000000000004,-1.1110999999999933,False,,-0.06142060153146607,False
ECH,2019,LOGIT,20,0.6,0.005764869801648961,1.0,0.019137338393978576,0.21586664318128307,0.01777548508089488,-0.10511188166669339,7.0,3,-0.02078921073696771,-0.044175612505023554,-0.05128389662592936,-0.011919285401384427,-0.04921737295163542,0.19561481932403824,-0.1363399203497394,0.028321433710700283,25.420000076293945,-4.690000534057617,2.52,2.72,0.20000000000000018,45.15,-4.910000000000004,-1.1110999999999933,True,,0.005764869801648961,False
ECH,2019,LOGIT,20,0.64,-0.15780344470241886,1.0,0.011912517140420631,0.1595496468355843,0.0074120956730872045,-0.11422398368000797,7.0,3,-0.02078921073696771,-0.044175612505023554,-0.05128389662592936,-0.011919285401384427,-0.04921737295163542,0.19561481932403824,-0.1363399203497394,0.028321433710700283,25.420000076293945,-4.690000534057617,2.52,2.72,0.20000000000000018,45.15,-4.910000000000004,-1.1110999999999933,False,,-0.15780344470241886,False
ECH,2019,RF,1,0.52,-0.2994308292675675,0.3333333333333333,0.0,0.0,-0.07229936785468727,-0.11658633936506535,1.0,3,-0.02078921073696771,-0.044175612505023554,-0.05128389662592936,-0.011919285401384427,-0.04921737295163542,0.19561481932403824,-0.1363399203497394,0.028321433710700283,25.420000076293945,-4.690000534057617,2.52,2.72,0.20000000000000018,45.15,-4.910000000000004,-1.1110999999999933,False,,-0.2994308292675675,False
ECH,2019,RF,1,0.56,-0.06941075785740283,0.3333333333333333,0.0,0.0,0.0,-0.05806219782002742,0.0,3,-0.02078921073696771,-0.044175612505023554,-0.05128389662592936,-0.011919285401384427,-0.04921737295163542,0.19561481932403824,-0.1363399203497394,0.028321433710700283,25.420000076293945,-4.690000534057617,2.52,2.72,0.20000000000000018,45.15,-4.910000000000004,-1.1110999999999933,False,,-0.06941075785740283,False
ECH,2019,RF,1,0.6,0.0,0.0,0.0,0.0,0.0,0.0,0.0,3,-0.02078921073696771,-0.044175612505023554,-0.05128389662592936,-0.011919285401384427,-0.04921737295163542,0.19561481932403824,-0.1363399203497394,0.028321433710700283,25.420000076293945,-4.690000534057617,2.52,2.72,0.20000000000000018,45.15,-4.910000000000004,-1.1110999999999933,False,,0.0,False
ECH,2019,RF,1,0.64,0.0,0.0,0.0,0.0,0.0,0.0,0.0,3,-0.02078921073696771,-0.044175612505023554,-0.05128389662592936,-0.011919285401384427,-0.04921737295163542,0.19561481932403824,-0.1363399203497394,0.028321433710700283,25.420000076293945,-4.690000534057617,2.52,2.72,0.20000000000000018,45.15,-4.910000000000004,-1.1110999999999933,False,,0.0,False
ECH,2019,RF,5,0.52,-0.30669595915041326,0.3333333333333333,0.0,0.0,-0.017721199391003806,-0.0929277299321164,6.0,3,-0.02078921073696771,-0.044175612505023554,-0.05128389662592936,-0.011919285401384427,-0.04921737295163542,0.19561481932403824,-0.1363399203497394,0.028321433710700283,25.420000076293945,-4.690000534057617,2.52,2.72,0.20000000000000018,45.15,-4.910000000000004,-1.1110999999999933,False,,-0.30669595915041326,False
ECH,2019,RF,5,0.56,-0.34698503997529706,0.6666666666666666,0.0013338098322679404,0.06567242182722088,0.0,-0.10856477673410869,6.0,3,-0.02078921073696771,-0.044175612505023554,-0.05128389662592936,-0.011919285401384427,-0.04921737295163542,0.19561481932403824,-0.1363399203497394,0.028321433710700283,25.420000076293945,-4.690000534057617,2.52,2.72,0.20000000000000018,45.15,-4.910000000000004,-1.1110999999999933,False,,-0.34698503997529706,False
ECH,2019,RF,5,0.6,0.3060680487399261,0.6666666666666666,0.036593249343843004,0.5468576661991668,0.0,-0.03876005798003779,2.0,3,-0.02078921073696771,-0.044175612505023554,-0.05128389662592936,-0.011919285401384427,-0.04921737295163542,0.19561481932403824,-0.1363399203497394,0.028321433710700283,25.420000076293945,-4.690000534057617,2.52,2.72,0.20000000000000018,45.15,-4.910000000000004,-1.1110999999999933,True,,0.3060680487399261,True
ECH,2019,RF,5,0.64,-0.05666970261032107,0.3333333333333333,0.0,0.0,0.0,-0.037045456293106516,0.0,3,-0.02078921073696771,-0.044175612505023554,-0.05128389662592936,-0.011919285401384427,-0.04921737295163542,0.19561481932403824,-0.1363399203497394,0.028321433710700283,25.420000076293945,-4.690000534057617,2.52,2.72,0.20000000000000018,45.15,-4.910000000000004,-1.1110999999999933,False,,-0.05666970261032107,False
ECH,2019,RF,20,0.52,0.4233829462197737,1.0,0.027460582012395873,0.5902278261190115,0.024720620062963494,-0.09465984407370087,2.0,3,-0.02078921073696771,-0.044175612505023554,-0.05128389662592936,-0.011919285401384427,-0.04921737295163542,0.19561481932403824,-0.1363399203497394,0.028321433710700283,25.420000076293945,-4.690000534057617,2.52,2.72,0.20000000000000018,45.15,-4.910000000000004,-1.1110999999999933,True,,0.4233829462197737,True
ECH,2019,RF,20,0.56,0.22817357671180633,0.6666666666666666,0.027460582012395873,0.5902278261190115,-0.04978127882825889,-0.10290279002337965,4.0,3,-0.02078921073696771,-0.044175612505023554,-0.05128389662592936,-0.011919285401384427,-0.04921737295163542,0.19561481932403824,-0.1363399203497394,0.028321433710700283,25.420000076293945,-4.690000534057617,2.52,2.72,0.20000000000000018,45.15,-4.910000000000004,-1.1110999999999933,True,,0.22817357671180633,False
ECH,2019,RF,20,0.6,0.15353061871912455,1.0,0.03363092801773471,0.4300479263448377,0.006764406460141759,-0.06541890649389515,3.0,3,-0.02078921073696771,-0.044175612505023554,-0.05128389662592936,-0.011919285401384427,-0.04921737295163542,0.19561481932403824,-0.1363399203497394,0.028321433710700283,25.420000076293945,-4.690000534057617,2.52,2.72,0.20000000000000018,45.15,-4.910000000000004,-1.1110999999999933,True,,0.15353061871912455,False
ECH,2019,RF,20,0.64,0.18198176661873655,0.6666666666666666,0.033581259083061754,0.4591303281416233,0.0,-0.06541890649389515,4.0,3,-0.02078921073696771,-0.044175612505023554,-0.05128389662592936,-0.011919285401384427,-0.04921737295163542,0.19561481932403824,-0.1363399203497394,0.028321433710700283,25.420000076293945,-4.690000534057617,2.52,2.72,0.20000000000000018,45.15,-4.910000000000004,-1.1110999999999933,True,,0.18198176661873655,False
ECH,2019,HGB,1,0.52,-0.15526652013249237,0.6666666666666666,0.025983005853116303,0.2664464341367056,-0.061800511174398665,-0.13659245832185607,8.0,3,-0.02078921073696771,-0.044175612505023554,-0.05128389662592936,-0.011919285401384427,-0.04921737295163542,0.19561481932403824,-0.1363399203497394,0.028321433710700283,25.420000076293945,-4.690000534057617,2.52,2.72,0.20000000000000018,45.15,-4.910000000000004,-1.1110999999999933,False,,-0.15526652013249237,False
ECH,2019,HGB,1,0.56,0.04307624288423617,0.6666666666666666,0.04600383621763493,0.38734488873575,-0.021447179514203274,-0.10198316456314349,6.0,3,-0.02078921073696771,-0.044175612505023554,-0.05128389662592936,-0.011919285401384427,-0.04921737295163542,0.19561481932403824,-0.1363399203497394,0.028321433710700283,25.420000076293945,-4.690000534057617,2.52,2.72,0.20000000000000018,45.15,-4.910000000000004,-1.1110999999999933,True,,0.04307624288423617,False
ECH,2019,HGB,1,0.6,-1.0322401824732836,0.0,-0.07735001730459867,-0.662495494972039,-0.07844755530527381,-0.11797378096253042,6.0,3,-0.02078921073696771,-0.044175612505023554,-0.05128389662592936,-0.011919285401384427,-0.04921737295163542,0.19561481932403824,-0.1363399203497394,0.028321433710700283,25.420000076293945,-4.690000534057617,2.52,2.72,0.20000000000000018,45.15,-4.910000000000004,-1.1110999999999933,False,,-1.0322401824732836,False
ECH,2019,HGB,1,0.64,-0.48961124643739196,0.0,-0.0110693620162573,-0.1223479478033764,-0.07896604710908806,-0.07896604710908806,2.0,3,-0.02078921073696771,-0.044175612505023554,-0.05128389662592936,-0.011919285401384427,-0.04921737295163542,0.19561481932403824,-0.1363399203497394,0.028321433710700283,25.420000076293945,-4.690000534057617,2.52,2.72,0.20000000000000018,45.15,-4.910000000000004,-1.1110999999999933,False,,-0.48961124643739196,False
ECH,2019,HGB,5,0.52,-0.11798013949135364,0.6666666666666666,0.08122115442544664,0.44809228758689373,-0.0548271472146159,-0.12671479660610352,8.0,3,-0.02078921073696771,-0.044175612505023554,-0.05128389662592936,-0.011919285401384427,-0.04921737295163542,0.19561481932403824,-0.1363399203497394,0.028321433710700283,25.420000076293945,-4.690000534057617,2.52,2.72,0.20000000000000018,45.15,-4.910000000000004,-1.1110999999999933,False,,-0.11798013949135364,False
ECH,2019,HGB,5,0.56,0.1567539482486448,0.6666666666666666,0.15633272176244306,0.7996800594606319,-0.021995509596513085,-0.09714867513490621,12.0,3,-0.02078921073696771,-0.044175612505023554,-0.05128389662592936,-0.011919285401384427,-0.04921737295163542,0.19561481932403824,-0.1363399203497394,0.028321433710700283,25.420000076293945,-4.690000534057617,2.52,2.72,0.20000000000000018,45.15,-4.910000000000004,-1.1110999999999933,True,,0.1567539482486448,False
ECH,2019,HGB,5,0.6,-0.3349674695595678,0.6666666666666666,0.0019150776561607241,0.07404350364147294,0.0,-0.08224388474729138,8.0,3,-0.02078921073696771,-0.044175612505023554,-0.05128389662592936,-0.011919285401384427,-0.04921737295163542,0.19561481932403824,-0.1363399203497394,0.028321433710700283,25.420000076293945,-4.690000534057617,2.52,2.72,0.20000000000000018,45.15,-4.910000000000004,-1.1110999999999933,False,,-0.3349674695595678,False
ECH,2019,HGB,5,0.64,-0.46763573601852154,0.6666666666666666,0.0019150776561607241,0.07404350364147294,0.0,-0.08224388474729138,8.0,3,-0.02078921073696771,-0.044175612505023554,-0.05128389662592936,-0.011919285401384427,-0.04921737295163542,0.19561481932403824,-0.1363399203497394,0.028321433710700283,25.420000076293945,-4.690000534057617,2.52,2.72,0.20000000000000018,45.15,-4.910000000000004,-1.1110999999999933,False,,-0.46763573601852154,False
ECH,2019,HGB,20,0.52,-0.16683267003634503,1.0,0.008719282652251525,0.13469794365399973,0.0028166026153906287,-0.1075701219247045,8.0,3,-0.02078921073696771,-0.044175612505023554,-0.05128389662592936,-0.011919285401384427,-0.04921737295163542,0.19561481932403824,-0.1363399203497394,0.028321433710700283,25.420000076293945,-4.690000534057617,2.52,2.72,0.20000000000000018,45.15,-4.910000000000004,-1.1110999999999933,False,,-0.16683267003634503,False
ECH,2019,HGB,20,0.56,-0.0469167995988177,0.6666666666666666,0.034491724910711286,0.2984882950064592,-0.020645786854511128,-0.08476883528532764,8.0,3,-0.02078921073696771,-0.044175612505023554,-0.05128389662592936,-0.011919285401384427,-0.04921737295163542,0.19561481932403824,-0.1363399203497394,0.028321433710700283,25.420000076293945,-4.690000534057617,2.52,2.72,0.20000000000000018,45.15,-4.910000000000004,-1.1110999999999933,False,,-0.0469167995988177,False
ECH,2019,HGB,20,0.6,0.2724419886088135,1.0,0.05717503742288743,0.44588758747727497,0.006764406460141759,-0.07215509638242557,6.0,3,-0.02078921073696771,-0.044175612505023554,-0.05128389662592936,-0.011919285401384427,-0.04921737295163542,0.19561481932403824,-0.1363399203497394,0.028321433710700283,25.420000076293945,-4.690000534057617,2.52,2.72,0.20000000000000018,45.15,-4.910000000000004,-1.1110999999999933,True,,0.2724419886088135,False
ECH,2019,HGB,20,0.64,0.0015361482050971625,1.0,0.019717486281764618,0.22694815676252103,0.006764406460141759,-0.06905100760886096,7.0,3,-0.02078921073696771,-0.044175612505023554,-0.05128389662592936,-0.011919285401384427,-0.04921737295163542,0.19561481932403824,-0.1363399203497394,0.028321433710700283,25.420000076293945,-4.690000534057617,2.52,2.72,0.20000000000000018,45.15,-4.910000000000004,-1.1110999999999933,True,,0.0015361482050971625,False
ECH,2020,BUYHOLD,0,,-0.9941418774907607,0.3333333333333333,-0.10175252076952634,-0.40404254695643976,-0.13786241568916713,-0.22082215137712158,1.0,3,-0.0557962892182714,-0.10158092601896629,-0.12425820883438388,-0.05190383133730769,-0.08922679374220088,0.28605816531608047,-0.19577828258637076,-0.14633127529715428,13.779999732971191,1.1700000762939453,1.58,1.9,0.31999999999999984,61.66,3.539999999999999,-2.1573000000000064,False,,-0.9941418774907607,False
ECH,2020,CASH,0,,0.0,0.0,0.0,0.0,0.0,0.0,0.0,3,-0.0557962892182714,-0.10158092601896629,-0.12425820883438388,-0.05190383133730769,-0.08922679374220088,0.28605816531608047,-0.19577828258637076,-0.14633127529715428,13.779999732971191,1.1700000762939453,1.58,1.9,0.31999999999999984,61.66,3.539999999999999,-2.1573000000000064,False,,0.0,False
ECH,2020,MOMENTUM,0,,-1.8855423072639523,0.3333333333333333,-0.09295780084764182,-1.0176145075043985,-0.16462089249081346,-0.19678751879421885,12.0,3,-0.0557962892182714,-0.10158092601896629,-0.12425820883438388,-0.05190383133730769,-0.08922679374220088,0.28605816531608047,-0.19577828258637076,-0.14633127529715428,13.779999732971191,1.1700000762939453,1.58,1.9,0.31999999999999984,61.66,3.539999999999999,-2.1573000000000064,False,,-1.8855423072639523,False
ECH,2020,MEANREV,0,,-0.4206092522937529,0.3333333333333333,-0.00038642919654197083,0.010061987840636178,-0.09092201917118359,-0.1490925501509227,6.0,3,-0.0557962892182714,-0.10158092601896629,-0.12425820883438388,-0.05190383133730769,-0.08922679374220088,0.28605816531608047,-0.19577828258637076,-0.14633127529715428,13.779999732971191,1.1700000762939453,1.58,1.9,0.31999999999999984,61.66,3.539999999999999,-2.1573000000000064,False,,-0.4206092522937529,False
ECH,2020,TREND60,0,,-1.619869050305383,0.3333333333333333,-0.0771961130577904,-0.799966893177259,-0.16280833724097254,-0.19504475675185917,11.0,3,-0.0557962892182714,-0.10158092601896629,-0.12425820883438388,-0.05190383133730769,-0.08922679374220088,0.28605816531608047,-0.19577828258637076,-0.14633127529715428,13.779999732971191,1.1700000762939453,1.58,1.9,0.31999999999999984,61.66,3.539999999999999,-2.1573000000000064,False,,-1.619869050305383,False
ECH,2020,TREND200_0,0,,-1.1183004793263747,0.3333333333333333,-0.07219644100914102,-0.45023532319786197,-0.1293241033787128,-0.14294138322477445,4.0,3,-0.0557962892182714,-0.10158092601896629,-0.12425820883438388,-0.05190383133730769,-0.08922679374220088,0.28605816531608047,-0.19577828258637076,-0.14633127529715428,13.779999732971191,1.1700000762939453,1.58,1.9,0.31999999999999984,61.66,3.539999999999999,-2.1573000000000064,False,,-1.1183004793263747,False
ECH,2020,TREND200_33,0,,-1.0962289803803786,0.3333333333333333,-0.07964215834128874,-0.4688935094423822,-0.12687665686131,-0.16703615584039888,3.01,3,-0.0557962892182714,-0.10158092601896629,-0.12425820883438388,-0.05190383133730769,-0.08922679374220088,0.28605816531608047,-0.19577828258637076,-0.14633127529715428,13.779999732971191,1.1700000762939453,1.58,1.9,0.31999999999999984,61.66,3.539999999999999,-2.1573000000000064,False,,-1.0962289803803786,False
ECH,2020,TREND200_50,0,,-1.065173533125224,0.3333333333333333,-0.08438040182917295,-0.4596464888831953,-0.12766024073808968,-0.18010352950524522,2.5,3,-0.0557962892182714,-0.10158092601896629,-0.12425820883438388,-0.05190383133730769,-0.08922679374220088,0.28605816531608047,-0.19577828258637076,-0.14633127529715428,13.779999732971191,1.1700000762939453,1.58,1.9,0.31999999999999984,61.66,3.539999999999999,-2.1573000000000064,False,,-1.065173533125224,False
ECH,2020,TREND200_67,0,,-1.0373072188249677,0.3333333333333333,-0.08971909872190631,-0.4431437055359387,-0.12981908237549622,-0.19358234692677656,1.99,3,-0.0557962892182714,-0.10158092601896629,-0.12425820883438388,-0.05190383133730769,-0.08922679374220088,0.28605816531608047,-0.19577828258637076,-0.14633127529715428,13.779999732971191,1.1700000762939453,1.58,1.9,0.31999999999999984,61.66,3.539999999999999,-2.1573000000000064,False,,-1.0373072188249677,False
ECH,2020,VOLTARGET10,0,,-1.021879254942063,0.3333333333333333,-0.04784233998989251,-0.4347720325613211,-0.09294644706892385,-0.14008226075488728,3.4570356647606095,3,-0.0557962892182714,-0.10158092601896629,-0.12425820883438388,-0.05190383133730769,-0.08922679374220088,0.28605816531608047,-0.19577828258637076,-0.14633127529715428,13.779999732971191,1.1700000762939453,1.58,1.9,0.31999999999999984,61.66,3.539999999999999,-2.1573000000000064,False,,-1.021879254942063,False
ECH,2020,VOLTARGET15,0,,-1.0811017310346585,0.3333333333333333,-0.0750131316565501,-0.44131947811059635,-0.12635413614455737,-0.19209869941427604,4.225096487057124,3,-0.0557962892182714,-0.10158092601896629,-0.12425820883438388,-0.05190383133730769,-0.08922679374220088,0.28605816531608047,-0.19577828258637076,-0.14633127529715428,13.779999732971191,1.1700000762939453,1.58,1.9,0.31999999999999984,61.66,3.539999999999999,-2.1573000000000064,False,,-1.0811017310346585,False
ECH,2020,VOLTARGET20,0,,-1.1115551311905048,0.3333333333333333,-0.10226172940532152,-0.47528379161694007,-0.12774186862810855,-0.20793507764660946,3.1256871189579085,3,-0.0557962892182714,-0.10158092601896629,-0.12425820883438388,-0.05190383133730769,-0.08922679374220088,0.28605816531608047,-0.19577828258637076,-0.14633127529715428,13.779999732971191,1.1700000762939453,1.58,1.9,0.31999999999999984,61.66,3.539999999999999,-2.1573000000000064,False,,-1.1115551311905048,False
ECH,2020,LOGIT,1,0.52,-1.5333871556040986,0.3333333333333333,-0.1250160189621916,-0.7712292200891607,-0.169705448597257,-0.20017094657746293,6.0,3,-0.0557962892182714,-0.10158092601896629,-0.12425820883438388,-0.05190383133730769,-0.08922679374220088,0.28605816531608047,-0.19577828258637076,-0.14633127529715428,13.779999732971191,1.1700000762939453,1.58,1.9,0.31999999999999984,61.66,3.539999999999999,-2.1573000000000064,False,,-1.5333871556040986,False
ECH,2020,LOGIT,1,0.56,-1.3041752372103708,0.3333333333333333,-0.10823703269965368,-0.7120143931800758,-0.1597145623814371,-0.1905466499331565,7.0,3,-0.0557962892182714,-0.10158092601896629,-0.12425820883438388,-0.05190383133730769,-0.08922679374220088,0.28605816531608047,-0.19577828258637076,-0.14633127529715428,13.779999732971191,1.1700000762939453,1.58,1.9,0.31999999999999984,61.66,3.539999999999999,-2.1573000000000064,False,,-1.3041752372103708,False
ECH,2020,LOGIT,1,0.6,-1.2944939869605365,0.3333333333333333,-0.08417978416773342,-0.6515248889856246,-0.19083588493676285,-0.22052605654088397,9.0,3,-0.0557962892182714,-0.10158092601896629,-0.12425820883438388,-0.05190383133730769,-0.08922679374220088,0.28605816531608047,-0.19577828258637076,-0.14633127529715428,13.779999732971191,1.1700000762939453,1.58,1.9,0.31999999999999984,61.66,3.539999999999999,-2.1573000000000064,False,,-1.2944939869605365,False
ECH,2020,LOGIT,1,0.64,-0.41384877943917553,0.6666666666666666,0.009082165912373874,0.14644765883339955,-0.1418179471215082,-0.1542573622641048,9.0,3,-0.0557962892182714,-0.10158092601896629,-0.12425820883438388,-0.05190383133730769,-0.08922679374220088,0.28605816531608047,-0.19577828258637076,-0.14633127529715428,13.779999732971191,1.1700000762939453,1.58,1.9,0.31999999999999984,61.66,3.539999999999999,-2.1573000000000064,False,,-0.41384877943917553,False
ECH,2020,LOGIT,5,0.52,-0.9444342739801084,0.3333333333333333,-0.02763859905836752,-0.11191449049973468,-0.13786241568916713,-0.22082215137712158,10.0,3,-0.0557962892182714,-0.10158092601896629,-0.12425820883438388,-0.05190383133730769,-0.08922679374220088,0.28605816531608047,-0.19577828258637076,-0.14633127529715428,13.779999732971191,1.1700000762939453,1.58,1.9,0.31999999999999984,61.66,3.539999999999999,-2.1573000000000064,False,,-0.9444342739801084,False
ECH,2020,LOGIT,5,0.56,-0.4976430792948918,0.6666666666666666,0.0025740494889321397,0.08726936548304573,-0.1136426096699037,-0.2003506503107786,6.0,3,-0.0557962892182714,-0.10158092601896629,-0.12425820883438388,-0.05190383133730769,-0.08922679374220088,0.28605816531608047,-0.19577828258637076,-0.14633127529715428,13.779999732971191,1.1700000762939453,1.58,1.9,0.31999999999999984,61.66,3.539999999999999,-2.1573000000000064,False,,-0.4976430792948918,False
ECH,2020,LOGIT,5,0.6,-0.39428864394593777,0.6666666666666666,0.0025821866545305827,0.08215477663304119,-0.1136426096699037,-0.2003506503107786,4.0,3,-0.0557962892182714,-0.10158092601896629,-0.12425820883438388,-0.05190383133730769,-0.08922679374220088,0.28605816531608047,-0.19577828258637076,-0.14633127529715428,13.779999732971191,1.1700000762939453,1.58,1.9,0.31999999999999984,61.66,3.539999999999999,-2.1573000000000064,False,,-0.39428864394593777,False
ECH,2020,LOGIT,5,0.64,-0.5511184292494978,0.3333333333333333,-0.027510648167787588,-0.18674561583218527,-0.12091093902744077,-0.19368778204808457,7.0,3,-0.0557962892182714,-0.10158092601896629,-0.12425820883438388,-0.05190383133730769,-0.08922679374220088,0.28605816531608047,-0.19577828258637076,-0.14633127529715428,13.779999732971191,1.1700000762939453,1.58,1.9,0.31999999999999984,61.66,3.539999999999999,-2.1573000000000064,False,,-0.5511184292494978,False
ECH,2020,LOGIT,20,0.52,-0.3822656369924743,0.3333333333333333,-0.025903228760873698,-0.052026714970913705,-0.0923784292653399,-0.2003506503107786,6.0,3,-0.0557962892182714,-0.10158092601896629,-0.12425820883438388,-0.05190383133730769,-0.08922679374220088,0.28605816531608047,-0.19577828258637076,-0.14633127529715428,13.779999732971191,1.1700000762939453,1.58,1.9,0.31999999999999984,61.66,3.539999999999999,-2.1573000000000064,False,,-0.3822656369924743,False
ECH,2020,LOGIT,20,0.56,-0.406563868070026,0.3333333333333333,-0.02507689867104046,-0.05059795868658935,-0.1136426096699037,-0.2003506503107786,6.0,3,-0.0557962892182714,-0.10158092601896629,-0.12425820883438388,-0.05190383133730769,-0.08922679374220088,0.28605816531608047,-0.19577828258637076,-0.14633127529715428,13.779999732971191,1.1700000762939453,1.58,1.9,0.31999999999999984,61.66,3.539999999999999,-2.1573000000000064,False,,-0.406563868070026,False
ECH,2020,LOGIT,20,0.6,-0.1601175700710281,0.6666666666666666,0.01777548508089488,0.18793023172405388,-0.1136426096699037,-0.2003506503107786,6.0,3,-0.0557962892182714,-0.10158092601896629,-0.12425820883438388,-0.05190383133730769,-0.08922679374220088,0.28605816531608047,-0.19577828258637076,-0.14633127529715428,13.779999732971191,1.1700000762939453,1.58,1.9,0.31999999999999984,61.66,3.539999999999999,-2.1573000000000064,False,,-0.1601175700710281,False
ECH,2020,LOGIT,20,0.64,-0.20862448863378658,0.6666666666666666,0.0074120956730872045,0.12956898716635137,-0.1136426096699037,-0.2003506503107786,6.0,3,-0.0557962892182714,-0.10158092601896629,-0.12425820883438388,-0.05190383133730769,-0.08922679374220088,0.28605816531608047,-0.19577828258637076,-0.14633127529715428,13.779999732971191,1.1700000762939453,1.58,1.9,0.31999999999999984,61.66,3.539999999999999,-2.1573000000000064,False,,-0.20862448863378658,False
ECH,2020,RF,1,0.52,-0.6497061746456663,0.0,-0.07229936785468727,-0.40431999750471886,-0.10192945513448393,-0.15549880111876502,1.0,3,-0.0557962892182714,-0.10158092601896629,-0.12425820883438388,-0.05190383133730769,-0.08922679374220088,0.28605816531608047,-0.19577828258637076,-0.14633127529715428,13.779999732971191,1.1700000762939453,1.58,1.9,0.31999999999999984,61.66,3.539999999999999,-2.1573000000000064,False,,-0.6497061746456663,False
ECH,2020,RF,1,0.56,-0.06941075785740283,0.3333333333333333,0.0,0.0,0.0,-0.05806219782002742,0.0,3,-0.0557962892182714,-0.10158092601896629,-0.12425820883438388,-0.05190383133730769,-0.08922679374220088,0.28605816531608047,-0.19577828258637076,-0.14633127529715428,13.779999732971191,1.1700000762939453,1.58,1.9,0.31999999999999984,61.66,3.539999999999999,-2.1573000000000064,False,,-0.06941075785740283,False
ECH,2020,RF,1,0.6,0.0,0.0,0.0,0.0,0.0,0.0,0.0,3,-0.0557962892182714,-0.10158092601896629,-0.12425820883438388,-0.05190383133730769,-0.08922679374220088,0.28605816531608047,-0.19577828258637076,-0.14633127529715428,13.779999732971191,1.1700000762939453,1.58,1.9,0.31999999999999984,61.66,3.539999999999999,-2.1573000000000064,False,,0.0,False
ECH,2020,RF,1,0.64,0.0,0.0,0.0,0.0,0.0,0.0,0.0,3,-0.0557962892182714,-0.10158092601896629,-0.12425820883438388,-0.05190383133730769,-0.08922679374220088,0.28605816531608047,-0.19577828258637076,-0.14633127529715428,13.779999732971191,1.1700000762939453,1.58,1.9,0.31999999999999984,61.66,3.539999999999999,-2.1573000000000064,False,,0.0,False
ECH,2020,RF,5,0.52,-0.3057081445716651,0.0,-0.017721199391003806,-0.05925336327848766,-0.10644839178002896,-0.19559395263143708,3.0,3,-0.0557962892182714,-0.10158092601896629,-0.12425820883438388,-0.05190383133730769,-0.08922679374220088,0.28605816531608047,-0.19577828258637076,-0.14633127529715428,13.779999732971191,1.1700000762939453,1.58,1.9,0.31999999999999984,61.66,3.539999999999999,-2.1573000000000064,False,,-0.3057081445716651,False
ECH,2020,RF,5,0.56,-0.19813841548690897,0.6666666666666666,0.0013338098322679404,0.06567242182722088,0.0,-0.10856477673410869,8.0,3,-0.0557962892182714,-0.10158092601896629,-0.12425820883438388,-0.05190383133730769,-0.08922679374220088,0.28605816531608047,-0.19577828258637076,-0.14633127529715428,13.779999732971191,1.1700000762939453,1.58,1.9,0.31999999999999984,61.66,3.539999999999999,-2.1573000000000064,False,,-0.19813841548690897,False
ECH,2020,RF,5,0.6,0.290037038511533,0.6666666666666666,0.036593249343843004,0.5468576661991668,0.0,-0.06277288804676617,3.0,3,-0.0557962892182714,-0.10158092601896629,-0.12425820883438388,-0.05190383133730769,-0.08922679374220088,0.28605816531608047,-0.19577828258637076,-0.14633127529715428,13.779999732971191,1.1700000762939453,1.58,1.9,0.31999999999999984,61.66,3.539999999999999,-2.1573000000000064,True,,0.290037038511533,True
ECH,2020,RF,5,0.64,0.010784612706039906,0.6666666666666666,0.005833200088468438,0.16184390595048168,0.0,-0.037045456293106516,1.0,3,-0.0557962892182714,-0.10158092601896629,-0.12425820883438388,-0.05190383133730769,-0.08922679374220088,0.28605816531608047,-0.19577828258637076,-0.14633127529715428,13.779999732971191,1.1700000762939453,1.58,1.9,0.31999999999999984,61.66,3.539999999999999,-2.1573000000000064,True,,0.010784612706039906,False
ECH,2020,RF,20,0.52,-0.11903088630314616,0.6666666666666666,0.024720620062963494,0.2429266984884004,-0.10959830752529287,-0.2003506503107786,3.0,3,-0.0557962892182714,-0.10158092601896629,-0.12425820883438388,-0.05190383133730769,-0.08922679374220088,0.28605816531608047,-0.19577828258637076,-0.14633127529715428,13.779999732971191,1.1700000762939453,1.58,1.9,0.31999999999999984,61.66,3.539999999999999,-2.1573000000000064,False,,-0.11903088630314616,False
ECH,2020,RF,20,0.56,-0.4885889031995649,0.3333333333333333,-0.031388567485396535,-0.11917639826776413,-0.04978127882825889,-0.139721168711344,5.0,3,-0.0557962892182714,-0.10158092601896629,-0.12425820883438388,-0.05190383133730769,-0.08922679374220088,0.28605816531608047,-0.19577828258637076,-0.14633127529715428,13.779999732971191,1.1700000762939453,1.58,1.9,0.31999999999999984,61.66,3.539999999999999,-2.1573000000000064,False,,-0.4885889031995649,False
ECH,2020,RF,20,0.6,-0.029718047681827883,0.6666666666666666,0.006764406460141759,0.22694815676252103,-0.03147765003238723,-0.13661590675667257,3.0,3,-0.0557962892182714,-0.10158092601896629,-0.12425820883438388,-0.05190383133730769,-0.08922679374220088,0.28605816531608047,-0.19577828258637076,-0.14633127529715428,13.779999732971191,1.1700000762939453,1.58,1.9,0.31999999999999984,61.66,3.539999999999999,-2.1573000000000064,False,,-0.029718047681827883,False
ECH,2020,RF,20,0.64,0.22162273312576009,0.6666666666666666,0.033581259083061754,0.4591303281416233,0.0,-0.11314563081710782,4.0,3,-0.0557962892182714,-0.10158092601896629,-0.12425820883438388,-0.05190383133730769,-0.08922679374220088,0.28605816531608047,-0.19577828258637076,-0.14633127529715428,13.779999732971191,1.1700000762939453,1.58,1.9,0.31999999999999984,61.66,3.539999999999999,-2.1573000000000064,True,,0.22162273312576009,True
ECH,2020,HGB,1,0.52,-0.8271425495202367,0.3333333333333333,-0.061800511174398665,-0.3068258595760586,-0.13954196918260575,-0.15201437480122348,9.0,3,-0.0557962892182714,-0.10158092601896629,-0.12425820883438388,-0.05190383133730769,-0.08922679374220088,0.28605816531608047,-0.19577828258637076,-0.14633127529715428,13.779999732971191,1.1700000762939453,1.58,1.9,0.31999999999999984,61.66,3.539999999999999,-2.1573000000000064,False,,-0.8271425495202367,False
ECH,2020,HGB,1,0.56,0.06289145326180828,0.6666666666666666,0.04148602980092897,0.38734488873575,-0.021447179514203274,-0.10198316456314349,6.0,3,-0.0557962892182714,-0.10158092601896629,-0.12425820883438388,-0.05190383133730769,-0.08922679374220088,0.28605816531608047,-0.19577828258637076,-0.14633127529715428,13.779999732971191,1.1700000762939453,1.58,1.9,0.31999999999999984,61.66,3.539999999999999,-2.1573000000000064,True,,0.06289145326180828,True
ECH,2020,HGB,1,0.6,-0.8549916852827365,0.0,-0.026620041576116638,-0.5271730290848106,-0.07844755530527381,-0.08705866145746954,6.0,3,-0.0557962892182714,-0.10158092601896629,-0.12425820883438388,-0.05190383133730769,-0.08922679374220088,0.28605816531608047,-0.19577828258637076,-0.14633127529715428,13.779999732971191,1.1700000762939453,1.58,1.9,0.31999999999999984,61.66,3.539999999999999,-2.1573000000000064,False,,-0.8549916852827365,False
ECH,2020,HGB,1,0.64,-0.4166002851464735,0.3333333333333333,0.0,0.0,-0.07896604710908806,-0.07896604710908806,2.0,3,-0.0557962892182714,-0.10158092601896629,-0.12425820883438388,-0.05190383133730769,-0.08922679374220088,0.28605816531608047,-0.19577828258637076,-0.14633127529715428,13.779999732971191,1.1700000762939453,1.58,1.9,0.31999999999999984,61.66,3.539999999999999,-2.1573000000000064,False,,-0.4166002851464735,False
ECH,2020,HGB,5,0.52,-1.11719848390082,0.3333333333333333,-0.0548271472146159,-0.3569318842881385,-0.12162691307469098,-0.20657160956511045,9.0,3,-0.0557962892182714,-0.10158092601896629,-0.12425820883438388,-0.05190383133730769,-0.08922679374220088,0.28605816531608047,-0.19577828258637076,-0.14633127529715428,13.779999732971191,1.1700000762939453,1.58,1.9,0.31999999999999984,61.66,3.539999999999999,-2.1573000000000064,False,,-1.11719848390082,False
ECH,2020,HGB,5,0.56,-0.9953549003140834,0.3333333333333333,-0.021995509596513085,-0.11686108565270757,-0.08395491792269782,-0.19217936924216683,13.0,3,-0.0557962892182714,-0.10158092601896629,-0.12425820883438388,-0.05190383133730769,-0.08922679374220088,0.28605816531608047,-0.19577828258637076,-0.14633127529715428,13.779999732971191,1.1700000762939453,1.58,1.9,0.31999999999999984,61.66,3.539999999999999,-2.1573000000000064,False,,-0.9953549003140834,False
ECH,2020,HGB,5,0.6,-0.5455346099333069,0.3333333333333333,0.0,0.0,-0.13617733048203318,-0.19974291384865206,11.0,3,-0.0557962892182714,-0.10158092601896629,-0.12425820883438388,-0.05190383133730769,-0.08922679374220088,0.28605816531608047,-0.19577828258637076,-0.14633127529715428,13.779999732971191,1.1700000762939453,1.58,1.9,0.31999999999999984,61.66,3.539999999999999,-2.1573000000000064,False,,-0.5455346099333069,False
ECH,2020,HGB,5,0.64,-0.2580125541749244,0.3333333333333333,0.0,0.0,-0.02939199461332409,-0.11496371847702591,9.0,3,-0.0557962892182714,-0.10158092601896629,-0.12425820883438388,-0.05190383133730769,-0.08922679374220088,0.28605816531608047,-0.19577828258637076,-0.14633127529715428,13.779999732971191,1.1700000762939453,1.58,1.9,0.31999999999999984,61.66,3.539999999999999,-2.1573000000000064,False,,-0.2580125541749244,False
ECH,2020,HGB,20,0.52,-0.32795735575385165,0.6666666666666666,0.0028166026153906287,0.07556270740022336,-0.14140569274040748,-0.22402447434749473,8.0,3,-0.0557962892182714,-0.10158092601896629,-0.12425820883438388,-0.05190383133730769,-0.08922679374220088,0.28605816531608047,-0.19577828258637076,-0.14633127529715428,13.779999732971191,1.1700000762939453,1.58,1.9,0.31999999999999984,61.66,3.539999999999999,-2.1573000000000064,False,,-0.32795735575385165,False
ECH,2020,HGB,20,0.56,-0.7065941181619513,0.3333333333333333,-0.020645786854511128,-0.26525697689458816,-0.16276027251272007,-0.24332419614136225,6.0,3,-0.0557962892182714,-0.10158092601896629,-0.12425820883438388,-0.05190383133730769,-0.08922679374220088,0.28605816531608047,-0.19577828258637076,-0.14633127529715428,13.779999732971191,1.1700000762939453,1.58,1.9,0.31999999999999984,61.66,3.539999999999999,-2.1573000000000064,False,,-0.7065941181619513,False
ECH,2020,HGB,20,0.6,-0.19868014177160803,0.6666666666666666,0.006764406460141759,0.22694815676252103,-0.16276027251272007,-0.24332419614136225,3.0,3,-0.0557962892182714,-0.10158092601896629,-0.12425820883438388,-0.05190383133730769,-0.08922679374220088,0.28605816531608047,-0.19577828258637076,-0.14633127529715428,13.779999732971191,1.1700000762939453,1.58,1.9,0.31999999999999984,61.66,3.539999999999999,-2.1573000000000064,False,,-0.19868014177160803,False
ECH,2020,HGB,20,0.64,-0.07278282234720129,0.6666666666666666,0.006764406460141759,0.21167960188941612,-0.07715441392274591,-0.17445962587204245,5.0,3,-0.0557962892182714,-0.10158092601896629,-0.12425820883438388,-0.05190383133730769,-0.08922679374220088,0.28605816531608047,-0.19577828258637076,-0.14633127529715428,13.779999732971191,1.1700000762939453,1.58,1.9,0.31999999999999984,61.66,3.539999999999999,-2.1573000000000064,False,,-0.07278282234720129,False
ECH,2021,BUYHOLD,0,,-0.7975267909985472,0.0,-0.13414254766550027,-0.40404254695643976,-0.13786241568916713,-0.43043935813750833,1.0,3,0.015600591764917793,0.14757815119093776,0.00233816479173643,0.060097183665615894,0.07540232732400898,0.2528539129307384,-0.1712548966191716,-0.06385780118499007,22.75,-0.5599994659423828,0.12,0.93,0.81,48.24,3.700000000000003,-1.4978999999999871,False,,-0.7975267909985472,False
ECH,2021,CASH,0,,0.0,0.0,0.0,0.0,0.0,0.0,0.0,3,0.015600591764917793,0.14757815119093776,0.00233816479173643,0.060097183665615894,0.07540232732400898,0.2528539129307384,-0.1712548966191716,-0.06385780118499007,22.75,-0.5599994659423828,0.12,0.93,0.81,48.24,3.700000000000003,-1.4978999999999871,False,,0.0,False
ECH,2021,MOMENTUM,0,,-1.5997030108196912,0.0,-0.15494359013471504,-1.0176145075043985,-0.16462089249081346,-0.2267400935672369,14.0,3,0.015600591764917793,0.14757815119093776,0.00233816479173643,0.060097183665615894,0.07540232732400898,0.2528539129307384,-0.1712548966191716,-0.06385780118499007,22.75,-0.5599994659423828,0.12,0.93,0.81,48.24,3.700000000000003,-1.4978999999999871,False,,-1.5997030108196912,False
ECH,2021,MEANREV,0,,-1.158944909714382,0.3333333333333333,-0.09092201917118359,-0.5048569752770473,-0.2006334353747835,-0.34071477807859385,8.0,3,0.015600591764917793,0.14757815119093776,0.00233816479173643,0.060097183665615894,0.07540232732400898,0.2528539129307384,-0.1712548966191716,-0.06385780118499007,22.75,-0.5599994659423828,0.12,0.93,0.81,48.24,3.700000000000003,-1.4978999999999871,False,,-1.158944909714382,False
ECH,2021,TREND60,0,,-1.3505057057418017,0.0,-0.15494359013471504,-0.799966893177259,-0.16280833724097254,-0.2267400935672369,12.0,3,0.015600591764917793,0.14757815119093776,0.00233816479173643,0.060097183665615894,0.07540232732400898,0.2528539129307384,-0.1712548966191716,-0.06385780118499007,22.75,-0.5599994659423828,0.12,0.93,0.81,48.24,3.700000000000003,-1.4978999999999871,False,,-1.3505057057418017,False
ECH,2021,TREND200_0,0,,-0.983757048520383,0.3333333333333333,-0.07219644100914102,-0.45023532319786197,-0.1293241033787128,-0.14294138322477445,4.0,3,0.015600591764917793,0.14757815119093776,0.00233816479173643,0.060097183665615894,0.07540232732400898,0.2528539129307384,-0.1712548966191716,-0.06385780118499007,22.75,-0.5599994659423828,0.12,0.93,0.81,48.24,3.700000000000003,-1.4978999999999871,False,,-0.983757048520383,False
ECH,2021,TREND200_33,0,,-0.8758220969886829,0.0,-0.07964215834128874,-0.4688935094423822,-0.12687665686131,-0.16703615584039888,3.01,3,0.015600591764917793,0.14757815119093776,0.00233816479173643,0.060097183665615894,0.07540232732400898,0.2528539129307384,-0.1712548966191716,-0.06385780118499007,22.75,-0.5599994659423828,0.12,0.93,0.81,48.24,3.700000000000003,-1.4978999999999871,False,,-0.8758220969886829,False
ECH,2021,TREND200_50,0,,-0.8399578803035609,0.0,-0.08438040182917295,-0.4596464888831953,-0.12766024073808968,-0.2363072619887232,2.5,3,0.015600591764917793,0.14757815119093776,0.00233816479173643,0.060097183665615894,0.07540232732400898,0.2528539129307384,-0.1712548966191716,-0.06385780118499007,22.75,-0.5599994659423828,0.12,0.93,0.81,48.24,3.700000000000003,-1.4978999999999871,False,,-0.8399578803035609,False
ECH,2021,TREND200_67,0,,-0.8153395880086284,0.0,-0.08971909872190631,-0.4431437055359387,-0.12981908237549622,-0.30685697090775343,1.99,3,0.015600591764917793,0.14757815119093776,0.00233816479173643,0.060097183665615894,0.07540232732400898,0.2528539129307384,-0.1712548966191716,-0.06385780118499007,22.75,-0.5599994659423828,0.12,0.93,0.81,48.24,3.700000000000003,-1.4978999999999871,False,,-0.8153395880086284,False
ECH,2021,VOLTARGET10,0,,-0.695007117231262,0.0,-0.04784233998989251,-0.4347720325613211,-0.09294644706892385,-0.14008226075488728,2.867429999831308,3,0.015600591764917793,0.14757815119093776,0.00233816479173643,0.060097183665615894,0.07540232732400898,0.2528539129307384,-0.1712548966191716,-0.06385780118499007,22.75,-0.5599994659423828,0.12,0.93,0.81,48.24,3.700000000000003,-1.4978999999999871,False,,-0.695007117231262,False
ECH,2021,VOLTARGET15,0,,-0.7373362263832668,0.0,-0.0750131316565501,-0.44131947811059635,-0.12635413614455737,-0.19209869941427604,4.176801939513058,3,0.015600591764917793,0.14757815119093776,0.00233816479173643,0.060097183665615894,0.07540232732400898,0.2528539129307384,-0.1712548966191716,-0.06385780118499007,22.75,-0.5599994659423828,0.12,0.93,0.81,48.24,3.700000000000003,-1.4978999999999871,False,,-0.7373362263832668,False
ECH,2021,VOLTARGET20,0,,-0.7623859296811656,0.0,-0.10749878440211103,-0.47528379161694007,-0.12774186862810855,-0.24782492632176534,3.4656775107517492,3,0.015600591764917793,0.14757815119093776,0.00233816479173643,0.060097183665615894,0.07540232732400898,0.2528539129307384,-0.1712548966191716,-0.06385780118499007,22.75,-0.5599994659423828,0.12,0.93,0.81,48.24,3.700000000000003,-1.4978999999999871,False,,-0.7623859296811656,False
ECH,2021,LOGIT,1,0.52,-1.3323914022287768,0.0,-0.1250160189621916,-0.7712292200891607,-0.169705448597257,-0.35400259525915534,5.0,3,0.015600591764917793,0.14757815119093776,0.00233816479173643,0.060097183665615894,0.07540232732400898,0.2528539129307384,-0.1712548966191716,-0.06385780118499007,22.75,-0.5599994659423828,0.12,0.93,0.81,48.24,3.700000000000003,-1.4978999999999871,False,,-1.3323914022287768,False
ECH,2021,LOGIT,1,0.56,-1.370329163890734,0.3333333333333333,-0.10823703269965368,-0.7120143931800758,-0.1597145623814371,-0.1905466499331565,9.0,3,0.015600591764917793,0.14757815119093776,0.00233816479173643,0.060097183665615894,0.07540232732400898,0.2528539129307384,-0.1712548966191716,-0.06385780118499007,22.75,-0.5599994659423828,0.12,0.93,0.81,48.24,3.700000000000003,-1.4978999999999871,False,,-1.370329163890734,False
ECH,2021,LOGIT,1,0.6,-1.4150556696374428,0.3333333333333333,-0.08417978416773342,-0.6515248889856246,-0.19083588493676285,-0.22052605654088397,9.0,3,0.015600591764917793,0.14757815119093776,0.00233816479173643,0.060097183665615894,0.07540232732400898,0.2528539129307384,-0.1712548966191716,-0.06385780118499007,22.75,-0.5599994659423828,0.12,0.93,0.81,48.24,3.700000000000003,-1.4978999999999871,False,,-1.4150556696374428,False
ECH,2021,LOGIT,1,0.64,-0.5945011728785383,0.6666666666666666,0.009082165912373874,0.14644765883339955,-0.1418179471215082,-0.1542573622641048,9.0,3,0.015600591764917793,0.14757815119093776,0.00233816479173643,0.060097183665615894,0.07540232732400898,0.2528539129307384,-0.1712548966191716,-0.06385780118499007,22.75,-0.5599994659423828,0.12,0.93,0.81,48.24,3.700000000000003,-1.4978999999999871,False,,-0.5945011728785383,False
ECH,2021,LOGIT,5,0.52,-0.5147782353209779,0.0,-0.10161680018965791,-0.11191449049973468,-0.13786241568916713,-0.3989157424995311,3.0,3,0.015600591764917793,0.14757815119093776,0.00233816479173643,0.060097183665615894,0.07540232732400898,0.2528539129307384,-0.1712548966191716,-0.06385780118499007,22.75,-0.5599994659423828,0.12,0.93,0.81,48.24,3.700000000000003,-1.4978999999999871,False,,-0.5147782353209779,False
ECH,2021,LOGIT,5,0.56,-0.4560525974080702,0.3333333333333333,-0.07816950581043225,0.004391232176447095,-0.1136426096699037,-0.3989157424995311,7.0,3,0.015600591764917793,0.14757815119093776,0.00233816479173643,0.060097183665615894,0.07540232732400898,0.2528539129307384,-0.1712548966191716,-0.06385780118499007,22.75,-0.5599994659423828,0.12,0.93,0.81,48.24,3.700000000000003,-1.4978999999999871,False,,-0.4560525974080702,False
ECH,2021,LOGIT,5,0.6,-0.5036325271794755,0.3333333333333333,-0.070826623877556,0.014331797301780089,-0.1136426096699037,-0.3989157424995311,11.0,3,0.015600591764917793,0.14757815119093776,0.00233816479173643,0.060097183665615894,0.07540232732400898,0.2528539129307384,-0.1712548966191716,-0.06385780118499007,22.75,-0.5599994659423828,0.12,0.93,0.81,48.24,3.700000000000003,-1.4978999999999871,False,,-0.5036325271794755,False
ECH,2021,LOGIT,5,0.64,-0.6955619250427292,0.0,-0.11256480469104813,-0.18674561583218527,-0.12091093902744077,-0.3989157424995311,11.0,3,0.015600591764917793,0.14757815119093776,0.00233816479173643,0.060097183665615894,0.07540232732400898,0.2528539129307384,-0.1712548966191716,-0.06385780118499007,22.75,-0.5599994659423828,0.12,0.93,0.81,48.24,3.700000000000003,-1.4978999999999871,False,,-0.6955619250427292,False
ECH,2021,LOGIT,20,0.52,-0.5987160753865173,0.0,-0.0923784292653399,-0.1881816002000014,-0.13688767412287894,-0.3883323287673712,7.0,3,0.015600591764917793,0.14757815119093776,0.00233816479173643,0.060097183665615894,0.07540232732400898,0.2528539129307384,-0.1712548966191716,-0.06385780118499007,22.75,-0.5599994659423828,0.12,0.93,0.81,48.24,3.700000000000003,-1.4978999999999871,False,,-0.5987160753865173,False
ECH,2021,LOGIT,20,0.56,-0.789923114300956,0.0,-0.1136426096699037,-0.3338825444659816,-0.1809548507149703,-0.3883323287673712,7.0,3,0.015600591764917793,0.14757815119093776,0.00233816479173643,0.060097183665615894,0.07540232732400898,0.2528539129307384,-0.1712548966191716,-0.06385780118499007,22.75,-0.5599994659423828,0.12,0.93,0.81,48.24,3.700000000000003,-1.4978999999999871,False,,-0.789923114300956,False
ECH,2021,LOGIT,20,0.6,-0.8408404791108708,0.3333333333333333,-0.1136426096699037,-0.3409978486839743,-0.1801078417933636,-0.3628038394116544,7.0,3,0.015600591764917793,0.14757815119093776,0.00233816479173643,0.060097183665615894,0.07540232732400898,0.2528539129307384,-0.1712548966191716,-0.06385780118499007,22.75,-0.5599994659423828,0.12,0.93,0.81,48.24,3.700000000000003,-1.4978999999999871,False,,-0.8408404791108708,False
ECH,2021,LOGIT,20,0.64,-0.833441780947453,0.3333333333333333,-0.1136426096699037,-0.32113871548254463,-0.17299982298711014,-0.3628038394116544,9.0,3,0.015600591764917793,0.14757815119093776,0.00233816479173643,0.060097183665615894,0.07540232732400898,0.2528539129307384,-0.1712548966191716,-0.06385780118499007,22.75,-0.5599994659423828,0.12,0.93,0.81,48.24,3.700000000000003,-1.4978999999999871,False,,-0.833441780947453,False
ECH,2021,RF,1,0.52,-0.7993310919554378,0.3333333333333333,-0.07229936785468727,-0.40431999750471886,-0.10192945513448393,-0.20346308370929556,1.0,3,0.015600591764917793,0.14757815119093776,0.00233816479173643,0.060097183665615894,0.07540232732400898,0.2528539129307384,-0.1712548966191716,-0.06385780118499007,22.75,-0.5599994659423828,0.12,0.93,0.81,48.24,3.700000000000003,-1.4978999999999871,False,,-0.7993310919554378,False
ECH,2021,RF,1,0.56,0.014038652855558047,0.6666666666666666,0.004013561573308122,0.09166345017353432,0.0,-0.05806219782002742,1.0,3,0.015600591764917793,0.14757815119093776,0.00233816479173643,0.060097183665615894,0.07540232732400898,0.2528539129307384,-0.1712548966191716,-0.06385780118499007,22.75,-0.5599994659423828,0.12,0.93,0.81,48.24,3.700000000000003,-1.4978999999999871,True,,0.014038652855558047,False
ECH,2021,RF,1,0.6,0.0,0.0,0.0,0.0,0.0,0.0,0.0,3,0.015600591764917793,0.14757815119093776,0.00233816479173643,0.060097183665615894,0.07540232732400898,0.2528539129307384,-0.1712548966191716,-0.06385780118499007,22.75,-0.5599994659423828,0.12,0.93,0.81,48.24,3.700000000000003,-1.4978999999999871,False,,0.0,False
ECH,2021,RF,1,0.64,0.0,0.0,0.0,0.0,0.0,0.0,0.0,3,0.015600591764917793,0.14757815119093776,0.00233816479173643,0.060097183665615894,0.07540232732400898,0.2528539129307384,-0.1712548966191716,-0.06385780118499007,22.75,-0.5599994659423828,0.12,0.93,0.81,48.24,3.700000000000003,-1.4978999999999871,False,,0.0,False
ECH,2021,RF,5,0.52,-0.4339091643956497,0.0,-0.10644839178002896,-0.05925336327848766,-0.1162789440717168,-0.3989157424995311,3.0,3,0.015600591764917793,0.14757815119093776,0.00233816479173643,0.060097183665615894,0.07540232732400898,0.2528539129307384,-0.1712548966191716,-0.06385780118499007,22.75,-0.5599994659423828,0.12,0.93,0.81,48.24,3.700000000000003,-1.4978999999999871,False,,-0.4339091643956497,False
ECH,2021,RF,5,0.56,-0.3688836403784616,0.6666666666666666,0.0013338098322679404,0.06567242182722088,-0.10925869271494792,-0.37572743910370443,8.0,3,0.015600591764917793,0.14757815119093776,0.00233816479173643,0.060097183665615894,0.07540232732400898,0.2528539129307384,-0.1712548966191716,-0.06385780118499007,22.75,-0.5599994659423828,0.12,0.93,0.81,48.24,3.700000000000003,-1.4978999999999871,False,,-0.3688836403784616,False
ECH,2021,RF,5,0.6,0.08945540848836347,0.6666666666666666,0.036593249343843004,0.5468576661991668,-0.09358190733832417,-0.36280383941165406,4.0,3,0.015600591764917793,0.14757815119093776,0.00233816479173643,0.060097183665615894,0.07540232732400898,0.2528539129307384,-0.1712548966191716,-0.06385780118499007,22.75,-0.5599994659423828,0.12,0.93,0.81,48.24,3.700000000000003,-1.4978999999999871,True,,0.08945540848836347,True
ECH,2021,RF,5,0.64,-0.17397532290567502,0.6666666666666666,0.005833200088468438,0.16184390595048168,-0.07996778830426898,-0.3162031762905456,2.0,3,0.015600591764917793,0.14757815119093776,0.00233816479173643,0.060097183665615894,0.07540232732400898,0.2528539129307384,-0.1712548966191716,-0.06385780118499007,22.75,-0.5599994659423828,0.12,0.93,0.81,48.24,3.700000000000003,-1.4978999999999871,False,,-0.17397532290567502,False
ECH,2021,RF,20,0.52,-0.6917352580302393,0.3333333333333333,-0.10959830752529287,-0.21798698573164557,-0.18081536896070916,-0.43043935813750833,3.0,3,0.015600591764917793,0.14757815119093776,0.00233816479173643,0.060097183665615894,0.07540232732400898,0.2528539129307384,-0.1712548966191716,-0.06385780118499007,22.75,-0.5599994659423828,0.12,0.93,0.81,48.24,3.700000000000003,-1.4978999999999871,False,,-0.6917352580302393,False
ECH,2021,RF,20,0.56,-0.6063496567023796,0.0,-0.04978127882825889,-0.2221821257005912,-0.17469777523504626,-0.3989157424995311,5.0,3,0.015600591764917793,0.14757815119093776,0.00233816479173643,0.060097183665615894,0.07540232732400898,0.2528539129307384,-0.1712548966191716,-0.06385780118499007,22.75,-0.5599994659423828,0.12,0.93,0.81,48.24,3.700000000000003,-1.4978999999999871,False,,-0.6063496567023796,False
ECH,2021,RF,20,0.6,-0.573322224898803,0.3333333333333333,-0.03147765003238723,-0.11033114224629126,-0.12260100060886447,-0.37572743910370443,6.0,3,0.015600591764917793,0.14757815119093776,0.00233816479173643,0.060097183665615894,0.07540232732400898,0.2528539129307384,-0.1712548966191716,-0.06385780118499007,22.75,-0.5599994659423828,0.12,0.93,0.81,48.24,3.700000000000003,-1.4978999999999871,False,,-0.573322224898803,False
ECH,2021,RF,20,0.64,0.09497926038115043,0.6666666666666666,0.033581259083061754,0.4591303281416233,-0.06350829635459931,-0.35400259525915534,4.0,3,0.015600591764917793,0.14757815119093776,0.00233816479173643,0.060097183665615894,0.07540232732400898,0.2528539129307384,-0.1712548966191716,-0.06385780118499007,22.75,-0.5599994659423828,0.12,0.93,0.81,48.24,3.700000000000003,-1.4978999999999871,True,,0.09497926038115043,True
ECH,2021,HGB,1,0.52,-0.9206889489965346,0.0,-0.061800511174398665,-0.3068258595760586,-0.13954196918260575,-0.398915742499531,9.0,3,0.015600591764917793,0.14757815119093776,0.00233816479173643,0.060097183665615894,0.07540232732400898,0.2528539129307384,-0.1712548966191716,-0.06385780118499007,22.75,-0.5599994659423828,0.12,0.93,0.81,48.24,3.700000000000003,-1.4978999999999871,False,,-0.9206889489965346,False
ECH,2021,HGB,1,0.56,0.08959210215532787,1.0,0.04148602980092897,0.38734488873575,0.002045463584213092,-0.23810917075796945,9.0,3,0.015600591764917793,0.14757815119093776,0.00233816479173643,0.060097183665615894,0.07540232732400898,0.2528539129307384,-0.1712548966191716,-0.06385780118499007,22.75,-0.5599994659423828,0.12,0.93,0.81,48.24,3.700000000000003,-1.4978999999999871,True,,0.08959210215532787,True
ECH,2021,HGB,1,0.6,-0.9901805018318166,0.3333333333333333,-0.026620041576116638,-0.5271730290848106,-0.07844755530527381,-0.08705866145746954,7.0,3,0.015600591764917793,0.14757815119093776,0.00233816479173643,0.060097183665615894,0.07540232732400898,0.2528539129307384,-0.1712548966191716,-0.06385780118499007,22.75,-0.5599994659423828,0.12,0.93,0.81,48.24,3.700000000000003,-1.4978999999999871,False,,-0.9901805018318166,False
ECH,2021,HGB,1,0.64,-0.4166002851464735,0.3333333333333333,0.0,0.0,-0.07896604710908806,-0.07896604710908806,2.0,3,0.015600591764917793,0.14757815119093776,0.00233816479173643,0.060097183665615894,0.07540232732400898,0.2528539129307384,-0.1712548966191716,-0.06385780118499007,22.75,-0.5599994659423828,0.12,0.93,0.81,48.24,3.700000000000003,-1.4978999999999871,False,,-0.4166002851464735,False
ECH,2021,HGB,5,0.52,-0.8907841315467742,0.0,-0.0548271472146159,-0.3569318842881385,-0.12162691307469098,-0.37572743910370454,11.0,3,0.015600591764917793,0.14757815119093776,0.00233816479173643,0.060097183665615894,0.07540232732400898,0.2528539129307384,-0.1712548966191716,-0.06385780118499007,22.75,-0.5599994659423828,0.12,0.93,0.81,48.24,3.700000000000003,-1.4978999999999871,False,,-0.8907841315467742,False
ECH,2021,HGB,5,0.56,-0.6259112049074784,0.0,-0.045152931932169627,-0.11686108565270757,-0.08395491792269782,-0.37572743910370454,13.0,3,0.015600591764917793,0.14757815119093776,0.00233816479173643,0.060097183665615894,0.07540232732400898,0.2528539129307384,-0.1712548966191716,-0.06385780118499007,22.75,-0.5599994659423828,0.12,0.93,0.81,48.24,3.700000000000003,-1.4978999999999871,False,,-0.6259112049074784,False
ECH,2021,HGB,5,0.6,-0.816347360345975,0.3333333333333333,-0.13090577705555084,-0.12513136689159585,-0.13617733048203318,-0.36280383941165406,13.0,3,0.015600591764917793,0.14757815119093776,0.00233816479173643,0.060097183665615894,0.07540232732400898,0.2528539129307384,-0.1712548966191716,-0.06385780118499007,22.75,-0.5599994659423828,0.12,0.93,0.81,48.24,3.700000000000003,-1.4978999999999871,False,,-0.816347360345975,False
ECH,2021,HGB,5,0.64,-0.6399655070396137,0.3333333333333333,-0.02939199461332409,-0.15780896577265893,-0.1401218844977854,-0.36280383941165406,13.0,3,0.015600591764917793,0.14757815119093776,0.00233816479173643,0.060097183665615894,0.07540232732400898,0.2528539129307384,-0.1712548966191716,-0.06385780118499007,22.75,-0.5599994659423828,0.12,0.93,0.81,48.24,3.700000000000003,-1.4978999999999871,False,,-0.6399655070396137,False
ECH,2021,HGB,20,0.52,-0.5282194028143465,0.3333333333333333,-0.12330021630844323,-0.06260533106155679,-0.14140569274040748,-0.43043935813750833,3.0,3,0.015600591764917793,0.14757815119093776,0.00233816479173643,0.060097183665615894,0.07540232732400898,0.2528539129307384,-0.1712548966191716,-0.06385780118499007,22.75,-0.5599994659423828,0.12,0.93,0.81,48.24,3.700000000000003,-1.4978999999999871,False,,-0.5282194028143465,False
ECH,2021,HGB,20,0.56,-0.5704844043660262,0.3333333333333333,-0.11721529544461207,-0.047832981049072985,-0.16276027251272007,-0.43043935813750833,3.0,3,0.015600591764917793,0.14757815119093776,0.00233816479173643,0.060097183665615894,0.07540232732400898,0.2528539129307384,-0.1712548966191716,-0.06385780118499007,22.75,-0.5599994659423828,0.12,0.93,0.81,48.24,3.700000000000003,-1.4978999999999871,False,,-0.5704844043660262,False
ECH,2021,HGB,20,0.6,-0.3675906129525881,0.3333333333333333,-0.010509242594461732,0.19996405516625992,-0.16276027251272007,-0.3989157424995312,7.0,3,0.015600591764917793,0.14757815119093776,0.00233816479173643,0.060097183665615894,0.07540232732400898,0.2528539129307384,-0.1712548966191716,-0.06385780118499007,22.75,-0.5599994659423828,0.12,0.93,0.81,48.24,3.700000000000003,-1.4978999999999871,False,,-0.3675906129525881,False
ECH,2021,HGB,20,0.64,-0.3835341776373995,0.3333333333333333,-0.06979122341292099,0.05547635447278413,-0.07715441392274591,-0.398915742499531,7.0,3,0.015600591764917793,0.14757815119093776,0.00233816479173643,0.060097183665615894,0.07540232732400898,0.2528539129307384,-0.1712548966191716,-0.06385780118499007,22.75,-0.5599994659423828,0.12,0.93,0.81,48.24,3.700000000000003,-1.4978999999999871,False,,-0.3835341776373995,False
ECH,2022,BUYHOLD,0,,-0.48673769833178104,0.0,-0.13414254766550027,-0.08589874980905339,-0.13786241568916713,-0.43043935813750833,1.0,3,-0.026641738012143867,0.007213352435963216,-0.00503547124767556,-0.018148068388086247,-0.05342689171976489,0.5347407222379706,-0.18209653614606713,0.015431218373259004,17.219999313354492,-0.7399997711181641,0.73,1.52,0.79,76.83,11.39,-0.6059999999999945,False,,-0.48673769833178104,False
ECH,2022,CASH,0,,0.0,0.0,0.0,0.0,0.0,0.0,0.0,3,-0.026641738012143867,0.007213352435963216,-0.00503547124767556,-0.018148068388086247,-0.05342689171976489,0.5347407222379706,-0.18209653614606713,0.015431218373259004,17.219999313354492,-0.7399997711181641,0.73,1.52,0.79,76.83,11.39,-0.6059999999999945,False,,0.0,False
ECH,2022,MOMENTUM,0,,-1.2710324469940235,0.0,-0.09295780084764182,-0.7408923454559532,-0.15494359013471504,-0.2267400935672369,12.0,3,-0.026641738012143867,0.007213352435963216,-0.00503547124767556,-0.018148068388086247,-0.05342689171976489,0.5347407222379706,-0.18209653614606713,0.015431218373259004,17.219999313354492,-0.7399997711181641,0.73,1.52,0.79,76.83,11.39,-0.6059999999999945,False,,-1.2710324469940235,False
ECH,2022,MEANREV,0,,-0.9288228067993054,0.0,-0.12887924882894752,-0.5190364805648416,-0.2006334353747835,-0.34071477807859385,8.0,3,-0.026641738012143867,0.007213352435963216,-0.00503547124767556,-0.018148068388086247,-0.05342689171976489,0.5347407222379706,-0.18209653614606713,0.015431218373259004,17.219999313354492,-0.7399997711181641,0.73,1.52,0.79,76.83,11.39,-0.6059999999999945,False,,-0.9288228067993054,False
ECH,2022,TREND60,0,,-1.170486481755257,0.0,-0.0771961130577904,-0.7408923454559532,-0.15494359013471504,-0.2267400935672369,8.0,3,-0.026641738012143867,0.007213352435963216,-0.00503547124767556,-0.018148068388086247,-0.05342689171976489,0.5347407222379706,-0.18209653614606713,0.015431218373259004,17.219999313354492,-0.7399997711181641,0.73,1.52,0.79,76.83,11.39,-0.6059999999999945,False,,-1.170486481755257,False
ECH,2022,TREND200_0,0,,-1.9225218444832972,0.3333333333333333,-0.1293241033787128,-1.1767359034488103,-0.26225014811654435,-0.34901863455215976,6.0,3,-0.026641738012143867,0.007213352435963216,-0.00503547124767556,-0.018148068388086247,-0.05342689171976489,0.5347407222379706,-0.18209653614606713,0.015431218373259004,17.219999313354492,-0.7399997711181641,0.73,1.52,0.79,76.83,11.39,-0.6059999999999945,False,,-1.9225218444832972,False
ECH,2022,TREND200_33,0,,-1.3095066895967555,0.0,-0.12687665686131,-0.7696957578815303,-0.20169593496123084,-0.30603922556919627,4.35,3,-0.026641738012143867,0.007213352435963216,-0.00503547124767556,-0.018148068388086247,-0.05342689171976489,0.5347407222379706,-0.18209653614606713,0.015431218373259004,17.219999313354492,-0.7399997711181641,0.73,1.52,0.79,76.83,11.39,-0.6059999999999945,False,,-1.3095066895967555,False
ECH,2022,TREND200_50,0,,-1.0070212423280798,0.0,-0.12766024073808968,-0.556337201617527,-0.17112200146388523,-0.28978544415044116,3.5,3,-0.026641738012143867,0.007213352435963216,-0.00503547124767556,-0.018148068388086247,-0.05342689171976489,0.5347407222379706,-0.18209653614606713,0.015431218373259004,17.219999313354492,-0.7399997711181641,0.73,1.52,0.79,76.83,11.39,-0.6059999999999945,False,,-1.0070212423280798,False
ECH,2022,TREND200_67,0,,-0.7619521636009748,0.0,-0.12981908237549622,-0.3645453991750391,-0.1411675181029115,-0.30685697090775343,2.65,3,-0.026641738012143867,0.007213352435963216,-0.00503547124767556,-0.018148068388086247,-0.05342689171976489,0.5347407222379706,-0.18209653614606713,0.015431218373259004,17.219999313354492,-0.7399997711181641,0.73,1.52,0.79,76.83,11.39,-0.6059999999999945,False,,-0.7619521636009748,False
ECH,2022,VOLTARGET10,0,,-0.588789630701455,0.0,-0.044580924252080045,-0.32858419161954033,-0.09294644706892385,-0.14008226075488728,2.629330054269512,3,-0.026641738012143867,0.007213352435963216,-0.00503547124767556,-0.018148068388086247,-0.05342689171976489,0.5347407222379706,-0.18209653614606713,0.015431218373259004,17.219999313354492,-0.7399997711181641,0.73,1.52,0.79,76.83,11.39,-0.6059999999999945,False,,-0.588789630701455,False
ECH,2022,VOLTARGET15,0,,-0.6219244176039147,0.0,-0.06897662368685686,-0.32001402592698797,-0.12635413614455737,-0.19209869941427604,4.044589763086237,3,-0.026641738012143867,0.007213352435963216,-0.00503547124767556,-0.018148068388086247,-0.05342689171976489,0.5347407222379706,-0.18209653614606713,0.015431218373259004,17.219999313354492,-0.7399997711181641,0.73,1.52,0.79,76.83,11.39,-0.6059999999999945,False,,-0.6219244176039147,False
ECH,2022,VOLTARGET20,0,,-0.7007139483655792,0.0,-0.10749878440211103,-0.37811556944797736,-0.12774186862810855,-0.24782492632176534,4.214829518901281,3,-0.026641738012143867,0.007213352435963216,-0.00503547124767556,-0.018148068388086247,-0.05342689171976489,0.5347407222379706,-0.18209653614606713,0.015431218373259004,17.219999313354492,-0.7399997711181641,0.73,1.52,0.79,76.83,11.39,-0.6059999999999945,False,,-0.7007139483655792,False
ECH,2022,LOGIT,1,0.52,-0.5067715429318735,0.3333333333333333,-0.03509348196392792,0.11416342733937597,-0.169705448597257,-0.35400259525915534,7.0,3,-0.026641738012143867,0.007213352435963216,-0.00503547124767556,-0.018148068388086247,-0.05342689171976489,0.5347407222379706,-0.18209653614606713,0.015431218373259004,17.219999313354492,-0.7399997711181641,0.73,1.52,0.79,76.83,11.39,-0.6059999999999945,False,,-0.5067715429318735,False
ECH,2022,LOGIT,1,0.56,-0.06204013653467316,0.6666666666666666,0.10459077975082876,0.5346396916138634,-0.1597145623814371,-0.22349361627006603,9.0,3,-0.026641738012143867,0.007213352435963216,-0.00503547124767556,-0.018148068388086247,-0.05342689171976489,0.5347407222379706,-0.18209653614606713,0.015431218373259004,17.219999313354492,-0.7399997711181641,0.73,1.52,0.79,76.83,11.39,-0.6059999999999945,False,,-0.06204013653467316,False
ECH,2022,LOGIT,1,0.6,-0.4574366059647884,0.6666666666666666,0.04520565142138788,0.31265490290196807,-0.19083588493676285,-0.22052605654088397,13.0,3,-0.026641738012143867,0.007213352435963216,-0.00503547124767556,-0.018148068388086247,-0.05342689171976489,0.5347407222379706,-0.18209653614606713,0.015431218373259004,17.219999313354492,-0.7399997711181641,0.73,1.52,0.79,76.83,11.39,-0.6059999999999945,False,,-0.4574366059647884,False
ECH,2022,LOGIT,1,0.64,-1.2292683058852216,0.3333333333333333,-0.055597764313884857,-0.44514894643144737,-0.1418179471215082,-0.1542573622641048,9.0,3,-0.026641738012143867,0.007213352435963216,-0.00503547124767556,-0.018148068388086247,-0.05342689171976489,0.5347407222379706,-0.18209653614606713,0.015431218373259004,17.219999313354492,-0.7399997711181641,0.73,1.52,0.79,76.83,11.39,-0.6059999999999945,False,,-1.2292683058852216,False
ECH,2022,LOGIT,5,0.52,-0.5462986253834933,0.0,-0.10161680018965791,-0.14623109710289023,-0.13786241568916713,-0.3989157424995311,3.0,3,-0.026641738012143867,0.007213352435963216,-0.00503547124767556,-0.018148068388086247,-0.05342689171976489,0.5347407222379706,-0.18209653614606713,0.015431218373259004,17.219999313354492,-0.7399997711181641,0.73,1.52,0.79,76.83,11.39,-0.6059999999999945,False,,-0.5462986253834933,False
ECH,2022,LOGIT,5,0.56,-0.5840682564955513,0.0,-0.07816950581043225,-0.14623109710289023,-0.1136426096699037,-0.3989157424995311,7.0,3,-0.026641738012143867,0.007213352435963216,-0.00503547124767556,-0.018148068388086247,-0.05342689171976489,0.5347407222379706,-0.18209653614606713,0.015431218373259004,17.219999313354492,-0.7399997711181641,0.73,1.52,0.79,76.83,11.39,-0.6059999999999945,False,,-0.5840682564955513,False
ECH,2022,LOGIT,5,0.6,-0.6868810113722515,0.0,-0.09222038389654708,-0.22683666705130262,-0.1136426096699037,-0.3989157424995311,8.0,3,-0.026641738012143867,0.007213352435963216,-0.00503547124767556,-0.018148068388086247,-0.05342689171976489,0.5347407222379706,-0.18209653614606713,0.015431218373259004,17.219999313354492,-0.7399997711181641,0.73,1.52,0.79,76.83,11.39,-0.6059999999999945,False,,-0.6868810113722515,False
ECH,2022,LOGIT,5,0.64,-0.9499027354771548,0.0,-0.12091093902744077,-0.4566915665176839,-0.15100056617984214,-0.3989157424995311,7.0,3,-0.026641738012143867,0.007213352435963216,-0.00503547124767556,-0.018148068388086247,-0.05342689171976489,0.5347407222379706,-0.18209653614606713,0.015431218373259004,17.219999313354492,-0.7399997711181641,0.73,1.52,0.79,76.83,11.39,-0.6059999999999945,False,,-0.9499027354771548,False
ECH,2022,LOGIT,20,0.52,-0.6488019967317844,0.0,-0.12310212399098874,-0.25468390304635474,-0.13688767412287894,-0.3883323287673712,7.0,3,-0.026641738012143867,0.007213352435963216,-0.00503547124767556,-0.018148068388086247,-0.05342689171976489,0.5347407222379706,-0.18209653614606713,0.015431218373259004,17.219999313354492,-0.7399997711181641,0.73,1.52,0.79,76.83,11.39,-0.6059999999999945,False,,-0.6488019967317844,False
ECH,2022,LOGIT,20,0.56,-0.7807068229714669,0.0,-0.15242063931402827,-0.3732481841416008,-0.1809548507149703,-0.3883323287673712,7.0,3,-0.026641738012143867,0.007213352435963216,-0.00503547124767556,-0.018148068388086247,-0.05342689171976489,0.5347407222379706,-0.18209653614606713,0.015431218373259004,17.219999313354492,-0.7399997711181641,0.73,1.52,0.79,76.83,11.39,-0.6059999999999945,False,,-0.7807068229714669,False
ECH,2022,LOGIT,20,0.6,-0.766058976228431,0.0,-0.15242063931402827,-0.3732481841416008,-0.1801078417933636,-0.3628038394116544,7.0,3,-0.026641738012143867,0.007213352435963216,-0.00503547124767556,-0.018148068388086247,-0.05342689171976489,0.5347407222379706,-0.18209653614606713,0.015431218373259004,17.219999313354492,-0.7399997711181641,0.73,1.52,0.79,76.83,11.39,-0.6059999999999945,False,,-0.766058976228431,False
ECH,2022,LOGIT,20,0.64,-0.7386101553636837,0.0,-0.1136426096699037,-0.32113871548254463,-0.17299982298711014,-0.3628038394116544,7.0,3,-0.026641738012143867,0.007213352435963216,-0.00503547124767556,-0.018148068388086247,-0.05342689171976489,0.5347407222379706,-0.18209653614606713,0.015431218373259004,17.219999313354492,-0.7399997711181641,0.73,1.52,0.79,76.83,11.39,-0.6059999999999945,False,,-0.7386101553636837,False
ECH,2022,RF,1,0.52,-0.46859269014863514,0.3333333333333333,-0.08537388376625177,-0.07033410509641798,-0.10192945513448393,-0.24845343253393382,1.0,3,-0.026641738012143867,0.007213352435963216,-0.00503547124767556,-0.018148068388086247,-0.05342689171976489,0.5347407222379706,-0.18209653614606713,0.015431218373259004,17.219999313354492,-0.7399997711181641,0.73,1.52,0.79,76.83,11.39,-0.6059999999999945,False,,-0.46859269014863514,False
ECH,2022,RF,1,0.56,-0.25697226912562776,0.6666666666666666,0.004013561573308122,0.09166345017353432,0.0,-0.03860592179923017,1.0,3,-0.026641738012143867,0.007213352435963216,-0.00503547124767556,-0.018148068388086247,-0.05342689171976489,0.5347407222379706,-0.18209653614606713,0.015431218373259004,17.219999313354492,-0.7399997711181641,0.73,1.52,0.79,76.83,11.39,-0.6059999999999945,False,,-0.25697226912562776,False
ECH,2022,RF,1,0.6,0.0,0.0,0.0,0.0,0.0,0.0,0.0,3,-0.026641738012143867,0.007213352435963216,-0.00503547124767556,-0.018148068388086247,-0.05342689171976489,0.5347407222379706,-0.18209653614606713,0.015431218373259004,17.219999313354492,-0.7399997711181641,0.73,1.52,0.79,76.83,11.39,-0.6059999999999945,False,,0.0,False
ECH,2022,RF,1,0.64,0.0,0.0,0.0,0.0,0.0,0.0,0.0,3,-0.026641738012143867,0.007213352435963216,-0.00503547124767556,-0.018148068388086247,-0.05342689171976489,0.5347407222379706,-0.18209653614606713,0.015431218373259004,17.219999313354492,-0.7399997711181641,0.73,1.52,0.79,76.83,11.39,-0.6059999999999945,False,,0.0,False
ECH,2022,RF,5,0.52,-0.7131185365582832,0.0,-0.1162789440717168,-0.3257764131347632,-0.14075064455035424,-0.3989157424995311,3.0,3,-0.026641738012143867,0.007213352435963216,-0.00503547124767556,-0.018148068388086247,-0.05342689171976489,0.5347407222379706,-0.18209653614606713,0.015431218373259004,17.219999313354492,-0.7399997711181641,0.73,1.52,0.79,76.83,11.39,-0.6059999999999945,False,,-0.7131185365582832,False
ECH,2022,RF,5,0.56,-0.06896735215946198,0.6666666666666666,0.04349529642968286,0.4103942396951908,-0.10925869271494792,-0.37572743910370443,8.0,3,-0.026641738012143867,0.007213352435963216,-0.00503547124767556,-0.018148068388086247,-0.05342689171976489,0.5347407222379706,-0.18209653614606713,0.015431218373259004,17.219999313354492,-0.7399997711181641,0.73,1.52,0.79,76.83,11.39,-0.6059999999999945,False,,-0.06896735215946198,False
ECH,2022,RF,5,0.6,0.34488041188395363,0.6666666666666666,0.052225533872210406,0.8132261888802894,-0.09358190733832417,-0.36280383941165406,4.0,3,-0.026641738012143867,0.007213352435963216,-0.00503547124767556,-0.018148068388086247,-0.05342689171976489,0.5347407222379706,-0.18209653614606713,0.015431218373259004,17.219999313354492,-0.7399997711181641,0.73,1.52,0.79,76.83,11.39,-0.6059999999999945,True,,0.34488041188395363,True
ECH,2022,RF,5,0.64,-0.34942434002447675,0.3333333333333333,0.0,0.0,-0.07996778830426898,-0.3162031762905456,2.0,3,-0.026641738012143867,0.007213352435963216,-0.00503547124767556,-0.018148068388086247,-0.05342689171976489,0.5347407222379706,-0.18209653614606713,0.015431218373259004,17.219999313354492,-0.7399997711181641,0.73,1.52,0.79,76.83,11.39,-0.6059999999999945,False,,-0.34942434002447675,False
ECH,2022,RF,20,0.52,-0.85224939175721,0.0,-0.18081536896070916,-0.36793356145420625,-0.19863986625897478,-0.43043935813750833,3.0,3,-0.026641738012143867,0.007213352435963216,-0.00503547124767556,-0.018148068388086247,-0.05342689171976489,0.5347407222379706,-0.18209653614606713,0.015431218373259004,17.219999313354492,-0.7399997711181641,0.73,1.52,0.79,76.83,11.39,-0.6059999999999945,False,,-0.85224939175721,False
ECH,2022,RF,20,0.56,-0.4642185658867831,0.0,-0.031388567485396535,-0.11917639826776413,-0.17469777523504626,-0.3989157424995311,4.0,3,-0.026641738012143867,0.007213352435963216,-0.00503547124767556,-0.018148068388086247,-0.05342689171976489,0.5347407222379706,-0.18209653614606713,0.015431218373259004,17.219999313354492,-0.7399997711181641,0.73,1.52,0.79,76.83,11.39,-0.6059999999999945,False,,-0.4642185658867831,False
ECH,2022,RF,20,0.6,-0.4766795946420258,0.0,-0.03147765003238723,-0.11033114224629126,-0.12260100060886447,-0.37572743910370443,6.0,3,-0.026641738012143867,0.007213352435963216,-0.00503547124767556,-0.018148068388086247,-0.05342689171976489,0.5347407222379706,-0.18209653614606713,0.015431218373259004,17.219999313354492,-0.7399997711181641,0.73,1.52,0.79,76.83,11.39,-0.6059999999999945,False,,-0.4766795946420258,False
ECH,2022,RF,20,0.64,-0.35359061453439894,0.3333333333333333,0.0,0.04257305101970336,-0.06350829635459931,-0.35400259525915534,4.0,3,-0.026641738012143867,0.007213352435963216,-0.00503547124767556,-0.018148068388086247,-0.05342689171976489,0.5347407222379706,-0.18209653614606713,0.015431218373259004,17.219999313354492,-0.7399997711181641,0.73,1.52,0.79,76.83,11.39,-0.6059999999999945,False,,-0.35359061453439894,False
ECH,2022,HGB,1,0.52,-1.4471779990139693,0.0,-0.13954196918260575,-0.7713651247758946,-0.22912340984637303,-0.398915742499531,9.0,3,-0.026641738012143867,0.007213352435963216,-0.00503547124767556,-0.018148068388086247,-0.05342689171976489,0.5347407222379706,-0.18209653614606713,0.015431218373259004,17.219999313354492,-0.7399997711181641,0.73,1.52,0.79,76.83,11.39,-0.6059999999999945,False,,-1.4471779990139693,False
ECH,2022,HGB,1,0.56,-0.12377294266052902,1.0,0.01722101765566042,0.18735058520569892,0.002045463584213092,-0.23810917075796945,9.0,3,-0.026641738012143867,0.007213352435963216,-0.00503547124767556,-0.018148068388086247,-0.05342689171976489,0.5347407222379706,-0.18209653614606713,0.015431218373259004,17.219999313354492,-0.7399997711181641,0.73,1.52,0.79,76.83,11.39,-0.6059999999999945,False,,-0.12377294266052902,False
ECH,2022,HGB,1,0.6,-0.2438355576745322,0.6666666666666666,0.00765287265562864,0.1271053850276429,-0.026620041576116638,-0.08935937475121458,7.0,3,-0.026641738012143867,0.007213352435963216,-0.00503547124767556,-0.018148068388086247,-0.05342689171976489,0.5347407222379706,-0.18209653614606713,0.015431218373259004,17.219999313354492,-0.7399997711181641,0.73,1.52,0.79,76.83,11.39,-0.6059999999999945,False,,-0.2438355576745322,False
ECH,2022,HGB,1,0.64,-0.26716748036386817,0.3333333333333333,0.0,0.0,-0.05195829359858328,-0.08799136179390543,2.0,3,-0.026641738012143867,0.007213352435963216,-0.00503547124767556,-0.018148068388086247,-0.05342689171976489,0.5347407222379706,-0.18209653614606713,0.015431218373259004,17.219999313354492,-0.7399997711181641,0.73,1.52,0.79,76.83,11.39,-0.6059999999999945,False,,-0.26716748036386817,False
ECH,2022,HGB,5,0.52,-1.073864462491195,0.0,-0.12162691307469098,-0.48361495474102684,-0.1813769086097725,-0.37572743910370454,11.0,3,-0.026641738012143867,0.007213352435963216,-0.00503547124767556,-0.018148068388086247,-0.05342689171976489,0.5347407222379706,-0.18209653614606713,0.015431218373259004,17.219999313354492,-0.7399997711181641,0.73,1.52,0.79,76.83,11.39,-0.6059999999999945,False,,-1.073864462491195,False
ECH,2022,HGB,5,0.56,-0.9387745324365337,0.0,-0.08395491792269782,-0.32810522392121366,-0.15377404934487515,-0.37572743910370454,14.0,3,-0.026641738012143867,0.007213352435963216,-0.00503547124767556,-0.018148068388086247,-0.05342689171976489,0.5347407222379706,-0.18209653614606713,0.015431218373259004,17.219999313354492,-0.7399997711181641,0.73,1.52,0.79,76.83,11.39,-0.6059999999999945,False,,-0.9387745324365337,False
ECH,2022,HGB,5,0.6,-0.8552037381370652,0.3333333333333333,-0.13090577705555084,-0.12513136689159585,-0.13617733048203318,-0.36280383941165406,13.0,3,-0.026641738012143867,0.007213352435963216,-0.00503547124767556,-0.018148068388086247,-0.05342689171976489,0.5347407222379706,-0.18209653614606713,0.015431218373259004,17.219999313354492,-0.7399997711181641,0.73,1.52,0.79,76.83,11.39,-0.6059999999999945,False,,-0.8552037381370652,False
ECH,2022,HGB,5,0.64,-0.6954246185013847,0.3333333333333333,-0.02939199461332409,-0.15780896577265893,-0.1401218844977854,-0.36280383941165406,9.0,3,-0.026641738012143867,0.007213352435963216,-0.00503547124767556,-0.018148068388086247,-0.05342689171976489,0.5347407222379706,-0.18209653614606713,0.015431218373259004,17.219999313354492,-0.7399997711181641,0.73,1.52,0.79,76.83,11.39,-0.6059999999999945,False,,-0.6954246185013847,False
ECH,2022,HGB,20,0.52,-0.7516496706165008,0.0,-0.12330021630844323,-0.32770555466994006,-0.14140569274040748,-0.43043935813750833,3.0,3,-0.026641738012143867,0.007213352435963216,-0.00503547124767556,-0.018148068388086247,-0.05342689171976489,0.5347407222379706,-0.18209653614606713,0.015431218373259004,17.219999313354492,-0.7399997711181641,0.73,1.52,0.79,76.83,11.39,-0.6059999999999945,False,,-0.7516496706165008,False
ECH,2022,HGB,20,0.56,-1.0506706342148175,0.0,-0.15902591651125653,-0.5698163564573852,-0.16276027251272007,-0.43043935813750833,3.0,3,-0.026641738012143867,0.007213352435963216,-0.00503547124767556,-0.018148068388086247,-0.05342689171976489,0.5347407222379706,-0.18209653614606713,0.015431218373259004,17.219999313354492,-0.7399997711181641,0.73,1.52,0.79,76.83,11.39,-0.6059999999999945,False,,-1.0506706342148175,False
ECH,2022,HGB,20,0.6,-0.3379782090999308,0.3333333333333333,-0.010509242594461732,0.1940644434401582,-0.16276027251272007,-0.3989157424995312,7.0,3,-0.026641738012143867,0.007213352435963216,-0.00503547124767556,-0.018148068388086247,-0.05342689171976489,0.5347407222379706,-0.18209653614606713,0.015431218373259004,17.219999313354492,-0.7399997711181641,0.73,1.52,0.79,76.83,11.39,-0.6059999999999945,False,,-0.3379782090999308,False
ECH,2022,HGB,20,0.64,-0.39656550189919193,0.3333333333333333,-0.06979122341292099,0.05547635447278413,-0.07715441392274591,-0.398915742499531,6.0,3,-0.026641738012143867,0.007213352435963216,-0.00503547124767556,-0.018148068388086247,-0.05342689171976489,0.5347407222379706,-0.18209653614606713,0.015431218373259004,17.219999313354492,-0.7399997711181641,0.73,1.52,0.79,76.83,11.39,-0.6059999999999945,False,,-0.39656550189919193,False
ECH,2023,BUYHOLD,0,,-0.5643692621639379,0.3333333333333333,-0.08537388376625177,-0.07033410509641798,-0.13414254766550027,-0.43043935813750833,1.0,3,-0.012651332162984752,0.019170067330735785,0.06616805405230264,0.010113231354969665,0.022943982369714844,0.35287378452197865,-0.10363140217990252,-0.038202247191011285,21.670000076293945,-0.2999992370605469,4.34,3.83,-0.5099999999999998,78.43,-2.049999999999997,-1.8597999999999928,False,,-0.5643692621639379,False
ECH,2023,CASH,0,,0.0,0.0,0.0,0.0,0.0,0.0,0.0,3,-0.012651332162984752,0.019170067330735785,0.06616805405230264,0.010113231354969665,0.022943982369714844,0.35287378452197865,-0.10363140217990252,-0.038202247191011285,21.670000076293945,-0.2999992370605469,4.34,3.83,-0.5099999999999998,78.43,-2.049999999999997,-1.8597999999999928,False,,0.0,False
ECH,2023,MOMENTUM,0,,-1.2257693420657954,0.0,-0.15494359013471504,-0.6622964497929915,-0.202947597558935,-0.2373856377856035,15.0,3,-0.012651332162984752,0.019170067330735785,0.06616805405230264,0.010113231354969665,0.022943982369714844,0.35287378452197865,-0.10363140217990252,-0.038202247191011285,21.670000076293945,-0.2999992370605469,4.34,3.83,-0.5099999999999998,78.43,-2.049999999999997,-1.8597999999999928,False,,-1.2257693420657954,False
ECH,2023,MEANREV,0,,-1.0620443430191315,0.3333333333333333,-0.12887924882894752,-0.5190364805648416,-0.2006334353747835,-0.34071477807859385,8.0,3,-0.012651332162984752,0.019170067330735785,0.06616805405230264,0.010113231354969665,0.022943982369714844,0.35287378452197865,-0.10363140217990252,-0.038202247191011285,21.670000076293945,-0.2999992370605469,4.34,3.83,-0.5099999999999998,78.43,-2.049999999999997,-1.8597999999999928,False,,-1.0620443430191315,False
ECH,2023,TREND60,0,,-1.2257693420657954,0.0,-0.15494359013471504,-0.6622964497929915,-0.202947597558935,-0.2373856377856035,15.0,3,-0.012651332162984752,0.019170067330735785,0.06616805405230264,0.010113231354969665,0.022943982369714844,0.35287378452197865,-0.10363140217990252,-0.038202247191011285,21.670000076293945,-0.2999992370605469,4.34,3.83,-0.5099999999999998,78.43,-2.049999999999997,-1.8597999999999928,False,,-1.2257693420657954,False
ECH,2023,TREND200_0,0,,-0.433324761751235,0.6666666666666666,0.02073083227303818,0.25700199600102824,-0.26225014811654435,-0.34901863455215976,7.0,3,-0.012651332162984752,0.019170067330735785,0.06616805405230264,0.010113231354969665,0.022943982369714844,0.35287378452197865,-0.10363140217990252,-0.038202247191011285,21.670000076293945,-0.2999992370605469,4.34,3.83,-0.5099999999999998,78.43,-2.049999999999997,-1.8597999999999928,False,,-0.433324761751235,False
ECH,2023,TREND200_33,0,,-0.5254533773771709,0.3333333333333333,-0.011385599321374396,0.02293625319226515,-0.20169593496123084,-0.30603922556919627,5.02,3,-0.012651332162984752,0.019170067330735785,0.06616805405230264,0.010113231354969665,0.022943982369714844,0.35287378452197865,-0.10363140217990252,-0.038202247191011285,21.670000076293945,-0.2999992370605469,4.34,3.83,-0.5099999999999998,78.43,-2.049999999999997,-1.8597999999999928,False,,-0.5254533773771709,False
ECH,2023,TREND200_50,0,,-0.5230667658675936,0.3333333333333333,-0.03573932246843792,-0.028387967202118343,-0.17112200146388523,-0.28978544415044116,4.0,3,-0.012651332162984752,0.019170067330735785,0.06616805405230264,0.010113231354969665,0.022943982369714844,0.35287378452197865,-0.10363140217990252,-0.038202247191011285,21.670000076293945,-0.2999992370605469,4.34,3.83,-0.5099999999999998,78.43,-2.049999999999997,-1.8597999999999928,False,,-0.5230667658675936,False
ECH,2023,TREND200_67,0,,-0.5271442225079797,0.3333333333333333,-0.06498623997232555,-0.05691268522844531,-0.1411675181029115,-0.30685697090775343,2.98,3,-0.012651332162984752,0.019170067330735785,0.06616805405230264,0.010113231354969665,0.022943982369714844,0.35287378452197865,-0.10363140217990252,-0.038202247191011285,21.670000076293945,-0.2999992370605469,4.34,3.83,-0.5099999999999998,78.43,-2.049999999999997,-1.8597999999999928,False,,-0.5271442225079797,False
ECH,2023,VOLTARGET10,0,,-0.5878164344574787,0.3333333333333333,-0.0324407014083653,-0.2067829798905786,-0.044580924252080045,-0.13558399856900438,1.9074147594506405,3,-0.012651332162984752,0.019170067330735785,0.06616805405230264,0.010113231354969665,0.022943982369714844,0.35287378452197865,-0.10363140217990252,-0.038202247191011285,21.670000076293945,-0.2999992370605469,4.34,3.83,-0.5099999999999998,78.43,-2.049999999999997,-1.8597999999999928,False,,-0.5878164344574787,False
ECH,2023,VOLTARGET15,0,,-0.7687259125467819,0.3333333333333333,-0.0677055360033394,-0.3148082034269111,-0.06897662368685686,-0.18470326050264274,3.0611221391759607,3,-0.012651332162984752,0.019170067330735785,0.06616805405230264,0.010113231354969665,0.022943982369714844,0.35287378452197865,-0.10363140217990252,-0.038202247191011285,21.670000076293945,-0.2999992370605469,4.34,3.83,-0.5099999999999998,78.43,-2.049999999999997,-1.8597999999999928,False,,-0.7687259125467819,False
ECH,2023,VOLTARGET20,0,,-0.783180410957154,0.3333333333333333,-0.08389945255148246,-0.26332521149098576,-0.10749878440211103,-0.24782492632176534,4.214829518901281,3,-0.012651332162984752,0.019170067330735785,0.06616805405230264,0.010113231354969665,0.022943982369714844,0.35287378452197865,-0.10363140217990252,-0.038202247191011285,21.670000076293945,-0.2999992370605469,4.34,3.83,-0.5099999999999998,78.43,-2.049999999999997,-1.8597999999999928,False,,-0.783180410957154,False
ECH,2023,LOGIT,1,0.52,0.00851201802947131,0.6666666666666666,0.057072310465005716,0.35110655015540765,-0.03509348196392792,-0.35400259525915534,7.0,3,-0.012651332162984752,0.019170067330735785,0.06616805405230264,0.010113231354969665,0.022943982369714844,0.35287378452197865,-0.10363140217990252,-0.038202247191011285,21.670000076293945,-0.2999992370605469,4.34,3.83,-0.5099999999999998,78.43,-2.049999999999997,-1.8597999999999928,True,,0.00851201802947131,False
ECH,2023,LOGIT,1,0.56,0.46811415858038774,1.0,0.14736842956306195,0.7030036840119156,0.10459077975082876,-0.22349361627006603,9.0,3,-0.012651332162984752,0.019170067330735785,0.06616805405230264,0.010113231354969665,0.022943982369714844,0.35287378452197865,-0.10363140217990252,-0.038202247191011285,21.670000076293945,-0.2999992370605469,4.34,3.83,-0.5099999999999998,78.43,-2.049999999999997,-1.8597999999999928,True,,0.46811415858038774,True
ECH,2023,LOGIT,1,0.6,0.34417022163610045,1.0,0.1241719921765807,0.6753521971046303,0.04520565142138788,-0.1959394345888925,10.0,3,-0.012651332162984752,0.019170067330735785,0.06616805405230264,0.010113231354969665,0.022943982369714844,0.35287378452197865,-0.10363140217990252,-0.038202247191011285,21.670000076293945,-0.2999992370605469,4.34,3.83,-0.5099999999999998,78.43,-2.049999999999997,-1.8597999999999928,True,,0.34417022163610045,True
ECH,2023,LOGIT,1,0.64,0.43920476423768895,0.6666666666666666,0.1108581896834615,0.950259895086743,-0.055597764313884857,-0.11168655838976671,6.0,3,-0.012651332162984752,0.019170067330735785,0.06616805405230264,0.010113231354969665,0.022943982369714844,0.35287378452197865,-0.10363140217990252,-0.038202247191011285,21.670000076293945,-0.2999992370605469,4.34,3.83,-0.5099999999999998,78.43,-2.049999999999997,-1.8597999999999928,True,,0.43920476423768895,True
ECH,2023,LOGIT,5,0.52,-0.6969594397155906,0.3333333333333333,-0.0781650607454325,-0.05694457874153848,-0.10161680018965791,-0.3989157424995311,10.0,3,-0.012651332162984752,0.019170067330735785,0.06616805405230264,0.010113231354969665,0.022943982369714844,0.35287378452197865,-0.10363140217990252,-0.038202247191011285,21.670000076293945,-0.2999992370605469,4.34,3.83,-0.5099999999999998,78.43,-2.049999999999997,-1.8597999999999928,False,,-0.6969594397155906,False
ECH,2023,LOGIT,5,0.56,-0.4843821760898991,0.3333333333333333,-0.0781650607454325,0.004391232176447095,-0.07816950581043225,-0.3989157424995311,7.0,3,-0.012651332162984752,0.019170067330735785,0.06616805405230264,0.010113231354969665,0.022943982369714844,0.35287378452197865,-0.10363140217990252,-0.038202247191011285,21.670000076293945,-0.2999992370605469,4.34,3.83,-0.5099999999999998,78.43,-2.049999999999997,-1.8597999999999928,False,,-0.4843821760898991,False
ECH,2023,LOGIT,5,0.6,-0.5307769773131413,0.3333333333333333,-0.070826623877556,0.014331797301780089,-0.09222038389654708,-0.3989157424995311,8.0,3,-0.012651332162984752,0.019170067330735785,0.06616805405230264,0.010113231354969665,0.022943982369714844,0.35287378452197865,-0.10363140217990252,-0.038202247191011285,21.670000076293945,-0.2999992370605469,4.34,3.83,-0.5099999999999998,78.43,-2.049999999999997,-1.8597999999999928,False,,-0.5307769773131413,False
ECH,2023,LOGIT,5,0.64,-0.7170308999993648,0.3333333333333333,-0.11256480469104813,-0.10752865445131245,-0.15100056617984214,-0.3989157424995311,6.0,3,-0.012651332162984752,0.019170067330735785,0.06616805405230264,0.010113231354969665,0.022943982369714844,0.35287378452197865,-0.10363140217990252,-0.038202247191011285,21.670000076293945,-0.2999992370605469,4.34,3.83,-0.5099999999999998,78.43,-2.049999999999997,-1.8597999999999928,False,,-0.7170308999993648,False
ECH,2023,LOGIT,20,0.52,-0.8318388385814768,0.3333333333333333,-0.12310212399098874,-0.1881816002000014,-0.13688767412287894,-0.3883323287673712,9.0,3,-0.012651332162984752,0.019170067330735785,0.06616805405230264,0.010113231354969665,0.022943982369714844,0.35287378452197865,-0.10363140217990252,-0.038202247191011285,21.670000076293945,-0.2999992370605469,4.34,3.83,-0.5099999999999998,78.43,-2.049999999999997,-1.8597999999999928,False,,-0.8318388385814768,False
ECH,2023,LOGIT,20,0.56,-0.9363606355920912,0.3333333333333333,-0.15242063931402827,-0.3338825444659816,-0.1809548507149703,-0.3883323287673712,7.0,3,-0.012651332162984752,0.019170067330735785,0.06616805405230264,0.010113231354969665,0.022943982369714844,0.35287378452197865,-0.10363140217990252,-0.038202247191011285,21.670000076293945,-0.2999992370605469,4.34,3.83,-0.5099999999999998,78.43,-2.049999999999997,-1.8597999999999928,False,,-0.9363606355920912,False
ECH,2023,LOGIT,20,0.6,-0.9312811480282812,0.3333333333333333,-0.15242063931402827,-0.3409978486839743,-0.1801078417933636,-0.3628038394116544,7.0,3,-0.012651332162984752,0.019170067330735785,0.06616805405230264,0.010113231354969665,0.022943982369714844,0.35287378452197865,-0.10363140217990252,-0.038202247191011285,21.670000076293945,-0.2999992370605469,4.34,3.83,-0.5099999999999998,78.43,-2.049999999999997,-1.8597999999999928,False,,-0.9312811480282812,False
ECH,2023,LOGIT,20,0.64,-0.7023413889362222,0.3333333333333333,-0.08845022607077435,-0.1484155703886166,-0.17299982298711014,-0.3628038394116544,7.0,3,-0.012651332162984752,0.019170067330735785,0.06616805405230264,0.010113231354969665,0.022943982369714844,0.35287378452197865,-0.10363140217990252,-0.038202247191011285,21.670000076293945,-0.2999992370605469,4.34,3.83,-0.5099999999999998,78.43,-2.049999999999997,-1.8597999999999928,False,,-0.7023413889362222,False
ECH,2023,RF,1,0.52,0.09270480487330394,0.6666666666666666,0.0657790203659192,0.3571519281384467,-0.08537388376625177,-0.24845343253393382,1.0,3,-0.012651332162984752,0.019170067330735785,0.06616805405230264,0.010113231354969665,0.022943982369714844,0.35287378452197865,-0.10363140217990252,-0.038202247191011285,21.670000076293945,-0.2999992370605469,4.34,3.83,-0.5099999999999998,78.43,-2.049999999999997,-1.8597999999999928,True,,0.09270480487330394,False
ECH,2023,RF,1,0.56,-0.2569722691256277,0.6666666666666666,0.004013561573308122,0.09166345017353432,0.0,-0.03860592179923017,1.0,3,-0.012651332162984752,0.019170067330735785,0.06616805405230264,0.010113231354969665,0.022943982369714844,0.35287378452197865,-0.10363140217990252,-0.038202247191011285,21.670000076293945,-0.2999992370605469,4.34,3.83,-0.5099999999999998,78.43,-2.049999999999997,-1.8597999999999928,False,,-0.2569722691256277,False
ECH,2023,RF,1,0.6,0.0,0.0,0.0,0.0,0.0,0.0,0.0,3,-0.012651332162984752,0.019170067330735785,0.06616805405230264,0.010113231354969665,0.022943982369714844,0.35287378452197865,-0.10363140217990252,-0.038202247191011285,21.670000076293945,-0.2999992370605469,4.34,3.83,-0.5099999999999998,78.43,-2.049999999999997,-1.8597999999999928,False,,0.0,False
ECH,2023,RF,1,0.64,0.0,0.0,0.0,0.0,0.0,0.0,0.0,3,-0.012651332162984752,0.019170067330735785,0.06616805405230264,0.010113231354969665,0.022943982369714844,0.35287378452197865,-0.10363140217990252,-0.038202247191011285,21.670000076293945,-0.2999992370605469,4.34,3.83,-0.5099999999999998,78.43,-2.049999999999997,-1.8597999999999928,False,,0.0,False
ECH,2023,RF,5,0.52,-0.5546732773618637,0.3333333333333333,-0.1162789440717168,-0.050543863817182275,-0.14075064455035424,-0.3989157424995311,1.0,3,-0.012651332162984752,0.019170067330735785,0.06616805405230264,0.010113231354969665,0.022943982369714844,0.35287378452197865,-0.10363140217990252,-0.038202247191011285,21.670000076293945,-0.2999992370605469,4.34,3.83,-0.5099999999999998,78.43,-2.049999999999997,-1.8597999999999928,False,,-0.5546732773618637,False
ECH,2023,RF,5,0.56,0.2385834488419878,0.6666666666666666,0.09398371812946404,0.674143927854646,-0.10925869271494792,-0.37572743910370443,5.0,3,-0.012651332162984752,0.019170067330735785,0.06616805405230264,0.010113231354969665,0.022943982369714844,0.35287378452197865,-0.10363140217990252,-0.038202247191011285,21.670000076293945,-0.2999992370605469,4.34,3.83,-0.5099999999999998,78.43,-2.049999999999997,-1.8597999999999928,True,,0.2385834488419878,False
ECH,2023,RF,5,0.6,0.33019957994223686,0.6666666666666666,0.052225533872210406,0.8132261888802894,-0.09358190733832417,-0.36280383941165406,5.0,3,-0.012651332162984752,0.019170067330735785,0.06616805405230264,0.010113231354969665,0.022943982369714844,0.35287378452197865,-0.10363140217990252,-0.038202247191011285,21.670000076293945,-0.2999992370605469,4.34,3.83,-0.5099999999999998,78.43,-2.049999999999997,-1.8597999999999928,True,,0.33019957994223686,False
ECH,2023,RF,5,0.64,-0.5588775957329881,0.3333333333333333,0.0,0.0,-0.07996778830426898,-0.3162031762905456,2.0,3,-0.012651332162984752,0.019170067330735785,0.06616805405230264,0.010113231354969665,0.022943982369714844,0.35287378452197865,-0.10363140217990252,-0.038202247191011285,21.670000076293945,-0.2999992370605469,4.34,3.83,-0.5099999999999998,78.43,-2.049999999999997,-1.8597999999999928,False,,-0.5588775957329881,False
ECH,2023,RF,20,0.52,-0.8842522046244061,0.3333333333333333,-0.18081536896070916,-0.21798698573164557,-0.19863986625897478,-0.43043935813750833,3.0,3,-0.012651332162984752,0.019170067330735785,0.06616805405230264,0.010113231354969665,0.022943982369714844,0.35287378452197865,-0.10363140217990252,-0.038202247191011285,21.670000076293945,-0.2999992370605469,4.34,3.83,-0.5099999999999998,78.43,-2.049999999999997,-1.8597999999999928,False,,-0.8842522046244061,False
ECH,2023,RF,20,0.56,-0.6166122405782113,0.3333333333333333,-0.013924316527821667,-0.07447380240551774,-0.17469777523504626,-0.3989157424995311,4.0,3,-0.012651332162984752,0.019170067330735785,0.06616805405230264,0.010113231354969665,0.022943982369714844,0.35287378452197865,-0.10363140217990252,-0.038202247191011285,21.670000076293945,-0.2999992370605469,4.34,3.83,-0.5099999999999998,78.43,-2.049999999999997,-1.8597999999999928,False,,-0.6166122405782113,False
ECH,2023,RF,20,0.6,-0.5003124658435945,0.3333333333333333,0.0,0.0,-0.12260100060886447,-0.37572743910370443,5.0,3,-0.012651332162984752,0.019170067330735785,0.06616805405230264,0.010113231354969665,0.022943982369714844,0.35287378452197865,-0.10363140217990252,-0.038202247191011285,21.670000076293945,-0.2999992370605469,4.34,3.83,-0.5099999999999998,78.43,-2.049999999999997,-1.8597999999999928,False,,-0.5003124658435945,False
ECH,2023,RF,20,0.64,-0.4323128380517373,0.3333333333333333,0.0,0.04257305101970336,-0.06350829635459931,-0.35400259525915534,3.0,3,-0.012651332162984752,0.019170067330735785,0.06616805405230264,0.010113231354969665,0.022943982369714844,0.35287378452197865,-0.10363140217990252,-0.038202247191011285,21.670000076293945,-0.2999992370605469,4.34,3.83,-0.5099999999999998,78.43,-2.049999999999997,-1.8597999999999928,False,,-0.4323128380517373,False
ECH,2023,HGB,1,0.52,-0.5220212767588721,0.3333333333333333,-0.047527007452088044,0.11182464343533766,-0.22912340984637303,-0.398915742499531,9.0,3,-0.012651332162984752,0.019170067330735785,0.06616805405230264,0.010113231354969665,0.022943982369714844,0.35287378452197865,-0.10363140217990252,-0.038202247191011285,21.670000076293945,-0.2999992370605469,4.34,3.83,-0.5099999999999998,78.43,-2.049999999999997,-1.8597999999999928,False,,-0.5220212767588721,False
ECH,2023,HGB,1,0.56,-0.17014250136018003,0.6666666666666666,0.002045463584213092,0.17780915672674516,-0.03566750235342553,-0.23810917075796945,12.0,3,-0.012651332162984752,0.019170067330735785,0.06616805405230264,0.010113231354969665,0.022943982369714844,0.35287378452197865,-0.10363140217990252,-0.038202247191011285,21.670000076293945,-0.2999992370605469,4.34,3.83,-0.5099999999999998,78.43,-2.049999999999997,-1.8597999999999928,False,,-0.17014250136018003,False
ECH,2023,HGB,1,0.6,-0.19834779244003495,0.6666666666666666,0.00765287265562864,0.1271053850276429,-0.03729031202384736,-0.08935937475121458,6.0,3,-0.012651332162984752,0.019170067330735785,0.06616805405230264,0.010113231354969665,0.022943982369714844,0.35287378452197865,-0.10363140217990252,-0.038202247191011285,21.670000076293945,-0.2999992370605469,4.34,3.83,-0.5099999999999998,78.43,-2.049999999999997,-1.8597999999999928,False,,-0.19834779244003495,False
ECH,2023,HGB,1,0.64,-0.19255241179703989,0.0,0.0,0.0,-0.05195829359858328,-0.08799136179390543,0.0,3,-0.012651332162984752,0.019170067330735785,0.06616805405230264,0.010113231354969665,0.022943982369714844,0.35287378452197865,-0.10363140217990252,-0.038202247191011285,21.670000076293945,-0.2999992370605469,4.34,3.83,-0.5099999999999998,78.43,-2.049999999999997,-1.8597999999999928,False,,-0.19255241179703989,False
ECH,2023,HGB,5,0.52,-0.5198567098663281,0.3333333333333333,-0.039035440897769114,0.12627428824833786,-0.1813769086097725,-0.37572743910370454,11.0,3,-0.012651332162984752,0.019170067330735785,0.06616805405230264,0.010113231354969665,0.022943982369714844,0.35287378452197865,-0.10363140217990252,-0.038202247191011285,21.670000076293945,-0.2999992370605469,4.34,3.83,-0.5099999999999998,78.43,-2.049999999999997,-1.8597999999999928,False,,-0.5198567098663281,False
ECH,2023,HGB,5,0.56,-0.5432453222861016,0.3333333333333333,-0.045152931932169627,0.10974503388801322,-0.15377404934487515,-0.37572743910370454,11.0,3,-0.012651332162984752,0.019170067330735785,0.06616805405230264,0.010113231354969665,0.022943982369714844,0.35287378452197865,-0.10363140217990252,-0.038202247191011285,21.670000076293945,-0.2999992370605469,4.34,3.83,-0.5099999999999998,78.43,-2.049999999999997,-1.8597999999999928,False,,-0.5432453222861016,False
ECH,2023,HGB,5,0.6,-0.24274253815983643,0.6666666666666666,0.038973735693990985,0.30886210775262396,-0.13090577705555084,-0.36280383941165406,13.0,3,-0.012651332162984752,0.019170067330735785,0.06616805405230264,0.010113231354969665,0.022943982369714844,0.35287378452197865,-0.10363140217990252,-0.038202247191011285,21.670000076293945,-0.2999992370605469,4.34,3.83,-0.5099999999999998,78.43,-2.049999999999997,-1.8597999999999928,False,,-0.24274253815983643,False
ECH,2023,HGB,5,0.64,-0.0746703913845102,0.6666666666666666,0.07086008904078311,0.3910987029045587,-0.1401218844977854,-0.36280383941165406,8.0,3,-0.012651332162984752,0.019170067330735785,0.06616805405230264,0.010113231354969665,0.022943982369714844,0.35287378452197865,-0.10363140217990252,-0.038202247191011285,21.670000076293945,-0.2999992370605469,4.34,3.83,-0.5099999999999998,78.43,-2.049999999999997,-1.8597999999999928,False,,-0.0746703913845102,False
ECH,2023,HGB,20,0.52,-0.8744567907690197,0.3333333333333333,-0.11815315148169703,-0.06260533106155679,-0.12330021630844323,-0.43043935813750833,11.0,3,-0.012651332162984752,0.019170067330735785,0.06616805405230264,0.010113231354969665,0.022943982369714844,0.35287378452197865,-0.10363140217990252,-0.038202247191011285,21.670000076293945,-0.2999992370605469,4.34,3.83,-0.5099999999999998,78.43,-2.049999999999997,-1.8597999999999928,False,,-0.8744567907690197,False
ECH,2023,HGB,20,0.56,-0.9546639170613336,0.3333333333333333,-0.11721529544461207,-0.047832981049072985,-0.15902591651125653,-0.43043935813750833,9.0,3,-0.012651332162984752,0.019170067330735785,0.06616805405230264,0.010113231354969665,0.022943982369714844,0.35287378452197865,-0.10363140217990252,-0.038202247191011285,21.670000076293945,-0.2999992370605469,4.34,3.83,-0.5099999999999998,78.43,-2.049999999999997,-1.8597999999999928,False,,-0.9546639170613336,False
ECH,2023,HGB,20,0.6,-0.47200773583994404,0.6666666666666666,0.018544920889138394,0.19996405516625992,-0.010509242594461732,-0.3989157424995312,10.0,3,-0.012651332162984752,0.019170067330735785,0.06616805405230264,0.010113231354969665,0.022943982369714844,0.35287378452197865,-0.10363140217990252,-0.038202247191011285,21.670000076293945,-0.2999992370605469,4.34,3.83,-0.5099999999999998,78.43,-2.049999999999997,-1.8597999999999928,False,,-0.47200773583994404,False
ECH,2023,HGB,20,0.64,-0.32437000738331945,0.6666666666666666,0.04840217097306421,0.3549645962571566,-0.06979122341292099,-0.398915742499531,7.0,3,-0.012651332162984752,0.019170067330735785,0.06616805405230264,0.010113231354969665,0.022943982369714844,0.35287378452197865,-0.10363140217990252,-0.038202247191011285,21.670000076293945,-0.2999992370605469,4.34,3.83,-0.5099999999999998,78.43,-2.049999999999997,-1.8597999999999928,False,,-0.32437000738331945,False
ECH,2024,BUYHOLD,0,,0.34345668726327316,0.6666666666666666,0.16166747439042228,0.631686682809706,-0.08537388376625177,-0.24845343253393382,1.0,3,0.0752891538458651,0.09969353586409535,0.02901850884974544,0.07998034469103188,0.07648642688470031,0.40330981412048456,-0.039015402179909064,0.017821998273333195,12.449999809265137,-1.1999998092651367,4.26,3.84,-0.41999999999999993,72.02,-5.540000000000006,-1.4055000000000035,True,,0.34345668726327316,False
ECH,2024,CASH,0,,0.0,0.0,0.0,0.0,0.0,0.0,0.0,3,0.0752891538458651,0.09969353586409535,0.02901850884974544,0.07998034469103188,0.07648642688470031,0.40330981412048456,-0.039015402179909064,0.017821998273333195,12.449999809265137,-1.1999998092651367,4.26,3.84,-0.41999999999999993,72.02,-5.540000000000006,-1.4055000000000035,False,,0.0,False
ECH,2024,MOMENTUM,0,,-0.7784439715879042,0.0,-0.05863899972710951,-0.2192634717021264,-0.202947597558935,-0.2373856377856035,15.0,3,0.0752891538458651,0.09969353586409535,0.02901850884974544,0.07998034469103188,0.07648642688470031,0.40330981412048456,-0.039015402179909064,0.017821998273333195,12.449999809265137,-1.1999998092651367,4.26,3.84,-0.41999999999999993,72.02,-5.540000000000006,-1.4055000000000035,False,,-0.7784439715879042,False
ECH,2024,MEANREV,0,,-0.5972031195808287,0.3333333333333333,-0.01939742654447596,-0.21238675587835074,-0.12887924882894752,-0.22093118302144665,6.0,3,0.0752891538458651,0.09969353586409535,0.02901850884974544,0.07998034469103188,0.07648642688470031,0.40330981412048456,-0.039015402179909064,0.017821998273333195,12.449999809265137,-1.1999998092651367,4.26,3.84,-0.41999999999999993,72.02,-5.540000000000006,-1.4055000000000035,False,,-0.5972031195808287,False
ECH,2024,TREND60,0,,-0.7387340091743428,0.0,-0.05863899972710951,-0.2192634717021264,-0.202947597558935,-0.2373856377856035,13.0,3,0.0752891538458651,0.09969353586409535,0.02901850884974544,0.07998034469103188,0.07648642688470031,0.40330981412048456,-0.039015402179909064,0.017821998273333195,12.449999809265137,-1.1999998092651367,4.26,3.84,-0.41999999999999993,72.02,-5.540000000000006,-1.4055000000000035,False,,-0.7387340091743428,False
ECH,2024,TREND200_0,0,,-0.96208352012722,0.3333333333333333,-0.08876401004733547,-0.25249560428435625,-0.26225014811654435,-0.34901863455215976,8.0,3,0.0752891538458651,0.09969353586409535,0.02901850884974544,0.07998034469103188,0.07648642688470031,0.40330981412048456,-0.039015402179909064,0.017821998273333195,12.449999809265137,-1.1999998092651367,4.26,3.84,-0.41999999999999993,72.02,-5.540000000000006,-1.4055000000000035,False,,-0.96208352012722,False
ECH,2024,TREND200_33,0,,-0.4644781584900523,0.3333333333333333,-0.008401202876171743,0.09570030917959552,-0.20169593496123084,-0.30603922556919627,5.6899999999999995,3,0.0752891538458651,0.09969353586409535,0.02901850884974544,0.07998034469103188,0.07648642688470031,0.40330981412048456,-0.039015402179909064,0.017821998273333195,12.449999809265137,-1.1999998092651367,4.26,3.84,-0.41999999999999993,72.02,-5.540000000000006,-1.4055000000000035,False,,-0.4644781584900523,False
ECH,2024,TREND200_50,0,,-0.22468981057415371,0.6666666666666666,0.033969543020402115,0.25970050123919225,-0.17112200146388523,-0.28978544415044116,4.5,3,0.0752891538458651,0.09969353586409535,0.02901850884974544,0.07998034469103188,0.07648642688470031,0.40330981412048456,-0.039015402179909064,0.017821998273333195,12.449999809265137,-1.1999998092651367,4.26,3.84,-0.41999999999999993,72.02,-5.540000000000006,-1.4055000000000035,False,,-0.22468981057415371,False
ECH,2024,TREND200_67,0,,-0.0072283550028350504,0.6666666666666666,0.07691705446187469,0.4054629514806857,-0.1411675181029115,-0.2745910939743684,3.3099999999999996,3,0.0752891538458651,0.09969353586409535,0.02901850884974544,0.07998034469103188,0.07648642688470031,0.40330981412048456,-0.039015402179909064,0.017821998273333195,12.449999809265137,-1.1999998092651367,4.26,3.84,-0.41999999999999993,72.02,-5.540000000000006,-1.4055000000000035,False,,-0.0072283550028350504,False
ECH,2024,VOLTARGET10,0,,0.22171759000026897,0.6666666666666666,0.05412391154952623,0.5494980604506129,-0.044580924252080045,-0.11800672915088162,1.8856126749551405,3,0.0752891538458651,0.09969353586409535,0.02901850884974544,0.07998034469103188,0.07648642688470031,0.40330981412048456,-0.039015402179909064,0.017821998273333195,12.449999809265137,-1.1999998092651367,4.26,3.84,-0.41999999999999993,72.02,-5.540000000000006,-1.4055000000000035,True,,0.22171759000026897,False
ECH,2024,VOLTARGET15,0,,0.17147768377604194,0.6666666666666666,0.07601177344995813,0.5406348671892983,-0.06897662368685686,-0.1746540418896585,2.9335536003626577,3,0.0752891538458651,0.09969353586409535,0.02901850884974544,0.07998034469103188,0.07648642688470031,0.40330981412048456,-0.039015402179909064,0.017821998273333195,12.449999809265137,-1.1999998092651367,4.26,3.84,-0.41999999999999993,72.02,-5.540000000000006,-1.4055000000000035,True,,0.17147768377604194,False
ECH,2024,VOLTARGET20,0,,0.15119984096946465,0.6666666666666666,0.09604705679003,0.539386307626489,-0.08389945255148246,-0.21687736833081084,3.878349966074817,3,0.0752891538458651,0.09969353586409535,0.02901850884974544,0.07998034469103188,0.07648642688470031,0.40330981412048456,-0.039015402179909064,0.017821998273333195,12.449999809265137,-1.1999998092651367,4.26,3.84,-0.41999999999999993,72.02,-5.540000000000006,-1.4055000000000035,True,,0.15119984096946465,False
ECH,2024,LOGIT,1,0.52,0.14939772891407338,1.0,0.057072310465005716,0.35110655015540765,0.027684973297610105,-0.16879177750077246,7.0,3,0.0752891538458651,0.09969353586409535,0.02901850884974544,0.07998034469103188,0.07648642688470031,0.40330981412048456,-0.039015402179909064,0.017821998273333195,12.449999809265137,-1.1999998092651367,4.26,3.84,-0.41999999999999993,72.02,-5.540000000000006,-1.4055000000000035,True,,0.14939772891407338,False
ECH,2024,LOGIT,1,0.56,0.41079273592940024,1.0,0.10459077975082876,0.7030036840119156,0.027083412892848324,-0.22349361627006603,9.0,3,0.0752891538458651,0.09969353586409535,0.02901850884974544,0.07998034469103188,0.07648642688470031,0.40330981412048456,-0.039015402179909064,0.017821998273333195,12.449999809265137,-1.1999998092651367,4.26,3.84,-0.41999999999999993,72.02,-5.540000000000006,-1.4055000000000035,True,,0.41079273592940024,False
ECH,2024,LOGIT,1,0.6,0.31558570668934904,1.0,0.04520565142138788,0.6753521971046303,0.027083412892848324,-0.1959394345888925,10.0,3,0.0752891538458651,0.09969353586409535,0.02901850884974544,0.07998034469103188,0.07648642688470031,0.40330981412048456,-0.039015402179909064,0.017821998273333195,12.449999809265137,-1.1999998092651367,4.26,3.84,-0.41999999999999993,72.02,-5.540000000000006,-1.4055000000000035,True,,0.31558570668934904,False
ECH,2024,LOGIT,1,0.64,-0.4207332359505284,0.3333333333333333,0.0,0.0,-0.055597764313884857,-0.11168655838976671,4.0,3,0.0752891538458651,0.09969353586409535,0.02901850884974544,0.07998034469103188,0.07648642688470031,0.40330981412048456,-0.039015402179909064,0.017821998273333195,12.449999809265137,-1.1999998092651367,4.26,3.84,-0.41999999999999993,72.02,-5.540000000000006,-1.4055000000000035,False,,-0.4207332359505284,False
ECH,2024,LOGIT,5,0.52,-0.30341037862465203,0.6666666666666666,0.019584922215793332,0.21188242807891705,-0.0781650607454325,-0.269146206276085,10.0,3,0.0752891538458651,0.09969353586409535,0.02901850884974544,0.07998034469103188,0.07648642688470031,0.40330981412048456,-0.039015402179909064,0.017821998273333195,12.449999809265137,-1.1999998092651367,4.26,3.84,-0.41999999999999993,72.02,-5.540000000000006,-1.4055000000000035,False,,-0.30341037862465203,False
ECH,2024,LOGIT,5,0.56,-0.17201732871665787,0.6666666666666666,0.019584922215793332,0.21188242807891705,-0.0781650607454325,-0.269146206276085,7.0,3,0.0752891538458651,0.09969353586409535,0.02901850884974544,0.07998034469103188,0.07648642688470031,0.40330981412048456,-0.039015402179909064,0.017821998273333195,12.449999809265137,-1.1999998092651367,4.26,3.84,-0.41999999999999993,72.02,-5.540000000000006,-1.4055000000000035,False,,-0.17201732871665787,False
ECH,2024,LOGIT,5,0.6,-0.22739005019011382,0.6666666666666666,0.016381039798133212,0.18825799220399828,-0.09222038389654708,-0.24147452481368792,7.0,3,0.0752891538458651,0.09969353586409535,0.02901850884974544,0.07998034469103188,0.07648642688470031,0.40330981412048456,-0.039015402179909064,0.017821998273333195,12.449999809265137,-1.1999998092651367,4.26,3.84,-0.41999999999999993,72.02,-5.540000000000006,-1.4055000000000035,False,,-0.22739005019011382,False
ECH,2024,LOGIT,5,0.64,-0.39942083689768804,0.6666666666666666,0.0013754676739665683,0.06899087379843277,-0.15100056617984214,-0.2250904076010316,5.0,3,0.0752891538458651,0.09969353586409535,0.02901850884974544,0.07998034469103188,0.07648642688470031,0.40330981412048456,-0.039015402179909064,0.017821998273333195,12.449999809265137,-1.1999998092651367,4.26,3.84,-0.41999999999999993,72.02,-5.540000000000006,-1.4055000000000035,False,,-0.39942083689768804,False
ECH,2024,LOGIT,20,0.52,-0.36164014656734556,0.6666666666666666,0.006278456853414216,0.1143866811893158,-0.12310212399098874,-0.25533268776767026,7.0,3,0.0752891538458651,0.09969353586409535,0.02901850884974544,0.07998034469103188,0.07648642688470031,0.40330981412048456,-0.039015402179909064,0.017821998273333195,12.449999809265137,-1.1999998092651367,4.26,3.84,-0.41999999999999993,72.02,-5.540000000000006,-1.4055000000000035,False,,-0.36164014656734556,False
ECH,2024,LOGIT,20,0.56,0.04055191437325896,0.6666666666666666,0.051652410522762704,0.5125136350651638,-0.15242063931402827,-0.27050055767626,7.0,3,0.0752891538458651,0.09969353586409535,0.02901850884974544,0.07998034469103188,0.07648642688470031,0.40330981412048456,-0.039015402179909064,0.017821998273333195,12.449999809265137,-1.1999998092651367,4.26,3.84,-0.41999999999999993,72.02,-5.540000000000006,-1.4055000000000035,True,,0.04055191437325896,False
ECH,2024,LOGIT,20,0.6,0.04055191437325896,0.6666666666666666,0.051652410522762704,0.5125136350651638,-0.15242063931402827,-0.27050055767626,7.0,3,0.0752891538458651,0.09969353586409535,0.02901850884974544,0.07998034469103188,0.07648642688470031,0.40330981412048456,-0.039015402179909064,0.017821998273333195,12.449999809265137,-1.1999998092651367,4.26,3.84,-0.41999999999999993,72.02,-5.540000000000006,-1.4055000000000035,True,,0.04055191437325896,False
ECH,2024,LOGIT,20,0.64,0.20245728276510455,0.6666666666666666,0.051652410522762704,0.5300986678501407,-0.08845022607077435,-0.22713258735621655,3.0,3,0.0752891538458651,0.09969353586409535,0.02901850884974544,0.07998034469103188,0.07648642688470031,0.40330981412048456,-0.039015402179909064,0.017821998273333195,12.449999809265137,-1.1999998092651367,4.26,3.84,-0.41999999999999993,72.02,-5.540000000000006,-1.4055000000000035,True,,0.20245728276510455,False
ECH,2024,RF,1,0.52,0.09317831744811887,0.6666666666666666,0.0657790203659192,0.3571519281384467,-0.08537388376625177,-0.24845343253393382,1.0,3,0.0752891538458651,0.09969353586409535,0.02901850884974544,0.07998034469103188,0.07648642688470031,0.40330981412048456,-0.039015402179909064,0.017821998273333195,12.449999809265137,-1.1999998092651367,4.26,3.84,-0.41999999999999993,72.02,-5.540000000000006,-1.4055000000000035,True,,0.09317831744811887,False
ECH,2024,RF,1,0.56,-0.3292785183065523,0.3333333333333333,0.0,0.0,0.0,-0.0065865240110188905,0.0,3,0.0752891538458651,0.09969353586409535,0.02901850884974544,0.07998034469103188,0.07648642688470031,0.40330981412048456,-0.039015402179909064,0.017821998273333195,12.449999809265137,-1.1999998092651367,4.26,3.84,-0.41999999999999993,72.02,-5.540000000000006,-1.4055000000000035,False,,-0.3292785183065523,False
ECH,2024,RF,1,0.6,0.0,0.0,0.0,0.0,0.0,0.0,0.0,3,0.0752891538458651,0.09969353586409535,0.02901850884974544,0.07998034469103188,0.07648642688470031,0.40330981412048456,-0.039015402179909064,0.017821998273333195,12.449999809265137,-1.1999998092651367,4.26,3.84,-0.41999999999999993,72.02,-5.540000000000006,-1.4055000000000035,False,,0.0,False
ECH,2024,RF,1,0.64,0.0,0.0,0.0,0.0,0.0,0.0,0.0,3,0.0752891538458651,0.09969353586409535,0.02901850884974544,0.07998034469103188,0.07648642688470031,0.40330981412048456,-0.039015402179909064,0.017821998273333195,12.449999809265137,-1.1999998092651367,4.26,3.84,-0.41999999999999993,72.02,-5.540000000000006,-1.4055000000000035,False,,0.0,False
ECH,2024,RF,5,0.52,0.26268418502310437,0.6666666666666666,0.20242335092208497,0.674143927854646,-0.14075064455035424,-0.2939564132011133,3.0,3,0.0752891538458651,0.09969353586409535,0.02901850884974544,0.07998034469103188,0.07648642688470031,0.40330981412048456,-0.039015402179909064,0.017821998273333195,12.449999809265137,-1.1999998092651367,4.26,3.84,-0.41999999999999993,72.02,-5.540000000000006,-1.4055000000000035,True,,0.26268418502310437,False
ECH,2024,RF,5,0.56,0.5188270928785608,1.0,0.09398371812946404,0.674143927854646,0.07417957131266562,-0.1824688197552633,4.0,3,0.0752891538458651,0.09969353586409535,0.02901850884974544,0.07998034469103188,0.07648642688470031,0.40330981412048456,-0.039015402179909064,0.017821998273333195,12.449999809265137,-1.1999998092651367,4.26,3.84,-0.41999999999999993,72.02,-5.540000000000006,-1.4055000000000035,True,,0.5188270928785608,True
ECH,2024,RF,5,0.6,0.501979787771295,0.6666666666666666,0.052225533872210406,0.8132261888802894,0.0,-0.18246881975526352,2.0,3,0.0752891538458651,0.09969353586409535,0.02901850884974544,0.07998034469103188,0.07648642688470031,0.40330981412048456,-0.039015402179909064,0.017821998273333195,12.449999809265137,-1.1999998092651367,4.26,3.84,-0.41999999999999993,72.02,-5.540000000000006,-1.4055000000000035,True,,0.501979787771295,True
ECH,2024,RF,5,0.64,-0.3596702217082972,0.3333333333333333,0.0,0.0,0.0,-0.03184477768094507,0.0,3,0.0752891538458651,0.09969353586409535,0.02901850884974544,0.07998034469103188,0.07648642688470031,0.40330981412048456,-0.039015402179909064,0.017821998273333195,12.449999809265137,-1.1999998092651367,4.26,3.84,-0.41999999999999993,72.02,-5.540000000000006,-1.4055000000000035,False,,-0.3596702217082972,False
ECH,2024,RF,20,0.52,-0.5035734696713365,0.3333333333333333,-0.01641865408972143,0.05723851590440275,-0.19863986625897478,-0.3092505338923349,4.0,3,0.0752891538458651,0.09969353586409535,0.02901850884974544,0.07998034469103188,0.07648642688470031,0.40330981412048456,-0.039015402179909064,0.017821998273333195,12.449999809265137,-1.1999998092651367,4.26,3.84,-0.41999999999999993,72.02,-5.540000000000006,-1.4055000000000035,False,,-0.5035734696713365,False
ECH,2024,RF,20,0.56,0.3483454401608875,0.6666666666666666,0.09843570664366363,0.6663673115902651,-0.013924316527821667,-0.15242979058783768,5.0,3,0.0752891538458651,0.09969353586409535,0.02901850884974544,0.07998034469103188,0.07648642688470031,0.40330981412048456,-0.039015402179909064,0.017821998273333195,12.449999809265137,-1.1999998092651367,4.26,3.84,-0.41999999999999993,72.02,-5.540000000000006,-1.4055000000000035,True,,0.3483454401608875,False
ECH,2024,RF,20,0.6,0.5328493890695201,0.6666666666666666,0.06209956455842658,0.8169877430299477,0.0,-0.16427643245011903,2.0,3,0.0752891538458651,0.09969353586409535,0.02901850884974544,0.07998034469103188,0.07648642688470031,0.40330981412048456,-0.039015402179909064,0.017821998273333195,12.449999809265137,-1.1999998092651367,4.26,3.84,-0.41999999999999993,72.02,-5.540000000000006,-1.4055000000000035,True,,0.5328493890695201,True
ECH,2024,RF,20,0.64,-0.2957111069541615,0.3333333333333333,0.0,0.0,0.0,-0.10769135899958482,0.0,3,0.0752891538458651,0.09969353586409535,0.02901850884974544,0.07998034469103188,0.07648642688470031,0.40330981412048456,-0.039015402179909064,0.017821998273333195,12.449999809265137,-1.1999998092651367,4.26,3.84,-0.41999999999999993,72.02,-5.540000000000006,-1.4055000000000035,False,,-0.2957111069541615,False
ECH,2024,HGB,1,0.52,-0.48998086771632915,0.6666666666666666,0.024989890080912902,0.2447427036064752,-0.22912340984637303,-0.36657214900493706,9.0,3,0.0752891538458651,0.09969353586409535,0.02901850884974544,0.07998034469103188,0.07648642688470031,0.40330981412048456,-0.039015402179909064,0.017821998273333195,12.449999809265137,-1.1999998092651367,4.26,3.84,-0.41999999999999993,72.02,-5.540000000000006,-1.4055000000000035,False,,-0.48998086771632915,False
ECH,2024,HGB,1,0.56,-0.2548222503569742,0.6666666666666666,0.01722101765566042,0.18735058520569892,-0.03566750235342553,-0.16153958282815117,12.0,3,0.0752891538458651,0.09969353586409535,0.02901850884974544,0.07998034469103188,0.07648642688470031,0.40330981412048456,-0.039015402179909064,0.017821998273333195,12.449999809265137,-1.1999998092651367,4.26,3.84,-0.41999999999999993,72.02,-5.540000000000006,-1.4055000000000035,False,,-0.2548222503569742,False
ECH,2024,HGB,1,0.6,-0.14409595031810338,0.6666666666666666,0.0023844239690848923,0.0820247957428738,-0.03729031202384736,-0.08935937475121458,4.0,3,0.0752891538458651,0.09969353586409535,0.02901850884974544,0.07998034469103188,0.07648642688470031,0.40330981412048456,-0.039015402179909064,0.017821998273333195,12.449999809265137,-1.1999998092651367,4.26,3.84,-0.41999999999999993,72.02,-5.540000000000006,-1.4055000000000035,False,,-0.14409595031810338,False
ECH,2024,HGB,1,0.64,-0.19255241179703989,0.0,0.0,0.0,-0.05195829359858328,-0.08799136179390543,0.0,3,0.0752891538458651,0.09969353586409535,0.02901850884974544,0.07998034469103188,0.07648642688470031,0.40330981412048456,-0.039015402179909064,0.017821998273333195,12.449999809265137,-1.1999998092651367,4.26,3.84,-0.41999999999999993,72.02,-5.540000000000006,-1.4055000000000035,False,,-0.19255241179703989,False
ECH,2024,HGB,5,0.52,-0.5061132977291403,0.3333333333333333,-0.0070483391474239765,0.08638623386960795,-0.1813769086097725,-0.3520719245081293,9.0,3,0.0752891538458651,0.09969353586409535,0.02901850884974544,0.07998034469103188,0.07648642688470031,0.40330981412048456,-0.039015402179909064,0.017821998273333195,12.449999809265137,-1.1999998092651367,4.26,3.84,-0.41999999999999993,72.02,-5.540000000000006,-1.4055000000000035,False,,-0.5061132977291403,False
ECH,2024,HGB,5,0.56,-0.4691390535026594,0.3333333333333333,-0.006701628166786766,0.07492998849826107,-0.15377404934487515,-0.27616409974263345,8.0,3,0.0752891538458651,0.09969353586409535,0.02901850884974544,0.07998034469103188,0.07648642688470031,0.40330981412048456,-0.039015402179909064,0.017821998273333195,12.449999809265137,-1.1999998092651367,4.26,3.84,-0.41999999999999993,72.02,-5.540000000000006,-1.4055000000000035,False,,-0.4691390535026594,False
ECH,2024,HGB,5,0.6,0.20919883920534982,1.0,0.06253670777609854,0.4504969011932022,0.038973735693990985,-0.18188741687810894,7.0,3,0.0752891538458651,0.09969353586409535,0.02901850884974544,0.07998034469103188,0.07648642688470031,0.40330981412048456,-0.039015402179909064,0.017821998273333195,12.449999809265137,-1.1999998092651367,4.26,3.84,-0.41999999999999993,72.02,-5.540000000000006,-1.4055000000000035,True,,0.20919883920534982,False
ECH,2024,HGB,5,0.64,0.1721919994574771,1.0,0.07086008904078311,0.3910987029045587,0.02045344213151301,-0.13665753305972683,7.0,3,0.0752891538458651,0.09969353586409535,0.02901850884974544,0.07998034469103188,0.07648642688470031,0.40330981412048456,-0.039015402179909064,0.017821998273333195,12.449999809265137,-1.1999998092651367,4.26,3.84,-0.41999999999999993,72.02,-5.540000000000006,-1.4055000000000035,True,,0.1721919994574771,False
ECH,2024,HGB,20,0.52,-0.5482875055110981,0.6666666666666666,0.00891157972119938,0.14424572462007273,-0.11815315148169703,-0.3127997940629208,11.0,3,0.0752891538458651,0.09969353586409535,0.02901850884974544,0.07998034469103188,0.07648642688470031,0.40330981412048456,-0.039015402179909064,0.017821998273333195,12.449999809265137,-1.1999998092651367,4.26,3.84,-0.41999999999999993,72.02,-5.540000000000006,-1.4055000000000035,False,,-0.5482875055110981,False
ECH,2024,HGB,20,0.56,-0.5258068231360933,0.6666666666666666,0.03787778896709337,0.29280312653416607,-0.15902591651125653,-0.3067389525102976,12.0,3,0.0752891538458651,0.09969353586409535,0.02901850884974544,0.07998034469103188,0.07648642688470031,0.40330981412048456,-0.039015402179909064,0.017821998273333195,12.449999809265137,-1.1999998092651367,4.26,3.84,-0.41999999999999993,72.02,-5.540000000000006,-1.4055000000000035,False,,-0.5258068231360933,False
ECH,2024,HGB,20,0.6,-0.39859889681558036,0.6666666666666666,0.018544920889138394,0.1940644434401582,-0.00653584792787254,-0.2018528207372493,10.0,3,0.0752891538458651,0.09969353586409535,0.02901850884974544,0.07998034469103188,0.07648642688470031,0.40330981412048456,-0.039015402179909064,0.017821998273333195,12.449999809265137,-1.1999998092651367,4.26,3.84,-0.41999999999999993,72.02,-5.540000000000006,-1.4055000000000035,False,,-0.39859889681558036,False
ECH,2024,HGB,20,0.64,-0.23385552701478157,0.6666666666666666,0.04840217097306421,0.3549645962571566,-0.0507196961139359,-0.1568398128266324,6.0,3,0.0752891538458651,0.09969353586409535,0.02901850884974544,0.07998034469103188,0.07648642688470031,0.40330981412048456,-0.039015402179909064,0.017821998273333195,12.449999809265137,-1.1999998092651367,4.26,3.84,-0.41999999999999993,72.02,-5.540000000000006,-1.4055000000000035,False,,-0.23385552701478157,False
ECH,2025,BUYHOLD,0,,0.48431461950682425,1.0,0.16166747439042228,0.631686682809706,0.04609321494906249,-0.1824688197552632,1.0,3,0.01760938789325106,0.022395989311752906,0.010557514298941584,0.007798559942609362,0.01145228831641143,0.21219792598943482,-0.0386424089378784,0.03371186876348786,17.350000381469727,0.5699996948242188,4.24,4.55,0.3099999999999996,71.73,3.469999999999999,2.240700000000004,True,,0.48431461950682425,True
ECH,2025,CASH,0,,0.0,0.0,0.0,0.0,0.0,0.0,0.0,3,0.01760938789325106,0.022395989311752906,0.010557514298941584,0.007798559942609362,0.01145228831641143,0.21219792598943482,-0.0386424089378784,0.03371186876348786,17.350000381469727,0.5699996948242188,4.24,4.55,0.3099999999999996,71.73,3.469999999999999,2.240700000000004,False,,0.0,False
ECH,2025,MOMENTUM,0,,-0.9501186887654514,0.0,-0.0816551420129411,-0.3689869438624077,-0.202947597558935,-0.2373856377856035,16.0,3,0.01760938789325106,0.022395989311752906,0.010557514298941584,0.007798559942609362,0.01145228831641143,0.21219792598943482,-0.0386424089378784,0.03371186876348786,17.350000381469727,0.5699996948242188,4.24,4.55,0.3099999999999996,71.73,3.469999999999999,2.240700000000004,False,,-0.9501186887654514,False
ECH,2025,MEANREV,0,,-0.1287846266521412,0.6666666666666666,0.004615770129831942,0.09629146889661731,-0.01939742654447596,-0.0904229815986266,6.0,3,0.01760938789325106,0.022395989311752906,0.010557514298941584,0.007798559942609362,0.01145228831641143,0.21219792598943482,-0.0386424089378784,0.03371186876348786,17.350000381469727,0.5699996948242188,4.24,4.55,0.3099999999999996,71.73,3.469999999999999,2.240700000000004,False,,-0.1287846266521412,False
ECH,2025,TREND60,0,,-0.9386273877783535,0.0,-0.0816551420129411,-0.3689869438624077,-0.202947597558935,-0.2373856377856035,16.0,3,0.01760938789325106,0.022395989311752906,0.010557514298941584,0.007798559942609362,0.01145228831641143,0.21219792598943482,-0.0386424089378784,0.03371186876348786,17.350000381469727,0.5699996948242188,4.24,4.55,0.3099999999999996,71.73,3.469999999999999,2.240700000000004,False,,-0.9386273877783535,False
ECH,2025,TREND200_0,0,,-0.4866091846699018,0.3333333333333333,-0.041249414100561044,-0.06159259333267205,-0.08876401004733547,-0.184666911487964,11.0,3,0.01760938789325106,0.022395989311752906,0.010557514298941584,0.007798559942609362,0.01145228831641143,0.21219792598943482,-0.0386424089378784,0.03371186876348786,17.350000381469727,0.5699996948242188,4.24,4.55,0.3099999999999996,71.73,3.469999999999999,2.240700000000004,False,,-0.4866091846699018,False
ECH,2025,TREND200_33,0,,-0.21946846784681157,0.3333333333333333,-0.008401202876171743,0.09570030917959552,-0.01265371984272512,-0.17905429029405373,7.699999999999999,3,0.01760938789325106,0.022395989311752906,0.010557514298941584,0.007798559942609362,0.01145228831641143,0.21219792598943482,-0.0386424089378784,0.03371186876348786,17.350000381469727,0.5699996948242188,4.24,4.55,0.3099999999999996,71.73,3.469999999999999,2.240700000000004,False,,-0.21946846784681157,False
ECH,2025,TREND200_50,0,,-0.005372530969393302,1.0,0.033969543020402115,0.25970050123919225,0.002170002924864356,-0.17905429029405406,6.0,3,0.01760938789325106,0.022395989311752906,0.010557514298941584,0.007798559942609362,0.01145228831641143,0.21219792598943482,-0.0386424089378784,0.03371186876348786,17.350000381469727,0.5699996948242188,4.24,4.55,0.3099999999999996,71.73,3.469999999999999,2.240700000000004,False,,-0.005372530969393302,False
ECH,2025,TREND200_67,0,,0.18289356689008174,1.0,0.07691705446187469,0.4054629514806857,0.01705201587487193,-0.17905429029405373,4.3,3,0.01760938789325106,0.022395989311752906,0.010557514298941584,0.007798559942609362,0.01145228831641143,0.21219792598943482,-0.0386424089378784,0.03371186876348786,17.350000381469727,0.5699996948242188,4.24,4.55,0.3099999999999996,71.73,3.469999999999999,2.240700000000004,True,,0.18289356689008174,False
ECH,2025,VOLTARGET10,0,,0.40574134627273306,1.0,0.05412391154952623,0.5494980604506129,0.032193779201922235,-0.07259217865391987,1.8856126749551405,3,0.01760938789325106,0.022395989311752906,0.010557514298941584,0.007798559942609362,0.01145228831641143,0.21219792598943482,-0.0386424089378784,0.03371186876348786,17.350000381469727,0.5699996948242188,4.24,4.55,0.3099999999999996,71.73,3.469999999999999,2.240700000000004,True,,0.40574134627273306,True
ECH,2025,VOLTARGET15,0,,0.3689510027789309,1.0,0.07601177344995813,0.5406348671892983,0.044656460028539735,-0.10803755759343114,2.9335536003626577,3,0.01760938789325106,0.022395989311752906,0.010557514298941584,0.007798559942609362,0.01145228831641143,0.21219792598943482,-0.0386424089378784,0.03371186876348786,17.350000381469727,0.5699996948242188,4.24,4.55,0.3099999999999996,71.73,3.469999999999999,2.240700000000004,True,,0.3689510027789309,False
ECH,2025,VOLTARGET20,0,,0.34711481569240343,1.0,0.09604705679003,0.539386307626489,0.05869969544264331,-0.1428703930626477,3.878349966074817,3,0.01760938789325106,0.022395989311752906,0.010557514298941584,0.007798559942609362,0.01145228831641143,0.21219792598943482,-0.0386424089378784,0.03371186876348786,17.350000381469727,0.5699996948242188,4.24,4.55,0.3099999999999996,71.73,3.469999999999999,2.240700000000004,True,,0.34711481569240343,False
ECH,2025,LOGIT,1,0.52,0.052433053830036144,0.6666666666666666,0.027684973297610105,0.30325132115456155,-0.004767613052987563,-0.16879177750077246,7.0,3,0.01760938789325106,0.022395989311752906,0.010557514298941584,0.007798559942609362,0.01145228831641143,0.21219792598943482,-0.0386424089378784,0.03371186876348786,17.350000381469727,0.5699996948242188,4.24,4.55,0.3099999999999996,71.73,3.469999999999999,2.240700000000004,True,,0.052433053830036144,False
ECH,2025,LOGIT,1,0.56,0.2087921987163741,0.6666666666666666,0.027083412892848324,0.7030036840119156,-0.05405826182839768,-0.16879177750077212,8.0,3,0.01760938789325106,0.022395989311752906,0.010557514298941584,0.007798559942609362,0.01145228831641143,0.21219792598943482,-0.0386424089378784,0.03371186876348786,17.350000381469727,0.5699996948242188,4.24,4.55,0.3099999999999996,71.73,3.469999999999999,2.240700000000004,True,,0.2087921987163741,False
ECH,2025,LOGIT,1,0.6,0.27550783530978407,0.6666666666666666,0.027083412892848324,0.6753521971046303,-0.030134644459756443,-0.1229263149921781,6.0,3,0.01760938789325106,0.022395989311752906,0.010557514298941584,0.007798559942609362,0.01145228831641143,0.21219792598943482,-0.0386424089378784,0.03371186876348786,17.350000381469727,0.5699996948242188,4.24,4.55,0.3099999999999996,71.73,3.469999999999999,2.240700000000004,True,,0.27550783530978407,False
ECH,2025,LOGIT,1,0.64,-0.36850871363656135,0.3333333333333333,0.0,0.0,-0.013528159253390348,-0.06816195930047908,6.0,3,0.01760938789325106,0.022395989311752906,0.010557514298941584,0.007798559942609362,0.01145228831641143,0.21219792598943482,-0.0386424089378784,0.03371186876348786,17.350000381469727,0.5699996948242188,4.24,4.55,0.3099999999999996,71.73,3.469999999999999,2.240700000000004,False,,-0.36850871363656135,False
ECH,2025,LOGIT,5,0.52,-0.22914798272524,0.6666666666666666,0.019584922215793332,0.21188242807891705,-0.05061761900997619,-0.1441919763265258,8.0,3,0.01760938789325106,0.022395989311752906,0.010557514298941584,0.007798559942609362,0.01145228831641143,0.21219792598943482,-0.0386424089378784,0.03371186876348786,17.350000381469727,0.5699996948242188,4.24,4.55,0.3099999999999996,71.73,3.469999999999999,2.240700000000004,False,,-0.22914798272524,False
ECH,2025,LOGIT,5,0.56,-0.13180152620441332,0.6666666666666666,0.019584922215793332,0.21188242807891705,-0.05061761900997619,-0.1441919763265258,7.0,3,0.01760938789325106,0.022395989311752906,0.010557514298941584,0.007798559942609362,0.01145228831641143,0.21219792598943482,-0.0386424089378784,0.03371186876348786,17.350000381469727,0.5699996948242188,4.24,4.55,0.3099999999999996,71.73,3.469999999999999,2.240700000000004,False,,-0.13180152620441332,False
ECH,2025,LOGIT,5,0.6,-0.09051747272624906,0.6666666666666666,0.016381039798133212,0.18825799220399828,-0.00663887764114468,-0.10261726468777355,7.0,3,0.01760938789325106,0.022395989311752906,0.010557514298941584,0.007798559942609362,0.01145228831641143,0.21219792598943482,-0.0386424089378784,0.03371186876348786,17.350000381469727,0.5699996948242188,4.24,4.55,0.3099999999999996,71.73,3.469999999999999,2.240700000000004,False,,-0.09051747272624906,False
ECH,2025,LOGIT,5,0.64,-0.1851340462511219,0.6666666666666666,0.0013754676739665683,0.06899087379843277,-0.00663887764114468,-0.11271673909148328,5.0,3,0.01760938789325106,0.022395989311752906,0.010557514298941584,0.007798559942609362,0.01145228831641143,0.21219792598943482,-0.0386424089378784,0.03371186876348786,17.350000381469727,0.5699996948242188,4.24,4.55,0.3099999999999996,71.73,3.469999999999999,2.240700000000004,False,,-0.1851340462511219,False
ECH,2025,LOGIT,20,0.52,-0.3270352848423807,0.6666666666666666,0.006278456853414216,0.1143866811893158,-0.05894183017111421,-0.15985345327606537,8.0,3,0.01760938789325106,0.022395989311752906,0.010557514298941584,0.007798559942609362,0.01145228831641143,0.21219792598943482,-0.0386424089378784,0.03371186876348786,17.350000381469727,0.5699996948242188,4.24,4.55,0.3099999999999996,71.73,3.469999999999999,2.240700000000004,False,,-0.3270352848423807,False
ECH,2025,LOGIT,20,0.56,0.130004030872866,0.6666666666666666,0.051652410522762704,0.5125136350651638,-0.05894183017111421,-0.15985345327606537,7.0,3,0.01760938789325106,0.022395989311752906,0.010557514298941584,0.007798559942609362,0.01145228831641143,0.21219792598943482,-0.0386424089378784,0.03371186876348786,17.350000381469727,0.5699996948242188,4.24,4.55,0.3099999999999996,71.73,3.469999999999999,2.240700000000004,True,,0.130004030872866,False
ECH,2025,LOGIT,20,0.6,0.24921051544709885,0.6666666666666666,0.051652410522762704,0.5125136350651638,-0.01322571047642973,-0.11903956809605498,6.0,3,0.01760938789325106,0.022395989311752906,0.010557514298941584,0.007798559942609362,0.01145228831641143,0.21219792598943482,-0.0386424089378784,0.03371186876348786,17.350000381469727,0.5699996948242188,4.24,4.55,0.3099999999999996,71.73,3.469999999999999,2.240700000000004,True,,0.24921051544709885,False
ECH,2025,LOGIT,20,0.64,0.24888660274837276,0.6666666666666666,0.051652410522762704,0.5300986678501407,-0.0393704866665634,-0.11903956809605498,3.0,3,0.01760938789325106,0.022395989311752906,0.010557514298941584,0.007798559942609362,0.01145228831641143,0.21219792598943482,-0.0386424089378784,0.03371186876348786,17.350000381469727,0.5699996948242188,4.24,4.55,0.3099999999999996,71.73,3.469999999999999,2.240700000000004,True,,0.24888660274837276,False
ECH,2025,RF,1,0.52,0.2069162216858385,1.0,0.0657790203659192,0.3571519281384467,0.020357485311584878,-0.1824688197552634,1.0,3,0.01760938789325106,0.022395989311752906,0.010557514298941584,0.007798559942609362,0.01145228831641143,0.21219792598943482,-0.0386424089378784,0.03371186876348786,17.350000381469727,0.5699996948242188,4.24,4.55,0.3099999999999996,71.73,3.469999999999999,2.240700000000004,True,,0.2069162216858385,False
ECH,2025,RF,1,0.56,0.0,0.0,0.0,0.0,0.0,0.0,0.0,3,0.01760938789325106,0.022395989311752906,0.010557514298941584,0.007798559942609362,0.01145228831641143,0.21219792598943482,-0.0386424089378784,0.03371186876348786,17.350000381469727,0.5699996948242188,4.24,4.55,0.3099999999999996,71.73,3.469999999999999,2.240700000000004,False,,0.0,False
ECH,2025,RF,1,0.6,0.0,0.0,0.0,0.0,0.0,0.0,0.0,3,0.01760938789325106,0.022395989311752906,0.010557514298941584,0.007798559942609362,0.01145228831641143,0.21219792598943482,-0.0386424089378784,0.03371186876348786,17.350000381469727,0.5699996948242188,4.24,4.55,0.3099999999999996,71.73,3.469999999999999,2.240700000000004,False,,0.0,False
ECH,2025,RF,1,0.64,0.0,0.0,0.0,0.0,0.0,0.0,0.0,3,0.01760938789325106,0.022395989311752906,0.010557514298941584,0.007798559942609362,0.01145228831641143,0.21219792598943482,-0.0386424089378784,0.03371186876348786,17.350000381469727,0.5699996948242188,4.24,4.55,0.3099999999999996,71.73,3.469999999999999,2.240700000000004,False,,0.0,False
ECH,2025,RF,5,0.52,0.32681199859164695,0.6666666666666666,0.20242335092208497,0.674143927854646,-0.07658916645154046,-0.1824688197552633,3.0,3,0.01760938789325106,0.022395989311752906,0.010557514298941584,0.007798559942609362,0.01145228831641143,0.21219792598943482,-0.0386424089378784,0.03371186876348786,17.350000381469727,0.5699996948242188,4.24,4.55,0.3099999999999996,71.73,3.469999999999999,2.240700000000004,True,,0.32681199859164695,False
ECH,2025,RF,5,0.56,0.27097738826358375,0.6666666666666666,0.07417957131266562,0.5397681612914835,-0.01720153140320957,-0.1824688197552633,2.0,3,0.01760938789325106,0.022395989311752906,0.010557514298941584,0.007798559942609362,0.01145228831641143,0.21219792598943482,-0.0386424089378784,0.03371186876348786,17.350000381469727,0.5699996948242188,4.24,4.55,0.3099999999999996,71.73,3.469999999999999,2.240700000000004,True,,0.27097738826358375,False
ECH,2025,RF,5,0.6,-0.3128890157506426,0.3333333333333333,0.0,0.0,0.0,-0.18246881975526352,0.0,3,0.01760938789325106,0.022395989311752906,0.010557514298941584,0.007798559942609362,0.01145228831641143,0.21219792598943482,-0.0386424089378784,0.03371186876348786,17.350000381469727,0.5699996948242188,4.24,4.55,0.3099999999999996,71.73,3.469999999999999,2.240700000000004,False,,-0.3128890157506426,False
ECH,2025,RF,5,0.64,-0.3596702217082972,0.3333333333333333,0.0,0.0,0.0,-0.03184477768094507,0.0,3,0.01760938789325106,0.022395989311752906,0.010557514298941584,0.007798559942609362,0.01145228831641143,0.21219792598943482,-0.0386424089378784,0.03371186876348786,17.350000381469727,0.5699996948242188,4.24,4.55,0.3099999999999996,71.73,3.469999999999999,2.240700000000004,False,,-0.3596702217082972,False
ECH,2025,RF,20,0.52,-0.28272471382668546,0.3333333333333333,-0.01641865408972143,0.05723851590440275,-0.030584738053076932,-0.1824688197552633,4.0,3,0.01760938789325106,0.022395989311752906,0.010557514298941584,0.007798559942609362,0.01145228831641143,0.21219792598943482,-0.0386424089378784,0.03371186876348786,17.350000381469727,0.5699996948242188,4.24,4.55,0.3099999999999996,71.73,3.469999999999999,2.240700000000004,False,,-0.28272471382668546,False
ECH,2025,RF,20,0.56,0.2875486223697938,0.6666666666666666,0.09843570664366363,0.6663673115902651,-0.03466936684813271,-0.15242979058783768,5.0,3,0.01760938789325106,0.022395989311752906,0.010557514298941584,0.007798559942609362,0.01145228831641143,0.21219792598943482,-0.0386424089378784,0.03371186876348786,17.350000381469727,0.5699996948242188,4.24,4.55,0.3099999999999996,71.73,3.469999999999999,2.240700000000004,True,,0.2875486223697938,False
ECH,2025,RF,20,0.6,0.5810610026819047,1.0,0.06209956455842658,0.8169877430299477,0.014064214558147325,-0.16427643245011903,2.0,3,0.01760938789325106,0.022395989311752906,0.010557514298941584,0.007798559942609362,0.01145228831641143,0.21219792598943482,-0.0386424089378784,0.03371186876348786,17.350000381469727,0.5699996948242188,4.24,4.55,0.3099999999999996,71.73,3.469999999999999,2.240700000000004,True,,0.5810610026819047,True
ECH,2025,RF,20,0.64,-0.2957111069541615,0.3333333333333333,0.0,0.0,0.0,-0.10769135899958482,0.0,3,0.01760938789325106,0.022395989311752906,0.010557514298941584,0.007798559942609362,0.01145228831641143,0.21219792598943482,-0.0386424089378784,0.03371186876348786,17.350000381469727,0.5699996948242188,4.24,4.55,0.3099999999999996,71.73,3.469999999999999,2.240700000000004,False,,-0.2957111069541615,False
ECH,2025,HGB,1,0.52,-0.19210007921967767,0.6666666666666666,0.024989890080912902,0.2447427036064752,-0.02727314359244115,-0.14747255655816005,9.0,3,0.01760938789325106,0.022395989311752906,0.010557514298941584,0.007798559942609362,0.01145228831641143,0.21219792598943482,-0.0386424089378784,0.03371186876348786,17.350000381469727,0.5699996948242188,4.24,4.55,0.3099999999999996,71.73,3.469999999999999,2.240700000000004,False,,-0.19210007921967767,False
ECH,2025,HGB,1,0.56,-0.5701882712191256,0.3333333333333333,-0.03566750235342553,0.01011874321775804,-0.08635179112894042,-0.16153958282815117,12.0,3,0.01760938789325106,0.022395989311752906,0.010557514298941584,0.007798559942609362,0.01145228831641143,0.21219792598943482,-0.0386424089378784,0.03371186876348786,17.350000381469727,0.5699996948242188,4.24,4.55,0.3099999999999996,71.73,3.469999999999999,2.240700000000004,False,,-0.5701882712191256,False
ECH,2025,HGB,1,0.6,-0.712555146419387,0.3333333333333333,-0.03729031202384736,-0.3730610890858314,-0.07670974545145648,-0.09796473817229445,6.0,3,0.01760938789325106,0.022395989311752906,0.010557514298941584,0.007798559942609362,0.01145228831641143,0.21219792598943482,-0.0386424089378784,0.03371186876348786,17.350000381469727,0.5699996948242188,4.24,4.55,0.3099999999999996,71.73,3.469999999999999,2.240700000000004,False,,-0.712555146419387,False
ECH,2025,HGB,1,0.64,-0.23537245875479332,0.0,0.0,0.0,-0.03868606757301485,-0.04014928178714716,0.0,3,0.01760938789325106,0.022395989311752906,0.010557514298941584,0.007798559942609362,0.01145228831641143,0.21219792598943482,-0.0386424089378784,0.03371186876348786,17.350000381469727,0.5699996948242188,4.24,4.55,0.3099999999999996,71.73,3.469999999999999,2.240700000000004,False,,-0.23537245875479332,False
ECH,2025,HGB,5,0.52,-0.27956979971227314,0.3333333333333333,-0.0070483391474239765,0.08638623386960795,-0.024161887853008546,-0.18246881975526308,8.0,3,0.01760938789325106,0.022395989311752906,0.010557514298941584,0.007798559942609362,0.01145228831641143,0.21219792598943482,-0.0386424089378784,0.03371186876348786,17.350000381469727,0.5699996948242188,4.24,4.55,0.3099999999999996,71.73,3.469999999999999,2.240700000000004,False,,-0.27956979971227314,False
ECH,2025,HGB,5,0.56,-0.34430777255189476,0.3333333333333333,-0.006701628166786766,0.07492998849826107,-0.059364552405032134,-0.1554864535476277,8.0,3,0.01760938789325106,0.022395989311752906,0.010557514298941584,0.007798559942609362,0.01145228831641143,0.21219792598943482,-0.0386424089378784,0.03371186876348786,17.350000381469727,0.5699996948242188,4.24,4.55,0.3099999999999996,71.73,3.469999999999999,2.240700000000004,False,,-0.34430777255189476,False
ECH,2025,HGB,5,0.6,-0.0404035634085959,0.6666666666666666,0.06253670777609854,0.4504969011932022,-0.08915669765328083,-0.18188741687810894,7.0,3,0.01760938789325106,0.022395989311752906,0.010557514298941584,0.007798559942609362,0.01145228831641143,0.21219792598943482,-0.0386424089378784,0.03371186876348786,17.350000381469727,0.5699996948242188,4.24,4.55,0.3099999999999996,71.73,3.469999999999999,2.240700000000004,False,,-0.0404035634085959,False
ECH,2025,HGB,5,0.64,-0.1399986033491521,0.6666666666666666,0.02045344213151301,0.2209543489441032,-0.05244519098072731,-0.13665753305972683,7.0,3,0.01760938789325106,0.022395989311752906,0.010557514298941584,0.007798559942609362,0.01145228831641143,0.21219792598943482,-0.0386424089378784,0.03371186876348786,17.350000381469727,0.5699996948242188,4.24,4.55,0.3099999999999996,71.73,3.469999999999999,2.240700000000004,False,,-0.1399986033491521,False
ECH,2025,HGB,20,0.52,-0.4312238206278519,0.6666666666666666,0.00891157972119938,0.14424572462007273,-0.043145689896379125,-0.16427643245011936,10.0,3,0.01760938789325106,0.022395989311752906,0.010557514298941584,0.007798559942609362,0.01145228831641143,0.21219792598943482,-0.0386424089378784,0.03371186876348786,17.350000381469727,0.5699996948242188,4.24,4.55,0.3099999999999996,71.73,3.469999999999999,2.240700000000004,False,,-0.4312238206278519,False
ECH,2025,HGB,20,0.56,-0.27726832595241513,0.6666666666666666,0.03787778896709337,0.29280312653416607,-0.023209317871142887,-0.10769135899958437,9.0,3,0.01760938789325106,0.022395989311752906,0.010557514298941584,0.007798559942609362,0.01145228831641143,0.21219792598943482,-0.0386424089378784,0.03371186876348786,17.350000381469727,0.5699996948242188,4.24,4.55,0.3099999999999996,71.73,3.469999999999999,2.240700000000004,False,,-0.27726832595241513,False
ECH,2025,HGB,20,0.6,-0.4340020813398555,0.6666666666666666,0.0033887115620019337,0.08312711835925693,-0.00653584792787254,-0.1366575330597266,6.0,3,0.01760938789325106,0.022395989311752906,0.010557514298941584,0.007798559942609362,0.01145228831641143,0.21219792598943482,-0.0386424089378784,0.03371186876348786,17.350000381469727,0.5699996948242188,4.24,4.55,0.3099999999999996,71.73,3.469999999999999,2.240700000000004,False,,-0.4340020813398555,False
ECH,2025,HGB,20,0.64,-0.9070471229567493,0.3333333333333333,-0.019651312346342098,-0.2553530965879128,-0.0507196961139359,-0.1254952812118597,6.0,3,0.01760938789325106,0.022395989311752906,0.010557514298941584,0.007798559942609362,0.01145228831641143,0.21219792598943482,-0.0386424089378784,0.03371186876348786,17.350000381469727,0.5699996948242188,4.24,4.55,0.3099999999999996,71.73,3.469999999999999,2.240700000000004,False,,-0.9070471229567493,False
ECH,2026,BUYHOLD,0,,0.2906929404867872,1.0,0.16166747439042228,0.631686682809706,0.04609321494906249,-0.16245121459138223,1.0,3,0.025416495678402207,0.2017371293478838,0.25943849546939024,0.07179217020978812,0.18006217017820592,0.1853256122090883,-0.019051520062066785,-0.03159365730897157,14.949999809265137,0.9499998092651367,3.45,4.14,0.6899999999999995,57.79,-1.6799999999999997,-1.4923000000000002,True,,0.2906929404867872,False
ECH,2026,CASH,0,,0.0,0.0,0.0,0.0,0.0,0.0,0.0,3,0.025416495678402207,0.2017371293478838,0.25943849546939024,0.07179217020978812,0.18006217017820592,0.1853256122090883,-0.019051520062066785,-0.03159365730897157,14.949999809265137,0.9499998092651367,3.45,4.14,0.6899999999999995,57.79,-1.6799999999999997,-1.4923000000000002,False,,0.0,False
ECH,2026,MOMENTUM,0,,-0.6118501608191361,0.3333333333333333,-0.013631713158171355,0.03589363257165322,-0.0816551420129411,-0.1929421711438486,15.0,3,0.025416495678402207,0.2017371293478838,0.25943849546939024,0.07179217020978812,0.18006217017820592,0.1853256122090883,-0.019051520062066785,-0.03159365730897157,14.949999809265137,0.9499998092651367,3.45,4.14,0.6899999999999995,57.79,-1.6799999999999997,-1.4923000000000002,False,,-0.6118501608191361,False
ECH,2026,MEANREV,0,,-0.02928233244132658,0.6666666666666666,0.007864603688334526,0.1941949648348934,-0.01939742654447596,-0.04715311014104695,4.0,3,0.025416495678402207,0.2017371293478838,0.25943849546939024,0.07179217020978812,0.18006217017820592,0.1853256122090883,-0.019051520062066785,-0.03159365730897157,14.949999809265137,0.9499998092651367,3.45,4.14,0.6899999999999995,57.79,-1.6799999999999997,-1.4923000000000002,False,,-0.02928233244132658,False
ECH,2026,TREND60,0,,-0.643560662046869,0.3333333333333333,-0.025551249536557297,-0.018288571216392747,-0.0816551420129411,-0.1929421711438486,13.0,3,0.025416495678402207,0.2017371293478838,0.25943849546939024,0.07179217020978812,0.18006217017820592,0.1853256122090883,-0.019051520062066785,-0.03159365730897157,14.949999809265137,0.9499998092651367,3.45,4.14,0.6899999999999995,57.79,-1.6799999999999997,-1.4923000000000002,False,,-0.643560662046869,False
ECH,2026,TREND200_0,0,,-0.7986317636925042,0.3333333333333333,-0.041249414100561044,-0.06159259333267205,-0.08876401004733547,-0.184666911487964,11.0,3,0.025416495678402207,0.2017371293478838,0.25943849546939024,0.07179217020978812,0.18006217017820592,0.1853256122090883,-0.019051520062066785,-0.03159365730897157,14.949999809265137,0.9499998092651367,3.45,4.14,0.6899999999999995,57.79,-1.6799999999999997,-1.4923000000000002,False,,-0.7986317636925042,False
ECH,2026,TREND200_33,0,,-0.49477906049967874,0.3333333333333333,-0.008401202876171743,0.09570030917959552,-0.01265371984272512,-0.16667776221539976,7.699999999999999,3,0.025416495678402207,0.2017371293478838,0.25943849546939024,0.07179217020978812,0.18006217017820592,0.1853256122090883,-0.019051520062066785,-0.03159365730897157,14.949999809265137,0.9499998092651367,3.45,4.14,0.6899999999999995,57.79,-1.6799999999999997,-1.4923000000000002,False,,-0.49477906049967874,False
ECH,2026,TREND200_50,0,,-0.26082389150061935,1.0,0.033969543020402115,0.25970050123919225,0.002170002924864356,-0.16552546267837331,6.0,3,0.025416495678402207,0.2017371293478838,0.25943849546939024,0.07179217020978812,0.18006217017820592,0.1853256122090883,-0.019051520062066785,-0.03159365730897157,14.949999809265137,0.9499998092651367,3.45,4.14,0.6899999999999995,57.79,-1.6799999999999997,-1.4923000000000002,False,,-0.26082389150061935,False
ECH,2026,TREND200_67,0,,-0.05133244992003261,1.0,0.07691705446187469,0.4054629514806857,0.01705201587487193,-0.16442740965716363,4.3,3,0.025416495678402207,0.2017371293478838,0.25943849546939024,0.07179217020978812,0.18006217017820592,0.1853256122090883,-0.019051520062066785,-0.03159365730897157,14.949999809265137,0.9499998092651367,3.45,4.14,0.6899999999999995,57.79,-1.6799999999999997,-1.4923000000000002,False,,-0.05133244992003261,False
ECH,2026,VOLTARGET10,0,,0.2597911669508148,1.0,0.05412391154952623,0.5494980604506129,0.032193779201922235,-0.07259217865391987,2.4372401632778216,3,0.025416495678402207,0.2017371293478838,0.25943849546939024,0.07179217020978812,0.18006217017820592,0.1853256122090883,-0.019051520062066785,-0.03159365730897157,14.949999809265137,0.9499998092651367,3.45,4.14,0.6899999999999995,57.79,-1.6799999999999997,-1.4923000000000002,True,,0.2597911669508148,False
ECH,2026,VOLTARGET15,0,,0.22196701610316336,1.0,0.07601177344995813,0.5406348671892983,0.044656460028539735,-0.10803755759343114,3.662060022393304,3,0.025416495678402207,0.2017371293478838,0.25943849546939024,0.07179217020978812,0.18006217017820592,0.1853256122090883,-0.019051520062066785,-0.03159365730897157,14.949999809265137,0.9499998092651367,3.45,4.14,0.6899999999999995,57.79,-1.6799999999999997,-1.4923000000000002,True,,0.22196701610316336,False
ECH,2026,VOLTARGET20,0,,0.19434330706699898,1.0,0.09604705679003,0.539386307626489,0.05869969544264331,-0.1428703930626477,4.085789237129941,3,0.025416495678402207,0.2017371293478838,0.25943849546939024,0.07179217020978812,0.18006217017820592,0.1853256122090883,-0.019051520062066785,-0.03159365730897157,14.949999809265137,0.9499998092651367,3.45,4.14,0.6899999999999995,57.79,-1.6799999999999997,-1.4923000000000002,True,,0.19434330706699898,False
ECH,2026,LOGIT,1,0.52,-0.15826802158132675,0.6666666666666666,0.027684973297610105,0.30325132115456155,-0.004767613052987563,-0.09938506852651419,6.0,3,0.025416495678402207,0.2017371293478838,0.25943849546939024,0.07179217020978812,0.18006217017820592,0.1853256122090883,-0.019051520062066785,-0.03159365730897157,14.949999809265137,0.9499998092651367,3.45,4.14,0.6899999999999995,57.79,-1.6799999999999997,-1.4923000000000002,False,,-0.15826802158132675,False
ECH,2026,LOGIT,1,0.56,0.37142893118978537,0.6666666666666666,0.027083412892848324,0.9350203592629338,-0.05405826182839768,-0.10949058739319928,8.0,3,0.025416495678402207,0.2017371293478838,0.25943849546939024,0.07179217020978812,0.18006217017820592,0.1853256122090883,-0.019051520062066785,-0.03159365730897157,14.949999809265137,0.9499998092651367,3.45,4.14,0.6899999999999995,57.79,-1.6799999999999997,-1.4923000000000002,True,,0.37142893118978537,False
ECH,2026,LOGIT,1,0.6,0.4987064302130464,0.6666666666666666,0.027083412892848324,0.9350203592629338,-0.030134644459756443,-0.09938506852651419,6.0,3,0.025416495678402207,0.2017371293478838,0.25943849546939024,0.07179217020978812,0.18006217017820592,0.1853256122090883,-0.019051520062066785,-0.03159365730897157,14.949999809265137,0.9499998092651367,3.45,4.14,0.6899999999999995,57.79,-1.6799999999999997,-1.4923000000000002,True,,0.4987064302130464,True
ECH,2026,LOGIT,1,0.64,-0.4747021510725181,0.3333333333333333,0.0,0.0,-0.013528159253390348,-0.09938506852651419,6.0,3,0.025416495678402207,0.2017371293478838,0.25943849546939024,0.07179217020978812,0.18006217017820592,0.1853256122090883,-0.019051520062066785,-0.03159365730897157,14.949999809265137,0.9499998092651367,3.45,4.14,0.6899999999999995,57.79,-1.6799999999999997,-1.4923000000000002,False,,-0.4747021510725181,False
ECH,2026,LOGIT,5,0.52,-0.17864000510136704,0.6666666666666666,0.019584922215793332,0.21188242807891705,-0.05061761900997619,-0.1441919763265258,8.0,3,0.025416495678402207,0.2017371293478838,0.25943849546939024,0.07179217020978812,0.18006217017820592,0.1853256122090883,-0.019051520062066785,-0.03159365730897157,14.949999809265137,0.9499998092651367,3.45,4.14,0.6899999999999995,57.79,-1.6799999999999997,-1.4923000000000002,False,,-0.17864000510136704,False
ECH,2026,LOGIT,5,0.56,-0.17864000510136704,0.6666666666666666,0.019584922215793332,0.21188242807891705,-0.05061761900997619,-0.1441919763265258,8.0,3,0.025416495678402207,0.2017371293478838,0.25943849546939024,0.07179217020978812,0.18006217017820592,0.1853256122090883,-0.019051520062066785,-0.03159365730897157,14.949999809265137,0.9499998092651367,3.45,4.14,0.6899999999999995,57.79,-1.6799999999999997,-1.4923000000000002,False,,-0.17864000510136704,False
ECH,2026,LOGIT,5,0.6,-0.14220154407340888,0.6666666666666666,0.016381039798133212,0.18825799220399828,-0.00663887764114468,-0.10261726468777355,8.0,3,0.025416495678402207,0.2017371293478838,0.25943849546939024,0.07179217020978812,0.18006217017820592,0.1853256122090883,-0.019051520062066785,-0.03159365730897157,14.949999809265137,0.9499998092651367,3.45,4.14,0.6899999999999995,57.79,-1.6799999999999997,-1.4923000000000002,False,,-0.14220154407340888,False
ECH,2026,LOGIT,5,0.64,-0.24985541130696926,0.6666666666666666,0.0013754676739665683,0.06899087379843277,-0.00663887764114468,-0.10261726468777355,8.0,3,0.025416495678402207,0.2017371293478838,0.25943849546939024,0.07179217020978812,0.18006217017820592,0.1853256122090883,-0.019051520062066785,-0.03159365730897157,14.949999809265137,0.9499998092651367,3.45,4.14,0.6899999999999995,57.79,-1.6799999999999997,-1.4923000000000002,False,,-0.24985541130696926,False
ECH,2026,LOGIT,20,0.52,-0.548787280158556,0.6666666666666666,0.006278456853414216,0.1143866811893158,-0.05894183017111421,-0.15985345327606537,8.0,3,0.025416495678402207,0.2017371293478838,0.25943849546939024,0.07179217020978812,0.18006217017820592,0.1853256122090883,-0.019051520062066785,-0.03159365730897157,14.949999809265137,0.9499998092651367,3.45,4.14,0.6899999999999995,57.79,-1.6799999999999997,-1.4923000000000002,False,,-0.548787280158556,False
ECH,2026,LOGIT,20,0.56,-0.08075650243830484,0.6666666666666666,0.051652410522762704,0.5300986678501407,-0.05894183017111421,-0.15985345327606537,8.0,3,0.025416495678402207,0.2017371293478838,0.25943849546939024,0.07179217020978812,0.18006217017820592,0.1853256122090883,-0.019051520062066785,-0.03159365730897157,14.949999809265137,0.9499998092651367,3.45,4.14,0.6899999999999995,57.79,-1.6799999999999997,-1.4923000000000002,False,,-0.08075650243830484,False
ECH,2026,LOGIT,20,0.6,0.1055930190390382,0.6666666666666666,0.051652410522762704,0.5300986678501407,-0.01322571047642973,-0.11903956809605498,6.0,3,0.025416495678402207,0.2017371293478838,0.25943849546939024,0.07179217020978812,0.18006217017820592,0.1853256122090883,-0.019051520062066785,-0.03159365730897157,14.949999809265137,0.9499998092651367,3.45,4.14,0.6899999999999995,57.79,-1.6799999999999997,-1.4923000000000002,True,,0.1055930190390382,False
ECH,2026,LOGIT,20,0.64,0.08199380636519879,0.6666666666666666,0.051652410522762704,0.5300986678501407,-0.0393704866665634,-0.11903956809605498,6.0,3,0.025416495678402207,0.2017371293478838,0.25943849546939024,0.07179217020978812,0.18006217017820592,0.1853256122090883,-0.019051520062066785,-0.03159365730897157,14.949999809265137,0.9499998092651367,3.45,4.14,0.6899999999999995,57.79,-1.6799999999999997,-1.4923000000000002,True,,0.08199380636519879,False
ECH,2026,RF,1,0.52,0.2270987617171658,1.0,0.12119557430015426,0.531539995038631,0.020357485311584878,-0.16245121459138234,1.0,3,0.025416495678402207,0.2017371293478838,0.25943849546939024,0.07179217020978812,0.18006217017820592,0.1853256122090883,-0.019051520062066785,-0.03159365730897157,14.949999809265137,0.9499998092651367,3.45,4.14,0.6899999999999995,57.79,-1.6799999999999997,-1.4923000000000002,True,,0.2270987617171658,False
ECH,2026,RF,1,0.56,0.0,0.0,0.0,0.0,0.0,0.0,0.0,3,0.025416495678402207,0.2017371293478838,0.25943849546939024,0.07179217020978812,0.18006217017820592,0.1853256122090883,-0.019051520062066785,-0.03159365730897157,14.949999809265137,0.9499998092651367,3.45,4.14,0.6899999999999995,57.79,-1.6799999999999997,-1.4923000000000002,False,,0.0,False
ECH,2026,RF,1,0.6,0.0,0.0,0.0,0.0,0.0,0.0,0.0,3,0.025416495678402207,0.2017371293478838,0.25943849546939024,0.07179217020978812,0.18006217017820592,0.1853256122090883,-0.019051520062066785,-0.03159365730897157,14.949999809265137,0.9499998092651367,3.45,4.14,0.6899999999999995,57.79,-1.6799999999999997,-1.4923000000000002,False,,0.0,False
ECH,2026,RF,1,0.64,0.0,0.0,0.0,0.0,0.0,0.0,0.0,3,0.025416495678402207,0.2017371293478838,0.25943849546939024,0.07179217020978812,0.18006217017820592,0.1853256122090883,-0.019051520062066785,-0.03159365730897157,14.949999809265137,0.9499998092651367,3.45,4.14,0.6899999999999995,57.79,-1.6799999999999997,-1.4923000000000002,False,,0.0,False
ECH,2026,RF,5,0.52,0.36177526252661457,0.6666666666666666,0.20242335092208497,0.7946607350583527,-0.07658916645154046,-0.14439472202926573,3.0,3,0.025416495678402207,0.2017371293478838,0.25943849546939024,0.07179217020978812,0.18006217017820592,0.1853256122090883,-0.019051520062066785,-0.03159365730897157,14.949999809265137,0.9499998092651367,3.45,4.14,0.6899999999999995,57.79,-1.6799999999999997,-1.4923000000000002,True,,0.36177526252661457,False
ECH,2026,RF,5,0.56,0.3030287478046353,0.6666666666666666,0.044808079229983866,0.5145955296660196,-0.01720153140320957,-0.08936430638426962,2.0,3,0.025416495678402207,0.2017371293478838,0.25943849546939024,0.07179217020978812,0.18006217017820592,0.1853256122090883,-0.019051520062066785,-0.03159365730897157,14.949999809265137,0.9499998092651367,3.45,4.14,0.6899999999999995,57.79,-1.6799999999999997,-1.4923000000000002,True,,0.3030287478046353,False
ECH,2026,RF,5,0.6,-0.21298136526350095,0.3333333333333333,0.0,0.0,0.0,-0.046554411142618934,0.0,3,0.025416495678402207,0.2017371293478838,0.25943849546939024,0.07179217020978812,0.18006217017820592,0.1853256122090883,-0.019051520062066785,-0.03159365730897157,14.949999809265137,0.9499998092651367,3.45,4.14,0.6899999999999995,57.79,-1.6799999999999997,-1.4923000000000002,False,,-0.21298136526350095,False
ECH,2026,RF,5,0.64,-0.053357154462732155,0.3333333333333333,0.0,0.0,0.0,-0.046554411142618934,0.0,3,0.025416495678402207,0.2017371293478838,0.25943849546939024,0.07179217020978812,0.18006217017820592,0.1853256122090883,-0.019051520062066785,-0.03159365730897157,14.949999809265137,0.9499998092651367,3.45,4.14,0.6899999999999995,57.79,-1.6799999999999997,-1.4923000000000002,False,,-0.053357154462732155,False
ECH,2026,RF,20,0.52,-0.2774757932954516,0.3333333333333333,-0.01641865408972143,0.05723851590440275,-0.030584738053076932,-0.10052033575827424,4.0,3,0.025416495678402207,0.2017371293478838,0.25943849546939024,0.07179217020978812,0.18006217017820592,0.1853256122090883,-0.019051520062066785,-0.03159365730897157,14.949999809265137,0.9499998092651367,3.45,4.14,0.6899999999999995,57.79,-1.6799999999999997,-1.4923000000000002,False,,-0.2774757932954516,False
ECH,2026,RF,20,0.56,0.09677305604299241,0.6666666666666666,0.058780052888522505,0.40144320986540427,-0.03466936684813271,-0.09938506852651419,4.0,3,0.025416495678402207,0.2017371293478838,0.25943849546939024,0.07179217020978812,0.18006217017820592,0.1853256122090883,-0.019051520062066785,-0.03159365730897157,14.949999809265137,0.9499998092651367,3.45,4.14,0.6899999999999995,57.79,-1.6799999999999997,-1.4923000000000002,True,,0.09677305604299241,False
ECH,2026,RF,20,0.6,0.6150011097614883,1.0,0.06209956455842658,0.8268199076930968,0.014064214558147325,-0.09938506852651419,2.0,3,0.025416495678402207,0.2017371293478838,0.25943849546939024,0.07179217020978812,0.18006217017820592,0.1853256122090883,-0.019051520062066785,-0.03159365730897157,14.949999809265137,0.9499998092651367,3.45,4.14,0.6899999999999995,57.79,-1.6799999999999997,-1.4923000000000002,True,,0.6150011097614883,True
ECH,2026,RF,20,0.64,-0.21298136526350095,0.3333333333333333,0.0,0.0,0.0,-0.046554411142618934,0.0,3,0.025416495678402207,0.2017371293478838,0.25943849546939024,0.07179217020978812,0.18006217017820592,0.1853256122090883,-0.019051520062066785,-0.03159365730897157,14.949999809265137,0.9499998092651367,3.45,4.14,0.6899999999999995,57.79,-1.6799999999999997,-1.4923000000000002,False,,-0.21298136526350095,False
ECH,2026,HGB,1,0.52,0.5527473998221264,0.6666666666666666,0.24875533121991467,1.025871544733283,-0.02727314359244115,-0.14442486404526156,7.0,3,0.025416495678402207,0.2017371293478838,0.25943849546939024,0.07179217020978812,0.18006217017820592,0.1853256122090883,-0.019051520062066785,-0.03159365730897157,14.949999809265137,0.9499998092651367,3.45,4.14,0.6899999999999995,57.79,-1.6799999999999997,-1.4923000000000002,True,,0.5527473998221264,True
ECH,2026,HGB,1,0.56,-0.014435010815660676,0.6666666666666666,0.07865587559524023,0.5269690386727283,-0.08635179112894042,-0.13952659265185297,12.0,3,0.025416495678402207,0.2017371293478838,0.25943849546939024,0.07179217020978812,0.18006217017820592,0.1853256122090883,-0.019051520062066785,-0.03159365730897157,14.949999809265137,0.9499998092651367,3.45,4.14,0.6899999999999995,57.79,-1.6799999999999997,-1.4923000000000002,False,,-0.014435010815660676,False
ECH,2026,HGB,1,0.6,-0.7880094449318551,0.3333333333333333,-0.02238562874494676,-0.5088063335008188,-0.07670974545145648,-0.09796473817229445,2.0,3,0.025416495678402207,0.2017371293478838,0.25943849546939024,0.07179217020978812,0.18006217017820592,0.1853256122090883,-0.019051520062066785,-0.03159365730897157,14.949999809265137,0.9499998092651367,3.45,4.14,0.6899999999999995,57.79,-1.6799999999999997,-1.4923000000000002,False,,-0.7880094449318551,False
ECH,2026,HGB,1,0.64,-0.23537245875479332,0.0,0.0,0.0,-0.03868606757301485,-0.04014928178714716,0.0,3,0.025416495678402207,0.2017371293478838,0.25943849546939024,0.07179217020978812,0.18006217017820592,0.1853256122090883,-0.019051520062066785,-0.03159365730897157,14.949999809265137,0.9499998092651367,3.45,4.14,0.6899999999999995,57.79,-1.6799999999999997,-1.4923000000000002,False,,-0.23537245875479332,False
ECH,2026,HGB,5,0.52,-0.2782368525448823,0.3333333333333333,-0.0070483391474239765,0.08638623386960795,-0.024161887853008546,-0.13899865365927766,8.0,3,0.025416495678402207,0.2017371293478838,0.25943849546939024,0.07179217020978812,0.18006217017820592,0.1853256122090883,-0.019051520062066785,-0.03159365730897157,14.949999809265137,0.9499998092651367,3.45,4.14,0.6899999999999995,57.79,-1.6799999999999997,-1.4923000000000002,False,,-0.2782368525448823,False
ECH,2026,HGB,5,0.56,-0.38363377812301924,0.3333333333333333,-0.006701628166786766,0.07492998849826107,-0.059364552405032134,-0.12300148537657629,8.0,3,0.025416495678402207,0.2017371293478838,0.25943849546939024,0.07179217020978812,0.18006217017820592,0.1853256122090883,-0.019051520062066785,-0.03159365730897157,14.949999809265137,0.9499998092651367,3.45,4.14,0.6899999999999995,57.79,-1.6799999999999997,-1.4923000000000002,False,,-0.38363377812301924,False
ECH,2026,HGB,5,0.6,-0.03462939163244627,0.6666666666666666,0.05296536974932131,0.4504969011932022,-0.08915669765328083,-0.142532249694989,6.0,3,0.025416495678402207,0.2017371293478838,0.25943849546939024,0.07179217020978812,0.18006217017820592,0.1853256122090883,-0.019051520062066785,-0.03159365730897157,14.949999809265137,0.9499998092651367,3.45,4.14,0.6899999999999995,57.79,-1.6799999999999997,-1.4923000000000002,False,,-0.03462939163244627,False
ECH,2026,HGB,5,0.64,-0.1246782957913265,0.6666666666666666,0.02045344213151301,0.2209543489441032,-0.05244519098072731,-0.10644112144607065,2.0,3,0.025416495678402207,0.2017371293478838,0.25943849546939024,0.07179217020978812,0.18006217017820592,0.1853256122090883,-0.019051520062066785,-0.03159365730897157,14.949999809265137,0.9499998092651367,3.45,4.14,0.6899999999999995,57.79,-1.6799999999999997,-1.4923000000000002,False,,-0.1246782957913265,False
ECH,2026,HGB,20,0.52,-0.3473775132220931,0.6666666666666666,0.00891157972119938,0.14424572462007273,-0.043145689896379125,-0.09938506852651419,10.0,3,0.025416495678402207,0.2017371293478838,0.25943849546939024,0.07179217020978812,0.18006217017820592,0.1853256122090883,-0.019051520062066785,-0.03159365730897157,14.949999809265137,0.9499998092651367,3.45,4.14,0.6899999999999995,57.79,-1.6799999999999997,-1.4923000000000002,False,,-0.3473775132220931,False
ECH,2026,HGB,20,0.56,0.014087647364111971,0.6666666666666666,0.03787778896709337,0.29280312653416607,-0.023209317871142887,-0.09938506852651419,8.0,3,0.025416495678402207,0.2017371293478838,0.25943849546939024,0.07179217020978812,0.18006217017820592,0.1853256122090883,-0.019051520062066785,-0.03159365730897157,14.949999809265137,0.9499998092651367,3.45,4.14,0.6899999999999995,57.79,-1.6799999999999997,-1.4923000000000002,True,,0.014087647364111971,False
ECH,2026,HGB,20,0.6,-0.11496039768100433,0.6666666666666666,0.0033887115620019337,0.08312711835925693,-0.00653584792787254,-0.09938506852651419,6.0,3,0.025416495678402207,0.2017371293478838,0.25943849546939024,0.07179217020978812,0.18006217017820592,0.1853256122090883,-0.019051520062066785,-0.03159365730897157,14.949999809265137,0.9499998092651367,3.45,4.14,0.6899999999999995,57.79,-1.6799999999999997,-1.4923000000000002,False,,-0.11496039768100433,False
ECH,2026,HGB,20,0.64,-0.4923270981032382,0.3333333333333333,-0.019651312346342098,-0.2553530965879128,-0.0507196961139359,-0.1254952812118597,4.0,3,0.025416495678402207,0.2017371293478838,0.25943849546939024,0.07179217020978812,0.18006217017820592,0.1853256122090883,-0.019051520062066785,-0.03159365730897157,14.949999809265137,0.9499998092651367,3.45,4.14,0.6899999999999995,57.79,-1.6799999999999997,-1.4923000000000002,False,,-0.4923270981032382,False
CPER,2017,BUYHOLD,0,,-0.10037680332406286,0.3333333333333333,-0.04077318714100375,0.22395060094077554,-0.13528649738140608,-0.3810775868540204,1.0,3,-0.08408426890545229,0.1336556118604828,0.10716895908011703,0.028995220648974085,0.09730994097895551,0.2792155611475147,-0.09054441925261458,-0.030865989024333795,14.039999961853027,2.609999656677246,1.22,2.49,1.2700000000000002,53.8,4.390000000000001,0.900100000000009,False,,-0.10037680332406286,False
CPER,2017,CASH,0,,0.0,0.0,0.0,0.0,0.0,0.0,0.0,3,-0.08408426890545229,0.1336556118604828,0.10716895908011703,0.028995220648974085,0.09730994097895551,0.2792155611475147,-0.09054441925261458,-0.030865989024333795,14.039999961853027,2.609999656677246,1.22,2.49,1.2700000000000002,53.8,4.390000000000001,0.900100000000009,False,,0.0,True
CPER,2017,MOMENTUM,0,,-1.1298793289529034,0.0,-0.08660788376779582,-0.5899530338229351,-0.15126140084668427,-0.17400525613320017,12.0,3,-0.08408426890545229,0.1336556118604828,0.10716895908011703,0.028995220648974085,0.09730994097895551,0.2792155611475147,-0.09054441925261458,-0.030865989024333795,14.039999961853027,2.609999656677246,1.22,2.49,1.2700000000000002,53.8,4.390000000000001,0.900100000000009,False,,-1.1298793289529034,False
CPER,2017,MEANREV,0,,-0.15867247530609124,0.6666666666666666,0.011337874932213499,0.21149901433013507,-0.08971246430487578,-0.3195839479959607,6.0,3,-0.08408426890545229,0.1336556118604828,0.10716895908011703,0.028995220648974085,0.09730994097895551,0.2792155611475147,-0.09054441925261458,-0.030865989024333795,14.039999961853027,2.609999656677246,1.22,2.49,1.2700000000000002,53.8,4.390000000000001,0.900100000000009,False,,-0.15867247530609124,False
CPER,2017,TREND60,0,,-1.2750100390780612,0.3333333333333333,-0.07574557518993097,-0.5899530338229351,-0.15492879678984173,-0.17757437597262804,12.0,3,-0.08408426890545229,0.1336556118604828,0.10716895908011703,0.028995220648974085,0.09730994097895551,0.2792155611475147,-0.09054441925261458,-0.030865989024333795,14.039999961853027,2.609999656677246,1.22,2.49,1.2700000000000002,53.8,4.390000000000001,0.900100000000009,False,,-1.2750100390780612,False
CPER,2017,TREND200_0,0,,-0.9779928223374175,0.3333333333333333,-0.03231578001849955,-0.5893982594837309,-0.0930836500822877,-0.11935693193580621,2.0,3,-0.08408426890545229,0.1336556118604828,0.10716895908011703,0.028995220648974085,0.09730994097895551,0.2792155611475147,-0.09054441925261458,-0.030865989024333795,14.039999961853027,2.609999656677246,1.22,2.49,1.2700000000000002,53.8,4.390000000000001,0.900100000000009,False,,-0.9779928223374175,False
CPER,2017,TREND200_33,0,,-0.29723561968480716,0.3333333333333333,-0.032243459275758224,-0.047952307228547715,-0.04117493873092848,-0.18556938817806257,1.67,3,-0.08408426890545229,0.1336556118604828,0.10716895908011703,0.028995220648974085,0.09730994097895551,0.2792155611475147,-0.09054441925261458,-0.030865989024333795,14.039999961853027,2.609999656677246,1.22,2.49,1.2700000000000002,53.8,4.390000000000001,0.900100000000009,False,,-0.29723561968480716,False
CPER,2017,TREND200_50,0,,-0.17365282217660136,0.3333333333333333,-0.027338594434665242,0.07883176249804824,-0.04620236339328532,-0.23444574375825233,1.5,3,-0.08408426890545229,0.1336556118604828,0.10716895908011703,0.028995220648974085,0.09730994097895551,0.2792155611475147,-0.09054441925261458,-0.030865989024333795,14.039999961853027,2.609999656677246,1.22,2.49,1.2700000000000002,53.8,4.390000000000001,0.900100000000009,False,,-0.17365282217660136,False
CPER,2017,TREND200_67,0,,-0.11788710568365354,0.3333333333333333,-0.02265710666829146,0.15052969122880452,-0.0689113181442188,-0.2838201444287406,1.33,3,-0.08408426890545229,0.1336556118604828,0.10716895908011703,0.028995220648974085,0.09730994097895551,0.2792155611475147,-0.09054441925261458,-0.030865989024333795,14.039999961853027,2.609999656677246,1.22,2.49,1.2700000000000002,53.8,4.390000000000001,0.900100000000009,False,,-0.11788710568365354,False
CPER,2017,VOLTARGET10,0,,-0.03126252621390002,0.6666666666666666,0.03446074259166387,0.2579148319390232,-0.02578607564526525,-0.2054212951883725,3.6873265325509164,3,-0.08408426890545229,0.1336556118604828,0.10716895908011703,0.028995220648974085,0.09730994097895551,0.2792155611475147,-0.09054441925261458,-0.030865989024333795,14.039999961853027,2.609999656677246,1.22,2.49,1.2700000000000002,53.8,4.390000000000001,0.900100000000009,False,,-0.03126252621390002,False
CPER,2017,VOLTARGET15,0,,-0.0748252911203744,0.6666666666666666,0.027098058867210506,0.2802228159133241,-0.05016553738078733,-0.3041394470173595,4.207911076946368,3,-0.08408426890545229,0.1336556118604828,0.10716895908011703,0.028995220648974085,0.09730994097895551,0.2792155611475147,-0.09054441925261458,-0.030865989024333795,14.039999961853027,2.609999656677246,1.22,2.49,1.2700000000000002,53.8,4.390000000000001,0.900100000000009,False,,-0.0748252911203744,False
CPER,2017,VOLTARGET20,0,,-0.10813394229557231,0.3333333333333333,-0.00798286015221994,0.2764729035747901,-0.06191524845192298,-0.38107758685402016,4.118067295828657,3,-0.08408426890545229,0.1336556118604828,0.10716895908011703,0.028995220648974085,0.09730994097895551,0.2792155611475147,-0.09054441925261458,-0.030865989024333795,14.039999961853027,2.609999656677246,1.22,2.49,1.2700000000000002,53.8,4.390000000000001,0.900100000000009,False,,-0.10813394229557231,False
CPER,2017,LOGIT,1,0.52,-1.3230777706596435,0.3333333333333333,-0.12191615459851635,-0.687267086481319,-0.1410640823495003,-0.1811079064300135,14.0,3,-0.08408426890545229,0.1336556118604828,0.10716895908011703,0.028995220648974085,0.09730994097895551,0.2792155611475147,-0.09054441925261458,-0.030865989024333795,14.039999961853027,2.609999656677246,1.22,2.49,1.2700000000000002,53.8,4.390000000000001,0.900100000000009,False,,-1.3230777706596435,False
CPER,2017,LOGIT,1,0.56,-1.1499203282748227,0.3333333333333333,-0.10880050194012125,-0.5884509149711481,-0.12236580670572839,-0.16328134943847383,12.0,3,-0.08408426890545229,0.1336556118604828,0.10716895908011703,0.028995220648974085,0.09730994097895551,0.2792155611475147,-0.09054441925261458,-0.030865989024333795,14.039999961853027,2.609999656677246,1.22,2.49,1.2700000000000002,53.8,4.390000000000001,0.900100000000009,False,,-1.1499203282748227,False
CPER,2017,LOGIT,1,0.6,-1.1568643991587795,0.3333333333333333,-0.10781801124416379,-0.5884509149711481,-0.12236580670572839,-0.16328134943847383,12.0,3,-0.08408426890545229,0.1336556118604828,0.10716895908011703,0.028995220648974085,0.09730994097895551,0.2792155611475147,-0.09054441925261458,-0.030865989024333795,14.039999961853027,2.609999656677246,1.22,2.49,1.2700000000000002,53.8,4.390000000000001,0.900100000000009,False,,-1.1568643991587795,False
CPER,2017,LOGIT,1,0.64,-1.541133839349262,0.3333333333333333,-0.11868921241204733,-0.8940331618704617,-0.1662923894894479,-0.1955241057052175,12.0,3,-0.08408426890545229,0.1336556118604828,0.10716895908011703,0.028995220648974085,0.09730994097895551,0.2792155611475147,-0.09054441925261458,-0.030865989024333795,14.039999961853027,2.609999656677246,1.22,2.49,1.2700000000000002,53.8,4.390000000000001,0.900100000000009,False,,-1.541133839349262,False
CPER,2017,LOGIT,5,0.52,-0.4059675163541734,0.0,-0.058687282262271045,0.10591646166076597,-0.16423584052198548,-0.3809569691331868,14.0,3,-0.08408426890545229,0.1336556118604828,0.10716895908011703,0.028995220648974085,0.09730994097895551,0.2792155611475147,-0.09054441925261458,-0.030865989024333795,14.039999961853027,2.609999656677246,1.22,2.49,1.2700000000000002,53.8,4.390000000000001,0.900100000000009,False,,-0.4059675163541734,False
CPER,2017,LOGIT,5,0.56,-0.47188120558228924,0.0,-0.08110096422779922,0.023694370930547375,-0.15505603005163804,-0.39020518013767214,13.0,3,-0.08408426890545229,0.1336556118604828,0.10716895908011703,0.028995220648974085,0.09730994097895551,0.2792155611475147,-0.09054441925261458,-0.030865989024333795,14.039999961853027,2.609999656677246,1.22,2.49,1.2700000000000002,53.8,4.390000000000001,0.900100000000009,False,,-0.47188120558228924,False
CPER,2017,LOGIT,5,0.6,-0.454255929639463,0.0,-0.07204496742600364,0.023694370930547375,-0.15449467314405219,-0.38419548840501727,12.0,3,-0.08408426890545229,0.1336556118604828,0.10716895908011703,0.028995220648974085,0.09730994097895551,0.2792155611475147,-0.09054441925261458,-0.030865989024333795,14.039999961853027,2.609999656677246,1.22,2.49,1.2700000000000002,53.8,4.390000000000001,0.900100000000009,False,,-0.454255929639463,False
CPER,2017,LOGIT,5,0.64,-0.5141864880228908,0.0,-0.0637998767114274,-0.025782449840852758,-0.1691822079008638,-0.3797839585958861,12.0,3,-0.08408426890545229,0.1336556118604828,0.10716895908011703,0.028995220648974085,0.09730994097895551,0.2792155611475147,-0.09054441925261458,-0.030865989024333795,14.039999961853027,2.609999656677246,1.22,2.49,1.2700000000000002,53.8,4.390000000000001,0.900100000000009,False,,-0.5141864880228908,False
CPER,2017,LOGIT,20,0.52,-0.26988246984896447,0.6666666666666666,0.01419247529060641,0.3573045310265077,-0.0908671509906751,-0.35319354024933247,7.0,3,-0.08408426890545229,0.1336556118604828,0.10716895908011703,0.028995220648974085,0.09730994097895551,0.2792155611475147,-0.09054441925261458,-0.030865989024333795,14.039999961853027,2.609999656677246,1.22,2.49,1.2700000000000002,53.8,4.390000000000001,0.900100000000009,False,,-0.26988246984896447,False
CPER,2017,LOGIT,20,0.56,-0.18736724800008264,0.6666666666666666,0.01419247529060641,0.3573045310265077,-0.06799986814446646,-0.35319354024933247,5.0,3,-0.08408426890545229,0.1336556118604828,0.10716895908011703,0.028995220648974085,0.09730994097895551,0.2792155611475147,-0.09054441925261458,-0.030865989024333795,14.039999961853027,2.609999656677246,1.22,2.49,1.2700000000000002,53.8,4.390000000000001,0.900100000000009,False,,-0.18736724800008264,False
CPER,2017,LOGIT,20,0.6,-0.18736724800008264,0.6666666666666666,0.01419247529060641,0.3573045310265077,-0.06799986814446646,-0.35319354024933247,5.0,3,-0.08408426890545229,0.1336556118604828,0.10716895908011703,0.028995220648974085,0.09730994097895551,0.2792155611475147,-0.09054441925261458,-0.030865989024333795,14.039999961853027,2.609999656677246,1.22,2.49,1.2700000000000002,53.8,4.390000000000001,0.900100000000009,False,,-0.18736724800008264,False
CPER,2017,LOGIT,20,0.64,-0.18736724800008264,0.6666666666666666,0.01419247529060641,0.3573045310265077,-0.06799986814446646,-0.35319354024933247,5.0,3,-0.08408426890545229,0.1336556118604828,0.10716895908011703,0.028995220648974085,0.09730994097895551,0.2792155611475147,-0.09054441925261458,-0.030865989024333795,14.039999961853027,2.609999656677246,1.22,2.49,1.2700000000000002,53.8,4.390000000000001,0.900100000000009,False,,-0.18736724800008264,False
CPER,2017,RF,1,0.52,-0.7792414463842728,0.3333333333333333,-0.09527366281273464,-0.22733981779097065,-0.2529206166662552,-0.35476282290004013,8.0,3,-0.08408426890545229,0.1336556118604828,0.10716895908011703,0.028995220648974085,0.09730994097895551,0.2792155611475147,-0.09054441925261458,-0.030865989024333795,14.039999961853027,2.609999656677246,1.22,2.49,1.2700000000000002,53.8,4.390000000000001,0.900100000000009,False,,-0.7792414463842728,False
CPER,2017,RF,1,0.56,-0.23524817344265134,0.3333333333333333,-0.0040961233920492335,0.143370837451946,-0.04808159988421945,-0.3171514473908622,6.0,3,-0.08408426890545229,0.1336556118604828,0.10716895908011703,0.028995220648974085,0.09730994097895551,0.2792155611475147,-0.09054441925261458,-0.030865989024333795,14.039999961853027,2.609999656677246,1.22,2.49,1.2700000000000002,53.8,4.390000000000001,0.900100000000009,False,,-0.23524817344265134,False
CPER,2017,RF,1,0.6,-0.305794887686606,0.3333333333333333,0.0,0.0,-0.055498943270007484,-0.08407757609910815,2.0,3,-0.08408426890545229,0.1336556118604828,0.10716895908011703,0.028995220648974085,0.09730994097895551,0.2792155611475147,-0.09054441925261458,-0.030865989024333795,14.039999961853027,2.609999656677246,1.22,2.49,1.2700000000000002,53.8,4.390000000000001,0.900100000000009,False,,-0.305794887686606,False
CPER,2017,RF,1,0.64,-0.23491589844922214,0.0,0.0,0.0,-0.055498943270007484,-0.08407757609910815,0.0,3,-0.08408426890545229,0.1336556118604828,0.10716895908011703,0.028995220648974085,0.09730994097895551,0.2792155611475147,-0.09054441925261458,-0.030865989024333795,14.039999961853027,2.609999656677246,1.22,2.49,1.2700000000000002,53.8,4.390000000000001,0.900100000000009,False,,-0.23491589844922214,False
CPER,2017,RF,5,0.52,-0.3754075742092241,0.3333333333333333,-0.02697078342569803,0.020195204748398678,-0.13155864931757333,-0.3486068376992928,7.0,3,-0.08408426890545229,0.1336556118604828,0.10716895908011703,0.028995220648974085,0.09730994097895551,0.2792155611475147,-0.09054441925261458,-0.030865989024333795,14.039999961853027,2.609999656677246,1.22,2.49,1.2700000000000002,53.8,4.390000000000001,0.900100000000009,False,,-0.3754075742092241,False
CPER,2017,RF,5,0.56,-1.3762458351099338,0.3333333333333333,-0.07604774216881705,-0.7800109567177562,-0.11772108140631521,-0.27934887311728207,6.0,3,-0.08408426890545229,0.1336556118604828,0.10716895908011703,0.028995220648974085,0.09730994097895551,0.2792155611475147,-0.09054441925261458,-0.030865989024333795,14.039999961853027,2.609999656677246,1.22,2.49,1.2700000000000002,53.8,4.390000000000001,0.900100000000009,False,,-1.3762458351099338,False
CPER,2017,RF,5,0.6,-0.8805921483995378,0.3333333333333333,-0.04814573179758774,-0.3248425704918793,-0.07594821915088046,-0.11056086108082874,4.0,3,-0.08408426890545229,0.1336556118604828,0.10716895908011703,0.028995220648974085,0.09730994097895551,0.2792155611475147,-0.09054441925261458,-0.030865989024333795,14.039999961853027,2.609999656677246,1.22,2.49,1.2700000000000002,53.8,4.390000000000001,0.900100000000009,False,,-0.8805921483995378,False
CPER,2017,RF,5,0.64,-0.3592711726754124,0.3333333333333333,0.0,0.0,-0.048552712422702204,-0.07763045481849062,2.0,3,-0.08408426890545229,0.1336556118604828,0.10716895908011703,0.028995220648974085,0.09730994097895551,0.2792155611475147,-0.09054441925261458,-0.030865989024333795,14.039999961853027,2.609999656677246,1.22,2.49,1.2700000000000002,53.8,4.390000000000001,0.900100000000009,False,,-0.3592711726754124,False
CPER,2017,RF,20,0.52,-0.2168661957212642,0.0,-0.016460092816299676,0.23540992121724744,-0.10038470575268355,-0.35476282290004013,7.0,3,-0.08408426890545229,0.1336556118604828,0.10716895908011703,0.028995220648974085,0.09730994097895551,0.2792155611475147,-0.09054441925261458,-0.030865989024333795,14.039999961853027,2.609999656677246,1.22,2.49,1.2700000000000002,53.8,4.390000000000001,0.900100000000009,False,,-0.2168661957212642,False
CPER,2017,RF,20,0.56,-0.4343465813344609,0.3333333333333333,-0.007301304900332317,-0.02272264146052428,-0.07793907607843209,-0.34191672444866295,7.0,3,-0.08408426890545229,0.1336556118604828,0.10716895908011703,0.028995220648974085,0.09730994097895551,0.2792155611475147,-0.09054441925261458,-0.030865989024333795,14.039999961853027,2.609999656677246,1.22,2.49,1.2700000000000002,53.8,4.390000000000001,0.900100000000009,False,,-0.4343465813344609,False
CPER,2017,RF,20,0.6,-0.5851377089268351,0.3333333333333333,-0.02191156085052981,-0.18467792058307148,-0.029033109274511082,-0.27934887311728207,6.0,3,-0.08408426890545229,0.1336556118604828,0.10716895908011703,0.028995220648974085,0.09730994097895551,0.2792155611475147,-0.09054441925261458,-0.030865989024333795,14.039999961853027,2.609999656677246,1.22,2.49,1.2700000000000002,53.8,4.390000000000001,0.900100000000009,False,,-0.5851377089268351,False
CPER,2017,RF,20,0.64,-0.2251809068725094,0.3333333333333333,0.0,0.017975511746903733,-0.0011713214453094034,-0.27934887311728207,2.0,3,-0.08408426890545229,0.1336556118604828,0.10716895908011703,0.028995220648974085,0.09730994097895551,0.2792155611475147,-0.09054441925261458,-0.030865989024333795,14.039999961853027,2.609999656677246,1.22,2.49,1.2700000000000002,53.8,4.390000000000001,0.900100000000009,False,,-0.2251809068725094,False
CPER,2017,HGB,1,0.52,-0.9140566419031996,0.0,-0.17107066699423124,-0.23040712984940867,-0.2504901531721129,-0.34191672444866295,17.0,3,-0.08408426890545229,0.1336556118604828,0.10716895908011703,0.028995220648974085,0.09730994097895551,0.2792155611475147,-0.09054441925261458,-0.030865989024333795,14.039999961853027,2.609999656677246,1.22,2.49,1.2700000000000002,53.8,4.390000000000001,0.900100000000009,False,,-0.9140566419031996,False
CPER,2017,HGB,1,0.56,-1.2134916237009847,0.0,-0.18467377239406646,-0.4154102086531735,-0.245143409785467,-0.34191672444866295,17.0,3,-0.08408426890545229,0.1336556118604828,0.10716895908011703,0.028995220648974085,0.09730994097895551,0.2792155611475147,-0.09054441925261458,-0.030865989024333795,14.039999961853027,2.609999656677246,1.22,2.49,1.2700000000000002,53.8,4.390000000000001,0.900100000000009,False,,-1.2134916237009847,False
CPER,2017,HGB,1,0.6,-1.3067111861266396,0.0,-0.11910964974980331,-0.5377839762196632,-0.15509394241914143,-0.3171514473908622,12.0,3,-0.08408426890545229,0.1336556118604828,0.10716895908011703,0.028995220648974085,0.09730994097895551,0.2792155611475147,-0.09054441925261458,-0.030865989024333795,14.039999961853027,2.609999656677246,1.22,2.49,1.2700000000000002,53.8,4.390000000000001,0.900100000000009,False,,-1.3067111861266396,False
CPER,2017,HGB,1,0.64,-1.30751838055219,0.0,-0.13850019401605007,-0.6189220579687877,-0.13864137340144633,-0.3171514473908622,10.0,3,-0.08408426890545229,0.1336556118604828,0.10716895908011703,0.028995220648974085,0.09730994097895551,0.2792155611475147,-0.09054441925261458,-0.030865989024333795,14.039999961853027,2.609999656677246,1.22,2.49,1.2700000000000002,53.8,4.390000000000001,0.900100000000009,False,,-1.30751838055219,False
CPER,2017,HGB,5,0.52,-0.9172571930786608,0.3333333333333333,-0.06743375364334692,-0.2900915359568986,-0.10159416523542553,-0.3377016061392911,16.0,3,-0.08408426890545229,0.1336556118604828,0.10716895908011703,0.028995220648974085,0.09730994097895551,0.2792155611475147,-0.09054441925261458,-0.030865989024333795,14.039999961853027,2.609999656677246,1.22,2.49,1.2700000000000002,53.8,4.390000000000001,0.900100000000009,False,,-0.9172571930786608,False
CPER,2017,HGB,5,0.56,-0.9189420051646703,0.0,-0.07099026459509261,-0.366211738805443,-0.11325567597492658,-0.37111649591708684,10.0,3,-0.08408426890545229,0.1336556118604828,0.10716895908011703,0.028995220648974085,0.09730994097895551,0.2792155611475147,-0.09054441925261458,-0.030865989024333795,14.039999961853027,2.609999656677246,1.22,2.49,1.2700000000000002,53.8,4.390000000000001,0.900100000000009,False,,-0.9189420051646703,False
CPER,2017,HGB,5,0.6,-0.7815760569661049,0.0,-0.07479638110974329,-0.22722735305944325,-0.11498072717515473,-0.39517714378783186,10.0,3,-0.08408426890545229,0.1336556118604828,0.10716895908011703,0.028995220648974085,0.09730994097895551,0.2792155611475147,-0.09054441925261458,-0.030865989024333795,14.039999961853027,2.609999656677246,1.22,2.49,1.2700000000000002,53.8,4.390000000000001,0.900100000000009,False,,-0.7815760569661049,False
CPER,2017,HGB,5,0.64,-0.6367436036911395,0.3333333333333333,-0.043380258551523276,-0.17750569213556022,-0.06487259170475135,-0.10992032924228068,10.0,3,-0.08408426890545229,0.1336556118604828,0.10716895908011703,0.028995220648974085,0.09730994097895551,0.2792155611475147,-0.09054441925261458,-0.030865989024333795,14.039999961853027,2.609999656677246,1.22,2.49,1.2700000000000002,53.8,4.390000000000001,0.900100000000009,False,,-0.6367436036911395,False
CPER,2017,HGB,20,0.52,-0.7041808377248349,0.0,-0.07591179899446232,-0.30787076046741274,-0.11011035861412544,-0.1928142292237145,12.0,3,-0.08408426890545229,0.1336556118604828,0.10716895908011703,0.028995220648974085,0.09730994097895551,0.2792155611475147,-0.09054441925261458,-0.030865989024333795,14.039999961853027,2.609999656677246,1.22,2.49,1.2700000000000002,53.8,4.390000000000001,0.900100000000009,False,,-0.7041808377248349,False
CPER,2017,HGB,20,0.56,-0.7638881823599242,0.0,-0.09214631703619203,-0.47262299730461543,-0.12483123606308777,-0.1928142292237145,8.0,3,-0.08408426890545229,0.1336556118604828,0.10716895908011703,0.028995220648974085,0.09730994097895551,0.2792155611475147,-0.09054441925261458,-0.030865989024333795,14.039999961853027,2.609999656677246,1.22,2.49,1.2700000000000002,53.8,4.390000000000001,0.900100000000009,False,,-0.7638881823599242,False
CPER,2017,HGB,20,0.6,-1.0601028503885503,0.3333333333333333,-0.09882430385861651,-0.4387415426487751,-0.11403054946138247,-0.1848128674650128,8.0,3,-0.08408426890545229,0.1336556118604828,0.10716895908011703,0.028995220648974085,0.09730994097895551,0.2792155611475147,-0.09054441925261458,-0.030865989024333795,14.039999961853027,2.609999656677246,1.22,2.49,1.2700000000000002,53.8,4.390000000000001,0.900100000000009,False,,-1.0601028503885503,False
CPER,2017,HGB,20,0.64,-0.9109446538742769,0.3333333333333333,-0.06202325080409521,-0.3222850033036876,-0.12859451954361556,-0.20809796225540755,7.0,3,-0.08408426890545229,0.1336556118604828,0.10716895908011703,0.028995220648974085,0.09730994097895551,0.2792155611475147,-0.09054441925261458,-0.030865989024333795,14.039999961853027,2.609999656677246,1.22,2.49,1.2700000000000002,53.8,4.390000000000001,0.900100000000009,False,,-0.9109446538742769,False
CPER,2018,BUYHOLD,0,,0.037060050669964775,0.6666666666666666,0.07620649938852098,0.39032802217311025,-0.13528649738140608,-0.35476282290004013,1.0,3,0.02229233817087728,0.0864953865251128,0.13846562711358068,0.027039583578237547,0.09125910530112447,0.27672960303716515,-0.007311004027593437,-0.04566629999434013,11.039999961853027,1.4200000762939453,1.91,2.43,0.5200000000000002,59.84,2.5900000000000034,0.18890000000000384,True,,0.037060050669964775,False
CPER,2018,CASH,0,,0.0,0.0,0.0,0.0,0.0,0.0,0.0,3,0.02229233817087728,0.0864953865251128,0.13846562711358068,0.027039583578237547,0.09125910530112447,0.27672960303716515,-0.007311004027593437,-0.04566629999434013,11.039999961853027,1.4200000762939453,1.91,2.43,0.5200000000000002,59.84,2.5900000000000034,0.18890000000000384,False,,0.0,False
CPER,2018,MOMENTUM,0,,-0.9735508918402895,0.0,-0.07574557518993097,-0.5604413083657183,-0.08660788376779582,-0.17077863664596893,12.0,3,0.02229233817087728,0.0864953865251128,0.13846562711358068,0.027039583578237547,0.09125910530112447,0.27672960303716515,-0.007311004027593437,-0.04566629999434013,11.039999961853027,1.4200000762939453,1.91,2.43,0.5200000000000002,59.84,2.5900000000000034,0.18890000000000384,False,,-0.9735508918402895,False
CPER,2018,MEANREV,0,,-0.2825845617099356,0.6666666666666666,0.011337874932213499,0.21149901433013507,-0.08971246430487578,-0.3195839479959607,6.0,3,0.02229233817087728,0.0864953865251128,0.13846562711358068,0.027039583578237547,0.09125910530112447,0.27672960303716515,-0.007311004027593437,-0.04566629999434013,11.039999961853027,1.4200000762939453,1.91,2.43,0.5200000000000002,59.84,2.5900000000000034,0.18890000000000384,False,,-0.2825845617099356,False
CPER,2018,TREND60,0,,-0.6208645608628705,0.3333333333333333,-0.04366442155242489,-0.15358508045122962,-0.07574557518993097,-0.1641125871815512,12.0,3,0.02229233817087728,0.0864953865251128,0.13846562711358068,0.027039583578237547,0.09125910530112447,0.27672960303716515,-0.007311004027593437,-0.04566629999434013,11.039999961853027,1.4200000762939453,1.91,2.43,0.5200000000000002,59.84,2.5900000000000034,0.18890000000000384,False,,-0.6208645608628705,False
CPER,2018,TREND200_0,0,,-0.11944807981212231,0.6666666666666666,0.033421342503763274,0.3054884138310751,-0.03231578001849955,-0.09054441925261525,1.0,3,0.02229233817087728,0.0864953865251128,0.13846562711358068,0.027039583578237547,0.09125910530112447,0.27672960303716515,-0.007311004027593437,-0.04566629999434013,11.039999961853027,1.4200000762939453,1.91,2.43,0.5200000000000002,59.84,2.5900000000000034,0.18890000000000384,False,,-0.11944807981212231,False
CPER,2018,TREND200_33,0,,0.16987088486274993,0.6666666666666666,0.0559703707642909,0.4107453192614233,-0.032243459275758224,-0.1235432054838701,1.0,3,0.02229233817087728,0.0864953865251128,0.13846562711358068,0.027039583578237547,0.09125910530112447,0.27672960303716515,-0.007311004027593437,-0.04566629999434013,11.039999961853027,1.4200000762939453,1.91,2.43,0.5200000000000002,59.84,2.5900000000000034,0.18890000000000384,True,,0.16987088486274993,False
CPER,2018,TREND200_50,0,,0.15556057087356334,0.6666666666666666,0.06440114881950976,0.4163701120615435,-0.04620236339328532,-0.18470604634590038,1.0,3,0.02229233817087728,0.0864953865251128,0.13846562711358068,0.027039583578237547,0.09125910530112447,0.27672960303716515,-0.007311004027593437,-0.04566629999434013,11.039999961853027,1.4200000762939453,1.91,2.43,0.5200000000000002,59.84,2.5900000000000034,0.18890000000000384,True,,0.15556057087356334,False
CPER,2018,TREND200_67,0,,0.12147590660151118,0.6666666666666666,0.0706072433872249,0.40997843874061213,-0.0689113181442188,-0.2441746323148427,1.0,3,0.02229233817087728,0.0864953865251128,0.13846562711358068,0.027039583578237547,0.09125910530112447,0.27672960303716515,-0.007311004027593437,-0.04566629999434013,11.039999961853027,1.4200000762939453,1.91,2.43,0.5200000000000002,59.84,2.5900000000000034,0.18890000000000384,True,,0.12147590660151118,False
CPER,2018,VOLTARGET10,0,,0.3837119984658177,0.6666666666666666,0.06712971205407192,0.6218784070286383,-0.02578607564526525,-0.10704867478757862,2.4742183044043475,3,0.02229233817087728,0.0864953865251128,0.13846562711358068,0.027039583578237547,0.09125910530112447,0.27672960303716515,-0.007311004027593437,-0.04566629999434013,11.039999961853027,1.4200000762939453,1.91,2.43,0.5200000000000002,59.84,2.5900000000000034,0.18890000000000384,True,,0.3837119984658177,True
CPER,2018,VOLTARGET15,0,,0.3455626513195373,0.6666666666666666,0.09706873853509657,0.6231123438731824,-0.05016553738078733,-0.15734661892513624,3.7113274566065204,3,0.02229233817087728,0.0864953865251128,0.13846562711358068,0.027039583578237547,0.09125910530112447,0.27672960303716515,-0.007311004027593437,-0.04566629999434013,11.039999961853027,1.4200000762939453,1.91,2.43,0.5200000000000002,59.84,2.5900000000000034,0.18890000000000384,True,,0.3455626513195373,True
CPER,2018,VOLTARGET20,0,,0.2581727295478141,0.6666666666666666,0.10627351745381808,0.5598168404170684,-0.06191524845192298,-0.20239817966947493,4.118067295828657,3,0.02229233817087728,0.0864953865251128,0.13846562711358068,0.027039583578237547,0.09125910530112447,0.27672960303716515,-0.007311004027593437,-0.04566629999434013,11.039999961853027,1.4200000762939453,1.91,2.43,0.5200000000000002,59.84,2.5900000000000034,0.18890000000000384,True,,0.2581727295478141,True
CPER,2018,LOGIT,1,0.52,-0.40490122878733176,0.6666666666666666,0.01700022112044275,0.192275032384238,-0.1410640823495003,-0.1811079064300135,14.0,3,0.02229233817087728,0.0864953865251128,0.13846562711358068,0.027039583578237547,0.09125910530112447,0.27672960303716515,-0.007311004027593437,-0.04566629999434013,11.039999961853027,1.4200000762939453,1.91,2.43,0.5200000000000002,59.84,2.5900000000000034,0.18890000000000384,False,,-0.40490122878733176,False
CPER,2018,LOGIT,1,0.56,-0.3302675391780638,0.6666666666666666,0.01700022112044275,0.192275032384238,-0.12236580670572839,-0.16328134943847383,12.0,3,0.02229233817087728,0.0864953865251128,0.13846562711358068,0.027039583578237547,0.09125910530112447,0.27672960303716515,-0.007311004027593437,-0.04566629999434013,11.039999961853027,1.4200000762939453,1.91,2.43,0.5200000000000002,59.84,2.5900000000000034,0.18890000000000384,False,,-0.3302675391780638,False
CPER,2018,LOGIT,1,0.6,-0.3848651073021375,0.6666666666666666,0.021295591511397483,0.2065546631307506,-0.12236580670572839,-0.16328134943847383,11.0,3,0.02229233817087728,0.0864953865251128,0.13846562711358068,0.027039583578237547,0.09125910530112447,0.27672960303716515,-0.007311004027593437,-0.04566629999434013,11.039999961853027,1.4200000762939453,1.91,2.43,0.5200000000000002,59.84,2.5900000000000034,0.18890000000000384,False,,-0.3848651073021375,False
CPER,2018,LOGIT,1,0.64,-0.40438680243665304,0.6666666666666666,0.021295591511397483,0.2065546631307506,-0.1662923894894479,-0.1955241057052175,5.0,3,0.02229233817087728,0.0864953865251128,0.13846562711358068,0.027039583578237547,0.09125910530112447,0.27672960303716515,-0.007311004027593437,-0.04566629999434013,11.039999961853027,1.4200000762939453,1.91,2.43,0.5200000000000002,59.84,2.5900000000000034,0.18890000000000384,False,,-0.40438680243665304,False
CPER,2018,LOGIT,5,0.52,-0.34236369362490837,0.0,-0.0038465714819083674,0.0,-0.16423584052198548,-0.29474045634555446,8.0,3,0.02229233817087728,0.0864953865251128,0.13846562711358068,0.027039583578237547,0.09125910530112447,0.27672960303716515,-0.007311004027593437,-0.04566629999434013,11.039999961853027,1.4200000762939453,1.91,2.43,0.5200000000000002,59.84,2.5900000000000034,0.18890000000000384,False,,-0.34236369362490837,False
CPER,2018,LOGIT,5,0.56,-0.34825129662295795,0.0,-0.02365089169173884,0.0,-0.15505603005163804,-0.27934887311728207,10.0,3,0.02229233817087728,0.0864953865251128,0.13846562711358068,0.027039583578237547,0.09125910530112447,0.27672960303716515,-0.007311004027593437,-0.04566629999434013,11.039999961853027,1.4200000762939453,1.91,2.43,0.5200000000000002,59.84,2.5900000000000034,0.18890000000000384,False,,-0.34825129662295795,False
CPER,2018,LOGIT,5,0.6,-0.34834990419087974,0.0,-0.02365089169173884,0.0,-0.15449467314405219,-0.27934887311728207,10.0,3,0.02229233817087728,0.0864953865251128,0.13846562711358068,0.027039583578237547,0.09125910530112447,0.27672960303716515,-0.007311004027593437,-0.04566629999434013,11.039999961853027,1.4200000762939453,1.91,2.43,0.5200000000000002,59.84,2.5900000000000034,0.18890000000000384,False,,-0.34834990419087974,False
CPER,2018,LOGIT,5,0.64,-0.4135224744669651,0.0,-0.0350031470372002,-0.025782449840852758,-0.1691822079008638,-0.27934887311728207,12.0,3,0.02229233817087728,0.0864953865251128,0.13846562711358068,0.027039583578237547,0.09125910530112447,0.27672960303716515,-0.007311004027593437,-0.04566629999434013,11.039999961853027,1.4200000762939453,1.91,2.43,0.5200000000000002,59.84,2.5900000000000034,0.18890000000000384,False,,-0.4135224744669651,False
CPER,2018,LOGIT,20,0.52,0.09950603800885353,0.6666666666666666,0.01419247529060641,0.7869697139913535,-0.0908671509906751,-0.14907971699840206,7.0,3,0.02229233817087728,0.0864953865251128,0.13846562711358068,0.027039583578237547,0.09125910530112447,0.27672960303716515,-0.007311004027593437,-0.04566629999434013,11.039999961853027,1.4200000762939453,1.91,2.43,0.5200000000000002,59.84,2.5900000000000034,0.18890000000000384,True,,0.09950603800885353,False
CPER,2018,LOGIT,20,0.56,0.1943310675473679,0.6666666666666666,0.01419247529060641,0.7869697139913535,-0.06799986814446646,-0.12767664613568153,5.0,3,0.02229233817087728,0.0864953865251128,0.13846562711358068,0.027039583578237547,0.09125910530112447,0.27672960303716515,-0.007311004027593437,-0.04566629999434013,11.039999961853027,1.4200000762939453,1.91,2.43,0.5200000000000002,59.84,2.5900000000000034,0.18890000000000384,True,,0.1943310675473679,False
CPER,2018,LOGIT,20,0.6,0.1943310675473679,0.6666666666666666,0.01419247529060641,0.7869697139913535,-0.06799986814446646,-0.12767664613568153,5.0,3,0.02229233817087728,0.0864953865251128,0.13846562711358068,0.027039583578237547,0.09125910530112447,0.27672960303716515,-0.007311004027593437,-0.04566629999434013,11.039999961853027,1.4200000762939453,1.91,2.43,0.5200000000000002,59.84,2.5900000000000034,0.18890000000000384,True,,0.1943310675473679,False
CPER,2018,LOGIT,20,0.64,0.20688757941368696,0.6666666666666666,0.01419247529060641,0.7869697139913535,-0.06799986814446646,-0.12767664613568153,5.0,3,0.02229233817087728,0.0864953865251128,0.13846562711358068,0.027039583578237547,0.09125910530112447,0.27672960303716515,-0.007311004027593437,-0.04566629999434013,11.039999961853027,1.4200000762939453,1.91,2.43,0.5200000000000002,59.84,2.5900000000000034,0.18890000000000384,True,,0.20688757941368696,False
CPER,2018,RF,1,0.52,-0.8286756321416733,0.3333333333333333,-0.09527366281273464,-0.22733981779097065,-0.2529206166662552,-0.35476282290004013,5.0,3,0.02229233817087728,0.0864953865251128,0.13846562711358068,0.027039583578237547,0.09125910530112447,0.27672960303716515,-0.007311004027593437,-0.04566629999434013,11.039999961853027,1.4200000762939453,1.91,2.43,0.5200000000000002,59.84,2.5900000000000034,0.18890000000000384,False,,-0.8286756321416733,False
CPER,2018,RF,1,0.56,-0.3420606473362264,0.3333333333333333,-0.0040961233920492335,0.23972254386029543,-0.04808159988421945,-0.3171514473908622,4.0,3,0.02229233817087728,0.0864953865251128,0.13846562711358068,0.027039583578237547,0.09125910530112447,0.27672960303716515,-0.007311004027593437,-0.04566629999434013,11.039999961853027,1.4200000762939453,1.91,2.43,0.5200000000000002,59.84,2.5900000000000034,0.18890000000000384,False,,-0.3420606473362264,False
CPER,2018,RF,1,0.6,-0.08317913529497319,0.3333333333333333,0.0,0.0,0.0,-0.03348614108045256,0.0,3,0.02229233817087728,0.0864953865251128,0.13846562711358068,0.027039583578237547,0.09125910530112447,0.27672960303716515,-0.007311004027593437,-0.04566629999434013,11.039999961853027,1.4200000762939453,1.91,2.43,0.5200000000000002,59.84,2.5900000000000034,0.18890000000000384,False,,-0.08317913529497319,False
CPER,2018,RF,1,0.64,0.0,0.0,0.0,0.0,0.0,0.0,0.0,3,0.02229233817087728,0.0864953865251128,0.13846562711358068,0.027039583578237547,0.09125910530112447,0.27672960303716515,-0.007311004027593437,-0.04566629999434013,11.039999961853027,1.4200000762939453,1.91,2.43,0.5200000000000002,59.84,2.5900000000000034,0.18890000000000384,False,,0.0,False
CPER,2018,RF,5,0.52,-0.4262898314093753,0.3333333333333333,-0.02697078342569803,0.020195204748398678,-0.13155864931757333,-0.34191672444866295,4.0,3,0.02229233817087728,0.0864953865251128,0.13846562711358068,0.027039583578237547,0.09125910530112447,0.27672960303716515,-0.007311004027593437,-0.04566629999434013,11.039999961853027,1.4200000762939453,1.91,2.43,0.5200000000000002,59.84,2.5900000000000034,0.18890000000000384,False,,-0.4262898314093753,False
CPER,2018,RF,5,0.56,-0.29679072062757006,0.6666666666666666,0.02114295731875293,0.22675690375642524,-0.11772108140631521,-0.27934887311728207,6.0,3,0.02229233817087728,0.0864953865251128,0.13846562711358068,0.027039583578237547,0.09125910530112447,0.27672960303716515,-0.007311004027593437,-0.04566629999434013,11.039999961853027,1.4200000762939453,1.91,2.43,0.5200000000000002,59.84,2.5900000000000034,0.18890000000000384,False,,-0.29679072062757006,False
CPER,2018,RF,5,0.6,-0.3927458197435087,0.3333333333333333,0.0,0.0,-0.04814573179758774,-0.11056086108082874,4.0,3,0.02229233817087728,0.0864953865251128,0.13846562711358068,0.027039583578237547,0.09125910530112447,0.27672960303716515,-0.007311004027593437,-0.04566629999434013,11.039999961853027,1.4200000762939453,1.91,2.43,0.5200000000000002,59.84,2.5900000000000034,0.18890000000000384,False,,-0.3927458197435087,False
CPER,2018,RF,5,0.64,-0.3592711726754124,0.3333333333333333,0.0,0.0,-0.048552712422702204,-0.07763045481849062,2.0,3,0.02229233817087728,0.0864953865251128,0.13846562711358068,0.027039583578237547,0.09125910530112447,0.27672960303716515,-0.007311004027593437,-0.04566629999434013,11.039999961853027,1.4200000762939453,1.91,2.43,0.5200000000000002,59.84,2.5900000000000034,0.18890000000000384,False,,-0.3592711726754124,False
CPER,2018,RF,20,0.52,-0.21437631421574654,0.3333333333333333,-0.016460092816299676,0.23540992121724744,-0.10038470575268355,-0.35476282290004013,6.0,3,0.02229233817087728,0.0864953865251128,0.13846562711358068,0.027039583578237547,0.09125910530112447,0.27672960303716515,-0.007311004027593437,-0.04566629999434013,11.039999961853027,1.4200000762939453,1.91,2.43,0.5200000000000002,59.84,2.5900000000000034,0.18890000000000384,False,,-0.21437631421574654,False
CPER,2018,RF,20,0.56,-0.22298235294879248,0.6666666666666666,0.0012250409627787562,0.2617511504519091,-0.07793907607843209,-0.34191672444866295,7.0,3,0.02229233817087728,0.0864953865251128,0.13846562711358068,0.027039583578237547,0.09125910530112447,0.27672960303716515,-0.007311004027593437,-0.04566629999434013,11.039999961853027,1.4200000762939453,1.91,2.43,0.5200000000000002,59.84,2.5900000000000034,0.18890000000000384,False,,-0.22298235294879248,False
CPER,2018,RF,20,0.6,-0.3792070789104496,0.3333333333333333,0.0,0.0,-0.029033109274511082,-0.27934887311728207,6.0,3,0.02229233817087728,0.0864953865251128,0.13846562711358068,0.027039583578237547,0.09125910530112447,0.27672960303716515,-0.007311004027593437,-0.04566629999434013,11.039999961853027,1.4200000762939453,1.91,2.43,0.5200000000000002,59.84,2.5900000000000034,0.18890000000000384,False,,-0.3792070789104496,False
CPER,2018,RF,20,0.64,-0.2251809068725094,0.3333333333333333,0.0,0.017975511746903733,-0.0011713214453094034,-0.27934887311728207,2.0,3,0.02229233817087728,0.0864953865251128,0.13846562711358068,0.027039583578237547,0.09125910530112447,0.27672960303716515,-0.007311004027593437,-0.04566629999434013,11.039999961853027,1.4200000762939453,1.91,2.43,0.5200000000000002,59.84,2.5900000000000034,0.18890000000000384,False,,-0.2251809068725094,False
CPER,2018,HGB,1,0.52,-1.0358193877556965,0.3333333333333333,-0.17107066699423124,-0.23040712984940867,-0.2504901531721129,-0.34191672444866295,15.0,3,0.02229233817087728,0.0864953865251128,0.13846562711358068,0.027039583578237547,0.09125910530112447,0.27672960303716515,-0.007311004027593437,-0.04566629999434013,11.039999961853027,1.4200000762939453,1.91,2.43,0.5200000000000002,59.84,2.5900000000000034,0.18890000000000384,False,,-1.0358193877556965,False
CPER,2018,HGB,1,0.56,-1.1535731680376555,0.3333333333333333,-0.18467377239406646,-0.21852382267061657,-0.245143409785467,-0.34191672444866295,16.0,3,0.02229233817087728,0.0864953865251128,0.13846562711358068,0.027039583578237547,0.09125910530112447,0.27672960303716515,-0.007311004027593437,-0.04566629999434013,11.039999961853027,1.4200000762939453,1.91,2.43,0.5200000000000002,59.84,2.5900000000000034,0.18890000000000384,False,,-1.1535731680376555,False
CPER,2018,HGB,1,0.6,-0.8152999143978117,0.3333333333333333,-0.11910964974980331,0.021995688571254966,-0.15509394241914143,-0.3171514473908622,12.0,3,0.02229233817087728,0.0864953865251128,0.13846562711358068,0.027039583578237547,0.09125910530112447,0.27672960303716515,-0.007311004027593437,-0.04566629999434013,11.039999961853027,1.4200000762939453,1.91,2.43,0.5200000000000002,59.84,2.5900000000000034,0.18890000000000384,False,,-0.8152999143978117,False
CPER,2018,HGB,1,0.64,-0.7727969108543519,0.3333333333333333,-0.13850019401605007,-0.030183281494953862,-0.13864137340144633,-0.3171514473908622,10.0,3,0.02229233817087728,0.0864953865251128,0.13846562711358068,0.027039583578237547,0.09125910530112447,0.27672960303716515,-0.007311004027593437,-0.04566629999434013,11.039999961853027,1.4200000762939453,1.91,2.43,0.5200000000000002,59.84,2.5900000000000034,0.18890000000000384,False,,-0.7727969108543519,False
CPER,2018,HGB,5,0.52,-0.6979451068275176,0.0,-0.06743375364334692,-0.2900915359568986,-0.10159416523542553,-0.16267494539159333,14.0,3,0.02229233817087728,0.0864953865251128,0.13846562711358068,0.027039583578237547,0.09125910530112447,0.27672960303716515,-0.007311004027593437,-0.04566629999434013,11.039999961853027,1.4200000762939453,1.91,2.43,0.5200000000000002,59.84,2.5900000000000034,0.18890000000000384,False,,-0.6979451068275176,False
CPER,2018,HGB,5,0.56,-0.8468648909850672,0.3333333333333333,-0.07099026459509261,-0.366211738805443,-0.11325567597492658,-0.1619592854623778,10.0,3,0.02229233817087728,0.0864953865251128,0.13846562711358068,0.027039583578237547,0.09125910530112447,0.27672960303716515,-0.007311004027593437,-0.04566629999434013,11.039999961853027,1.4200000762939453,1.91,2.43,0.5200000000000002,59.84,2.5900000000000034,0.18890000000000384,False,,-0.8468648909850672,False
CPER,2018,HGB,5,0.6,-0.7738811029294491,0.3333333333333333,-0.04449845536476282,-0.22722735305944325,-0.11498072717515473,-0.1563084798846922,10.0,3,0.02229233817087728,0.0864953865251128,0.13846562711358068,0.027039583578237547,0.09125910530112447,0.27672960303716515,-0.007311004027593437,-0.04566629999434013,11.039999961853027,1.4200000762939453,1.91,2.43,0.5200000000000002,59.84,2.5900000000000034,0.18890000000000384,False,,-0.7738811029294491,False
CPER,2018,HGB,5,0.64,-0.2288164729052563,0.6666666666666666,0.018935765127010562,0.23412142695928842,-0.043380258551523276,-0.10992032924228068,10.0,3,0.02229233817087728,0.0864953865251128,0.13846562711358068,0.027039583578237547,0.09125910530112447,0.27672960303716515,-0.007311004027593437,-0.04566629999434013,11.039999961853027,1.4200000762939453,1.91,2.43,0.5200000000000002,59.84,2.5900000000000034,0.18890000000000384,False,,-0.2288164729052563,False
CPER,2018,HGB,20,0.52,-1.0090876571518788,0.3333333333333333,-0.07591179899446232,-0.2102690510754664,-0.11011035861412544,-0.1928142292237145,14.0,3,0.02229233817087728,0.0864953865251128,0.13846562711358068,0.027039583578237547,0.09125910530112447,0.27672960303716515,-0.007311004027593437,-0.04566629999434013,11.039999961853027,1.4200000762939453,1.91,2.43,0.5200000000000002,59.84,2.5900000000000034,0.18890000000000384,False,,-1.0090876571518788,False
CPER,2018,HGB,20,0.56,-1.0224336562334022,0.3333333333333333,-0.09214631703619203,-0.44310633181986914,-0.12483123606308777,-0.1928142292237145,8.0,3,0.02229233817087728,0.0864953865251128,0.13846562711358068,0.027039583578237547,0.09125910530112447,0.27672960303716515,-0.007311004027593437,-0.04566629999434013,11.039999961853027,1.4200000762939453,1.91,2.43,0.5200000000000002,59.84,2.5900000000000034,0.18890000000000384,False,,-1.0224336562334022,False
CPER,2018,HGB,20,0.6,-1.2280472880464193,0.3333333333333333,-0.09882430385861651,-0.4387415426487751,-0.11403054946138247,-0.1848128674650128,8.0,3,0.02229233817087728,0.0864953865251128,0.13846562711358068,0.027039583578237547,0.09125910530112447,0.27672960303716515,-0.007311004027593437,-0.04566629999434013,11.039999961853027,1.4200000762939453,1.91,2.43,0.5200000000000002,59.84,2.5900000000000034,0.18890000000000384,False,,-1.2280472880464193,False
CPER,2018,HGB,20,0.64,-1.099800653737796,0.3333333333333333,-0.06202325080409521,-0.3222850033036876,-0.12859451954361556,-0.20809796225540755,6.0,3,0.02229233817087728,0.0864953865251128,0.13846562711358068,0.027039583578237547,0.09125910530112447,0.27672960303716515,-0.007311004027593437,-0.04566629999434013,11.039999961853027,1.4200000762939453,1.91,2.43,0.5200000000000002,59.84,2.5900000000000034,0.18890000000000384,False,,-1.099800653737796,False
CPER,2019,BUYHOLD,0,,0.05288155508696847,0.6666666666666666,0.07620649938852098,0.39032802217311025,-0.09728290124798877,-0.1796183267503917,1.0,3,-0.027854772125522453,-0.027167415013197638,-0.019702675702833683,-0.024458731632608588,-0.031499717677495376,0.20692586876355867,-0.1367404097460616,0.028321433710700283,25.420000076293945,-4.690000534057617,2.52,2.72,0.20000000000000018,45.15,-4.910000000000004,-1.1110999999999933,True,,0.05288155508696847,False
CPER,2019,CASH,0,,0.0,0.0,0.0,0.0,0.0,0.0,0.0,3,-0.027854772125522453,-0.027167415013197638,-0.019702675702833683,-0.024458731632608588,-0.031499717677495376,0.20692586876355867,-0.1367404097460616,0.028321433710700283,25.420000076293945,-4.690000534057617,2.52,2.72,0.20000000000000018,45.15,-4.910000000000004,-1.1110999999999933,False,,0.0,False
CPER,2019,MOMENTUM,0,,-0.6944261482106915,0.0,-0.04366442155242489,-0.3082619620262179,-0.08660788376779582,-0.17077863664596893,12.0,3,-0.027854772125522453,-0.027167415013197638,-0.019702675702833683,-0.024458731632608588,-0.031499717677495376,0.20692586876355867,-0.1367404097460616,0.028321433710700283,25.420000076293945,-4.690000534057617,2.52,2.72,0.20000000000000018,45.15,-4.910000000000004,-1.1110999999999933,False,,-0.6944261482106915,False
CPER,2019,MEANREV,0,,0.7354248780727527,1.0,0.06963139928838546,1.0302396850971534,0.011337874932213499,-0.05641754462591231,6.0,3,-0.027854772125522453,-0.027167415013197638,-0.019702675702833683,-0.024458731632608588,-0.031499717677495376,0.20692586876355867,-0.1367404097460616,0.028321433710700283,25.420000076293945,-4.690000534057617,2.52,2.72,0.20000000000000018,45.15,-4.910000000000004,-1.1110999999999933,True,,0.7354248780727527,True
CPER,2019,TREND60,0,,-0.5385804409209276,0.3333333333333333,-0.04297426057297704,-0.15358508045122962,-0.04366442155242489,-0.12385109927899973,12.0,3,-0.027854772125522453,-0.027167415013197638,-0.019702675702833683,-0.024458731632608588,-0.031499717677495376,0.20692586876355867,-0.1367404097460616,0.028321433710700283,25.420000076293945,-4.690000534057617,2.52,2.72,0.20000000000000018,45.15,-4.910000000000004,-1.1110999999999933,False,,-0.5385804409209276,False
CPER,2019,TREND200_0,0,,-0.13401709658697625,0.6666666666666666,0.033421342503763274,0.3054884138310751,-0.10517528932249665,-0.1100435802503027,1.0,3,-0.027854772125522453,-0.027167415013197638,-0.019702675702833683,-0.024458731632608588,-0.031499717677495376,0.20692586876355867,-0.1367404097460616,0.028321433710700283,25.420000076293945,-4.690000534057617,2.52,2.72,0.20000000000000018,45.15,-4.910000000000004,-1.1110999999999933,False,,-0.13401709658697625,False
CPER,2019,TREND200_33,0,,0.012197261804720125,0.6666666666666666,0.0559703707642909,0.4107453192614233,-0.09885147043235076,-0.11556974131660291,1.0,3,-0.027854772125522453,-0.027167415013197638,-0.019702675702833683,-0.024458731632608588,-0.031499717677495376,0.20692586876355867,-0.1367404097460616,0.028321433710700283,25.420000076293945,-4.690000534057617,2.52,2.72,0.20000000000000018,45.15,-4.910000000000004,-1.1110999999999933,True,,0.012197261804720125,False
CPER,2019,TREND200_50,0,,0.04044628108843358,0.6666666666666666,0.06440114881950976,0.4163701120615435,-0.09701478690029597,-0.13043019243811582,1.0,3,-0.027854772125522453,-0.027167415013197638,-0.019702675702833683,-0.024458731632608588,-0.031499717677495376,0.20692586876355867,-0.1367404097460616,0.028321433710700283,25.420000076293945,-4.690000534057617,2.52,2.72,0.20000000000000018,45.15,-4.910000000000004,-1.1110999999999933,True,,0.04044628108843358,False
CPER,2019,TREND200_67,0,,0.05216895624838673,0.6666666666666666,0.0706072433872249,0.40997843874061213,-0.09615440125678998,-0.1472113626920717,1.0,3,-0.027854772125522453,-0.027167415013197638,-0.019702675702833683,-0.024458731632608588,-0.031499717677495376,0.20692586876355867,-0.1367404097460616,0.028321433710700283,25.420000076293945,-4.690000534057617,2.52,2.72,0.20000000000000018,45.15,-4.910000000000004,-1.1110999999999933,True,,0.05216895624838673,False
CPER,2019,VOLTARGET10,0,,0.3383470912888718,0.6666666666666666,0.06712971205407192,0.6218784070286383,-0.03499697162690241,-0.07614541909962524,2.3658787364863603,3,-0.027854772125522453,-0.027167415013197638,-0.019702675702833683,-0.024458731632608588,-0.031499717677495376,0.20692586876355867,-0.1367404097460616,0.028321433710700283,25.420000076293945,-4.690000534057617,2.52,2.72,0.20000000000000018,45.15,-4.910000000000004,-1.1110999999999933,True,,0.3383470912888718,True
CPER,2019,VOLTARGET15,0,,0.30727355922814054,0.6666666666666666,0.09706873853509657,0.6231123438731824,-0.05564736511383195,-0.11275360185389294,3.644985851887191,3,-0.027854772125522453,-0.027167415013197638,-0.019702675702833683,-0.024458731632608588,-0.031499717677495376,0.20692586876355867,-0.1367404097460616,0.028321433710700283,25.420000076293945,-4.690000534057617,2.52,2.72,0.20000000000000018,45.15,-4.910000000000004,-1.1110999999999933,True,,0.30727355922814054,True
CPER,2019,VOLTARGET20,0,,0.21620731856929323,0.6666666666666666,0.10627351745381808,0.5598168404170684,-0.07616473051352202,-0.1483872556690795,3.815284462775384,3,-0.027854772125522453,-0.027167415013197638,-0.019702675702833683,-0.024458731632608588,-0.031499717677495376,0.20692586876355867,-0.1367404097460616,0.028321433710700283,25.420000076293945,-4.690000534057617,2.52,2.72,0.20000000000000018,45.15,-4.910000000000004,-1.1110999999999933,True,,0.21620731856929323,False
CPER,2019,LOGIT,1,0.52,-0.1821501697468817,0.6666666666666666,0.01700022112044275,0.192275032384238,-0.11773001567979402,-0.1796183267503917,3.0,3,-0.027854772125522453,-0.027167415013197638,-0.019702675702833683,-0.024458731632608588,-0.031499717677495376,0.20692586876355867,-0.1367404097460616,0.028321433710700283,25.420000076293945,-4.690000534057617,2.52,2.72,0.20000000000000018,45.15,-4.910000000000004,-1.1110999999999933,False,,-0.1821501697468817,False
CPER,2019,LOGIT,1,0.56,-0.3299528829107859,0.6666666666666666,0.01700022112044275,0.192275032384238,-0.1552493324778339,-0.1796183267503918,9.0,3,-0.027854772125522453,-0.027167415013197638,-0.019702675702833683,-0.024458731632608588,-0.031499717677495376,0.20692586876355867,-0.1367404097460616,0.028321433710700283,25.420000076293945,-4.690000534057617,2.52,2.72,0.20000000000000018,45.15,-4.910000000000004,-1.1110999999999933,False,,-0.3299528829107859,False
CPER,2019,LOGIT,1,0.6,-0.42793070357334373,0.6666666666666666,0.021295591511397483,0.2065546631307506,-0.1619007362636372,-0.18260062662418686,9.0,3,-0.027854772125522453,-0.027167415013197638,-0.019702675702833683,-0.024458731632608588,-0.031499717677495376,0.20692586876355867,-0.1367404097460616,0.028321433710700283,25.420000076293945,-4.690000534057617,2.52,2.72,0.20000000000000018,45.15,-4.910000000000004,-1.1110999999999933,False,,-0.42793070357334373,False
CPER,2019,LOGIT,1,0.64,-0.3643321327147863,0.6666666666666666,0.021295591511397483,0.2065546631307506,-0.14645739722821383,-0.17710124848161202,5.0,3,-0.027854772125522453,-0.027167415013197638,-0.019702675702833683,-0.024458731632608588,-0.031499717677495376,0.20692586876355867,-0.1367404097460616,0.028321433710700283,25.420000076293945,-4.690000534057617,2.52,2.72,0.20000000000000018,45.15,-4.910000000000004,-1.1110999999999933,False,,-0.3643321327147863,False
CPER,2019,LOGIT,5,0.52,-0.13866807127285927,0.3333333333333333,0.0,0.10591646166076597,-0.0038465714819083674,-0.2103349887727528,7.0,3,-0.027854772125522453,-0.027167415013197638,-0.019702675702833683,-0.024458731632608588,-0.031499717677495376,0.20692586876355867,-0.1367404097460616,0.028321433710700283,25.420000076293945,-4.690000534057617,2.52,2.72,0.20000000000000018,45.15,-4.910000000000004,-1.1110999999999933,False,,-0.13866807127285927,False
CPER,2019,LOGIT,5,0.56,-0.21243052393008927,0.0,-0.01624860671203021,0.023694370930547375,-0.02365089169173884,-0.22603415548054462,7.0,3,-0.027854772125522453,-0.027167415013197638,-0.019702675702833683,-0.024458731632608588,-0.031499717677495376,0.20692586876355867,-0.1367404097460616,0.028321433710700283,25.420000076293945,-4.690000534057617,2.52,2.72,0.20000000000000018,45.15,-4.910000000000004,-1.1110999999999933,False,,-0.21243052393008927,False
CPER,2019,LOGIT,5,0.6,-0.21537382749303752,0.0,-0.010911390054829884,0.023694370930547375,-0.02365089169173884,-0.22603415548054462,7.0,3,-0.027854772125522453,-0.027167415013197638,-0.019702675702833683,-0.024458731632608588,-0.031499717677495376,0.20692586876355867,-0.1367404097460616,0.028321433710700283,25.420000076293945,-4.690000534057617,2.52,2.72,0.20000000000000018,45.15,-4.910000000000004,-1.1110999999999933,False,,-0.21537382749303752,False
CPER,2019,LOGIT,5,0.64,-0.28704120481264517,0.3333333333333333,0.0,0.0,-0.0350031470372002,-0.22603415548054462,7.0,3,-0.027854772125522453,-0.027167415013197638,-0.019702675702833683,-0.024458731632608588,-0.031499717677495376,0.20692586876355867,-0.1367404097460616,0.028321433710700283,25.420000076293945,-4.690000534057617,2.52,2.72,0.20000000000000018,45.15,-4.910000000000004,-1.1110999999999933,False,,-0.28704120481264517,False
CPER,2019,LOGIT,20,0.52,0.26091133960184987,0.6666666666666666,0.01419247529060641,0.7869697139913535,-0.05414315200372444,-0.11014523706482693,7.0,3,-0.027854772125522453,-0.027167415013197638,-0.019702675702833683,-0.024458731632608588,-0.031499717677495376,0.20692586876355867,-0.1367404097460616,0.028321433710700283,25.420000076293945,-4.690000534057617,2.52,2.72,0.20000000000000018,45.15,-4.910000000000004,-1.1110999999999933,True,,0.26091133960184987,False
CPER,2019,LOGIT,20,0.56,0.26377773602125565,0.6666666666666666,0.01419247529060641,0.7869697139913535,-0.05414315200372444,-0.11014523706482693,7.0,3,-0.027854772125522453,-0.027167415013197638,-0.019702675702833683,-0.024458731632608588,-0.031499717677495376,0.20692586876355867,-0.1367404097460616,0.028321433710700283,25.420000076293945,-4.690000534057617,2.52,2.72,0.20000000000000018,45.15,-4.910000000000004,-1.1110999999999933,True,,0.26377773602125565,False
CPER,2019,LOGIT,20,0.6,0.15526039914195078,0.6666666666666666,0.01419247529060641,0.7869697139913535,-0.10632573476874085,-0.15071434209625323,8.0,3,-0.027854772125522453,-0.027167415013197638,-0.019702675702833683,-0.024458731632608588,-0.031499717677495376,0.20692586876355867,-0.1367404097460616,0.028321433710700283,25.420000076293945,-4.690000534057617,2.52,2.72,0.20000000000000018,45.15,-4.910000000000004,-1.1110999999999933,True,,0.15526039914195078,False
CPER,2019,LOGIT,20,0.64,0.15307289977732697,0.6666666666666666,0.01419247529060641,0.7869697139913535,-0.10632573476874085,-0.15071434209625323,9.0,3,-0.027854772125522453,-0.027167415013197638,-0.019702675702833683,-0.024458731632608588,-0.031499717677495376,0.20692586876355867,-0.1367404097460616,0.028321433710700283,25.420000076293945,-4.690000534057617,2.52,2.72,0.20000000000000018,45.15,-4.910000000000004,-1.1110999999999933,True,,0.15307289977732697,False
CPER,2019,RF,1,0.52,0.04157567834150294,0.6666666666666666,0.058012733202064126,0.4199447683735099,-0.09527366281273464,-0.14175617383047212,4.0,3,-0.027854772125522453,-0.027167415013197638,-0.019702675702833683,-0.024458731632608588,-0.031499717677495376,0.20692586876355867,-0.1367404097460616,0.028321433710700283,25.420000076293945,-4.690000534057617,2.52,2.72,0.20000000000000018,45.15,-4.910000000000004,-1.1110999999999933,True,,0.04157567834150294,False
CPER,2019,RF,1,0.56,-0.49276934794920063,0.3333333333333333,0.0,0.0,-0.04808159988421945,-0.11050093443479803,4.0,3,-0.027854772125522453,-0.027167415013197638,-0.019702675702833683,-0.024458731632608588,-0.031499717677495376,0.20692586876355867,-0.1367404097460616,0.028321433710700283,25.420000076293945,-4.690000534057617,2.52,2.72,0.20000000000000018,45.15,-4.910000000000004,-1.1110999999999933,False,,-0.49276934794920063,False
CPER,2019,RF,1,0.6,0.0,0.0,0.0,0.0,0.0,0.0,0.0,3,-0.027854772125522453,-0.027167415013197638,-0.019702675702833683,-0.024458731632608588,-0.031499717677495376,0.20692586876355867,-0.1367404097460616,0.028321433710700283,25.420000076293945,-4.690000534057617,2.52,2.72,0.20000000000000018,45.15,-4.910000000000004,-1.1110999999999933,False,,0.0,False
CPER,2019,RF,1,0.64,0.0,0.0,0.0,0.0,0.0,0.0,0.0,3,-0.027854772125522453,-0.027167415013197638,-0.019702675702833683,-0.024458731632608588,-0.031499717677495376,0.20692586876355867,-0.1367404097460616,0.028321433710700283,25.420000076293945,-4.690000534057617,2.52,2.72,0.20000000000000018,45.15,-4.910000000000004,-1.1110999999999933,False,,0.0,False
CPER,2019,RF,5,0.52,-0.36660323738564426,0.3333333333333333,-0.02697078342569803,-0.024050812148131415,-0.05599989909670611,-0.1796183267503917,2.0,3,-0.027854772125522453,-0.027167415013197638,-0.019702675702833683,-0.024458731632608588,-0.031499717677495376,0.20692586876355867,-0.1367404097460616,0.028321433710700283,25.420000076293945,-4.690000534057617,2.52,2.72,0.20000000000000018,45.15,-4.910000000000004,-1.1110999999999933,False,,-0.36660323738564426,False
CPER,2019,RF,5,0.56,-0.5263624157862048,0.3333333333333333,-0.03717617695828945,-0.13829795937471692,-0.11772108140631521,-0.15509307962077445,4.0,3,-0.027854772125522453,-0.027167415013197638,-0.019702675702833683,-0.024458731632608588,-0.031499717677495376,0.20692586876355867,-0.1367404097460616,0.028321433710700283,25.420000076293945,-4.690000534057617,2.52,2.72,0.20000000000000018,45.15,-4.910000000000004,-1.1110999999999933,False,,-0.5263624157862048,False
CPER,2019,RF,5,0.6,-0.23473036050647486,0.3333333333333333,0.0,0.0,-0.04814573179758774,-0.11056086108082874,2.0,3,-0.027854772125522453,-0.027167415013197638,-0.019702675702833683,-0.024458731632608588,-0.031499717677495376,0.20692586876355867,-0.1367404097460616,0.028321433710700283,25.420000076293945,-4.690000534057617,2.52,2.72,0.20000000000000018,45.15,-4.910000000000004,-1.1110999999999933,False,,-0.23473036050647486,False
CPER,2019,RF,5,0.64,-0.19627617146530008,0.0,0.0,0.0,-0.048552712422702204,-0.07763045481849062,0.0,3,-0.027854772125522453,-0.027167415013197638,-0.019702675702833683,-0.024458731632608588,-0.031499717677495376,0.20692586876355867,-0.1367404097460616,0.028321433710700283,25.420000076293945,-4.690000534057617,2.52,2.72,0.20000000000000018,45.15,-4.910000000000004,-1.1110999999999933,False,,-0.19627617146530008,False
CPER,2019,RF,20,0.52,-0.5356127426716688,0.3333333333333333,-0.03663044719302344,-0.1711934507508197,-0.10038470575268355,-0.17717663184057797,6.0,3,-0.027854772125522453,-0.027167415013197638,-0.019702675702833683,-0.024458731632608588,-0.031499717677495376,0.20692586876355867,-0.1367404097460616,0.028321433710700283,25.420000076293945,-4.690000534057617,2.52,2.72,0.20000000000000018,45.15,-4.910000000000004,-1.1110999999999933,False,,-0.5356127426716688,False
CPER,2019,RF,20,0.56,-0.5619264178047595,0.3333333333333333,-0.03164955245494461,-0.1447832609910828,-0.07793907607843209,-0.18879960867328272,6.0,3,-0.027854772125522453,-0.027167415013197638,-0.019702675702833683,-0.024458731632608588,-0.031499717677495376,0.20692586876355867,-0.1367404097460616,0.028321433710700283,25.420000076293945,-4.690000534057617,2.52,2.72,0.20000000000000018,45.15,-4.910000000000004,-1.1110999999999933,False,,-0.5619264178047595,False
CPER,2019,RF,20,0.6,-0.4477996783870872,0.0,-0.029033109274511082,-0.23816607958389144,-0.05501947344931124,-0.11521741889055115,4.0,3,-0.027854772125522453,-0.027167415013197638,-0.019702675702833683,-0.024458731632608588,-0.031499717677495376,0.20692586876355867,-0.1367404097460616,0.028321433710700283,25.420000076293945,-4.690000534057617,2.52,2.72,0.20000000000000018,45.15,-4.910000000000004,-1.1110999999999933,False,,-0.4477996783870872,False
CPER,2019,RF,20,0.64,-0.2652187568738237,0.0,-0.0011713214453094034,0.0,-0.06630691218337392,-0.06630691218337392,2.0,3,-0.027854772125522453,-0.027167415013197638,-0.019702675702833683,-0.024458731632608588,-0.031499717677495376,0.20692586876355867,-0.1367404097460616,0.028321433710700283,25.420000076293945,-4.690000534057617,2.52,2.72,0.20000000000000018,45.15,-4.910000000000004,-1.1110999999999933,False,,-0.2652187568738237,False
CPER,2019,HGB,1,0.52,-0.8220351895816898,0.3333333333333333,-0.04041737216595598,-0.16222876559683322,-0.17107066699423124,-0.24500614331293313,13.0,3,-0.027854772125522453,-0.027167415013197638,-0.019702675702833683,-0.024458731632608588,-0.031499717677495376,0.20692586876355867,-0.1367404097460616,0.028321433710700283,25.420000076293945,-4.690000534057617,2.52,2.72,0.20000000000000018,45.15,-4.910000000000004,-1.1110999999999933,False,,-0.8220351895816898,False
CPER,2019,HGB,1,0.56,-0.23323757652675822,0.6666666666666666,0.060353406432607226,0.5164698625915777,-0.18467377239406646,-0.19166431115080862,12.0,3,-0.027854772125522453,-0.027167415013197638,-0.019702675702833683,-0.024458731632608588,-0.031499717677495376,0.20692586876355867,-0.1367404097460616,0.028321433710700283,25.420000076293945,-4.690000534057617,2.52,2.72,0.20000000000000018,45.15,-4.910000000000004,-1.1110999999999933,False,,-0.23323757652675822,False
CPER,2019,HGB,1,0.6,-0.5352432083071064,0.6666666666666666,0.015380528285177109,0.19277276884028996,-0.15509394241914143,-0.16247967336383673,10.0,3,-0.027854772125522453,-0.027167415013197638,-0.019702675702833683,-0.024458731632608588,-0.031499717677495376,0.20692586876355867,-0.1367404097460616,0.028321433710700283,25.420000076293945,-4.690000534057617,2.52,2.72,0.20000000000000018,45.15,-4.910000000000004,-1.1110999999999933,False,,-0.5352432083071064,False
CPER,2019,HGB,1,0.64,-1.3169416307769561,0.3333333333333333,-0.01890160428869947,-0.7919619996495681,-0.13864137340144633,-0.16247967336383673,6.0,3,-0.027854772125522453,-0.027167415013197638,-0.019702675702833683,-0.024458731632608588,-0.031499717677495376,0.20692586876355867,-0.1367404097460616,0.028321433710700283,25.420000076293945,-4.690000534057617,2.52,2.72,0.20000000000000018,45.15,-4.910000000000004,-1.1110999999999933,False,,-1.3169416307769561,False
CPER,2019,HGB,5,0.52,-0.6088427231563082,0.3333333333333333,-0.030701374000020487,-0.11744988198267135,-0.10159416523542553,-0.16267494539159333,14.0,3,-0.027854772125522453,-0.027167415013197638,-0.019702675702833683,-0.024458731632608588,-0.031499717677495376,0.20692586876355867,-0.1367404097460616,0.028321433710700283,25.420000076293945,-4.690000534057617,2.52,2.72,0.20000000000000018,45.15,-4.910000000000004,-1.1110999999999933,False,,-0.6088427231563082,False
CPER,2019,HGB,5,0.56,-0.10620637222030463,0.6666666666666666,0.03267018960877954,0.3669776311513972,-0.11325567597492658,-0.1619592854623778,10.0,3,-0.027854772125522453,-0.027167415013197638,-0.019702675702833683,-0.024458731632608588,-0.031499717677495376,0.20692586876355867,-0.1367404097460616,0.028321433710700283,25.420000076293945,-4.690000534057617,2.52,2.72,0.20000000000000018,45.15,-4.910000000000004,-1.1110999999999933,False,,-0.10620637222030463,False
CPER,2019,HGB,5,0.6,-0.16123670109193727,0.6666666666666666,0.030265059337572398,0.2964255656347125,-0.11498072717515473,-0.1563084798846922,6.0,3,-0.027854772125522453,-0.027167415013197638,-0.019702675702833683,-0.024458731632608588,-0.031499717677495376,0.20692586876355867,-0.1367404097460616,0.028321433710700283,25.420000076293945,-4.690000534057617,2.52,2.72,0.20000000000000018,45.15,-4.910000000000004,-1.1110999999999933,False,,-0.16123670109193727,False
CPER,2019,HGB,5,0.64,-0.17488065001928815,0.6666666666666666,0.0171074261506603,0.22892659343562302,-0.043380258551523276,-0.10992032924228068,6.0,3,-0.027854772125522453,-0.027167415013197638,-0.019702675702833683,-0.024458731632608588,-0.031499717677495376,0.20692586876355867,-0.1367404097460616,0.028321433710700283,25.420000076293945,-4.690000534057617,2.52,2.72,0.20000000000000018,45.15,-4.910000000000004,-1.1110999999999933,False,,-0.17488065001928815,False
CPER,2019,HGB,20,0.52,-0.3091396047708379,0.6666666666666666,0.05626479501324644,0.3832808711708954,-0.11011035861412544,-0.1928142292237145,12.0,3,-0.027854772125522453,-0.027167415013197638,-0.019702675702833683,-0.024458731632608588,-0.031499717677495376,0.20692586876355867,-0.1367404097460616,0.028321433710700283,25.420000076293945,-4.690000534057617,2.52,2.72,0.20000000000000018,45.15,-4.910000000000004,-1.1110999999999933,False,,-0.3091396047708379,False
CPER,2019,HGB,20,0.56,-0.2671319445519734,0.6666666666666666,0.02350688494590214,0.2204996593735864,-0.09214631703619203,-0.1928142292237145,8.0,3,-0.027854772125522453,-0.027167415013197638,-0.019702675702833683,-0.024458731632608588,-0.031499717677495376,0.20692586876355867,-0.1367404097460616,0.028321433710700283,25.420000076293945,-4.690000534057617,2.52,2.72,0.20000000000000018,45.15,-4.910000000000004,-1.1110999999999933,False,,-0.2671319445519734,False
CPER,2019,HGB,20,0.6,-0.7061055234202913,0.3333333333333333,-0.012708261626246053,0.0079135372262487,-0.09882430385861651,-0.1848128674650128,8.0,3,-0.027854772125522453,-0.027167415013197638,-0.019702675702833683,-0.024458731632608588,-0.031499717677495376,0.20692586876355867,-0.1367404097460616,0.028321433710700283,25.420000076293945,-4.690000534057617,2.52,2.72,0.20000000000000018,45.15,-4.910000000000004,-1.1110999999999933,False,,-0.7061055234202913,False
CPER,2019,HGB,20,0.64,-0.8477097086578109,0.3333333333333333,-0.03958489977856261,-0.19864130631762134,-0.06202325080409521,-0.12880707825149418,6.0,3,-0.027854772125522453,-0.027167415013197638,-0.019702675702833683,-0.024458731632608588,-0.031499717677495376,0.20692586876355867,-0.1367404097460616,0.028321433710700283,25.420000076293945,-4.690000534057617,2.52,2.72,0.20000000000000018,45.15,-4.910000000000004,-1.1110999999999933,False,,-0.8477097086578109,False
CPER,2020,BUYHOLD,0,,0.40100165844474495,0.6666666666666666,0.14389230583563029,0.7412500921346256,-0.09728290124798877,-0.1796183267503917,1.0,3,-0.09907644664501569,0.1152668202778322,0.11460491542064899,0.005054006006431022,0.06454701070420898,0.31522402573315417,-0.09907644664501569,-0.14633127529715428,13.779999732971191,1.1700000762939453,1.58,1.9,0.31999999999999984,61.66,3.539999999999999,-2.1573000000000064,True,,0.40100165844474495,False
CPER,2020,CASH,0,,0.0,0.0,0.0,0.0,0.0,0.0,0.0,3,-0.09907644664501569,0.1152668202778322,0.11460491542064899,0.005054006006431022,0.06454701070420898,0.31522402573315417,-0.09907644664501569,-0.14633127529715428,13.779999732971191,1.1700000762939453,1.58,1.9,0.31999999999999984,61.66,3.539999999999999,-2.1573000000000064,False,,0.0,False
CPER,2020,MOMENTUM,0,,-0.5868942414578361,0.3333333333333333,-0.04297426057297704,-0.15358508045122962,-0.04366442155242489,-0.12385109927899973,16.0,3,-0.09907644664501569,0.1152668202778322,0.11460491542064899,0.005054006006431022,0.06454701070420898,0.31522402573315417,-0.09907644664501569,-0.14633127529715428,13.779999732971191,1.1700000762939453,1.58,1.9,0.31999999999999984,61.66,3.539999999999999,-2.1573000000000064,False,,-0.5868942414578361,False
CPER,2020,MEANREV,0,,0.6004669552715737,0.6666666666666666,0.06963139928838546,1.0302396850971534,-0.020925678227762035,-0.044209592238101614,6.0,3,-0.09907644664501569,0.1152668202778322,0.11460491542064899,0.005054006006431022,0.06454701070420898,0.31522402573315417,-0.09907644664501569,-0.14633127529715428,13.779999732971191,1.1700000762939453,1.58,1.9,0.31999999999999984,61.66,3.539999999999999,-2.1573000000000064,True,,0.6004669552715737,False
CPER,2020,TREND60,0,,-0.6152325826786686,0.3333333333333333,-0.04297426057297704,-0.15358508045122962,-0.04366442155242489,-0.12385109927899973,12.0,3,-0.09907644664501569,0.1152668202778322,0.11460491542064899,0.005054006006431022,0.06454701070420898,0.31522402573315417,-0.09907644664501569,-0.14633127529715428,13.779999732971191,1.1700000762939453,1.58,1.9,0.31999999999999984,61.66,3.539999999999999,-2.1573000000000064,False,,-0.6152325826786686,False
CPER,2020,TREND200_0,0,,-0.982128029056233,0.3333333333333333,-0.08250723043890018,-0.39655194870589344,-0.10517528932249665,-0.17168528287314655,6.0,3,-0.09907644664501569,0.1152668202778322,0.11460491542064899,0.005054006006431022,0.06454701070420898,0.31522402573315417,-0.09907644664501569,-0.14633127529715428,13.779999732971191,1.1700000762939453,1.58,1.9,0.31999999999999984,61.66,3.539999999999999,-2.1573000000000064,False,,-0.982128029056233,False
CPER,2020,TREND200_33,0,,-0.446369727664167,0.3333333333333333,-0.011776955291661784,0.025841561409470803,-0.09885147043235076,-0.13912095940325198,4.35,3,-0.09907644664501569,0.1152668202778322,0.11460491542064899,0.005054006006431022,0.06454701070420898,0.31522402573315417,-0.09907644664501569,-0.14633127529715428,13.779999732971191,1.1700000762939453,1.58,1.9,0.31999999999999984,61.66,3.539999999999999,-2.1573000000000064,False,,-0.446369727664167,False
CPER,2020,TREND200_50,0,,-0.18665125984092895,0.6666666666666666,0.026175562014167486,0.23223567182488436,-0.09701478690029597,-0.13043019243811582,3.5,3,-0.09907644664501569,0.1152668202778322,0.11460491542064899,0.005054006006431022,0.06454701070420898,0.31522402573315417,-0.09907644664501569,-0.14633127529715428,13.779999732971191,1.1700000762939453,1.58,1.9,0.31999999999999984,61.66,3.539999999999999,-2.1573000000000064,False,,-0.18665125984092895,False
CPER,2020,TREND200_67,0,,0.03824319299032123,0.6666666666666666,0.06517289077484745,0.42343612166178357,-0.09615440125678998,-0.1472113626920717,2.65,3,-0.09907644664501569,0.1152668202778322,0.11460491542064899,0.005054006006431022,0.06454701070420898,0.31522402573315417,-0.09907644664501569,-0.14633127529715428,13.779999732971191,1.1700000762939453,1.58,1.9,0.31999999999999984,61.66,3.539999999999999,-2.1573000000000064,True,,0.03824319299032123,False
CPER,2020,VOLTARGET10,0,,0.30276906610077076,0.6666666666666666,0.06813641796671233,0.6767628013886646,-0.03499697162690241,-0.07614541909962524,2.4742183044043475,3,-0.09907644664501569,0.1152668202778322,0.11460491542064899,0.005054006006431022,0.06454701070420898,0.31522402573315417,-0.09907644664501569,-0.14633127529715428,13.779999732971191,1.1700000762939453,1.58,1.9,0.31999999999999984,61.66,3.539999999999999,-2.1573000000000064,True,,0.30276906610077076,False
CPER,2020,VOLTARGET15,0,,0.2949241577336366,0.6666666666666666,0.09931420111595468,0.6767628013886645,-0.05564736511383195,-0.11275360185389294,3.7113274566065204,3,-0.09907644664501569,0.1152668202778322,0.11460491542064899,0.005054006006431022,0.06454701070420898,0.31522402573315417,-0.09907644664501569,-0.14633127529715428,13.779999732971191,1.1700000762939453,1.58,1.9,0.31999999999999984,61.66,3.539999999999999,-2.1573000000000064,True,,0.2949241577336366,False
CPER,2020,VOLTARGET20,0,,0.38747505847850633,0.6666666666666666,0.14298112472173452,0.7591103363276314,-0.07616473051352202,-0.1483872556690795,3.4631194160867054,3,-0.09907644664501569,0.1152668202778322,0.11460491542064899,0.005054006006431022,0.06454701070420898,0.31522402573315417,-0.09907644664501569,-0.14633127529715428,13.779999732971191,1.1700000762939453,1.58,1.9,0.31999999999999984,61.66,3.539999999999999,-2.1573000000000064,True,,0.38747505847850633,False
CPER,2020,LOGIT,1,0.52,-0.3926237253925365,0.6666666666666666,0.0033792731590289726,0.08963990167907177,-0.11773001567979402,-0.1796183267503917,10.0,3,-0.09907644664501569,0.1152668202778322,0.11460491542064899,0.005054006006431022,0.06454701070420898,0.31522402573315417,-0.09907644664501569,-0.14633127529715428,13.779999732971191,1.1700000762939453,1.58,1.9,0.31999999999999984,61.66,3.539999999999999,-2.1573000000000064,False,,-0.3926237253925365,False
CPER,2020,LOGIT,1,0.56,-0.38302481026597235,0.6666666666666666,0.00934895637894173,0.13905440271024092,-0.1552493324778339,-0.1796183267503918,9.0,3,-0.09907644664501569,0.1152668202778322,0.11460491542064899,0.005054006006431022,0.06454701070420898,0.31522402573315417,-0.09907644664501569,-0.14633127529715428,13.779999732971191,1.1700000762939453,1.58,1.9,0.31999999999999984,61.66,3.539999999999999,-2.1573000000000064,False,,-0.38302481026597235,False
CPER,2020,LOGIT,1,0.6,-0.22078213732202026,0.6666666666666666,0.03763287762741574,0.41531256115384524,-0.1619007362636372,-0.18260062662418686,9.0,3,-0.09907644664501569,0.1152668202778322,0.11460491542064899,0.005054006006431022,0.06454701070420898,0.31522402573315417,-0.09907644664501569,-0.14633127529715428,13.779999732971191,1.1700000762939453,1.58,1.9,0.31999999999999984,61.66,3.539999999999999,-2.1573000000000064,False,,-0.22078213732202026,False
CPER,2020,LOGIT,1,0.64,-0.08411421421331944,0.6666666666666666,0.04243097483844127,0.5029637938158784,-0.14645739722821383,-0.17710124848161202,6.0,3,-0.09907644664501569,0.1152668202778322,0.11460491542064899,0.005054006006431022,0.06454701070420898,0.31522402573315417,-0.09907644664501569,-0.14633127529715428,13.779999732971191,1.1700000762939453,1.58,1.9,0.31999999999999984,61.66,3.539999999999999,-2.1573000000000064,False,,-0.08411421421331944,False
CPER,2020,LOGIT,5,0.52,-0.19149345765498937,0.6666666666666666,0.011609859878988438,0.16127729821907527,0.0,-0.10693733565546693,7.0,3,-0.09907644664501569,0.1152668202778322,0.11460491542064899,0.005054006006431022,0.06454701070420898,0.31522402573315417,-0.09907644664501569,-0.14633127529715428,13.779999732971191,1.1700000762939453,1.58,1.9,0.31999999999999984,61.66,3.539999999999999,-2.1573000000000064,False,,-0.19149345765498937,False
CPER,2020,LOGIT,5,0.56,-0.3582148467433506,0.3333333333333333,0.0,0.030322166326707745,-0.01624860671203021,-0.10693733565546715,7.0,3,-0.09907644664501569,0.1152668202778322,0.11460491542064899,0.005054006006431022,0.06454701070420898,0.31522402573315417,-0.09907644664501569,-0.14633127529715428,13.779999732971191,1.1700000762939453,1.58,1.9,0.31999999999999984,61.66,3.539999999999999,-2.1573000000000064,False,,-0.3582148467433506,False
CPER,2020,LOGIT,5,0.6,-0.33445772058117507,0.3333333333333333,0.0,0.05526671868365812,-0.010911390054829884,-0.10693733565546748,7.0,3,-0.09907644664501569,0.1152668202778322,0.11460491542064899,0.005054006006431022,0.06454701070420898,0.31522402573315417,-0.09907644664501569,-0.14633127529715428,13.779999732971191,1.1700000762939453,1.58,1.9,0.31999999999999984,61.66,3.539999999999999,-2.1573000000000064,False,,-0.33445772058117507,False
CPER,2020,LOGIT,5,0.64,-0.21805151508670645,0.6666666666666666,0.028774730639890667,0.24185023009832726,0.0,-0.08434243818734544,7.0,3,-0.09907644664501569,0.1152668202778322,0.11460491542064899,0.005054006006431022,0.06454701070420898,0.31522402573315417,-0.09907644664501569,-0.14633127529715428,13.779999732971191,1.1700000762939453,1.58,1.9,0.31999999999999984,61.66,3.539999999999999,-2.1573000000000064,False,,-0.21805151508670645,False
CPER,2020,LOGIT,20,0.52,0.5371316359923478,0.6666666666666666,0.10442759105831989,1.0391136490343387,-0.05414315200372444,-0.11014523706482693,7.0,3,-0.09907644664501569,0.1152668202778322,0.11460491542064899,0.005054006006431022,0.06454701070420898,0.31522402573315417,-0.09907644664501569,-0.14633127529715428,13.779999732971191,1.1700000762939453,1.58,1.9,0.31999999999999984,61.66,3.539999999999999,-2.1573000000000064,True,,0.5371316359923478,False
CPER,2020,LOGIT,20,0.56,0.7011725495144784,0.6666666666666666,0.11378773637633088,1.2078346092489645,-0.05414315200372444,-0.11014523706482693,7.0,3,-0.09907644664501569,0.1152668202778322,0.11460491542064899,0.005054006006431022,0.06454701070420898,0.31522402573315417,-0.09907644664501569,-0.14633127529715428,13.779999732971191,1.1700000762939453,1.58,1.9,0.31999999999999984,61.66,3.539999999999999,-2.1573000000000064,True,,0.7011725495144784,True
CPER,2020,LOGIT,20,0.6,0.5876271914884338,0.6666666666666666,0.11378773637633088,1.2078346092489645,-0.10632573476874085,-0.15071434209625323,8.0,3,-0.09907644664501569,0.1152668202778322,0.11460491542064899,0.005054006006431022,0.06454701070420898,0.31522402573315417,-0.09907644664501569,-0.14633127529715428,13.779999732971191,1.1700000762939453,1.58,1.9,0.31999999999999984,61.66,3.539999999999999,-2.1573000000000064,True,,0.5876271914884338,False
CPER,2020,LOGIT,20,0.64,0.43709512370413006,0.6666666666666666,0.09681990564030563,1.0561305290920897,-0.10632573476874085,-0.15071434209625323,9.0,3,-0.09907644664501569,0.1152668202778322,0.11460491542064899,0.005054006006431022,0.06454701070420898,0.31522402573315417,-0.09907644664501569,-0.14633127529715428,13.779999732971191,1.1700000762939453,1.58,1.9,0.31999999999999984,61.66,3.539999999999999,-2.1573000000000064,True,,0.43709512370413006,False
CPER,2020,RF,1,0.52,0.6342140211371244,1.0,0.14389230583563029,0.7318860775377176,0.058012733202064126,-0.11676211610382337,1.0,3,-0.09907644664501569,0.1152668202778322,0.11460491542064899,0.005054006006431022,0.06454701070420898,0.31522402573315417,-0.09907644664501569,-0.14633127529715428,13.779999732971191,1.1700000762939453,1.58,1.9,0.31999999999999984,61.66,3.539999999999999,-2.1573000000000064,True,,0.6342140211371244,False
CPER,2020,RF,1,0.56,-0.18219135759270563,0.6666666666666666,0.006146680101016377,0.17274030765987297,0.0,-0.03965294830870014,2.0,3,-0.09907644664501569,0.1152668202778322,0.11460491542064899,0.005054006006431022,0.06454701070420898,0.31522402573315417,-0.09907644664501569,-0.14633127529715428,13.779999732971191,1.1700000762939453,1.58,1.9,0.31999999999999984,61.66,3.539999999999999,-2.1573000000000064,False,,-0.18219135759270563,False
CPER,2020,RF,1,0.6,0.0,0.0,0.0,0.0,0.0,0.0,0.0,3,-0.09907644664501569,0.1152668202778322,0.11460491542064899,0.005054006006431022,0.06454701070420898,0.31522402573315417,-0.09907644664501569,-0.14633127529715428,13.779999732971191,1.1700000762939453,1.58,1.9,0.31999999999999984,61.66,3.539999999999999,-2.1573000000000064,False,,0.0,False
CPER,2020,RF,1,0.64,0.0,0.0,0.0,0.0,0.0,0.0,0.0,3,-0.09907644664501569,0.1152668202778322,0.11460491542064899,0.005054006006431022,0.06454701070420898,0.31522402573315417,-0.09907644664501569,-0.14633127529715428,13.779999732971191,1.1700000762939453,1.58,1.9,0.31999999999999984,61.66,3.539999999999999,-2.1573000000000064,False,,0.0,False
CPER,2020,RF,5,0.52,0.4124250555329555,0.6666666666666666,0.1511010976454985,0.7318860775377176,-0.05599989909670611,-0.1796183267503917,2.0,3,-0.09907644664501569,0.1152668202778322,0.11460491542064899,0.005054006006431022,0.06454701070420898,0.31522402573315417,-0.09907644664501569,-0.14633127529715428,13.779999732971191,1.1700000762939453,1.58,1.9,0.31999999999999984,61.66,3.539999999999999,-2.1573000000000064,True,,0.4124250555329555,False
CPER,2020,RF,5,0.56,-0.035345659758270254,0.6666666666666666,0.02114295731875293,0.22675690375642524,-0.03717617695828945,-0.09851079110166538,4.0,3,-0.09907644664501569,0.1152668202778322,0.11460491542064899,0.005054006006431022,0.06454701070420898,0.31522402573315417,-0.09907644664501569,-0.14633127529715428,13.779999732971191,1.1700000762939453,1.58,1.9,0.31999999999999984,61.66,3.539999999999999,-2.1573000000000064,False,,-0.035345659758270254,False
CPER,2020,RF,5,0.6,-0.10403975759164646,0.3333333333333333,0.0,0.0,0.0,-0.043932617675374264,0.0,3,-0.09907644664501569,0.1152668202778322,0.11460491542064899,0.005054006006431022,0.06454701070420898,0.31522402573315417,-0.09907644664501569,-0.14633127529715428,13.779999732971191,1.1700000762939453,1.58,1.9,0.31999999999999984,61.66,3.539999999999999,-2.1573000000000064,False,,-0.10403975759164646,False
CPER,2020,RF,5,0.64,0.0,0.0,0.0,0.0,0.0,0.0,0.0,3,-0.09907644664501569,0.1152668202778322,0.11460491542064899,0.005054006006431022,0.06454701070420898,0.31522402573315417,-0.09907644664501569,-0.14633127529715428,13.779999732971191,1.1700000762939453,1.58,1.9,0.31999999999999984,61.66,3.539999999999999,-2.1573000000000064,False,,0.0,False
CPER,2020,RF,20,0.52,0.03834421207660346,0.6666666666666666,0.037698197835626335,0.30519186165351153,-0.03663044719302344,-0.12451827988108044,6.0,3,-0.09907644664501569,0.1152668202778322,0.11460491542064899,0.005054006006431022,0.06454701070420898,0.31522402573315417,-0.09907644664501569,-0.14633127529715428,13.779999732971191,1.1700000762939453,1.58,1.9,0.31999999999999984,61.66,3.539999999999999,-2.1573000000000064,True,,0.03834421207660346,False
CPER,2020,RF,20,0.56,0.26700526314049977,0.6666666666666666,0.08334043156740756,0.6280624617085715,-0.03164955245494461,-0.11999179024860362,6.0,3,-0.09907644664501569,0.1152668202778322,0.11460491542064899,0.005054006006431022,0.06454701070420898,0.31522402573315417,-0.09907644664501569,-0.14633127529715428,13.779999732971191,1.1700000762939453,1.58,1.9,0.31999999999999984,61.66,3.539999999999999,-2.1573000000000064,True,,0.26700526314049977,False
CPER,2020,RF,20,0.6,-0.14713179161969997,0.0,0.0,0.0,-0.05501947344931124,-0.11521741889055115,0.0,3,-0.09907644664501569,0.1152668202778322,0.11460491542064899,0.005054006006431022,0.06454701070420898,0.31522402573315417,-0.09907644664501569,-0.14633127529715428,13.779999732971191,1.1700000762939453,1.58,1.9,0.31999999999999984,61.66,3.539999999999999,-2.1573000000000064,False,,-0.14713179161969997,False
CPER,2020,RF,20,0.64,-0.23265398459589987,0.0,0.0,0.0,-0.06630691218337392,-0.06630691218337392,0.0,3,-0.09907644664501569,0.1152668202778322,0.11460491542064899,0.005054006006431022,0.06454701070420898,0.31522402573315417,-0.09907644664501569,-0.14633127529715428,13.779999732971191,1.1700000762939453,1.58,1.9,0.31999999999999984,61.66,3.539999999999999,-2.1573000000000064,False,,-0.23265398459589987,False
CPER,2020,HGB,1,0.52,-0.6165937502200465,0.3333333333333333,-0.022370662438521705,-0.10229244644549604,-0.04041737216595598,-0.18753642895980382,15.0,3,-0.09907644664501569,0.1152668202778322,0.11460491542064899,0.005054006006431022,0.06454701070420898,0.31522402573315417,-0.09907644664501569,-0.14633127529715428,13.779999732971191,1.1700000762939453,1.58,1.9,0.31999999999999984,61.66,3.539999999999999,-2.1573000000000064,False,,-0.6165937502200465,False
CPER,2020,HGB,1,0.56,0.1846164329697342,0.6666666666666666,0.060353406432607226,0.5164698625915777,-0.017040283150984492,-0.0824386849915626,10.0,3,-0.09907644664501569,0.1152668202778322,0.11460491542064899,0.005054006006431022,0.06454701070420898,0.31522402573315417,-0.09907644664501569,-0.14633127529715428,13.779999732971191,1.1700000762939453,1.58,1.9,0.31999999999999984,61.66,3.539999999999999,-2.1573000000000064,True,,0.1846164329697342,False
CPER,2020,HGB,1,0.6,-0.02343932771081053,1.0,0.015380528285177109,0.19277276884028996,0.005445708589769893,-0.0824386849915627,8.0,3,-0.09907644664501569,0.1152668202778322,0.11460491542064899,0.005054006006431022,0.06454701070420898,0.31522402573315417,-0.09907644664501569,-0.14633127529715428,13.779999732971191,1.1700000762939453,1.58,1.9,0.31999999999999984,61.66,3.539999999999999,-2.1573000000000064,False,,-0.02343932771081053,False
CPER,2020,HGB,1,0.64,-0.3033100610759655,0.6666666666666666,0.0011027322343113433,0.05166694027485978,-0.01890160428869947,-0.06245103929426099,6.0,3,-0.09907644664501569,0.1152668202778322,0.11460491542064899,0.005054006006431022,0.06454701070420898,0.31522402573315417,-0.09907644664501569,-0.14633127529715428,13.779999732971191,1.1700000762939453,1.58,1.9,0.31999999999999984,61.66,3.539999999999999,-2.1573000000000064,False,,-0.3033100610759655,False
CPER,2020,HGB,5,0.52,-0.05326925448599773,0.6666666666666666,0.044527448930778535,0.3509500531198107,-0.030701374000020487,-0.12832738838963687,14.0,3,-0.09907644664501569,0.1152668202778322,0.11460491542064899,0.005054006006431022,0.06454701070420898,0.31522402573315417,-0.09907644664501569,-0.14633127529715428,13.779999732971191,1.1700000762939453,1.58,1.9,0.31999999999999984,61.66,3.539999999999999,-2.1573000000000064,False,,-0.05326925448599773,False
CPER,2020,HGB,5,0.56,0.028440141794216417,0.6666666666666666,0.03267018960877954,0.3669776311513972,-0.019774377183540248,-0.10052881750895681,12.0,3,-0.09907644664501569,0.1152668202778322,0.11460491542064899,0.005054006006431022,0.06454701070420898,0.31522402573315417,-0.09907644664501569,-0.14633127529715428,13.779999732971191,1.1700000762939453,1.58,1.9,0.31999999999999984,61.66,3.539999999999999,-2.1573000000000064,True,,0.028440141794216417,False
CPER,2020,HGB,5,0.6,0.03616634215598369,1.0,0.030265059337572398,0.2964255656347125,0.009137398145343756,-0.1204858906454851,6.0,3,-0.09907644664501569,0.1152668202778322,0.11460491542064899,0.005054006006431022,0.06454701070420898,0.31522402573315417,-0.09907644664501569,-0.14633127529715428,13.779999732971191,1.1700000762939453,1.58,1.9,0.31999999999999984,61.66,3.539999999999999,-2.1573000000000064,True,,0.03616634215598369,False
CPER,2020,HGB,5,0.64,0.7512450720725556,1.0,0.05350159363108897,1.0441909975117352,0.0171074261506603,-0.04740689599713166,6.0,3,-0.09907644664501569,0.1152668202778322,0.11460491542064899,0.005054006006431022,0.06454701070420898,0.31522402573315417,-0.09907644664501569,-0.14633127529715428,13.779999732971191,1.1700000762939453,1.58,1.9,0.31999999999999984,61.66,3.539999999999999,-2.1573000000000064,True,,0.7512450720725556,True
CPER,2020,HGB,20,0.52,0.722408911186811,1.0,0.16399483438432494,1.1481772177261447,0.05626479501324644,-0.11993959919854968,13.0,3,-0.09907644664501569,0.1152668202778322,0.11460491542064899,0.005054006006431022,0.06454701070420898,0.31522402573315417,-0.09907644664501569,-0.14633127529715428,13.779999732971191,1.1700000762939453,1.58,1.9,0.31999999999999984,61.66,3.539999999999999,-2.1573000000000064,True,,0.722408911186811,True
CPER,2020,HGB,20,0.56,0.4485350987785789,1.0,0.07821540506421609,0.8123843860692747,0.02350688494590214,-0.11993959919854935,10.0,3,-0.09907644664501569,0.1152668202778322,0.11460491542064899,0.005054006006431022,0.06454701070420898,0.31522402573315417,-0.09907644664501569,-0.14633127529715428,13.779999732971191,1.1700000762939453,1.58,1.9,0.31999999999999984,61.66,3.539999999999999,-2.1573000000000064,True,,0.4485350987785789,False
CPER,2020,HGB,20,0.6,0.6558674713269302,0.6666666666666666,0.14761288061202582,1.146895168776102,-0.012708261626246053,-0.13075675870878511,8.0,3,-0.09907644664501569,0.1152668202778322,0.11460491542064899,0.005054006006431022,0.06454701070420898,0.31522402573315417,-0.09907644664501569,-0.14633127529715428,13.779999732971191,1.1700000762939453,1.58,1.9,0.31999999999999984,61.66,3.539999999999999,-2.1573000000000064,True,,0.6558674713269302,False
CPER,2020,HGB,20,0.64,0.19673082399472724,0.6666666666666666,0.07746561931819373,0.7536708489294215,-0.03958489977856261,-0.12880707825149418,8.0,3,-0.09907644664501569,0.1152668202778322,0.11460491542064899,0.005054006006431022,0.06454701070420898,0.31522402573315417,-0.09907644664501569,-0.14633127529715428,13.779999732971191,1.1700000762939453,1.58,1.9,0.31999999999999984,61.66,3.539999999999999,-2.1573000000000064,True,,0.19673082399472724,False
CPER,2021,BUYHOLD,0,,0.3811825693935516,0.6666666666666666,0.14389230583563029,0.7185302317122366,-0.09728290124798877,-0.19258000004991316,1.0,3,-0.06213144071726939,0.06645115165958448,0.07493534035780303,-0.0005952722157231971,0.10546135090482589,0.1792391453184468,-0.06576394436491673,-0.06385780118499007,22.75,-0.5599994659423828,0.12,0.93,0.81,48.24,3.700000000000003,-1.4978999999999871,True,,0.3811825693935516,False
CPER,2021,CASH,0,,0.0,0.0,0.0,0.0,0.0,0.0,0.0,3,-0.06213144071726939,0.06645115165958448,0.07493534035780303,-0.0005952722157231971,0.10546135090482589,0.1792391453184468,-0.06576394436491673,-0.06385780118499007,22.75,-0.5599994659423828,0.12,0.93,0.81,48.24,3.700000000000003,-1.4978999999999871,False,,0.0,False
CPER,2021,MOMENTUM,0,,-0.3158435684617191,0.6666666666666666,0.0041383846999236695,0.11064398801802403,-0.04297426057297704,-0.13406891296911938,16.0,3,-0.06213144071726939,0.06645115165958448,0.07493534035780303,-0.0005952722157231971,0.10546135090482589,0.1792391453184468,-0.06576394436491673,-0.06385780118499007,22.75,-0.5599994659423828,0.12,0.93,0.81,48.24,3.700000000000003,-1.4978999999999871,False,,-0.3158435684617191,False
CPER,2021,MEANREV,0,,0.48707434446840037,0.6666666666666666,0.06812735966469141,0.8970972890327201,-0.020925678227762035,-0.04833627949917396,6.0,3,-0.06213144071726939,0.06645115165958448,0.07493534035780303,-0.0005952722157231971,0.10546135090482589,0.1792391453184468,-0.06576394436491673,-0.06385780118499007,22.75,-0.5599994659423828,0.12,0.93,0.81,48.24,3.700000000000003,-1.4978999999999871,True,,0.48707434446840037,False
CPER,2021,TREND60,0,,-0.23639700834035635,0.6666666666666666,0.019515423163287027,0.19645976340686894,-0.04297426057297704,-0.13406891296911938,12.0,3,-0.06213144071726939,0.06645115165958448,0.07493534035780303,-0.0005952722157231971,0.10546135090482589,0.1792391453184468,-0.06576394436491673,-0.06385780118499007,22.75,-0.5599994659423828,0.12,0.93,0.81,48.24,3.700000000000003,-1.4978999999999871,False,,-0.23639700834035635,False
CPER,2021,TREND200_0,0,,-0.940396089196612,0.3333333333333333,-0.08250723043890018,-0.39655194870589344,-0.10517528932249665,-0.19258000004991316,7.0,3,-0.06213144071726939,0.06645115165958448,0.07493534035780303,-0.0005952722157231971,0.10546135090482589,0.1792391453184468,-0.06576394436491673,-0.06385780118499007,22.75,-0.5599994659423828,0.12,0.93,0.81,48.24,3.700000000000003,-1.4978999999999871,False,,-0.940396089196612,False
CPER,2021,TREND200_33,0,,-0.44231598309300774,0.3333333333333333,-0.011776955291661784,0.025841561409470803,-0.09885147043235076,-0.19258000004991316,5.02,3,-0.06213144071726939,0.06645115165958448,0.07493534035780303,-0.0005952722157231971,0.10546135090482589,0.1792391453184468,-0.06576394436491673,-0.06385780118499007,22.75,-0.5599994659423828,0.12,0.93,0.81,48.24,3.700000000000003,-1.4978999999999871,False,,-0.44231598309300774,False
CPER,2021,TREND200_50,0,,-0.1953250945588419,0.6666666666666666,0.026175562014167486,0.23223567182488436,-0.09701478690029597,-0.19258000004991316,4.0,3,-0.06213144071726939,0.06645115165958448,0.07493534035780303,-0.0005952722157231971,0.10546135090482589,0.1792391453184468,-0.06576394436491673,-0.06385780118499007,22.75,-0.5599994659423828,0.12,0.93,0.81,48.24,3.700000000000003,-1.4978999999999871,False,,-0.1953250945588419,False
CPER,2021,TREND200_67,0,,0.03154345038757086,0.6666666666666666,0.06517289077484745,0.42343612166178357,-0.09615440125678998,-0.19258000004991316,2.98,3,-0.06213144071726939,0.06645115165958448,0.07493534035780303,-0.0005952722157231971,0.10546135090482589,0.1792391453184468,-0.06576394436491673,-0.06385780118499007,22.75,-0.5599994659423828,0.12,0.93,0.81,48.24,3.700000000000003,-1.4978999999999871,True,,0.03154345038757086,False
CPER,2021,VOLTARGET10,0,,0.19739545329104297,0.6666666666666666,0.05915720115533252,0.5748147407184928,-0.03499697162690241,-0.07683704299012739,2.676082561313648,3,-0.06213144071726939,0.06645115165958448,0.07493534035780303,-0.0005952722157231971,0.10546135090482589,0.1792391453184468,-0.06576394436491673,-0.06385780118499007,22.75,-0.5599994659423828,0.12,0.93,0.81,48.24,3.700000000000003,-1.4978999999999871,True,,0.19739545329104297,False
CPER,2021,VOLTARGET15,0,,0.18223745836153596,0.6666666666666666,0.0842710070785293,0.5705113037784881,-0.05564736511383195,-0.11424984688707696,4.059200437821797,3,-0.06213144071726939,0.06645115165958448,0.07493534035780303,-0.0005952722157231971,0.10546135090482589,0.1792391453184468,-0.06576394436491673,-0.06385780118499007,22.75,-0.5599994659423828,0.12,0.93,0.81,48.24,3.700000000000003,-1.4978999999999871,True,,0.18223745836153596,False
CPER,2021,VOLTARGET20,0,,0.16032746771427958,0.6666666666666666,0.09725341787291852,0.5356321556757643,-0.07616473051352202,-0.15325026458034408,3.4631194160867054,3,-0.06213144071726939,0.06645115165958448,0.07493534035780303,-0.0005952722157231971,0.10546135090482589,0.1792391453184468,-0.06576394436491673,-0.06385780118499007,22.75,-0.5599994659423828,0.12,0.93,0.81,48.24,3.700000000000003,-1.4978999999999871,True,,0.16032746771427958,False
CPER,2021,LOGIT,1,0.52,-0.4855895818596334,0.6666666666666666,0.0033792731590289726,0.08963990167907177,-0.11773001567979402,-0.1796183267503917,6.0,3,-0.06213144071726939,0.06645115165958448,0.07493534035780303,-0.0005952722157231971,0.10546135090482589,0.1792391453184468,-0.06576394436491673,-0.06385780118499007,22.75,-0.5599994659423828,0.12,0.93,0.81,48.24,3.700000000000003,-1.4978999999999871,False,,-0.4855895818596334,False
CPER,2021,LOGIT,1,0.56,-0.4469490223540589,0.6666666666666666,0.00934895637894173,0.13905440271024092,-0.1552493324778339,-0.1796183267503918,8.0,3,-0.06213144071726939,0.06645115165958448,0.07493534035780303,-0.0005952722157231971,0.10546135090482589,0.1792391453184468,-0.06576394436491673,-0.06385780118499007,22.75,-0.5599994659423828,0.12,0.93,0.81,48.24,3.700000000000003,-1.4978999999999871,False,,-0.4469490223540589,False
CPER,2021,LOGIT,1,0.6,-0.2069805928183661,0.6666666666666666,0.03763287762741574,0.41531256115384524,-0.1619007362636372,-0.18260062662418686,8.0,3,-0.06213144071726939,0.06645115165958448,0.07493534035780303,-0.0005952722157231971,0.10546135090482589,0.1792391453184468,-0.06576394436491673,-0.06385780118499007,22.75,-0.5599994659423828,0.12,0.93,0.81,48.24,3.700000000000003,-1.4978999999999871,False,,-0.2069805928183661,False
CPER,2021,LOGIT,1,0.64,-0.09917929358524605,0.6666666666666666,0.04243097483844127,0.5029637938158784,-0.14645739722821383,-0.17710124848161202,8.0,3,-0.06213144071726939,0.06645115165958448,0.07493534035780303,-0.0005952722157231971,0.10546135090482589,0.1792391453184468,-0.06576394436491673,-0.06385780118499007,22.75,-0.5599994659423828,0.12,0.93,0.81,48.24,3.700000000000003,-1.4978999999999871,False,,-0.09917929358524605,False
CPER,2021,LOGIT,5,0.52,0.19056184459996012,1.0,0.07396464494821164,0.5511319389549573,0.011609859878988438,-0.10693733565546693,12.0,3,-0.06213144071726939,0.06645115165958448,0.07493534035780303,-0.0005952722157231971,0.10546135090482589,0.1792391453184468,-0.06576394436491673,-0.06385780118499007,22.75,-0.5599994659423828,0.12,0.93,0.81,48.24,3.700000000000003,-1.4978999999999871,True,,0.19056184459996012,False
CPER,2021,LOGIT,5,0.56,0.14658178963923485,0.6666666666666666,0.07396464494821164,0.5511319389549573,-0.01624860671203021,-0.10693733565546715,12.0,3,-0.06213144071726939,0.06645115165958448,0.07493534035780303,-0.0005952722157231971,0.10546135090482589,0.1792391453184468,-0.06576394436491673,-0.06385780118499007,22.75,-0.5599994659423828,0.12,0.93,0.81,48.24,3.700000000000003,-1.4978999999999871,True,,0.14658178963923485,False
CPER,2021,LOGIT,5,0.6,-0.09161040358380865,0.6666666666666666,0.03797557656440809,0.3288464203457176,-0.010911390054829884,-0.10693733565546748,12.0,3,-0.06213144071726939,0.06645115165958448,0.07493534035780303,-0.0005952722157231971,0.10546135090482589,0.1792391453184468,-0.06576394436491673,-0.06385780118499007,22.75,-0.5599994659423828,0.12,0.93,0.81,48.24,3.700000000000003,-1.4978999999999871,False,,-0.09161040358380865,False
CPER,2021,LOGIT,5,0.64,-0.1680586476746348,1.0,0.03797557656440809,0.3288464203457176,0.028774730639890667,-0.09877006312107284,12.0,3,-0.06213144071726939,0.06645115165958448,0.07493534035780303,-0.0005952722157231971,0.10546135090482589,0.1792391453184468,-0.06576394436491673,-0.06385780118499007,22.75,-0.5599994659423828,0.12,0.93,0.81,48.24,3.700000000000003,-1.4978999999999871,False,,-0.1680586476746348,False
CPER,2021,LOGIT,20,0.52,0.5996774076190438,0.6666666666666666,0.10442759105831989,1.0391136490343387,-0.05414315200372444,-0.11014523706482693,7.0,3,-0.06213144071726939,0.06645115165958448,0.07493534035780303,-0.0005952722157231971,0.10546135090482589,0.1792391453184468,-0.06576394436491673,-0.06385780118499007,22.75,-0.5599994659423828,0.12,0.93,0.81,48.24,3.700000000000003,-1.4978999999999871,True,,0.5996774076190438,True
CPER,2021,LOGIT,20,0.56,0.7468159076380206,0.6666666666666666,0.11378773637633088,1.2010508468445857,-0.05414315200372444,-0.11014523706482693,7.0,3,-0.06213144071726939,0.06645115165958448,0.07493534035780303,-0.0005952722157231971,0.10546135090482589,0.1792391453184468,-0.06576394436491673,-0.06385780118499007,22.75,-0.5599994659423828,0.12,0.93,0.81,48.24,3.700000000000003,-1.4978999999999871,True,,0.7468159076380206,True
CPER,2021,LOGIT,20,0.6,0.6320893890046436,0.6666666666666666,0.11378773637633088,1.2010508468445857,-0.10632573476874085,-0.15071434209625323,8.0,3,-0.06213144071726939,0.06645115165958448,0.07493534035780303,-0.0005952722157231971,0.10546135090482589,0.1792391453184468,-0.06576394436491673,-0.06385780118499007,22.75,-0.5599994659423828,0.12,0.93,0.81,48.24,3.700000000000003,-1.4978999999999871,True,,0.6320893890046436,True
CPER,2021,LOGIT,20,0.64,0.2227952465900297,0.6666666666666666,0.08829337225628087,0.7346139909378273,-0.10632573476874085,-0.15071434209625323,8.0,3,-0.06213144071726939,0.06645115165958448,0.07493534035780303,-0.0005952722157231971,0.10546135090482589,0.1792391453184468,-0.06576394436491673,-0.06385780118499007,22.75,-0.5599994659423828,0.12,0.93,0.81,48.24,3.700000000000003,-1.4978999999999871,True,,0.2227952465900297,False
CPER,2021,RF,1,0.52,0.5114161435436524,1.0,0.14389230583563029,0.7412500921346256,0.058012733202064126,-0.11676211610382337,4.0,3,-0.06213144071726939,0.06645115165958448,0.07493534035780303,-0.0005952722157231971,0.10546135090482589,0.1792391453184468,-0.06576394436491673,-0.06385780118499007,22.75,-0.5599994659423828,0.12,0.93,0.81,48.24,3.700000000000003,-1.4978999999999871,True,,0.5114161435436524,False
CPER,2021,RF,1,0.56,-0.054386799448396084,0.3333333333333333,0.0,0.0,0.0,-0.027343036943094368,0.0,3,-0.06213144071726939,0.06645115165958448,0.07493534035780303,-0.0005952722157231971,0.10546135090482589,0.1792391453184468,-0.06576394436491673,-0.06385780118499007,22.75,-0.5599994659423828,0.12,0.93,0.81,48.24,3.700000000000003,-1.4978999999999871,False,,-0.054386799448396084,False
CPER,2021,RF,1,0.6,0.0,0.0,0.0,0.0,0.0,0.0,0.0,3,-0.06213144071726939,0.06645115165958448,0.07493534035780303,-0.0005952722157231971,0.10546135090482589,0.1792391453184468,-0.06576394436491673,-0.06385780118499007,22.75,-0.5599994659423828,0.12,0.93,0.81,48.24,3.700000000000003,-1.4978999999999871,False,,0.0,False
CPER,2021,RF,1,0.64,0.0,0.0,0.0,0.0,0.0,0.0,0.0,3,-0.06213144071726939,0.06645115165958448,0.07493534035780303,-0.0005952722157231971,0.10546135090482589,0.1792391453184468,-0.06576394436491673,-0.06385780118499007,22.75,-0.5599994659423828,0.12,0.93,0.81,48.24,3.700000000000003,-1.4978999999999871,False,,0.0,False
CPER,2021,RF,5,0.52,0.4251572621992822,0.6666666666666666,0.16106151694470072,0.7420129897084599,-0.05599989909670611,-0.1796183267503917,2.0,3,-0.06213144071726939,0.06645115165958448,0.07493534035780303,-0.0005952722157231971,0.10546135090482589,0.1792391453184468,-0.06576394436491673,-0.06385780118499007,22.75,-0.5599994659423828,0.12,0.93,0.81,48.24,3.700000000000003,-1.4978999999999871,True,,0.4251572621992822,False
CPER,2021,RF,5,0.56,-0.24905396302338081,0.3333333333333333,0.0,0.0,-0.03717617695828945,-0.09851079110166538,2.0,3,-0.06213144071726939,0.06645115165958448,0.07493534035780303,-0.0005952722157231971,0.10546135090482589,0.1792391453184468,-0.06576394436491673,-0.06385780118499007,22.75,-0.5599994659423828,0.12,0.93,0.81,48.24,3.700000000000003,-1.4978999999999871,False,,-0.24905396302338081,False
CPER,2021,RF,5,0.6,-0.10403975759164646,0.3333333333333333,0.0,0.0,0.0,-0.043932617675374264,0.0,3,-0.06213144071726939,0.06645115165958448,0.07493534035780303,-0.0005952722157231971,0.10546135090482589,0.1792391453184468,-0.06576394436491673,-0.06385780118499007,22.75,-0.5599994659423828,0.12,0.93,0.81,48.24,3.700000000000003,-1.4978999999999871,False,,-0.10403975759164646,False
CPER,2021,RF,5,0.64,0.0,0.0,0.0,0.0,0.0,0.0,0.0,3,-0.06213144071726939,0.06645115165958448,0.07493534035780303,-0.0005952722157231971,0.10546135090482589,0.1792391453184468,-0.06576394436491673,-0.06385780118499007,22.75,-0.5599994659423828,0.12,0.93,0.81,48.24,3.700000000000003,-1.4978999999999871,False,,0.0,False
CPER,2021,RF,20,0.52,-0.6179971334327249,0.3333333333333333,-0.03663044719302344,-0.1711934507508197,-0.13257001943495494,-0.23578501054269918,6.0,3,-0.06213144071726939,0.06645115165958448,0.07493534035780303,-0.0005952722157231971,0.10546135090482589,0.1792391453184468,-0.06576394436491673,-0.06385780118499007,22.75,-0.5599994659423828,0.12,0.93,0.81,48.24,3.700000000000003,-1.4978999999999871,False,,-0.6179971334327249,False
CPER,2021,RF,20,0.56,0.37537824834571093,0.6666666666666666,0.06818355038904667,0.7172738003446534,-0.03164955245494461,-0.11999179024860362,4.0,3,-0.06213144071726939,0.06645115165958448,0.07493534035780303,-0.0005952722157231971,0.10546135090482589,0.1792391453184468,-0.06576394436491673,-0.06385780118499007,22.75,-0.5599994659423828,0.12,0.93,0.81,48.24,3.700000000000003,-1.4978999999999871,True,,0.37537824834571093,False
CPER,2021,RF,20,0.6,-0.31846434917758537,0.3333333333333333,0.0,0.0,-0.05501947344931124,-0.11521741889055115,2.0,3,-0.06213144071726939,0.06645115165958448,0.07493534035780303,-0.0005952722157231971,0.10546135090482589,0.1792391453184468,-0.06576394436491673,-0.06385780118499007,22.75,-0.5599994659423828,0.12,0.93,0.81,48.24,3.700000000000003,-1.4978999999999871,False,,-0.31846434917758537,False
CPER,2021,RF,20,0.64,-0.3846385153323638,0.3333333333333333,0.0,0.0,-0.06630691218337392,-0.06630691218337392,2.0,3,-0.06213144071726939,0.06645115165958448,0.07493534035780303,-0.0005952722157231971,0.10546135090482589,0.1792391453184468,-0.06576394436491673,-0.06385780118499007,22.75,-0.5599994659423828,0.12,0.93,0.81,48.24,3.700000000000003,-1.4978999999999871,False,,-0.3846385153323638,False
CPER,2021,HGB,1,0.52,-0.48091734983919016,0.3333333333333333,-0.022370662438521705,-0.10229244644549604,-0.04041737216595598,-0.18753642895980382,13.0,3,-0.06213144071726939,0.06645115165958448,0.07493534035780303,-0.0005952722157231971,0.10546135090482589,0.1792391453184468,-0.06576394436491673,-0.06385780118499007,22.75,-0.5599994659423828,0.12,0.93,0.81,48.24,3.700000000000003,-1.4978999999999871,False,,-0.48091734983919016,False
CPER,2021,HGB,1,0.56,-0.15272243273829306,0.6666666666666666,0.015421615670533129,0.1745629660716768,-0.017040283150984492,-0.10103040119082862,10.0,3,-0.06213144071726939,0.06645115165958448,0.07493534035780303,-0.0005952722157231971,0.10546135090482589,0.1792391453184468,-0.06576394436491673,-0.06385780118499007,22.75,-0.5599994659423828,0.12,0.93,0.81,48.24,3.700000000000003,-1.4978999999999871,False,,-0.15272243273829306,False
CPER,2021,HGB,1,0.6,0.11304663283716929,1.0,0.04267409805469291,0.4007327890226782,0.005445708589769893,-0.0824386849915627,6.0,3,-0.06213144071726939,0.06645115165958448,0.07493534035780303,-0.0005952722157231971,0.10546135090482589,0.1792391453184468,-0.06576394436491673,-0.06385780118499007,22.75,-0.5599994659423828,0.12,0.93,0.81,48.24,3.700000000000003,-1.4978999999999871,True,,0.11304663283716929,False
CPER,2021,HGB,1,0.64,-0.09859540690364943,0.6666666666666666,0.013731499142177306,0.27293531648889674,-0.01890160428869947,-0.03445035377247474,2.0,3,-0.06213144071726939,0.06645115165958448,0.07493534035780303,-0.0005952722157231971,0.10546135090482589,0.1792391453184468,-0.06576394436491673,-0.06385780118499007,22.75,-0.5599994659423828,0.12,0.93,0.81,48.24,3.700000000000003,-1.4978999999999871,False,,-0.09859540690364943,False
CPER,2021,HGB,5,0.52,0.025410532308213524,1.0,0.044527448930778535,0.3509500531198107,0.016033245342387925,-0.11503064312186118,14.0,3,-0.06213144071726939,0.06645115165958448,0.07493534035780303,-0.0005952722157231971,0.10546135090482589,0.1792391453184468,-0.06576394436491673,-0.06385780118499007,22.75,-0.5599994659423828,0.12,0.93,0.81,48.24,3.700000000000003,-1.4978999999999871,True,,0.025410532308213524,False
CPER,2021,HGB,5,0.56,-0.25389629830066535,0.6666666666666666,0.00269897047891976,0.09057942059785055,-0.019774377183540248,-0.10052881750895681,12.0,3,-0.06213144071726939,0.06645115165958448,0.07493534035780303,-0.0005952722157231971,0.10546135090482589,0.1792391453184468,-0.06576394436491673,-0.06385780118499007,22.75,-0.5599994659423828,0.12,0.93,0.81,48.24,3.700000000000003,-1.4978999999999871,False,,-0.25389629830066535,False
CPER,2021,HGB,5,0.6,0.02812064706334441,1.0,0.030265059337572398,0.2964255656347125,0.009137398145343756,-0.1204858906454851,10.0,3,-0.06213144071726939,0.06645115165958448,0.07493534035780303,-0.0005952722157231971,0.10546135090482589,0.1792391453184468,-0.06576394436491673,-0.06385780118499007,22.75,-0.5599994659423828,0.12,0.93,0.81,48.24,3.700000000000003,-1.4978999999999871,True,,0.02812064706334441,False
CPER,2021,HGB,5,0.64,-0.10157443715740436,1.0,0.0171074261506603,0.22892659343562302,0.0030865294805018095,-0.04740689599713166,6.0,3,-0.06213144071726939,0.06645115165958448,0.07493534035780303,-0.0005952722157231971,0.10546135090482589,0.1792391453184468,-0.06576394436491673,-0.06385780118499007,22.75,-0.5599994659423828,0.12,0.93,0.81,48.24,3.700000000000003,-1.4978999999999871,False,,-0.10157443715740436,False
CPER,2021,HGB,20,0.52,-0.11981657448613503,0.6666666666666666,0.05626479501324644,0.3832808711708954,-0.05770805801829637,-0.16131666299315883,10.0,3,-0.06213144071726939,0.06645115165958448,0.07493534035780303,-0.0005952722157231971,0.10546135090482589,0.1792391453184468,-0.06576394436491673,-0.06385780118499007,22.75,-0.5599994659423828,0.12,0.93,0.81,48.24,3.700000000000003,-1.4978999999999871,False,,-0.11981657448613503,False
CPER,2021,HGB,20,0.56,-0.30469638493235973,0.6666666666666666,0.02350688494590214,0.2204996593735864,-0.06630179095408595,-0.15831986561999078,10.0,3,-0.06213144071726939,0.06645115165958448,0.07493534035780303,-0.0005952722157231971,0.10546135090482589,0.1792391453184468,-0.06576394436491673,-0.06385780118499007,22.75,-0.5599994659423828,0.12,0.93,0.81,48.24,3.700000000000003,-1.4978999999999871,False,,-0.30469638493235973,False
CPER,2021,HGB,20,0.6,-0.033478127898451476,0.6666666666666666,0.03637062914424227,0.3794756828005887,-0.012708261626246053,-0.13075675870878511,8.0,3,-0.06213144071726939,0.06645115165958448,0.07493534035780303,-0.0005952722157231971,0.10546135090482589,0.1792391453184468,-0.06576394436491673,-0.06385780118499007,22.75,-0.5599994659423828,0.12,0.93,0.81,48.24,3.700000000000003,-1.4978999999999871,False,,-0.033478127898451476,False
CPER,2021,HGB,20,0.64,0.14896549284601368,0.6666666666666666,0.05124832195515561,0.5285220804690489,-0.03958489977856261,-0.12880707825149418,8.0,3,-0.06213144071726939,0.06645115165958448,0.07493534035780303,-0.0005952722157231971,0.10546135090482589,0.1792391453184468,-0.06576394436491673,-0.06385780118499007,22.75,-0.5599994659423828,0.12,0.93,0.81,48.24,3.700000000000003,-1.4978999999999871,True,,0.14896549284601368,False
CPER,2022,BUYHOLD,0,,0.5273171705357369,1.0,0.17984840918238887,0.7412500921346256,0.14389230583563029,-0.19258000004991316,1.0,3,0.05457563808030419,0.12076050818145179,0.1858307814294171,0.045986374053880175,0.13015867033878958,0.27660564213402306,-0.030406665444754344,0.015431218373259004,17.219999313354492,-0.7399997711181641,0.73,1.52,0.79,76.83,11.39,-0.6059999999999945,True,,0.5273171705357369,False
CPER,2022,CASH,0,,0.0,0.0,0.0,0.0,0.0,0.0,0.0,3,0.05457563808030419,0.12076050818145179,0.1858307814294171,0.045986374053880175,0.13015867033878958,0.27660564213402306,-0.030406665444754344,0.015431218373259004,17.219999313354492,-0.7399997711181641,0.73,1.52,0.79,76.83,11.39,-0.6059999999999945,False,,0.0,False
CPER,2022,MOMENTUM,0,,-0.21133279263294535,1.0,0.018260427055018846,0.19583378339666624,0.0041383846999236695,-0.18180624056859518,16.0,3,0.05457563808030419,0.12076050818145179,0.1858307814294171,0.045986374053880175,0.13015867033878958,0.27660564213402306,-0.030406665444754344,0.015431218373259004,17.219999313354492,-0.7399997711181641,0.73,1.52,0.79,76.83,11.39,-0.6059999999999945,False,,-0.21133279263294535,False
CPER,2022,MEANREV,0,,-0.309582962135147,0.6666666666666666,0.002760006353204947,0.07656029152738153,-0.020925678227762035,-0.06063484805294128,6.0,3,0.05457563808030419,0.12076050818145179,0.1858307814294171,0.045986374053880175,0.13015867033878958,0.27660564213402306,-0.030406665444754344,0.015431218373259004,17.219999313354492,-0.7399997711181641,0.73,1.52,0.79,76.83,11.39,-0.6059999999999945,False,,-0.309582962135147,False
CPER,2022,TREND60,0,,0.007086661905561953,1.0,0.05419896287370829,0.352789697014474,0.019515423163287027,-0.18180624056859485,13.0,3,0.05457563808030419,0.12076050818145179,0.1858307814294171,0.045986374053880175,0.13015867033878958,0.27660564213402306,-0.030406665444754344,0.015431218373259004,17.219999313354492,-0.7399997711181641,0.73,1.52,0.79,76.83,11.39,-0.6059999999999945,True,,0.007086661905561953,False
CPER,2022,TREND200_0,0,,-0.06517667511973123,0.6666666666666666,0.09781743905313234,0.49582277952375275,-0.08250723043890018,-0.19258000004991316,7.0,3,0.05457563808030419,0.12076050818145179,0.1858307814294171,0.045986374053880175,0.13015867033878958,0.27660564213402306,-0.030406665444754344,0.015431218373259004,17.219999313354492,-0.7399997711181641,0.73,1.52,0.79,76.83,11.39,-0.6059999999999945,False,,-0.06517667511973123,False
CPER,2022,TREND200_33,0,,0.1735323711480138,0.6666666666666666,0.12654220950723793,0.5926327126404387,-0.011776955291661784,-0.19258000004991316,5.02,3,0.05457563808030419,0.12076050818145179,0.1858307814294171,0.045986374053880175,0.13015867033878958,0.27660564213402306,-0.030406665444754344,0.015431218373259004,17.219999313354492,-0.7399997711181641,0.73,1.52,0.79,76.83,11.39,-0.6059999999999945,True,,0.1735323711480138,False
CPER,2022,TREND200_50,0,,0.27743105562141707,1.0,0.14073160104222215,0.6338200841638558,0.026175562014167486,-0.19258000004991316,4.0,3,0.05457563808030419,0.12076050818145179,0.1858307814294171,0.045986374053880175,0.13015867033878958,0.27660564213402306,-0.030406665444754344,0.015431218373259004,17.219999313354492,-0.7399997711181641,0.73,1.52,0.79,76.83,11.39,-0.6059999999999945,True,,0.27743105562141707,False
CPER,2022,TREND200_67,0,,0.3668799305398836,1.0,0.15448177748060576,0.668578341321326,0.06517289077484745,-0.19258000004991316,2.98,3,0.05457563808030419,0.12076050818145179,0.1858307814294171,0.045986374053880175,0.13015867033878958,0.27660564213402306,-0.030406665444754344,0.015431218373259004,17.219999313354492,-0.7399997711181641,0.73,1.52,0.79,76.83,11.39,-0.6059999999999945,True,,0.3668799305398836,False
CPER,2022,VOLTARGET10,0,,1.0023290362388315,1.0,0.14465607906652367,1.213527796584599,0.05915720115533252,-0.07683704299012739,2.676082561313648,3,0.05457563808030419,0.12076050818145179,0.1858307814294171,0.045986374053880175,0.13015867033878958,0.27660564213402306,-0.030406665444754344,0.015431218373259004,17.219999313354492,-0.7399997711181641,0.73,1.52,0.79,76.83,11.39,-0.6059999999999945,True,,1.0023290362388315,False
CPER,2022,VOLTARGET15,0,,0.8469595929633345,1.0,0.17636550171558052,1.081760655344455,0.0842710070785293,-0.11424984688707696,4.059200437821797,3,0.05457563808030419,0.12076050818145179,0.1858307814294171,0.045986374053880175,0.13015867033878958,0.27660564213402306,-0.030406665444754344,0.015431218373259004,17.219999313354492,-0.7399997711181641,0.73,1.52,0.79,76.83,11.39,-0.6059999999999945,True,,0.8469595929633345,False
CPER,2022,VOLTARGET20,0,,0.6885077680435144,1.0,0.18189962971562323,0.9570110312097467,0.09725341787291852,-0.15325026458034408,4.620868855652686,3,0.05457563808030419,0.12076050818145179,0.1858307814294171,0.045986374053880175,0.13015867033878958,0.27660564213402306,-0.030406665444754344,0.015431218373259004,17.219999313354492,-0.7399997711181641,0.73,1.52,0.79,76.83,11.39,-0.6059999999999945,True,,0.6885077680435144,False
CPER,2022,LOGIT,1,0.52,-0.01690974669420281,1.0,0.058753045099607215,0.4199597510724138,0.0033792731590289726,-0.1636237669655174,8.0,3,0.05457563808030419,0.12076050818145179,0.1858307814294171,0.045986374053880175,0.13015867033878958,0.27660564213402306,-0.030406665444754344,0.015431218373259004,17.219999313354492,-0.7399997711181641,0.73,1.52,0.79,76.83,11.39,-0.6059999999999945,False,,-0.01690974669420281,False
CPER,2022,LOGIT,1,0.56,0.6386148256642562,1.0,0.13405904981007022,0.9550075487845967,0.00934895637894173,-0.08721516589711797,8.0,3,0.05457563808030419,0.12076050818145179,0.1858307814294171,0.045986374053880175,0.13015867033878958,0.27660564213402306,-0.030406665444754344,0.015431218373259004,17.219999313354492,-0.7399997711181641,0.73,1.52,0.79,76.83,11.39,-0.6059999999999945,True,,0.6386148256642562,False
CPER,2022,LOGIT,1,0.6,0.7205713023183885,1.0,0.14503877443736624,0.994098479789062,0.03763287762741574,-0.06821272649594501,6.0,3,0.05457563808030419,0.12076050818145179,0.1858307814294171,0.045986374053880175,0.13015867033878958,0.27660564213402306,-0.030406665444754344,0.015431218373259004,17.219999313354492,-0.7399997711181641,0.73,1.52,0.79,76.83,11.39,-0.6059999999999945,True,,0.7205713023183885,False
CPER,2022,LOGIT,1,0.64,0.6520941177493856,1.0,0.14503877443736624,0.994098479789062,0.04243097483844127,-0.06821272649594501,6.0,3,0.05457563808030419,0.12076050818145179,0.1858307814294171,0.045986374053880175,0.13015867033878958,0.27660564213402306,-0.030406665444754344,0.015431218373259004,17.219999313354492,-0.7399997711181641,0.73,1.52,0.79,76.83,11.39,-0.6059999999999945,True,,0.6520941177493856,False
CPER,2022,LOGIT,5,0.52,0.5619362687032263,1.0,0.08329613420915538,0.9105616527475,0.07396464494821164,-0.09877006312107284,12.0,3,0.05457563808030419,0.12076050818145179,0.1858307814294171,0.045986374053880175,0.13015867033878958,0.27660564213402306,-0.030406665444754344,0.015431218373259004,17.219999313354492,-0.7399997711181641,0.73,1.52,0.79,76.83,11.39,-0.6059999999999945,True,,0.5619362687032263,False
CPER,2022,LOGIT,5,0.56,0.6243908915912935,1.0,0.08329613420915538,0.9736645084059091,0.07396464494821164,-0.09877006312107284,12.0,3,0.05457563808030419,0.12076050818145179,0.1858307814294171,0.045986374053880175,0.13015867033878958,0.27660564213402306,-0.030406665444754344,0.015431218373259004,17.219999313354492,-0.7399997711181641,0.73,1.52,0.79,76.83,11.39,-0.6059999999999945,True,,0.6243908915912935,False
CPER,2022,LOGIT,5,0.6,0.5967733127576447,1.0,0.08329613420915538,0.9960131446449391,0.03797557656440809,-0.09877006312107284,12.0,3,0.05457563808030419,0.12076050818145179,0.1858307814294171,0.045986374053880175,0.13015867033878958,0.27660564213402306,-0.030406665444754344,0.015431218373259004,17.219999313354492,-0.7399997711181641,0.73,1.52,0.79,76.83,11.39,-0.6059999999999945,True,,0.5967733127576447,False
CPER,2022,LOGIT,5,0.64,-0.010066973759138176,1.0,0.03797557656440809,0.46179871980063514,0.02396936038832065,-0.09877006312107284,12.0,3,0.05457563808030419,0.12076050818145179,0.1858307814294171,0.045986374053880175,0.13015867033878958,0.27660564213402306,-0.030406665444754344,0.015431218373259004,17.219999313354492,-0.7399997711181641,0.73,1.52,0.79,76.83,11.39,-0.6059999999999945,False,,-0.010066973759138176,False
CPER,2022,LOGIT,20,0.52,1.0429666838398601,1.0,0.1309101206774692,1.2010508468445857,0.10442759105831989,-0.05289011336477634,6.0,3,0.05457563808030419,0.12076050818145179,0.1858307814294171,0.045986374053880175,0.13015867033878958,0.27660564213402306,-0.030406665444754344,0.015431218373259004,17.219999313354492,-0.7399997711181641,0.73,1.52,0.79,76.83,11.39,-0.6059999999999945,True,,1.0429666838398601,True
CPER,2022,LOGIT,20,0.56,1.1061060672817127,1.0,0.1309101206774692,1.2078346092489645,0.11378773637633088,-0.05289011336477634,4.0,3,0.05457563808030419,0.12076050818145179,0.1858307814294171,0.045986374053880175,0.13015867033878958,0.27660564213402306,-0.030406665444754344,0.015431218373259004,17.219999313354492,-0.7399997711181641,0.73,1.52,0.79,76.83,11.39,-0.6059999999999945,True,,1.1061060672817127,True
CPER,2022,LOGIT,20,0.6,1.0650626515526445,1.0,0.12996160916266808,1.2078346092489645,0.11378773637633088,-0.05289011336477634,6.0,3,0.05457563808030419,0.12076050818145179,0.1858307814294171,0.045986374053880175,0.13015867033878958,0.27660564213402306,-0.030406665444754344,0.015431218373259004,17.219999313354492,-0.7399997711181641,0.73,1.52,0.79,76.83,11.39,-0.6059999999999945,True,,1.0650626515526445,True
CPER,2022,LOGIT,20,0.64,0.7950970721893637,1.0,0.09681990564030563,1.0561305290920897,0.08829337225628087,-0.04833627949917385,6.0,3,0.05457563808030419,0.12076050818145179,0.1858307814294171,0.045986374053880175,0.13015867033878958,0.27660564213402306,-0.030406665444754344,0.015431218373259004,17.219999313354492,-0.7399997711181641,0.73,1.52,0.79,76.83,11.39,-0.6059999999999945,True,,0.7950970721893637,False
CPER,2022,RF,1,0.52,0.9077220289822847,1.0,0.18410220493556384,1.052961074685479,0.14389230583563029,-0.1051827285068383,4.0,3,0.05457563808030419,0.12076050818145179,0.1858307814294171,0.045986374053880175,0.13015867033878958,0.27660564213402306,-0.030406665444754344,0.015431218373259004,17.219999313354492,-0.7399997711181641,0.73,1.52,0.79,76.83,11.39,-0.6059999999999945,True,,0.9077220289822847,False
CPER,2022,RF,1,0.56,-0.054386799448396084,0.3333333333333333,0.0,0.0,0.0,-0.027343036943094368,0.0,3,0.05457563808030419,0.12076050818145179,0.1858307814294171,0.045986374053880175,0.13015867033878958,0.27660564213402306,-0.030406665444754344,0.015431218373259004,17.219999313354492,-0.7399997711181641,0.73,1.52,0.79,76.83,11.39,-0.6059999999999945,False,,-0.054386799448396084,False
CPER,2022,RF,1,0.6,0.0,0.0,0.0,0.0,0.0,0.0,0.0,3,0.05457563808030419,0.12076050818145179,0.1858307814294171,0.045986374053880175,0.13015867033878958,0.27660564213402306,-0.030406665444754344,0.015431218373259004,17.219999313354492,-0.7399997711181641,0.73,1.52,0.79,76.83,11.39,-0.6059999999999945,False,,0.0,False
CPER,2022,RF,1,0.64,0.0,0.0,0.0,0.0,0.0,0.0,0.0,3,0.05457563808030419,0.12076050818145179,0.1858307814294171,0.045986374053880175,0.13015867033878958,0.27660564213402306,-0.030406665444754344,0.015431218373259004,17.219999313354492,-0.7399997711181641,0.73,1.52,0.79,76.83,11.39,-0.6059999999999945,False,,0.0,False
CPER,2022,RF,5,0.52,0.7970377631254916,1.0,0.16106151694470072,0.9068401658542231,0.1392348579365219,-0.15879446110799167,3.0,3,0.05457563808030419,0.12076050818145179,0.1858307814294171,0.045986374053880175,0.13015867033878958,0.27660564213402306,-0.030406665444754344,0.015431218373259004,17.219999313354492,-0.7399997711181641,0.73,1.52,0.79,76.83,11.39,-0.6059999999999945,True,,0.7970377631254916,False
CPER,2022,RF,5,0.56,-0.15537538987137445,0.3333333333333333,0.0,0.0,0.0,-0.027343036943094146,0.0,3,0.05457563808030419,0.12076050818145179,0.1858307814294171,0.045986374053880175,0.13015867033878958,0.27660564213402306,-0.030406665444754344,0.015431218373259004,17.219999313354492,-0.7399997711181641,0.73,1.52,0.79,76.83,11.39,-0.6059999999999945,False,,-0.15537538987137445,False
CPER,2022,RF,5,0.6,0.0,0.0,0.0,0.0,0.0,0.0,0.0,3,0.05457563808030419,0.12076050818145179,0.1858307814294171,0.045986374053880175,0.13015867033878958,0.27660564213402306,-0.030406665444754344,0.015431218373259004,17.219999313354492,-0.7399997711181641,0.73,1.52,0.79,76.83,11.39,-0.6059999999999945,False,,0.0,False
CPER,2022,RF,5,0.64,0.0,0.0,0.0,0.0,0.0,0.0,0.0,3,0.05457563808030419,0.12076050818145179,0.1858307814294171,0.045986374053880175,0.13015867033878958,0.27660564213402306,-0.030406665444754344,0.015431218373259004,17.219999313354492,-0.7399997711181641,0.73,1.52,0.79,76.83,11.39,-0.6059999999999945,False,,0.0,False
CPER,2022,RF,20,0.52,-0.4909657751946027,0.3333333333333333,-0.01466560293703445,-0.01869286926172348,-0.13257001943495494,-0.23578501054269918,8.0,3,0.05457563808030419,0.12076050818145179,0.1858307814294171,0.045986374053880175,0.13015867033878958,0.27660564213402306,-0.030406665444754344,0.015431218373259004,17.219999313354492,-0.7399997711181641,0.73,1.52,0.79,76.83,11.39,-0.6059999999999945,False,,-0.4909657751946027,False
CPER,2022,RF,20,0.56,0.5855908446859441,1.0,0.06818355038904667,0.7172738003446534,0.04099475456495627,-0.05525845870901114,2.0,3,0.05457563808030419,0.12076050818145179,0.1858307814294171,0.045986374053880175,0.13015867033878958,0.27660564213402306,-0.030406665444754344,0.015431218373259004,17.219999313354492,-0.7399997711181641,0.73,1.52,0.79,76.83,11.39,-0.6059999999999945,True,,0.5855908446859441,False
CPER,2022,RF,20,0.6,-0.19323119581330367,0.3333333333333333,0.0,0.0,0.0,-0.04833627949917385,0.0,3,0.05457563808030419,0.12076050818145179,0.1858307814294171,0.045986374053880175,0.13015867033878958,0.27660564213402306,-0.030406665444754344,0.015431218373259004,17.219999313354492,-0.7399997711181641,0.73,1.52,0.79,76.83,11.39,-0.6059999999999945,False,,-0.19323119581330367,False
CPER,2022,RF,20,0.64,-0.19323119581330367,0.3333333333333333,0.0,0.0,0.0,-0.04833627949917385,0.0,3,0.05457563808030419,0.12076050818145179,0.1858307814294171,0.045986374053880175,0.13015867033878958,0.27660564213402306,-0.030406665444754344,0.015431218373259004,17.219999313354492,-0.7399997711181641,0.73,1.52,0.79,76.83,11.39,-0.6059999999999945,False,,-0.19323119581330367,False
CPER,2022,HGB,1,0.52,-0.3995368478726474,0.6666666666666666,0.01373345185397401,0.16843400910578818,-0.022370662438521705,-0.12879019036271533,15.0,3,0.05457563808030419,0.12076050818145179,0.1858307814294171,0.045986374053880175,0.13015867033878958,0.27660564213402306,-0.030406665444754344,0.015431218373259004,17.219999313354492,-0.7399997711181641,0.73,1.52,0.79,76.83,11.39,-0.6059999999999945,False,,-0.3995368478726474,False
CPER,2022,HGB,1,0.56,-0.28522116959903043,0.6666666666666666,0.015421615670533129,0.1745629660716768,-0.017040283150984492,-0.10103040119082862,10.0,3,0.05457563808030419,0.12076050818145179,0.1858307814294171,0.045986374053880175,0.13015867033878958,0.27660564213402306,-0.030406665444754344,0.015431218373259004,17.219999313354492,-0.7399997711181641,0.73,1.52,0.79,76.83,11.39,-0.6059999999999945,False,,-0.28522116959903043,False
CPER,2022,HGB,1,0.6,0.6029367923072301,1.0,0.10211333374258769,0.9413461879341282,0.005445708589769893,-0.054080258838509754,8.0,3,0.05457563808030419,0.12076050818145179,0.1858307814294171,0.045986374053880175,0.13015867033878958,0.27660564213402306,-0.030406665444754344,0.015431218373259004,17.219999313354492,-0.7399997711181641,0.73,1.52,0.79,76.83,11.39,-0.6059999999999945,True,,0.6029367923072301,False
CPER,2022,HGB,1,0.64,0.09065324789606208,1.0,0.013731499142177306,0.27293531648889674,0.003041555430713938,-0.03445035377247474,2.0,3,0.05457563808030419,0.12076050818145179,0.1858307814294171,0.045986374053880175,0.13015867033878958,0.27660564213402306,-0.030406665444754344,0.015431218373259004,17.219999313354492,-0.7399997711181641,0.73,1.52,0.79,76.83,11.39,-0.6059999999999945,True,,0.09065324789606208,False
CPER,2022,HGB,5,0.52,0.273230438987835,1.0,0.06567150568722946,0.538731906173213,0.016033245342387925,-0.11503064312186118,9.0,3,0.05457563808030419,0.12076050818145179,0.1858307814294171,0.045986374053880175,0.13015867033878958,0.27660564213402306,-0.030406665444754344,0.015431218373259004,17.219999313354492,-0.7399997711181641,0.73,1.52,0.79,76.83,11.39,-0.6059999999999945,True,,0.273230438987835,False
CPER,2022,HGB,5,0.56,-0.38727160217126866,0.6666666666666666,0.00269897047891976,0.09057942059785055,-0.019774377183540248,-0.10052881750895681,10.0,3,0.05457563808030419,0.12076050818145179,0.1858307814294171,0.045986374053880175,0.13015867033878958,0.27660564213402306,-0.030406665444754344,0.015431218373259004,17.219999313354492,-0.7399997711181641,0.73,1.52,0.79,76.83,11.39,-0.6059999999999945,False,,-0.38727160217126866,False
CPER,2022,HGB,5,0.6,0.18237064844721926,1.0,0.02396936038832065,0.46179871980063514,0.009137398145343756,-0.1204858906454851,10.0,3,0.05457563808030419,0.12076050818145179,0.1858307814294171,0.045986374053880175,0.13015867033878958,0.27660564213402306,-0.030406665444754344,0.015431218373259004,17.219999313354492,-0.7399997711181641,0.73,1.52,0.79,76.83,11.39,-0.6059999999999945,True,,0.18237064844721926,False
CPER,2022,HGB,5,0.64,-0.24582206112985133,0.6666666666666666,0.0030865294805018095,0.08106438047528251,0.0,-0.039408377388350346,4.0,3,0.05457563808030419,0.12076050818145179,0.1858307814294171,0.045986374053880175,0.13015867033878958,0.27660564213402306,-0.030406665444754344,0.015431218373259004,17.219999313354492,-0.7399997711181641,0.73,1.52,0.79,76.83,11.39,-0.6059999999999945,False,,-0.24582206112985133,False
CPER,2022,HGB,20,0.52,0.2127045239700192,0.6666666666666666,0.1052625764464119,0.7348638263638151,-0.05770805801829637,-0.16131666299315883,12.0,3,0.05457563808030419,0.12076050818145179,0.1858307814294171,0.045986374053880175,0.13015867033878958,0.27660564213402306,-0.030406665444754344,0.015431218373259004,17.219999313354492,-0.7399997711181641,0.73,1.52,0.79,76.83,11.39,-0.6059999999999945,True,,0.2127045239700192,False
CPER,2022,HGB,20,0.56,0.5269963176654422,0.6666666666666666,0.14868461749006134,1.0896909360730118,-0.06630179095408595,-0.15831986561999078,10.0,3,0.05457563808030419,0.12076050818145179,0.1858307814294171,0.045986374053880175,0.13015867033878958,0.27660564213402306,-0.030406665444754344,0.015431218373259004,17.219999313354492,-0.7399997711181641,0.73,1.52,0.79,76.83,11.39,-0.6059999999999945,True,,0.5269963176654422,False
CPER,2022,HGB,20,0.6,0.8495231356455762,1.0,0.07768476627648435,1.118683218556061,0.03637062914424227,-0.05739738311837661,6.0,3,0.05457563808030419,0.12076050818145179,0.1858307814294171,0.045986374053880175,0.13015867033878958,0.27660564213402306,-0.030406665444754344,0.015431218373259004,17.219999313354492,-0.7399997711181641,0.73,1.52,0.79,76.83,11.39,-0.6059999999999945,True,,0.8495231356455762,False
CPER,2022,HGB,20,0.64,0.2744891380452491,0.6666666666666666,0.05124832195515561,0.5285220804690489,-0.0051799021112242105,-0.07724166554407064,2.0,3,0.05457563808030419,0.12076050818145179,0.1858307814294171,0.045986374053880175,0.13015867033878958,0.27660564213402306,-0.030406665444754344,0.015431218373259004,17.219999313354492,-0.7399997711181641,0.73,1.52,0.79,76.83,11.39,-0.6059999999999945,True,,0.2744891380452491,False
CPER,2023,BUYHOLD,0,,0.26104792910367536,0.6666666666666666,0.17984840918238887,0.7185302317122366,-0.14957251570847152,-0.2303607097231546,1.0,3,-0.030222243272528537,-0.007382909814955374,0.013670923692144843,-0.014084202249470268,-0.043022931947269694,0.30174105259280154,-0.17032616172203707,-0.038202247191011285,21.670000076293945,-0.2999992370605469,4.34,3.83,-0.5099999999999998,78.43,-2.049999999999997,-1.8597999999999928,True,,0.26104792910367536,False
CPER,2023,CASH,0,,0.0,0.0,0.0,0.0,0.0,0.0,0.0,3,-0.030222243272528537,-0.007382909814955374,0.013670923692144843,-0.014084202249470268,-0.043022931947269694,0.30174105259280154,-0.17032616172203707,-0.038202247191011285,21.670000076293945,-0.2999992370605469,4.34,3.83,-0.5099999999999998,78.43,-2.049999999999997,-1.8597999999999928,False,,0.0,False
CPER,2023,MOMENTUM,0,,-0.9504686695239074,0.6666666666666666,0.0041383846999236695,0.11064398801802403,-0.3085424743132611,-0.3278409777542529,18.0,3,-0.030222243272528537,-0.007382909814955374,0.013670923692144843,-0.014084202249470268,-0.043022931947269694,0.30174105259280154,-0.17032616172203707,-0.038202247191011285,21.670000076293945,-0.2999992370605469,4.34,3.83,-0.5099999999999998,78.43,-2.049999999999997,-1.8597999999999928,False,,-0.9504686695239074,False
CPER,2023,MEANREV,0,,-0.0172790270827827,1.0,0.0203886203932242,0.2709521277555175,0.002760006353204947,-0.06063484805294128,6.0,3,-0.030222243272528537,-0.007382909814955374,0.013670923692144843,-0.014084202249470268,-0.043022931947269694,0.30174105259280154,-0.17032616172203707,-0.038202247191011285,21.670000076293945,-0.2999992370605469,4.34,3.83,-0.5099999999999998,78.43,-2.049999999999997,-1.8597999999999928,False,,-0.0172790270827827,False
CPER,2023,TREND60,0,,-0.8478026597285743,0.6666666666666666,0.019515423163287027,0.19645976340686894,-0.3085424743132611,-0.3278409777542529,18.0,3,-0.030222243272528537,-0.007382909814955374,0.013670923692144843,-0.014084202249470268,-0.043022931947269694,0.30174105259280154,-0.17032616172203707,-0.038202247191011285,21.670000076293945,-0.2999992370605469,4.34,3.83,-0.5099999999999998,78.43,-2.049999999999997,-1.8597999999999928,False,,-0.8478026597285743,False
CPER,2023,TREND200_0,0,,-0.0625824778261076,0.6666666666666666,0.09781743905313234,0.49582277952375275,-0.09015667829739338,-0.19258000004991316,6.0,3,-0.030222243272528537,-0.007382909814955374,0.013670923692144843,-0.014084202249470268,-0.043022931947269694,0.30174105259280154,-0.17032616172203707,-0.038202247191011285,21.670000076293945,-0.2999992370605469,4.34,3.83,-0.5099999999999998,78.43,-2.049999999999997,-1.8597999999999928,False,,-0.0625824778261076,False
CPER,2023,TREND200_33,0,,0.07033363181459841,0.6666666666666666,0.12654220950723793,0.5926327126404387,-0.10113655742727545,-0.19258000004991316,4.35,3,-0.030222243272528537,-0.007382909814955374,0.013670923692144843,-0.014084202249470268,-0.043022931947269694,0.30174105259280154,-0.17032616172203707,-0.038202247191011285,21.670000076293945,-0.2999992370605469,4.34,3.83,-0.5099999999999998,78.43,-2.049999999999997,-1.8597999999999928,True,,0.07033363181459841,False
CPER,2023,TREND200_50,0,,0.13444715998353804,0.6666666666666666,0.14073160104222215,0.6338200841638558,-0.11020197817951083,-0.19258000004991316,3.5,3,-0.030222243272528537,-0.007382909814955374,0.013670923692144843,-0.014084202249470268,-0.043022931947269694,0.30174105259280154,-0.17032616172203707,-0.038202247191011285,21.670000076293945,-0.2999992370605469,4.34,3.83,-0.5099999999999998,78.43,-2.049999999999997,-1.8597999999999928,True,,0.13444715998353804,False
CPER,2023,TREND200_67,0,,0.19149064525866388,0.6666666666666666,0.15448177748060576,0.668578341321326,-0.12151129036946084,-0.19258000004991316,2.65,3,-0.030222243272528537,-0.007382909814955374,0.013670923692144843,-0.014084202249470268,-0.043022931947269694,0.30174105259280154,-0.17032616172203707,-0.038202247191011285,21.670000076293945,-0.2999992370605469,4.34,3.83,-0.5099999999999998,78.43,-2.049999999999997,-1.8597999999999928,True,,0.19149064525866388,False
CPER,2023,VOLTARGET10,0,,0.135206236505225,0.6666666666666666,0.05915720115533252,0.5748147407184928,-0.044029026519773806,-0.0868790958256973,2.636634585180339,3,-0.030222243272528537,-0.007382909814955374,0.013670923692144843,-0.014084202249470268,-0.043022931947269694,0.30174105259280154,-0.17032616172203707,-0.038202247191011285,21.670000076293945,-0.2999992370605469,4.34,3.83,-0.5099999999999998,78.43,-2.049999999999997,-1.8597999999999928,True,,0.135206236505225,False
CPER,2023,VOLTARGET15,0,,0.09061220939065141,0.6666666666666666,0.0842710070785293,0.5705113037784881,-0.07021382561243994,-0.12976968603184524,3.954951877770508,3,-0.030222243272528537,-0.007382909814955374,0.013670923692144843,-0.014084202249470268,-0.043022931947269694,0.30174105259280154,-0.17032616172203707,-0.038202247191011285,21.670000076293945,-0.2999992370605469,4.34,3.83,-0.5099999999999998,78.43,-2.049999999999997,-1.8597999999999928,True,,0.09061220939065141,False
CPER,2023,VOLTARGET20,0,,0.021702306193472284,0.6666666666666666,0.09725341787291852,0.5356321556757643,-0.09694865991359347,-0.16471246042349152,4.828476512181782,3,-0.030222243272528537,-0.007382909814955374,0.013670923692144843,-0.014084202249470268,-0.043022931947269694,0.30174105259280154,-0.17032616172203707,-0.038202247191011285,21.670000076293945,-0.2999992370605469,4.34,3.83,-0.5099999999999998,78.43,-2.049999999999997,-1.8597999999999928,True,,0.021702306193472284,False
CPER,2023,LOGIT,1,0.52,-0.053752043397517046,0.6666666666666666,0.058753045099607215,0.4199597510724138,-0.04667367901938624,-0.1636237669655174,8.0,3,-0.030222243272528537,-0.007382909814955374,0.013670923692144843,-0.014084202249470268,-0.043022931947269694,0.30174105259280154,-0.17032616172203707,-0.038202247191011285,21.670000076293945,-0.2999992370605469,4.34,3.83,-0.5099999999999998,78.43,-2.049999999999997,-1.8597999999999928,False,,-0.053752043397517046,False
CPER,2023,LOGIT,1,0.56,0.5507232786681394,0.6666666666666666,0.13405904981007022,0.9550075487845967,-0.04384684824369445,-0.13517429073387444,8.0,3,-0.030222243272528537,-0.007382909814955374,0.013670923692144843,-0.014084202249470268,-0.043022931947269694,0.30174105259280154,-0.17032616172203707,-0.038202247191011285,21.670000076293945,-0.2999992370605469,4.34,3.83,-0.5099999999999998,78.43,-2.049999999999997,-1.8597999999999928,True,,0.5507232786681394,False
CPER,2023,LOGIT,1,0.6,0.4929138444253057,0.6666666666666666,0.14503877443736624,0.994098479789062,-0.07428450760112604,-0.12354998771407166,8.0,3,-0.030222243272528537,-0.007382909814955374,0.013670923692144843,-0.014084202249470268,-0.043022931947269694,0.30174105259280154,-0.17032616172203707,-0.038202247191011285,21.670000076293945,-0.2999992370605469,4.34,3.83,-0.5099999999999998,78.43,-2.049999999999997,-1.8597999999999928,True,,0.4929138444253057,False
CPER,2023,LOGIT,1,0.64,0.44476848909493094,0.6666666666666666,0.14503877443736624,0.994098479789062,-0.07522235838325009,-0.12354998771407166,6.0,3,-0.030222243272528537,-0.007382909814955374,0.013670923692144843,-0.014084202249470268,-0.043022931947269694,0.30174105259280154,-0.17032616172203707,-0.038202247191011285,21.670000076293945,-0.2999992370605469,4.34,3.83,-0.5099999999999998,78.43,-2.049999999999997,-1.8597999999999928,True,,0.44476848909493094,False
CPER,2023,LOGIT,5,0.52,0.16170417779633,1.0,0.08329613420915538,0.5511319389549573,0.07396464494821164,-0.11915111452658345,12.0,3,-0.030222243272528537,-0.007382909814955374,0.013670923692144843,-0.014084202249470268,-0.043022931947269694,0.30174105259280154,-0.17032616172203707,-0.038202247191011285,21.670000076293945,-0.2999992370605469,4.34,3.83,-0.5099999999999998,78.43,-2.049999999999997,-1.8597999999999928,True,,0.16170417779633,False
CPER,2023,LOGIT,5,0.56,0.32222695701469,1.0,0.08329613420915538,0.680756078670835,0.07396464494821164,-0.09877006312107284,12.0,3,-0.030222243272528537,-0.007382909814955374,0.013670923692144843,-0.014084202249470268,-0.043022931947269694,0.30174105259280154,-0.17032616172203707,-0.038202247191011285,21.670000076293945,-0.2999992370605469,4.34,3.83,-0.5099999999999998,78.43,-2.049999999999997,-1.8597999999999928,True,,0.32222695701469,False
CPER,2023,LOGIT,5,0.6,0.28461298821080233,1.0,0.08329613420915538,0.680756078670835,0.03797557656440809,-0.09877006312107284,12.0,3,-0.030222243272528537,-0.007382909814955374,0.013670923692144843,-0.014084202249470268,-0.043022931947269694,0.30174105259280154,-0.17032616172203707,-0.038202247191011285,21.670000076293945,-0.2999992370605469,4.34,3.83,-0.5099999999999998,78.43,-2.049999999999997,-1.8597999999999928,True,,0.28461298821080233,False
CPER,2023,LOGIT,5,0.64,0.18787654415169291,1.0,0.03797557656440809,0.46179871980063514,0.02396936038832065,-0.09877006312107284,12.0,3,-0.030222243272528537,-0.007382909814955374,0.013670923692144843,-0.014084202249470268,-0.043022931947269694,0.30174105259280154,-0.17032616172203707,-0.038202247191011285,21.670000076293945,-0.2999992370605469,4.34,3.83,-0.5099999999999998,78.43,-2.049999999999997,-1.8597999999999928,True,,0.18787654415169291,False
CPER,2023,LOGIT,20,0.52,0.7509982905530419,0.6666666666666666,0.1309101206774692,1.2010508468445857,-0.05993853980842123,-0.19351558857445372,4.0,3,-0.030222243272528537,-0.007382909814955374,0.013670923692144843,-0.014084202249470268,-0.043022931947269694,0.30174105259280154,-0.17032616172203707,-0.038202247191011285,21.670000076293945,-0.2999992370605469,4.34,3.83,-0.5099999999999998,78.43,-2.049999999999997,-1.8597999999999928,True,,0.7509982905530419,True
CPER,2023,LOGIT,20,0.56,0.7509982905530419,0.6666666666666666,0.1309101206774692,1.2010508468445857,-0.05993853980842123,-0.19351558857445372,4.0,3,-0.030222243272528537,-0.007382909814955374,0.013670923692144843,-0.014084202249470268,-0.043022931947269694,0.30174105259280154,-0.17032616172203707,-0.038202247191011285,21.670000076293945,-0.2999992370605469,4.34,3.83,-0.5099999999999998,78.43,-2.049999999999997,-1.8597999999999928,True,,0.7509982905530419,True
CPER,2023,LOGIT,20,0.6,0.7772343755916155,1.0,0.12996160916266808,1.2010508468445857,0.0027892078594915493,-0.18656592123125681,6.0,3,-0.030222243272528537,-0.007382909814955374,0.013670923692144843,-0.014084202249470268,-0.043022931947269694,0.30174105259280154,-0.17032616172203707,-0.038202247191011285,21.670000076293945,-0.2999992370605469,4.34,3.83,-0.5099999999999998,78.43,-2.049999999999997,-1.8597999999999928,True,,0.7772343755916155,True
CPER,2023,LOGIT,20,0.64,0.30127946589632737,1.0,0.08829337225628087,0.7346139909378273,0.0027892078594915493,-0.18656592123125681,5.0,3,-0.030222243272528537,-0.007382909814955374,0.013670923692144843,-0.014084202249470268,-0.043022931947269694,0.30174105259280154,-0.17032616172203707,-0.038202247191011285,21.670000076293945,-0.2999992370605469,4.34,3.83,-0.5099999999999998,78.43,-2.049999999999997,-1.8597999999999928,True,,0.30127946589632737,False
CPER,2023,RF,1,0.52,0.5534263291205792,0.6666666666666666,0.18410220493556384,1.052961074685479,-0.1422672781826798,-0.23036070972315448,4.0,3,-0.030222243272528537,-0.007382909814955374,0.013670923692144843,-0.014084202249470268,-0.043022931947269694,0.30174105259280154,-0.17032616172203707,-0.038202247191011285,21.670000076293945,-0.2999992370605469,4.34,3.83,-0.5099999999999998,78.43,-2.049999999999997,-1.8597999999999928,True,,0.5534263291205792,False
CPER,2023,RF,1,0.56,-0.07718705244778926,0.3333333333333333,0.0,0.0,0.0,-0.1210255660196482,0.0,3,-0.030222243272528537,-0.007382909814955374,0.013670923692144843,-0.014084202249470268,-0.043022931947269694,0.30174105259280154,-0.17032616172203707,-0.038202247191011285,21.670000076293945,-0.2999992370605469,4.34,3.83,-0.5099999999999998,78.43,-2.049999999999997,-1.8597999999999928,False,,-0.07718705244778926,False
CPER,2023,RF,1,0.6,0.0,0.0,0.0,0.0,0.0,0.0,0.0,3,-0.030222243272528537,-0.007382909814955374,0.013670923692144843,-0.014084202249470268,-0.043022931947269694,0.30174105259280154,-0.17032616172203707,-0.038202247191011285,21.670000076293945,-0.2999992370605469,4.34,3.83,-0.5099999999999998,78.43,-2.049999999999997,-1.8597999999999928,False,,0.0,False
CPER,2023,RF,1,0.64,0.0,0.0,0.0,0.0,0.0,0.0,0.0,3,-0.030222243272528537,-0.007382909814955374,0.013670923692144843,-0.014084202249470268,-0.043022931947269694,0.30174105259280154,-0.17032616172203707,-0.038202247191011285,21.670000076293945,-0.2999992370605469,4.34,3.83,-0.5099999999999998,78.43,-2.049999999999997,-1.8597999999999928,False,,0.0,False
CPER,2023,RF,5,0.52,0.417523872690671,0.6666666666666666,0.1392348579365219,0.7420129897084599,-0.07223565023490164,-0.1935155885744534,3.0,3,-0.030222243272528537,-0.007382909814955374,0.013670923692144843,-0.014084202249470268,-0.043022931947269694,0.30174105259280154,-0.17032616172203707,-0.038202247191011285,21.670000076293945,-0.2999992370605469,4.34,3.83,-0.5099999999999998,78.43,-2.049999999999997,-1.8597999999999928,True,,0.417523872690671,False
CPER,2023,RF,5,0.56,-0.11234366013949806,0.3333333333333333,0.0,0.0,0.0,-0.12102556601964798,0.0,3,-0.030222243272528537,-0.007382909814955374,0.013670923692144843,-0.014084202249470268,-0.043022931947269694,0.30174105259280154,-0.17032616172203707,-0.038202247191011285,21.670000076293945,-0.2999992370605469,4.34,3.83,-0.5099999999999998,78.43,-2.049999999999997,-1.8597999999999928,False,,-0.11234366013949806,False
CPER,2023,RF,5,0.6,-0.11650528543102334,0.3333333333333333,0.0,0.0,0.0,-0.04837359500102589,0.0,3,-0.030222243272528537,-0.007382909814955374,0.013670923692144843,-0.014084202249470268,-0.043022931947269694,0.30174105259280154,-0.17032616172203707,-0.038202247191011285,21.670000076293945,-0.2999992370605469,4.34,3.83,-0.5099999999999998,78.43,-2.049999999999997,-1.8597999999999928,False,,-0.11650528543102334,False
CPER,2023,RF,5,0.64,-0.2584485815053793,0.3333333333333333,0.0,0.0,0.0,-0.015153892740027763,0.0,3,-0.030222243272528537,-0.007382909814955374,0.013670923692144843,-0.014084202249470268,-0.043022931947269694,0.30174105259280154,-0.17032616172203707,-0.038202247191011285,21.670000076293945,-0.2999992370605469,4.34,3.83,-0.5099999999999998,78.43,-2.049999999999997,-1.8597999999999928,False,,-0.2584485815053793,False
CPER,2023,RF,20,0.52,-0.41281089716790825,0.0,-0.06088926171505382,-0.01869286926172348,-0.13257001943495494,-0.23578501054269918,5.0,3,-0.030222243272528537,-0.007382909814955374,0.013670923692144843,-0.014084202249470268,-0.043022931947269694,0.30174105259280154,-0.17032616172203707,-0.038202247191011285,21.670000076293945,-0.2999992370605469,4.34,3.83,-0.5099999999999998,78.43,-2.049999999999997,-1.8597999999999928,False,,-0.41281089716790825,False
CPER,2023,RF,20,0.56,0.17007780748494675,0.6666666666666666,0.04099475456495627,0.4855814145221241,-0.08439648100489183,-0.1935155885744536,2.0,3,-0.030222243272528537,-0.007382909814955374,0.013670923692144843,-0.014084202249470268,-0.043022931947269694,0.30174105259280154,-0.17032616172203707,-0.038202247191011285,21.670000076293945,-0.2999992370605469,4.34,3.83,-0.5099999999999998,78.43,-2.049999999999997,-1.8597999999999928,True,,0.17007780748494675,False
CPER,2023,RF,20,0.6,0.0033431175642804345,0.6666666666666666,0.027412365373761016,0.23481705078433612,0.0,-0.12354998771407166,2.0,3,-0.030222243272528537,-0.007382909814955374,0.013670923692144843,-0.014084202249470268,-0.043022931947269694,0.30174105259280154,-0.17032616172203707,-0.038202247191011285,21.670000076293945,-0.2999992370605469,4.34,3.83,-0.5099999999999998,78.43,-2.049999999999997,-1.8597999999999928,True,,0.0033431175642804345,False
CPER,2023,RF,20,0.64,0.10596377715351213,0.6666666666666666,0.047094894230612416,0.32784819518959457,0.0,-0.12354998771407166,2.0,3,-0.030222243272528537,-0.007382909814955374,0.013670923692144843,-0.014084202249470268,-0.043022931947269694,0.30174105259280154,-0.17032616172203707,-0.038202247191011285,21.670000076293945,-0.2999992370605469,4.34,3.83,-0.5099999999999998,78.43,-2.049999999999997,-1.8597999999999928,True,,0.10596377715351213,False
CPER,2023,HGB,1,0.52,-0.6751042461877885,0.6666666666666666,0.01373345185397401,0.16843400910578818,-0.2513866740318751,-0.2594985087724144,15.0,3,-0.030222243272528537,-0.007382909814955374,0.013670923692144843,-0.014084202249470268,-0.043022931947269694,0.30174105259280154,-0.17032616172203707,-0.038202247191011285,21.670000076293945,-0.2999992370605469,4.34,3.83,-0.5099999999999998,78.43,-2.049999999999997,-1.8597999999999928,False,,-0.6751042461877885,False
CPER,2023,HGB,1,0.56,-0.5073110724600238,0.6666666666666666,0.015421615670533129,0.1745629660716768,-0.16150282916995928,-0.18693337785566855,13.0,3,-0.030222243272528537,-0.007382909814955374,0.013670923692144843,-0.014084202249470268,-0.043022931947269694,0.30174105259280154,-0.17032616172203707,-0.038202247191011285,21.670000076293945,-0.2999992370605469,4.34,3.83,-0.5099999999999998,78.43,-2.049999999999997,-1.8597999999999928,False,,-0.5073110724600238,False
CPER,2023,HGB,1,0.6,0.47154906517082185,0.6666666666666666,0.10211333374258769,0.9413461879341282,-0.07402482200849425,-0.13466660636945582,6.0,3,-0.030222243272528537,-0.007382909814955374,0.013670923692144843,-0.014084202249470268,-0.043022931947269694,0.30174105259280154,-0.17032616172203707,-0.038202247191011285,21.670000076293945,-0.2999992370605469,4.34,3.83,-0.5099999999999998,78.43,-2.049999999999997,-1.8597999999999928,True,,0.47154906517082185,False
CPER,2023,HGB,1,0.64,-0.2158724863530589,0.6666666666666666,0.003041555430713938,0.10192485535961983,-0.05235192371819897,-0.12354998771407166,2.0,3,-0.030222243272528537,-0.007382909814955374,0.013670923692144843,-0.014084202249470268,-0.043022931947269694,0.30174105259280154,-0.17032616172203707,-0.038202247191011285,21.670000076293945,-0.2999992370605469,4.34,3.83,-0.5099999999999998,78.43,-2.049999999999997,-1.8597999999999928,False,,-0.2158724863530589,False
CPER,2023,HGB,5,0.52,-0.2550988372203624,0.6666666666666666,0.016033245342387925,0.1782287208907925,-0.13429472690912625,-0.21543672568770456,8.0,3,-0.030222243272528537,-0.007382909814955374,0.013670923692144843,-0.014084202249470268,-0.043022931947269694,0.30174105259280154,-0.17032616172203707,-0.038202247191011285,21.670000076293945,-0.2999992370605469,4.34,3.83,-0.5099999999999998,78.43,-2.049999999999997,-1.8597999999999928,False,,-0.2550988372203624,False
CPER,2023,HGB,5,0.56,-0.17723484965342812,1.0,0.036719418352600064,0.2727227128946025,0.00269897047891976,-0.1865659212312567,9.0,3,-0.030222243272528537,-0.007382909814955374,0.013670923692144843,-0.014084202249470268,-0.043022931947269694,0.30174105259280154,-0.17032616172203707,-0.038202247191011285,21.670000076293945,-0.2999992370605469,4.34,3.83,-0.5099999999999998,78.43,-2.049999999999997,-1.8597999999999928,False,,-0.17723484965342812,False
CPER,2023,HGB,5,0.6,0.2565268717101845,1.0,0.03950888160254551,0.4761615824074923,0.02396936038832065,-0.08680755113591343,10.0,3,-0.030222243272528537,-0.007382909814955374,0.013670923692144843,-0.014084202249470268,-0.043022931947269694,0.30174105259280154,-0.17032616172203707,-0.038202247191011285,21.670000076293945,-0.2999992370605469,4.34,3.83,-0.5099999999999998,78.43,-2.049999999999997,-1.8597999999999928,True,,0.2565268717101845,False
CPER,2023,HGB,5,0.64,-0.06798046399885643,0.6666666666666666,0.0030865294805018095,0.08106438047528251,0.0,-0.07578467408649181,4.0,3,-0.030222243272528537,-0.007382909814955374,0.013670923692144843,-0.014084202249470268,-0.043022931947269694,0.30174105259280154,-0.17032616172203707,-0.038202247191011285,21.670000076293945,-0.2999992370605469,4.34,3.83,-0.5099999999999998,78.43,-2.049999999999997,-1.8597999999999928,False,,-0.06798046399885643,False
CPER,2023,HGB,20,0.52,-0.6012679057411671,0.3333333333333333,-0.05770805801829637,-0.16520009392170018,-0.10666842594598569,-0.1935155885744534,5.0,3,-0.030222243272528537,-0.007382909814955374,0.013670923692144843,-0.014084202249470268,-0.043022931947269694,0.30174105259280154,-0.17032616172203707,-0.038202247191011285,21.670000076293945,-0.2999992370605469,4.34,3.83,-0.5099999999999998,78.43,-2.049999999999997,-1.8597999999999928,False,,-0.6012679057411671,False
CPER,2023,HGB,20,0.56,-0.42427085757980404,0.3333333333333333,-0.011478645265845189,0.12714181137784886,-0.06630179095408595,-0.19351558857445272,5.0,3,-0.030222243272528537,-0.007382909814955374,0.013670923692144843,-0.014084202249470268,-0.043022931947269694,0.30174105259280154,-0.17032616172203707,-0.038202247191011285,21.670000076293945,-0.2999992370605469,4.34,3.83,-0.5099999999999998,78.43,-2.049999999999997,-1.8597999999999928,False,,-0.42427085757980404,False
CPER,2023,HGB,20,0.6,0.05932468410713898,1.0,0.07524613252840551,0.3893521717118466,0.03637062914424227,-0.18656592123125615,6.0,3,-0.030222243272528537,-0.007382909814955374,0.013670923692144843,-0.014084202249470268,-0.043022931947269694,0.30174105259280154,-0.17032616172203707,-0.038202247191011285,21.670000076293945,-0.2999992370605469,4.34,3.83,-0.5099999999999998,78.43,-2.049999999999997,-1.8597999999999928,True,,0.05932468410713898,False
CPER,2023,HGB,20,0.64,0.08940383754764997,0.6666666666666666,0.05124832195515561,0.34958867588020764,-0.0051799021112242105,-0.1865659212312566,2.0,3,-0.030222243272528537,-0.007382909814955374,0.013670923692144843,-0.014084202249470268,-0.043022931947269694,0.30174105259280154,-0.17032616172203707,-0.038202247191011285,21.670000076293945,-0.2999992370605469,4.34,3.83,-0.5099999999999998,78.43,-2.049999999999997,-1.8597999999999928,True,,0.08940383754764997,False
CPER,2024,BUYHOLD,0,,-0.015362773617449074,0.6666666666666666,0.09121027261400272,0.47223448924146083,-0.14957251570847152,-0.2303607097231546,1.0,3,0.032362319526006766,0.04937288942378082,0.130132965231901,0.03168830491720853,0.0756749675892443,0.3063870475337914,-0.024248613765704863,0.017821998273333195,12.449999809265137,-1.1999998092651367,4.26,3.84,-0.41999999999999993,72.02,-5.540000000000006,-1.4055000000000035,False,,-0.015362773617449074,False
CPER,2024,CASH,0,,0.0,0.0,0.0,0.0,0.0,0.0,0.0,3,0.032362319526006766,0.04937288942378082,0.130132965231901,0.03168830491720853,0.0756749675892443,0.3063870475337914,-0.024248613765704863,0.017821998273333195,12.449999809265137,-1.1999998092651367,4.26,3.84,-0.41999999999999993,72.02,-5.540000000000006,-1.4055000000000035,False,,0.0,False
CPER,2024,MOMENTUM,0,,-1.0234246256089587,0.3333333333333333,-0.014594266935735623,-0.010726968265359037,-0.3085424743132611,-0.3278409777542529,15.0,3,0.032362319526006766,0.04937288942378082,0.130132965231901,0.03168830491720853,0.0756749675892443,0.3063870475337914,-0.024248613765704863,0.017821998273333195,12.449999809265137,-1.1999998092651367,4.26,3.84,-0.41999999999999993,72.02,-5.540000000000006,-1.4055000000000035,False,,-1.0234246256089587,False
CPER,2024,MEANREV,0,,-0.30636413542493046,0.6666666666666666,0.002760006353204947,0.07656029152738153,-0.07662826220164476,-0.09758058789713675,4.0,3,0.032362319526006766,0.04937288942378082,0.130132965231901,0.03168830491720853,0.0756749675892443,0.3063870475337914,-0.024248613765704863,0.017821998273333195,12.449999809265137,-1.1999998092651367,4.26,3.84,-0.41999999999999993,72.02,-5.540000000000006,-1.4055000000000035,False,,-0.30636413542493046,False
CPER,2024,TREND60,0,,-0.9718884688674567,0.3333333333333333,-0.014594266935735623,-0.010726968265359037,-0.3085424743132611,-0.3278409777542529,13.0,3,0.032362319526006766,0.04937288942378082,0.130132965231901,0.03168830491720853,0.0756749675892443,0.3063870475337914,-0.024248613765704863,0.017821998273333195,12.449999809265137,-1.1999998092651367,4.26,3.84,-0.41999999999999993,72.02,-5.540000000000006,-1.4055000000000035,False,,-0.9718884688674567,False
CPER,2024,TREND200_0,0,,-0.8490280873148014,0.3333333333333333,-0.053060287246745275,-0.22838990509115262,-0.09015667829739338,-0.13966769848769234,6.0,3,0.032362319526006766,0.04937288942378082,0.130132965231901,0.03168830491720853,0.0756749675892443,0.3063870475337914,-0.024248613765704863,0.017821998273333195,12.449999809265137,-1.1999998092651367,4.26,3.84,-0.41999999999999993,72.02,-5.540000000000006,-1.4055000000000035,False,,-0.8490280873148014,False
CPER,2024,TREND200_33,0,,-0.4882698946354777,0.3333333333333333,-0.003980382218477407,0.07028809340495892,-0.10113655742727545,-0.14790150552886805,4.35,3,0.032362319526006766,0.04937288942378082,0.130132965231901,0.03168830491720853,0.0756749675892443,0.3063870475337914,-0.024248613765704863,0.017821998273333195,12.449999809265137,-1.1999998092651367,4.26,3.84,-0.41999999999999993,72.02,-5.540000000000006,-1.4055000000000035,False,,-0.4882698946354777,False
CPER,2024,TREND200_50,0,,-0.3319548858913627,0.6666666666666666,0.02081699956892047,0.2035166380426317,-0.11020197817951083,-0.16761916823805834,3.5,3,0.032362319526006766,0.04937288942378082,0.130132965231901,0.03168830491720853,0.0756749675892443,0.3063870475337914,-0.024248613765704863,0.017821998273333195,12.449999809265137,-1.1999998092651367,4.26,3.84,-0.41999999999999993,72.02,-5.540000000000006,-1.4055000000000035,False,,-0.3319548858913627,False
CPER,2024,TREND200_67,0,,-0.20105625973959534,0.6666666666666666,0.04521172513454963,0.314775325726037,-0.12151129036946084,-0.18820317077302695,2.65,3,0.032362319526006766,0.04937288942378082,0.130132965231901,0.03168830491720853,0.0756749675892443,0.3063870475337914,-0.024248613765704863,0.017821998273333195,12.449999809265137,-1.1999998092651367,4.26,3.84,-0.41999999999999993,72.02,-5.540000000000006,-1.4055000000000035,False,,-0.20105625973959534,False
CPER,2024,VOLTARGET10,0,,-0.41028335228652374,0.6666666666666666,0.0019706946681052884,0.07237609327214946,-0.044029026519773806,-0.10016857551478431,2.636634585180339,3,0.032362319526006766,0.04937288942378082,0.130132965231901,0.03168830491720853,0.0756749675892443,0.3063870475337914,-0.024248613765704863,0.017821998273333195,12.449999809265137,-1.1999998092651367,4.26,3.84,-0.41999999999999993,72.02,-5.540000000000006,-1.4055000000000035,False,,-0.41028335228652374,False
CPER,2024,VOLTARGET15,0,,-0.4455369686823968,0.6666666666666666,0.0009291800702730946,0.0867344775850225,-0.07021382561243994,-0.14585292573840147,3.954951877770508,3,0.032362319526006766,0.04937288942378082,0.130132965231901,0.03168830491720853,0.0756749675892443,0.3063870475337914,-0.024248613765704863,0.017821998273333195,12.449999809265137,-1.1999998092651367,4.26,3.84,-0.41999999999999993,72.02,-5.540000000000006,-1.4055000000000035,False,,-0.4455369686823968,False
CPER,2024,VOLTARGET20,0,,-0.33982382145050705,0.6666666666666666,0.022322231741188858,0.2105314134016756,-0.09694865991359347,-0.1686221221509704,4.828476512181782,3,0.032362319526006766,0.04937288942378082,0.130132965231901,0.03168830491720853,0.0756749675892443,0.3063870475337914,-0.024248613765704863,0.017821998273333195,12.449999809265137,-1.1999998092651367,4.26,3.84,-0.41999999999999993,72.02,-5.540000000000006,-1.4055000000000035,False,,-0.33982382145050705,False
CPER,2024,LOGIT,1,0.52,-0.4005533464877228,0.3333333333333333,-0.033294458520873316,-0.05454735381669574,-0.04667367901938624,-0.1636237669655174,8.0,3,0.032362319526006766,0.04937288942378082,0.130132965231901,0.03168830491720853,0.0756749675892443,0.3063870475337914,-0.024248613765704863,0.017821998273333195,12.449999809265137,-1.1999998092651367,4.26,3.84,-0.41999999999999993,72.02,-5.540000000000006,-1.4055000000000035,False,,-0.4005533464877228,False
CPER,2024,LOGIT,1,0.56,-0.5684001083045422,0.3333333333333333,-0.033294458520873316,-0.08592386354668012,-0.04384684824369445,-0.15174485545136218,8.0,3,0.032362319526006766,0.04937288942378082,0.130132965231901,0.03168830491720853,0.0756749675892443,0.3063870475337914,-0.024248613765704863,0.017821998273333195,12.449999809265137,-1.1999998092651367,4.26,3.84,-0.41999999999999993,72.02,-5.540000000000006,-1.4055000000000035,False,,-0.5684001083045422,False
CPER,2024,LOGIT,1,0.6,-0.7270407026965334,0.3333333333333333,-0.031326244282818716,-0.13646024122083858,-0.07428450760112604,-0.13166940788507386,8.0,3,0.032362319526006766,0.04937288942378082,0.130132965231901,0.03168830491720853,0.0756749675892443,0.3063870475337914,-0.024248613765704863,0.017821998273333195,12.449999809265137,-1.1999998092651367,4.26,3.84,-0.41999999999999993,72.02,-5.540000000000006,-1.4055000000000035,False,,-0.7270407026965334,False
CPER,2024,LOGIT,1,0.64,-0.8361099603364751,0.3333333333333333,-0.034543231950661,-0.16999733091570712,-0.07522235838325009,-0.13166940788507386,6.0,3,0.032362319526006766,0.04937288942378082,0.130132965231901,0.03168830491720853,0.0756749675892443,0.3063870475337914,-0.024248613765704863,0.017821998273333195,12.449999809265137,-1.1999998092651367,4.26,3.84,-0.41999999999999993,72.02,-5.540000000000006,-1.4055000000000035,False,,-0.8361099603364751,False
CPER,2024,LOGIT,5,0.52,0.21377208088194324,1.0,0.09346065177699092,0.5336727008571347,0.08329613420915538,-0.16352923878378556,6.0,3,0.032362319526006766,0.04937288942378082,0.130132965231901,0.03168830491720853,0.0756749675892443,0.3063870475337914,-0.024248613765704863,0.017821998273333195,12.449999809265137,-1.1999998092651367,4.26,3.84,-0.41999999999999993,72.02,-5.540000000000006,-1.4055000000000035,True,,0.21377208088194324,False
CPER,2024,LOGIT,5,0.56,0.4014860998575063,1.0,0.11841815388299382,0.680756078670835,0.08329613420915538,-0.16352923878378556,6.0,3,0.032362319526006766,0.04937288942378082,0.130132965231901,0.03168830491720853,0.0756749675892443,0.3063870475337914,-0.024248613765704863,0.017821998273333195,12.449999809265137,-1.1999998092651367,4.26,3.84,-0.41999999999999993,72.02,-5.540000000000006,-1.4055000000000035,True,,0.4014860998575063,False
CPER,2024,LOGIT,5,0.6,0.6836059772079618,1.0,0.13198077424576593,0.9911400907831986,0.08329613420915538,-0.16352923878378556,10.0,3,0.032362319526006766,0.04937288942378082,0.130132965231901,0.03168830491720853,0.0756749675892443,0.3063870475337914,-0.024248613765704863,0.017821998273333195,12.449999809265137,-1.1999998092651367,4.26,3.84,-0.41999999999999993,72.02,-5.540000000000006,-1.4055000000000035,True,,0.6836059772079618,True
CPER,2024,LOGIT,5,0.64,0.27512978116295506,1.0,0.11328659025935517,0.611972983390954,0.02396936038832065,-0.16352923878378556,14.0,3,0.032362319526006766,0.04937288942378082,0.130132965231901,0.03168830491720853,0.0756749675892443,0.3063870475337914,-0.024248613765704863,0.017821998273333195,12.449999809265137,-1.1999998092651367,4.26,3.84,-0.41999999999999993,72.02,-5.540000000000006,-1.4055000000000035,True,,0.27512978116295506,False
CPER,2024,LOGIT,20,0.52,0.0708863176892495,0.6666666666666666,0.05947771630260967,0.5287707958590844,-0.05993853980842123,-0.19351558857445372,4.0,3,0.032362319526006766,0.04937288942378082,0.130132965231901,0.03168830491720853,0.0756749675892443,0.3063870475337914,-0.024248613765704863,0.017821998273333195,12.449999809265137,-1.1999998092651367,4.26,3.84,-0.41999999999999993,72.02,-5.540000000000006,-1.4055000000000035,True,,0.0708863176892495,False
CPER,2024,LOGIT,20,0.56,-0.045545805602504846,0.6666666666666666,0.044980047042870286,0.4220960898992666,-0.05993853980842123,-0.19351558857445372,4.0,3,0.032362319526006766,0.04937288942378082,0.130132965231901,0.03168830491720853,0.0756749675892443,0.3063870475337914,-0.024248613765704863,0.017821998273333195,12.449999809265137,-1.1999998092651367,4.26,3.84,-0.41999999999999993,72.02,-5.540000000000006,-1.4055000000000035,False,,-0.045545805602504846,False
CPER,2024,LOGIT,20,0.6,0.0102886517224339,1.0,0.03901282115537441,0.4668235377736,0.0027892078594915493,-0.18656592123125681,6.0,3,0.032362319526006766,0.04937288942378082,0.130132965231901,0.03168830491720853,0.0756749675892443,0.3063870475337914,-0.024248613765704863,0.017821998273333195,12.449999809265137,-1.1999998092651367,4.26,3.84,-0.41999999999999993,72.02,-5.540000000000006,-1.4055000000000035,True,,0.0102886517224339,False
CPER,2024,LOGIT,20,0.64,0.5399474842368113,1.0,0.06745502718119978,0.9790223186806465,0.0027892078594915493,-0.18656592123125681,5.0,3,0.032362319526006766,0.04937288942378082,0.130132965231901,0.03168830491720853,0.0756749675892443,0.3063870475337914,-0.024248613765704863,0.017821998273333195,12.449999809265137,-1.1999998092651367,4.26,3.84,-0.41999999999999993,72.02,-5.540000000000006,-1.4055000000000035,True,,0.5399474842368113,True
CPER,2024,RF,1,0.52,0.25962172241224307,0.6666666666666666,0.15105575651505543,0.735605769565123,-0.1422672781826798,-0.23036070972315448,5.0,3,0.032362319526006766,0.04937288942378082,0.130132965231901,0.03168830491720853,0.0756749675892443,0.3063870475337914,-0.024248613765704863,0.017821998273333195,12.449999809265137,-1.1999998092651367,4.26,3.84,-0.41999999999999993,72.02,-5.540000000000006,-1.4055000000000035,True,,0.25962172241224307,False
CPER,2024,RF,1,0.56,-0.29379213631588375,0.6666666666666666,0.0014834190046653095,0.07074293394550062,0.0,-0.1210255660196482,2.0,3,0.032362319526006766,0.04937288942378082,0.130132965231901,0.03168830491720853,0.0756749675892443,0.3063870475337914,-0.024248613765704863,0.017821998273333195,12.449999809265137,-1.1999998092651367,4.26,3.84,-0.41999999999999993,72.02,-5.540000000000006,-1.4055000000000035,False,,-0.29379213631588375,False
CPER,2024,RF,1,0.6,0.0,0.0,0.0,0.0,0.0,0.0,0.0,3,0.032362319526006766,0.04937288942378082,0.130132965231901,0.03168830491720853,0.0756749675892443,0.3063870475337914,-0.024248613765704863,0.017821998273333195,12.449999809265137,-1.1999998092651367,4.26,3.84,-0.41999999999999993,72.02,-5.540000000000006,-1.4055000000000035,False,,0.0,False
CPER,2024,RF,1,0.64,0.0,0.0,0.0,0.0,0.0,0.0,0.0,3,0.032362319526006766,0.04937288942378082,0.130132965231901,0.03168830491720853,0.0756749675892443,0.3063870475337914,-0.024248613765704863,0.017821998273333195,12.449999809265137,-1.1999998092651367,4.26,3.84,-0.41999999999999993,72.02,-5.540000000000006,-1.4055000000000035,False,,0.0,False
CPER,2024,RF,5,0.52,0.08006829710507311,0.6666666666666666,0.07188040020693598,0.4157434689894749,-0.07223565023490164,-0.1935155885744534,3.0,3,0.032362319526006766,0.04937288942378082,0.130132965231901,0.03168830491720853,0.0756749675892443,0.3063870475337914,-0.024248613765704863,0.017821998273333195,12.449999809265137,-1.1999998092651367,4.26,3.84,-0.41999999999999993,72.02,-5.540000000000006,-1.4055000000000035,True,,0.08006829710507311,False
CPER,2024,RF,5,0.56,-0.06498482858592561,0.6666666666666666,0.023446944779188073,0.21989978815943564,0.0,-0.12102556601964798,4.0,3,0.032362319526006766,0.04937288942378082,0.130132965231901,0.03168830491720853,0.0756749675892443,0.3063870475337914,-0.024248613765704863,0.017821998273333195,12.449999809265137,-1.1999998092651367,4.26,3.84,-0.41999999999999993,72.02,-5.540000000000006,-1.4055000000000035,False,,-0.06498482858592561,False
CPER,2024,RF,5,0.6,0.027926322003576212,0.6666666666666666,0.012103804748909264,0.16828461913131706,0.0,-0.06876230511575909,2.0,3,0.032362319526006766,0.04937288942378082,0.130132965231901,0.03168830491720853,0.0756749675892443,0.3063870475337914,-0.024248613765704863,0.017821998273333195,12.449999809265137,-1.1999998092651367,4.26,3.84,-0.41999999999999993,72.02,-5.540000000000006,-1.4055000000000035,True,,0.027926322003576212,False
CPER,2024,RF,5,0.64,-0.2584485815053793,0.3333333333333333,0.0,0.0,0.0,-0.015153892740027763,0.0,3,0.032362319526006766,0.04937288942378082,0.130132965231901,0.03168830491720853,0.0756749675892443,0.3063870475337914,-0.024248613765704863,0.017821998273333195,12.449999809265137,-1.1999998092651367,4.26,3.84,-0.41999999999999993,72.02,-5.540000000000006,-1.4055000000000035,False,,-0.2584485815053793,False
CPER,2024,RF,20,0.52,-0.24779013870113972,0.3333333333333333,-0.01466560293703445,-0.016009002026526695,-0.06088926171505382,-0.23036070972315448,4.0,3,0.032362319526006766,0.04937288942378082,0.130132965231901,0.03168830491720853,0.0756749675892443,0.3063870475337914,-0.024248613765704863,0.017821998273333195,12.449999809265137,-1.1999998092651367,4.26,3.84,-0.41999999999999993,72.02,-5.540000000000006,-1.4055000000000035,False,,-0.24779013870113972,False
CPER,2024,RF,20,0.56,-0.26755652344635317,0.3333333333333333,0.0,0.0,-0.08439648100489183,-0.1935155885744536,1.0,3,0.032362319526006766,0.04937288942378082,0.130132965231901,0.03168830491720853,0.0756749675892443,0.3063870475337914,-0.024248613765704863,0.017821998273333195,12.449999809265137,-1.1999998092651367,4.26,3.84,-0.41999999999999993,72.02,-5.540000000000006,-1.4055000000000035,False,,-0.26755652344635317,False
CPER,2024,RF,20,0.6,-0.11712190350631249,0.3333333333333333,0.0,0.0,0.0,-0.12354998771407166,0.0,3,0.032362319526006766,0.04937288942378082,0.130132965231901,0.03168830491720853,0.0756749675892443,0.3063870475337914,-0.024248613765704863,0.017821998273333195,12.449999809265137,-1.1999998092651367,4.26,3.84,-0.41999999999999993,72.02,-5.540000000000006,-1.4055000000000035,False,,-0.11712190350631249,False
CPER,2024,RF,20,0.64,-0.13904955452981355,0.3333333333333333,0.0,0.0,0.0,-0.12354998771407166,0.0,3,0.032362319526006766,0.04937288942378082,0.130132965231901,0.03168830491720853,0.0756749675892443,0.3063870475337914,-0.024248613765704863,0.017821998273333195,12.449999809265137,-1.1999998092651367,4.26,3.84,-0.41999999999999993,72.02,-5.540000000000006,-1.4055000000000035,False,,-0.13904955452981355,False
CPER,2024,HGB,1,0.52,-0.33313993111831786,0.6666666666666666,0.0814589512363677,0.49497670600968596,-0.2513866740318751,-0.2594985087724144,15.0,3,0.032362319526006766,0.04937288942378082,0.130132965231901,0.03168830491720853,0.0756749675892443,0.3063870475337914,-0.024248613765704863,0.017821998273333195,12.449999809265137,-1.1999998092651367,4.26,3.84,-0.41999999999999993,72.02,-5.540000000000006,-1.4055000000000035,False,,-0.33313993111831786,False
CPER,2024,HGB,1,0.56,-0.12626036712593733,0.6666666666666666,0.07854190922069915,0.54054966484207,-0.16150282916995928,-0.18693337785566855,13.0,3,0.032362319526006766,0.04937288942378082,0.130132965231901,0.03168830491720853,0.0756749675892443,0.3063870475337914,-0.024248613765704863,0.017821998273333195,12.449999809265137,-1.1999998092651367,4.26,3.84,-0.41999999999999993,72.02,-5.540000000000006,-1.4055000000000035,False,,-0.12626036712593733,False
CPER,2024,HGB,1,0.6,-0.41631682084257293,0.6666666666666666,0.005006409308407234,0.10310415103092264,-0.07402482200849425,-0.13466660636945582,8.0,3,0.032362319526006766,0.04937288942378082,0.130132965231901,0.03168830491720853,0.0756749675892443,0.3063870475337914,-0.024248613765704863,0.017821998273333195,12.449999809265137,-1.1999998092651367,4.26,3.84,-0.41999999999999993,72.02,-5.540000000000006,-1.4055000000000035,False,,-0.41631682084257293,False
CPER,2024,HGB,1,0.64,-0.49857165212070054,0.3333333333333333,-0.0380233624386892,-0.27335892291575026,-0.05235192371819897,-0.12354998771407166,2.0,3,0.032362319526006766,0.04937288942378082,0.130132965231901,0.03168830491720853,0.0756749675892443,0.3063870475337914,-0.024248613765704863,0.017821998273333195,12.449999809265137,-1.1999998092651367,4.26,3.84,-0.41999999999999993,72.02,-5.540000000000006,-1.4055000000000035,False,,-0.49857165212070054,False
CPER,2024,HGB,5,0.52,0.15073335898236406,0.6666666666666666,0.06567150568722946,0.6198545233665054,-0.13429472690912625,-0.21543672568770456,8.0,3,0.032362319526006766,0.04937288942378082,0.130132965231901,0.03168830491720853,0.0756749675892443,0.3063870475337914,-0.024248613765704863,0.017821998273333195,12.449999809265137,-1.1999998092651367,4.26,3.84,-0.41999999999999993,72.02,-5.540000000000006,-1.4055000000000035,True,,0.15073335898236406,False
CPER,2024,HGB,5,0.56,0.20391142858942135,1.0,0.08537762678159955,0.586881508565126,0.036719418352600064,-0.1865659212312567,9.0,3,0.032362319526006766,0.04937288942378082,0.130132965231901,0.03168830491720853,0.0756749675892443,0.3063870475337914,-0.024248613765704863,0.017821998273333195,12.449999809265137,-1.1999998092651367,4.26,3.84,-0.41999999999999993,72.02,-5.540000000000006,-1.4055000000000035,True,,0.20391142858942135,False
CPER,2024,HGB,5,0.6,0.13186460610501438,0.6666666666666666,0.02396936038832065,0.46179871980063514,-0.01201671677919347,-0.15250870848896358,8.0,3,0.032362319526006766,0.04937288942378082,0.130132965231901,0.03168830491720853,0.0756749675892443,0.3063870475337914,-0.024248613765704863,0.017821998273333195,12.449999809265137,-1.1999998092651367,4.26,3.84,-0.41999999999999993,72.02,-5.540000000000006,-1.4055000000000035,True,,0.13186460610501438,False
CPER,2024,HGB,5,0.64,-0.22480574948471174,0.3333333333333333,0.0,0.0,-0.028986763703324647,-0.07964751316149454,4.0,3,0.032362319526006766,0.04937288942378082,0.130132965231901,0.03168830491720853,0.0756749675892443,0.3063870475337914,-0.024248613765704863,0.017821998273333195,12.449999809265137,-1.1999998092651367,4.26,3.84,-0.41999999999999993,72.02,-5.540000000000006,-1.4055000000000035,False,,-0.22480574948471174,False
CPER,2024,HGB,20,0.52,-0.45300531266731126,0.3333333333333333,-0.013911063920007405,-0.03602996689812065,-0.10666842594598569,-0.1935155885744534,6.0,3,0.032362319526006766,0.04937288942378082,0.130132965231901,0.03168830491720853,0.0756749675892443,0.3063870475337914,-0.024248613765704863,0.017821998273333195,12.449999809265137,-1.1999998092651367,4.26,3.84,-0.41999999999999993,72.02,-5.540000000000006,-1.4055000000000035,False,,-0.45300531266731126,False
CPER,2024,HGB,20,0.56,-0.3660482484039726,0.3333333333333333,-0.009211986386490123,0.12714181137784886,-0.011478645265845189,-0.19351558857445272,5.0,3,0.032362319526006766,0.04937288942378082,0.130132965231901,0.03168830491720853,0.0756749675892443,0.3063870475337914,-0.024248613765704863,0.017821998273333195,12.449999809265137,-1.1999998092651367,4.26,3.84,-0.41999999999999993,72.02,-5.540000000000006,-1.4055000000000035,False,,-0.3660482484039726,False
CPER,2024,HGB,20,0.6,0.43939369324681554,1.0,0.07768476627648435,0.7744388525346849,0.07524613252840551,-0.18656592123125615,8.0,3,0.032362319526006766,0.04937288942378082,0.130132965231901,0.03168830491720853,0.0756749675892443,0.3063870475337914,-0.024248613765704863,0.017821998273333195,12.449999809265137,-1.1999998092651367,4.26,3.84,-0.41999999999999993,72.02,-5.540000000000006,-1.4055000000000035,True,,0.43939369324681554,True
CPER,2024,HGB,20,0.64,0.008134817498331948,0.6666666666666666,0.01271209289884645,0.2788427639128283,-0.0051799021112242105,-0.1865659212312566,4.0,3,0.032362319526006766,0.04937288942378082,0.130132965231901,0.03168830491720853,0.0756749675892443,0.3063870475337914,-0.024248613765704863,0.017821998273333195,12.449999809265137,-1.1999998092651367,4.26,3.84,-0.41999999999999993,72.02,-5.540000000000006,-1.4055000000000035,True,,0.008134817498331948,False
CPER,2025,BUYHOLD,0,,0.11828228304145812,0.6666666666666666,0.09121027261400272,0.47223448924146083,-0.14957251570847152,-0.2303607097231546,1.0,3,0.005341693724047802,-0.05021159468528058,-0.0208601065371955,-0.023322562074949427,-0.018371271293416647,0.1925704442049777,-0.10770865991003054,0.03371186876348786,17.350000381469727,0.5699996948242188,4.24,4.55,0.3099999999999996,71.73,3.469999999999999,2.240700000000004,True,,0.11828228304145812,False
CPER,2025,CASH,0,,0.0,0.0,0.0,0.0,0.0,0.0,0.0,3,0.005341693724047802,-0.05021159468528058,-0.0208601065371955,-0.023322562074949427,-0.018371271293416647,0.1925704442049777,-0.10770865991003054,0.03371186876348786,17.350000381469727,0.5699996948242188,4.24,4.55,0.3099999999999996,71.73,3.469999999999999,2.240700000000004,False,,0.0,False
CPER,2025,MOMENTUM,0,,-1.0626269624139086,0.3333333333333333,-0.014594266935735623,-0.010726968265359037,-0.3085424743132611,-0.3278409777542529,13.0,3,0.005341693724047802,-0.05021159468528058,-0.0208601065371955,-0.023322562074949427,-0.018371271293416647,0.1925704442049777,-0.10770865991003054,0.03371186876348786,17.350000381469727,0.5699996948242188,4.24,4.55,0.3099999999999996,71.73,3.469999999999999,2.240700000000004,False,,-1.0626269624139086,False
CPER,2025,MEANREV,0,,-0.6037316142186726,0.3333333333333333,-0.01453987629536313,-0.23108335729810306,-0.07662826220164476,-0.09758058789713675,4.0,3,0.005341693724047802,-0.05021159468528058,-0.0208601065371955,-0.023322562074949427,-0.018371271293416647,0.1925704442049777,-0.10770865991003054,0.03371186876348786,17.350000381469727,0.5699996948242188,4.24,4.55,0.3099999999999996,71.73,3.469999999999999,2.240700000000004,False,,-0.6037316142186726,False
CPER,2025,TREND60,0,,-1.0626269624139086,0.3333333333333333,-0.014594266935735623,-0.010726968265359037,-0.3085424743132611,-0.3278409777542529,13.0,3,0.005341693724047802,-0.05021159468528058,-0.0208601065371955,-0.023322562074949427,-0.018371271293416647,0.1925704442049777,-0.10770865991003054,0.03371186876348786,17.350000381469727,0.5699996948242188,4.24,4.55,0.3099999999999996,71.73,3.469999999999999,2.240700000000004,False,,-1.0626269624139086,False
CPER,2025,TREND200_0,0,,-0.6961058833573439,0.3333333333333333,-0.053060287246745275,-0.22838990509115262,-0.09015667829739338,-0.1670406930571965,8.0,3,0.005341693724047802,-0.05021159468528058,-0.0208601065371955,-0.023322562074949427,-0.018371271293416647,0.1925704442049777,-0.10770865991003054,0.03371186876348786,17.350000381469727,0.5699996948242188,4.24,4.55,0.3099999999999996,71.73,3.469999999999999,2.240700000000004,False,,-0.6961058833573439,False
CPER,2025,TREND200_33,0,,-0.3447312653714915,0.3333333333333333,-0.003980382218477407,0.07028809340495892,-0.10113655742727545,-0.1670406930571965,5.6899999999999995,3,0.005341693724047802,-0.05021159468528058,-0.0208601065371955,-0.023322562074949427,-0.018371271293416647,0.1925704442049777,-0.10770865991003054,0.03371186876348786,17.350000381469727,0.5699996948242188,4.24,4.55,0.3099999999999996,71.73,3.469999999999999,2.240700000000004,False,,-0.3447312653714915,False
CPER,2025,TREND200_50,0,,-0.18557164479100796,0.6666666666666666,0.02081699956892047,0.2035166380426317,-0.11020197817951083,-0.16761916823805834,4.5,3,0.005341693724047802,-0.05021159468528058,-0.0208601065371955,-0.023322562074949427,-0.018371271293416647,0.1925704442049777,-0.10770865991003054,0.03371186876348786,17.350000381469727,0.5699996948242188,4.24,4.55,0.3099999999999996,71.73,3.469999999999999,2.240700000000004,False,,-0.18557164479100796,False
CPER,2025,TREND200_67,0,,-0.060358605248001705,0.6666666666666666,0.04521172513454963,0.314775325726037,-0.12151129036946084,-0.18820317077302695,3.3099999999999996,3,0.005341693724047802,-0.05021159468528058,-0.0208601065371955,-0.023322562074949427,-0.018371271293416647,0.1925704442049777,-0.10770865991003054,0.03371186876348786,17.350000381469727,0.5699996948242188,4.24,4.55,0.3099999999999996,71.73,3.469999999999999,2.240700000000004,False,,-0.060358605248001705,False
CPER,2025,VOLTARGET10,0,,-0.23686596529864667,0.6666666666666666,0.0019706946681052884,0.07237609327214946,-0.044029026519773806,-0.10016857551478431,2.5209525419561016,3,0.005341693724047802,-0.05021159468528058,-0.0208601065371955,-0.023322562074949427,-0.018371271293416647,0.1925704442049777,-0.10770865991003054,0.03371186876348786,17.350000381469727,0.5699996948242188,4.24,4.55,0.3099999999999996,71.73,3.469999999999999,2.240700000000004,False,,-0.23686596529864667,False
CPER,2025,VOLTARGET15,0,,-0.2742176816689875,0.6666666666666666,0.0009291800702730946,0.0867344775850225,-0.07021382561243994,-0.14585292573840147,3.9216794211615627,3,0.005341693724047802,-0.05021159468528058,-0.0208601065371955,-0.023322562074949427,-0.018371271293416647,0.1925704442049777,-0.10770865991003054,0.03371186876348786,17.350000381469727,0.5699996948242188,4.24,4.55,0.3099999999999996,71.73,3.469999999999999,2.240700000000004,False,,-0.2742176816689875,False
CPER,2025,VOLTARGET20,0,,-0.1724105677919451,0.6666666666666666,0.022322231741188858,0.2105314134016756,-0.09694865991359347,-0.1686221221509704,4.503486853711438,3,0.005341693724047802,-0.05021159468528058,-0.0208601065371955,-0.023322562074949427,-0.018371271293416647,0.1925704442049777,-0.10770865991003054,0.03371186876348786,17.350000381469727,0.5699996948242188,4.24,4.55,0.3099999999999996,71.73,3.469999999999999,2.240700000000004,False,,-0.1724105677919451,False
CPER,2025,LOGIT,1,0.52,-0.5837991650577261,0.3333333333333333,-0.033294458520873316,-0.05454735381669574,-0.04667367901938624,-0.15377413544279628,10.0,3,0.005341693724047802,-0.05021159468528058,-0.0208601065371955,-0.023322562074949427,-0.018371271293416647,0.1925704442049777,-0.10770865991003054,0.03371186876348786,17.350000381469727,0.5699996948242188,4.24,4.55,0.3099999999999996,71.73,3.469999999999999,2.240700000000004,False,,-0.5837991650577261,False
CPER,2025,LOGIT,1,0.56,-0.5825978182193858,0.3333333333333333,-0.033294458520873316,-0.08592386354668012,-0.04384684824369445,-0.15174485545136218,8.0,3,0.005341693724047802,-0.05021159468528058,-0.0208601065371955,-0.023322562074949427,-0.018371271293416647,0.1925704442049777,-0.10770865991003054,0.03371186876348786,17.350000381469727,0.5699996948242188,4.24,4.55,0.3099999999999996,71.73,3.469999999999999,2.240700000000004,False,,-0.5825978182193858,False
CPER,2025,LOGIT,1,0.6,-0.4999607006605185,0.3333333333333333,-0.031326244282818716,-0.13646024122083858,-0.07428450760112604,-0.13166940788507386,8.0,3,0.005341693724047802,-0.05021159468528058,-0.0208601065371955,-0.023322562074949427,-0.018371271293416647,0.1925704442049777,-0.10770865991003054,0.03371186876348786,17.350000381469727,0.5699996948242188,4.24,4.55,0.3099999999999996,71.73,3.469999999999999,2.240700000000004,False,,-0.4999607006605185,False
CPER,2025,LOGIT,1,0.64,-0.44407418343683025,0.3333333333333333,-0.034543231950661,-0.16999733091570712,-0.07522235838325009,-0.13166940788507386,6.0,3,0.005341693724047802,-0.05021159468528058,-0.0208601065371955,-0.023322562074949427,-0.018371271293416647,0.1925704442049777,-0.10770865991003054,0.03371186876348786,17.350000381469727,0.5699996948242188,4.24,4.55,0.3099999999999996,71.73,3.469999999999999,2.240700000000004,False,,-0.44407418343683025,False
CPER,2025,LOGIT,5,0.52,0.3169923167838624,1.0,0.09346065177699092,0.4898574684249451,0.05193632219608624,-0.16352923878378556,6.0,3,0.005341693724047802,-0.05021159468528058,-0.0208601065371955,-0.023322562074949427,-0.018371271293416647,0.1925704442049777,-0.10770865991003054,0.03371186876348786,17.350000381469727,0.5699996948242188,4.24,4.55,0.3099999999999996,71.73,3.469999999999999,2.240700000000004,True,,0.3169923167838624,False
CPER,2025,LOGIT,5,0.56,0.531001723562187,1.0,0.11841815388299382,0.6759414848516744,0.10007062020584834,-0.16352923878378556,6.0,3,0.005341693724047802,-0.05021159468528058,-0.0208601065371955,-0.023322562074949427,-0.018371271293416647,0.1925704442049777,-0.10770865991003054,0.03371186876348786,17.350000381469727,0.5699996948242188,4.24,4.55,0.3099999999999996,71.73,3.469999999999999,2.240700000000004,True,,0.531001723562187,True
CPER,2025,LOGIT,5,0.6,0.4214525617106831,1.0,0.13198077424576593,0.680756078670835,0.10007062020584834,-0.16352923878378556,10.0,3,0.005341693724047802,-0.05021159468528058,-0.0208601065371955,-0.023322562074949427,-0.018371271293416647,0.1925704442049777,-0.10770865991003054,0.03371186876348786,17.350000381469727,0.5699996948242188,4.24,4.55,0.3099999999999996,71.73,3.469999999999999,2.240700000000004,True,,0.4214525617106831,False
CPER,2025,LOGIT,5,0.64,0.5462762107676296,1.0,0.13673699373828252,0.8720089522312989,0.11328659025935517,-0.16352923878378556,14.0,3,0.005341693724047802,-0.05021159468528058,-0.0208601065371955,-0.023322562074949427,-0.018371271293416647,0.1925704442049777,-0.10770865991003054,0.03371186876348786,17.350000381469727,0.5699996948242188,4.24,4.55,0.3099999999999996,71.73,3.469999999999999,2.240700000000004,True,,0.5462762107676296,True
CPER,2025,LOGIT,20,0.52,0.15022816967681998,0.6666666666666666,0.05947771630260967,0.5287707958590844,-0.05993853980842123,-0.19351558857445372,4.0,3,0.005341693724047802,-0.05021159468528058,-0.0208601065371955,-0.023322562074949427,-0.018371271293416647,0.1925704442049777,-0.10770865991003054,0.03371186876348786,17.350000381469727,0.5699996948242188,4.24,4.55,0.3099999999999996,71.73,3.469999999999999,2.240700000000004,True,,0.15022816967681998,False
CPER,2025,LOGIT,20,0.56,0.03696885621271501,0.6666666666666666,0.044980047042870286,0.4220960898992666,-0.05993853980842123,-0.19351558857445372,4.0,3,0.005341693724047802,-0.05021159468528058,-0.0208601065371955,-0.023322562074949427,-0.018371271293416647,0.1925704442049777,-0.10770865991003054,0.03371186876348786,17.350000381469727,0.5699996948242188,4.24,4.55,0.3099999999999996,71.73,3.469999999999999,2.240700000000004,True,,0.03696885621271501,False
CPER,2025,LOGIT,20,0.6,0.12046136271210096,1.0,0.03901282115537441,0.4668235377736,0.0027892078594915493,-0.18656592123125681,5.0,3,0.005341693724047802,-0.05021159468528058,-0.0208601065371955,-0.023322562074949427,-0.018371271293416647,0.1925704442049777,-0.10770865991003054,0.03371186876348786,17.350000381469727,0.5699996948242188,4.24,4.55,0.3099999999999996,71.73,3.469999999999999,2.240700000000004,True,,0.12046136271210096,False
CPER,2025,LOGIT,20,0.64,0.6294563597820753,1.0,0.06745502718119978,0.9790223186806465,0.0027892078594915493,-0.18656592123125681,5.0,3,0.005341693724047802,-0.05021159468528058,-0.0208601065371955,-0.023322562074949427,-0.018371271293416647,0.1925704442049777,-0.10770865991003054,0.03371186876348786,17.350000381469727,0.5699996948242188,4.24,4.55,0.3099999999999996,71.73,3.469999999999999,2.240700000000004,True,,0.6294563597820753,True
CPER,2025,RF,1,0.52,0.2505775229249699,0.6666666666666666,0.15105575651505543,0.735605769565123,-0.1422672781826798,-0.23036070972315448,5.0,3,0.005341693724047802,-0.05021159468528058,-0.0208601065371955,-0.023322562074949427,-0.018371271293416647,0.1925704442049777,-0.10770865991003054,0.03371186876348786,17.350000381469727,0.5699996948242188,4.24,4.55,0.3099999999999996,71.73,3.469999999999999,2.240700000000004,True,,0.2505775229249699,False
CPER,2025,RF,1,0.56,-0.27194187844874806,1.0,0.0026318481984841657,0.08214103181447338,0.0014834190046653095,-0.1210255660196482,2.0,3,0.005341693724047802,-0.05021159468528058,-0.0208601065371955,-0.023322562074949427,-0.018371271293416647,0.1925704442049777,-0.10770865991003054,0.03371186876348786,17.350000381469727,0.5699996948242188,4.24,4.55,0.3099999999999996,71.73,3.469999999999999,2.240700000000004,False,,-0.27194187844874806,False
CPER,2025,RF,1,0.6,0.0,0.0,0.0,0.0,0.0,0.0,0.0,3,0.005341693724047802,-0.05021159468528058,-0.0208601065371955,-0.023322562074949427,-0.018371271293416647,0.1925704442049777,-0.10770865991003054,0.03371186876348786,17.350000381469727,0.5699996948242188,4.24,4.55,0.3099999999999996,71.73,3.469999999999999,2.240700000000004,False,,0.0,False
CPER,2025,RF,1,0.64,0.0,0.0,0.0,0.0,0.0,0.0,0.0,3,0.005341693724047802,-0.05021159468528058,-0.0208601065371955,-0.023322562074949427,-0.018371271293416647,0.1925704442049777,-0.10770865991003054,0.03371186876348786,17.350000381469727,0.5699996948242188,4.24,4.55,0.3099999999999996,71.73,3.469999999999999,2.240700000000004,False,,0.0,False
CPER,2025,RF,5,0.52,-0.0290387981973194,0.6666666666666666,0.024297498952108754,0.21878263194798006,-0.07223565023490164,-0.1935155885744534,3.0,3,0.005341693724047802,-0.05021159468528058,-0.0208601065371955,-0.023322562074949427,-0.018371271293416647,0.1925704442049777,-0.10770865991003054,0.03371186876348786,17.350000381469727,0.5699996948242188,4.24,4.55,0.3099999999999996,71.73,3.469999999999999,2.240700000000004,False,,-0.0290387981973194,False
CPER,2025,RF,5,0.56,-0.04900080577111701,1.0,0.023446944779188073,0.21989978815943564,0.01166487431597174,-0.1356026499949201,4.0,3,0.005341693724047802,-0.05021159468528058,-0.0208601065371955,-0.023322562074949427,-0.018371271293416647,0.1925704442049777,-0.10770865991003054,0.03371186876348786,17.350000381469727,0.5699996948242188,4.24,4.55,0.3099999999999996,71.73,3.469999999999999,2.240700000000004,False,,-0.04900080577111701,False
CPER,2025,RF,5,0.6,-0.09281177211859767,0.6666666666666666,0.012103804748909264,0.16828461913131706,-0.03596212317644876,-0.07897449973136705,4.0,3,0.005341693724047802,-0.05021159468528058,-0.0208601065371955,-0.023322562074949427,-0.018371271293416647,0.1925704442049777,-0.10770865991003054,0.03371186876348786,17.350000381469727,0.5699996948242188,4.24,4.55,0.3099999999999996,71.73,3.469999999999999,2.240700000000004,False,,-0.09281177211859767,False
CPER,2025,RF,5,0.64,-0.36411254739324983,0.3333333333333333,0.0,0.0,-0.009175184792672764,-0.022853782295715774,2.0,3,0.005341693724047802,-0.05021159468528058,-0.0208601065371955,-0.023322562074949427,-0.018371271293416647,0.1925704442049777,-0.10770865991003054,0.03371186876348786,17.350000381469727,0.5699996948242188,4.24,4.55,0.3099999999999996,71.73,3.469999999999999,2.240700000000004,False,,-0.36411254739324983,False
CPER,2025,RF,20,0.52,-0.27045147013759396,0.3333333333333333,-0.03735012560194073,-0.016009002026526695,-0.06088926171505382,-0.23036070972315448,4.0,3,0.005341693724047802,-0.05021159468528058,-0.0208601065371955,-0.023322562074949427,-0.018371271293416647,0.1925704442049777,-0.10770865991003054,0.03371186876348786,17.350000381469727,0.5699996948242188,4.24,4.55,0.3099999999999996,71.73,3.469999999999999,2.240700000000004,False,,-0.27045147013759396,False
CPER,2025,RF,20,0.56,-0.3514851045955624,0.0,-0.05383936782706833,-0.14418440940921953,-0.08439648100489183,-0.1935155885744536,1.0,3,0.005341693724047802,-0.05021159468528058,-0.0208601065371955,-0.023322562074949427,-0.018371271293416647,0.1925704442049777,-0.10770865991003054,0.03371186876348786,17.350000381469727,0.5699996948242188,4.24,4.55,0.3099999999999996,71.73,3.469999999999999,2.240700000000004,False,,-0.3514851045955624,False
CPER,2025,RF,20,0.6,-0.1803361341624298,0.3333333333333333,0.0,0.0,-0.015239592786948197,-0.12354998771407166,2.0,3,0.005341693724047802,-0.05021159468528058,-0.0208601065371955,-0.023322562074949427,-0.018371271293416647,0.1925704442049777,-0.10770865991003054,0.03371186876348786,17.350000381469727,0.5699996948242188,4.24,4.55,0.3099999999999996,71.73,3.469999999999999,2.240700000000004,False,,-0.1803361341624298,False
CPER,2025,RF,20,0.64,-0.13904955452981355,0.3333333333333333,0.0,0.0,0.0,-0.12354998771407166,0.0,3,0.005341693724047802,-0.05021159468528058,-0.0208601065371955,-0.023322562074949427,-0.018371271293416647,0.1925704442049777,-0.10770865991003054,0.03371186876348786,17.350000381469727,0.5699996948242188,4.24,4.55,0.3099999999999996,71.73,3.469999999999999,2.240700000000004,False,,-0.13904955452981355,False
CPER,2025,HGB,1,0.52,-0.34545806006572477,0.6666666666666666,0.0814589512363677,0.49497670600968596,-0.2513866740318751,-0.2594985087724144,14.0,3,0.005341693724047802,-0.05021159468528058,-0.0208601065371955,-0.023322562074949427,-0.018371271293416647,0.1925704442049777,-0.10770865991003054,0.03371186876348786,17.350000381469727,0.5699996948242188,4.24,4.55,0.3099999999999996,71.73,3.469999999999999,2.240700000000004,False,,-0.34545806006572477,False
CPER,2025,HGB,1,0.56,-0.05404415792478981,0.6666666666666666,0.06745645942800804,0.5123325624127094,-0.16150282916995928,-0.18693337785566855,12.0,3,0.005341693724047802,-0.05021159468528058,-0.0208601065371955,-0.023322562074949427,-0.018371271293416647,0.1925704442049777,-0.10770865991003054,0.03371186876348786,17.350000381469727,0.5699996948242188,4.24,4.55,0.3099999999999996,71.73,3.469999999999999,2.240700000000004,False,,-0.05404415792478981,False
CPER,2025,HGB,1,0.6,-0.4501600381106879,0.6666666666666666,0.005006409308407234,0.10310415103092264,-0.07402482200849425,-0.13466660636945582,8.0,3,0.005341693724047802,-0.05021159468528058,-0.0208601065371955,-0.023322562074949427,-0.018371271293416647,0.1925704442049777,-0.10770865991003054,0.03371186876348786,17.350000381469727,0.5699996948242188,4.24,4.55,0.3099999999999996,71.73,3.469999999999999,2.240700000000004,False,,-0.4501600381106879,False
CPER,2025,HGB,1,0.64,-0.7761224738045894,0.3333333333333333,-0.0380233624386892,-0.27335892291575026,-0.05235192371819897,-0.12354998771407166,2.0,3,0.005341693724047802,-0.05021159468528058,-0.0208601065371955,-0.023322562074949427,-0.018371271293416647,0.1925704442049777,-0.10770865991003054,0.03371186876348786,17.350000381469727,0.5699996948242188,4.24,4.55,0.3099999999999996,71.73,3.469999999999999,2.240700000000004,False,,-0.7761224738045894,False
CPER,2025,HGB,5,0.52,-0.48220906842365496,0.3333333333333333,-0.016292991349020514,-0.0036868052298724236,-0.13429472690912625,-0.21543672568770456,7.0,3,0.005341693724047802,-0.05021159468528058,-0.0208601065371955,-0.023322562074949427,-0.018371271293416647,0.1925704442049777,-0.10770865991003054,0.03371186876348786,17.350000381469727,0.5699996948242188,4.24,4.55,0.3099999999999996,71.73,3.469999999999999,2.240700000000004,False,,-0.48220906842365496,False
CPER,2025,HGB,5,0.56,-0.10900727186029469,0.6666666666666666,0.036719418352600064,0.2727227128946025,-0.031195183250093517,-0.1865659212312567,10.0,3,0.005341693724047802,-0.05021159468528058,-0.0208601065371955,-0.023322562074949427,-0.018371271293416647,0.1925704442049777,-0.10770865991003054,0.03371186876348786,17.350000381469727,0.5699996948242188,4.24,4.55,0.3099999999999996,71.73,3.469999999999999,2.240700000000004,False,,-0.10900727186029469,False
CPER,2025,HGB,5,0.6,-0.4272293512308235,0.3333333333333333,-0.01201671677919347,-0.019676397377076667,-0.05059223722342099,-0.15250870848896358,8.0,3,0.005341693724047802,-0.05021159468528058,-0.0208601065371955,-0.023322562074949427,-0.018371271293416647,0.1925704442049777,-0.10770865991003054,0.03371186876348786,17.350000381469727,0.5699996948242188,4.24,4.55,0.3099999999999996,71.73,3.469999999999999,2.240700000000004,False,,-0.4272293512308235,False
CPER,2025,HGB,5,0.64,-0.552494625551259,0.3333333333333333,-0.028986763703324647,-0.2868070737011717,-0.03780252257038175,-0.10945742273632375,4.0,3,0.005341693724047802,-0.05021159468528058,-0.0208601065371955,-0.023322562074949427,-0.018371271293416647,0.1925704442049777,-0.10770865991003054,0.03371186876348786,17.350000381469727,0.5699996948242188,4.24,4.55,0.3099999999999996,71.73,3.469999999999999,2.240700000000004,False,,-0.552494625551259,False
CPER,2025,HGB,20,0.52,-0.35198647399177785,0.0,-0.031592271971516483,-0.10113724895479358,-0.10666842594598569,-0.1935155885744534,6.0,3,0.005341693724047802,-0.05021159468528058,-0.0208601065371955,-0.023322562074949427,-0.018371271293416647,0.1925704442049777,-0.10770865991003054,0.03371186876348786,17.350000381469727,0.5699996948242188,4.24,4.55,0.3099999999999996,71.73,3.469999999999999,2.240700000000004,False,,-0.35198647399177785,False
CPER,2025,HGB,20,0.56,-0.0946887281143568,0.3333333333333333,-0.009211986386490123,0.12714181137784886,-0.011478645265845189,-0.19351558857445272,5.0,3,0.005341693724047802,-0.05021159468528058,-0.0208601065371955,-0.023322562074949427,-0.018371271293416647,0.1925704442049777,-0.10770865991003054,0.03371186876348786,17.350000381469727,0.5699996948242188,4.24,4.55,0.3099999999999996,71.73,3.469999999999999,2.240700000000004,False,,-0.0946887281143568,False
CPER,2025,HGB,20,0.6,0.08906454370596806,1.0,0.07524613252840551,0.3893521717118466,0.02424276107269363,-0.18656592123125615,8.0,3,0.005341693724047802,-0.05021159468528058,-0.0208601065371955,-0.023322562074949427,-0.018371271293416647,0.1925704442049777,-0.10770865991003054,0.03371186876348786,17.350000381469727,0.5699996948242188,4.24,4.55,0.3099999999999996,71.73,3.469999999999999,2.240700000000004,True,,0.08906454370596806,False
CPER,2025,HGB,20,0.64,0.037320286579705875,0.6666666666666666,0.01271209289884645,0.2788427639128283,-0.0010286192353126111,-0.1865659212312566,6.0,3,0.005341693724047802,-0.05021159468528058,-0.0208601065371955,-0.023322562074949427,-0.018371271293416647,0.1925704442049777,-0.10770865991003054,0.03371186876348786,17.350000381469727,0.5699996948242188,4.24,4.55,0.3099999999999996,71.73,3.469999999999999,2.240700000000004,True,,0.037320286579705875,False
CPER,2026,BUYHOLD,0,,0.6090482763655133,1.0,0.1784478355183552,0.7428319384380837,0.09121027261400272,-0.23481303825305255,1.0,3,0.053375404380995306,0.06684607471423609,-0.03989745600486383,0.0530371727985286,0.0870664953520992,0.3420906985390101,-0.08283165507582424,-0.03159365730897157,14.949999809265137,0.9499998092651367,3.45,4.14,0.6899999999999995,57.79,-1.6799999999999997,-1.4923000000000002,True,,0.6090482763655133,False
CPER,2026,CASH,0,,0.0,0.0,0.0,0.0,0.0,0.0,0.0,3,0.053375404380995306,0.06684607471423609,-0.03989745600486383,0.0530371727985286,0.0870664953520992,0.3420906985390101,-0.08283165507582424,-0.03159365730897157,14.949999809265137,0.9499998092651367,3.45,4.14,0.6899999999999995,57.79,-1.6799999999999997,-1.4923000000000002,False,,0.0,False
CPER,2026,MOMENTUM,0,,-0.3966424585033421,0.3333333333333333,-0.013721432696164992,0.12830805319255048,-0.014594266935735623,-0.23582495707743145,13.0,3,0.053375404380995306,0.06684607471423609,-0.03989745600486383,0.0530371727985286,0.0870664953520992,0.3420906985390101,-0.08283165507582424,-0.03159365730897157,14.949999809265137,0.9499998092651367,3.45,4.14,0.6899999999999995,57.79,-1.6799999999999997,-1.4923000000000002,False,,-0.3966424585033421,False
CPER,2026,MEANREV,0,,-0.7874233401659947,0.3333333333333333,-0.01453987629536313,-0.23108335729810306,-0.07662826220164476,-0.09758058789713675,4.0,3,0.053375404380995306,0.06684607471423609,-0.03989745600486383,0.0530371727985286,0.0870664953520992,0.3420906985390101,-0.08283165507582424,-0.03159365730897157,14.949999809265137,0.9499998092651367,3.45,4.14,0.6899999999999995,57.79,-1.6799999999999997,-1.4923000000000002,False,,-0.7874233401659947,False
CPER,2026,TREND60,0,,-0.4233199913748354,0.3333333333333333,-0.014594266935735623,0.08404528941683044,-0.029173837872936037,-0.2444909851014696,11.0,3,0.053375404380995306,0.06684607471423609,-0.03989745600486383,0.0530371727985286,0.0870664953520992,0.3420906985390101,-0.08283165507582424,-0.03159365730897157,14.949999809265137,0.9499998092651367,3.45,4.14,0.6899999999999995,57.79,-1.6799999999999997,-1.4923000000000002,False,,-0.4233199913748354,False
CPER,2026,TREND200_0,0,,-0.2908351172117186,0.3333333333333333,-0.01539456275782125,0.14070811931257288,-0.053060287246745275,-0.2516098912253756,8.0,3,0.053375404380995306,0.06684607471423609,-0.03989745600486383,0.0530371727985286,0.0870664953520992,0.3420906985390101,-0.08283165507582424,-0.03159365730897157,14.949999809265137,0.9499998092651367,3.45,4.14,0.6899999999999995,57.79,-1.6799999999999997,-1.4923000000000002,False,,-0.2908351172117186,False
CPER,2026,TREND200_33,0,,0.046300713447429684,0.6666666666666666,0.05922303095349846,0.34742220435759125,-0.003980382218477407,-0.23481303825305266,5.6899999999999995,3,0.053375404380995306,0.06684607471423609,-0.03989745600486383,0.0530371727985286,0.0870664953520992,0.3420906985390101,-0.08283165507582424,-0.03159365730897157,14.949999809265137,0.9499998092651367,3.45,4.14,0.6899999999999995,57.79,-1.6799999999999997,-1.4923000000000002,True,,0.046300713447429684,False
CPER,2026,TREND200_50,0,,0.20505726592145573,1.0,0.09937619925392704,0.4517238044098988,0.02081699956892047,-0.23481303825305255,4.5,3,0.053375404380995306,0.06684607471423609,-0.03989745600486383,0.0530371727985286,0.0870664953520992,0.3420906985390101,-0.08283165507582424,-0.03159365730897157,14.949999809265137,0.9499998092651367,3.45,4.14,0.6899999999999995,57.79,-1.6799999999999997,-1.4923000000000002,True,,0.20505726592145573,False
CPER,2026,TREND200_67,0,,0.3562158524643324,1.0,0.14072409006862463,0.55367998298555,0.04521172513454963,-0.23481303825305244,3.3099999999999996,3,0.053375404380995306,0.06684607471423609,-0.03989745600486383,0.0530371727985286,0.0870664953520992,0.3420906985390101,-0.08283165507582424,-0.03159365730897157,14.949999809265137,0.9499998092651367,3.45,4.14,0.6899999999999995,57.79,-1.6799999999999997,-1.4923000000000002,True,,0.3562158524643324,False
CPER,2026,VOLTARGET10,0,,0.34977599628941636,1.0,0.06643337437361785,0.6751638234348323,0.0019706946681052884,-0.10016857551478431,2.9470558924954298,3,0.053375404380995306,0.06684607471423609,-0.03989745600486383,0.0530371727985286,0.0870664953520992,0.3420906985390101,-0.08283165507582424,-0.03159365730897157,14.949999809265137,0.9499998092651367,3.45,4.14,0.6899999999999995,57.79,-1.6799999999999997,-1.4923000000000002,True,,0.34977599628941636,False
CPER,2026,VOLTARGET15,0,,0.3261825433563797,1.0,0.09690404182329493,0.675163823434832,0.0009291800702730946,-0.14585292573840147,4.222130548218162,3,0.053375404380995306,0.06684607471423609,-0.03989745600486383,0.0530371727985286,0.0870664953520992,0.3420906985390101,-0.08283165507582424,-0.03159365730897157,14.949999809265137,0.9499998092651367,3.45,4.14,0.6899999999999995,57.79,-1.6799999999999997,-1.4923000000000002,True,,0.3261825433563797,False
CPER,2026,VOLTARGET20,0,,0.37891487958757186,1.0,0.1278762771399855,0.6899187712588946,0.022322231741188858,-0.1686221221509704,4.503486853711438,3,0.053375404380995306,0.06684607471423609,-0.03989745600486383,0.0530371727985286,0.0870664953520992,0.3420906985390101,-0.08283165507582424,-0.03159365730897157,14.949999809265137,0.9499998092651367,3.45,4.14,0.6899999999999995,57.79,-1.6799999999999997,-1.4923000000000002,True,,0.37891487958757186,False
CPER,2026,LOGIT,1,0.52,0.5292411431565164,0.6666666666666666,0.14202550269224923,0.955884792559819,-0.033294458520873316,-0.15174485545136218,8.0,3,0.053375404380995306,0.06684607471423609,-0.03989745600486383,0.0530371727985286,0.0870664953520992,0.3420906985390101,-0.08283165507582424,-0.03159365730897157,14.949999809265137,0.9499998092651367,3.45,4.14,0.6899999999999995,57.79,-1.6799999999999997,-1.4923000000000002,True,,0.5292411431565164,False
CPER,2026,LOGIT,1,0.56,0.4611658678616489,0.6666666666666666,0.11260105387346031,0.8894106656964362,-0.033294458520873316,-0.15174485545136218,8.0,3,0.053375404380995306,0.06684607471423609,-0.03989745600486383,0.0530371727985286,0.0870664953520992,0.3420906985390101,-0.08283165507582424,-0.03159365730897157,14.949999809265137,0.9499998092651367,3.45,4.14,0.6899999999999995,57.79,-1.6799999999999997,-1.4923000000000002,True,,0.4611658678616489,False
CPER,2026,LOGIT,1,0.6,0.017372272774894615,0.6666666666666666,0.03429107868171655,0.4213839159772005,-0.031326244282818716,-0.13166940788507386,8.0,3,0.053375404380995306,0.06684607471423609,-0.03989745600486383,0.0530371727985286,0.0870664953520992,0.3420906985390101,-0.08283165507582424,-0.03159365730897157,14.949999809265137,0.9499998092651367,3.45,4.14,0.6899999999999995,57.79,-1.6799999999999997,-1.4923000000000002,True,,0.017372272774894615,False
CPER,2026,LOGIT,1,0.64,-0.200605067275417,0.6666666666666666,0.006777245397627363,0.13234035607351877,-0.034543231950661,-0.13166940788507386,6.0,3,0.053375404380995306,0.06684607471423609,-0.03989745600486383,0.0530371727985286,0.0870664953520992,0.3420906985390101,-0.08283165507582424,-0.03159365730897157,14.949999809265137,0.9499998092651367,3.45,4.14,0.6899999999999995,57.79,-1.6799999999999997,-1.4923000000000002,False,,-0.200605067275417,False
CPER,2026,LOGIT,5,0.52,0.1623597094484074,1.0,0.09852759333488592,0.5336727008571347,0.05193632219608624,-0.16352923878378556,6.0,3,0.053375404380995306,0.06684607471423609,-0.03989745600486383,0.0530371727985286,0.0870664953520992,0.3420906985390101,-0.08283165507582424,-0.03159365730897157,14.949999809265137,0.9499998092651367,3.45,4.14,0.6899999999999995,57.79,-1.6799999999999997,-1.4923000000000002,True,,0.1623597094484074,False
CPER,2026,LOGIT,5,0.56,0.3739003315333289,1.0,0.11841815388299382,0.6759414848516744,0.10007062020584834,-0.16352923878378556,5.0,3,0.053375404380995306,0.06684607471423609,-0.03989745600486383,0.0530371727985286,0.0870664953520992,0.3420906985390101,-0.08283165507582424,-0.03159365730897157,14.949999809265137,0.9499998092651367,3.45,4.14,0.6899999999999995,57.79,-1.6799999999999997,-1.4923000000000002,True,,0.3739003315333289,False
CPER,2026,LOGIT,5,0.6,0.7523365006120957,1.0,0.21146443869193354,0.9911400907831986,0.10007062020584834,-0.16352923878378556,5.0,3,0.053375404380995306,0.06684607471423609,-0.03989745600486383,0.0530371727985286,0.0870664953520992,0.3420906985390101,-0.08283165507582424,-0.03159365730897157,14.949999809265137,0.9499998092651367,3.45,4.14,0.6899999999999995,57.79,-1.6799999999999997,-1.4923000000000002,True,,0.7523365006120957,False
CPER,2026,LOGIT,5,0.64,0.7385049172419502,1.0,0.17263010365074205,1.0061974665930151,0.13673699373828252,-0.16352923878378556,7.0,3,0.053375404380995306,0.06684607471423609,-0.03989745600486383,0.0530371727985286,0.0870664953520992,0.3420906985390101,-0.08283165507582424,-0.03159365730897157,14.949999809265137,0.9499998092651367,3.45,4.14,0.6899999999999995,57.79,-1.6799999999999997,-1.4923000000000002,True,,0.7385049172419502,False
CPER,2026,LOGIT,20,0.52,0.7949058528412848,1.0,0.137646808201076,1.0628584788974471,0.05947771630260967,-0.07355349151561974,10.0,3,0.053375404380995306,0.06684607471423609,-0.03989745600486383,0.0530371727985286,0.0870664953520992,0.3420906985390101,-0.08283165507582424,-0.03159365730897157,14.949999809265137,0.9499998092651367,3.45,4.14,0.6899999999999995,57.79,-1.6799999999999997,-1.4923000000000002,True,,0.7949058528412848,False
CPER,2026,LOGIT,20,0.56,0.819284143720946,1.0,0.13320049604001727,1.0911769638245024,0.044980047042870286,-0.07355349151561974,8.0,3,0.053375404380995306,0.06684607471423609,-0.03989745600486383,0.0530371727985286,0.0870664953520992,0.3420906985390101,-0.08283165507582424,-0.03159365730897157,14.949999809265137,0.9499998092651367,3.45,4.14,0.6899999999999995,57.79,-1.6799999999999997,-1.4923000000000002,True,,0.819284143720946,True
CPER,2026,LOGIT,20,0.6,0.8545770375055407,1.0,0.11071630990715886,1.0874026424576269,0.03901282115537441,-0.06971516969566138,6.0,3,0.053375404380995306,0.06684607471423609,-0.03989745600486383,0.0530371727985286,0.0870664953520992,0.3420906985390101,-0.08283165507582424,-0.03159365730897157,14.949999809265137,0.9499998092651367,3.45,4.14,0.6899999999999995,57.79,-1.6799999999999997,-1.4923000000000002,True,,0.8545770375055407,True
CPER,2026,LOGIT,20,0.64,0.9354276269820134,1.0,0.1386950941951972,1.0911769638245024,0.06745502718119978,-0.06971516969566138,5.0,3,0.053375404380995306,0.06684607471423609,-0.03989745600486383,0.0530371727985286,0.0870664953520992,0.3420906985390101,-0.08283165507582424,-0.03159365730897157,14.949999809265137,0.9499998092651367,3.45,4.14,0.6899999999999995,57.79,-1.6799999999999997,-1.4923000000000002,True,,0.9354276269820134,True
CPER,2026,RF,1,0.52,0.5290231133775907,1.0,0.21129683931904686,0.735605769565123,0.15105575651505543,-0.23481303825305266,5.0,3,0.053375404380995306,0.06684607471423609,-0.03989745600486383,0.0530371727985286,0.0870664953520992,0.3420906985390101,-0.08283165507582424,-0.03159365730897157,14.949999809265137,0.9499998092651367,3.45,4.14,0.6899999999999995,57.79,-1.6799999999999997,-1.4923000000000002,True,,0.5290231133775907,False
CPER,2026,RF,1,0.56,-0.2551283314695443,0.6666666666666666,0.0026318481984841657,0.08214103181447338,0.0,-0.0697151696956615,2.0,3,0.053375404380995306,0.06684607471423609,-0.03989745600486383,0.0530371727985286,0.0870664953520992,0.3420906985390101,-0.08283165507582424,-0.03159365730897157,14.949999809265137,0.9499998092651367,3.45,4.14,0.6899999999999995,57.79,-1.6799999999999997,-1.4923000000000002,False,,-0.2551283314695443,False
CPER,2026,RF,1,0.6,0.0,0.0,0.0,0.0,0.0,0.0,0.0,3,0.053375404380995306,0.06684607471423609,-0.03989745600486383,0.0530371727985286,0.0870664953520992,0.3420906985390101,-0.08283165507582424,-0.03159365730897157,14.949999809265137,0.9499998092651367,3.45,4.14,0.6899999999999995,57.79,-1.6799999999999997,-1.4923000000000002,False,,0.0,False
CPER,2026,RF,1,0.64,0.0,0.0,0.0,0.0,0.0,0.0,0.0,3,0.053375404380995306,0.06684607471423609,-0.03989745600486383,0.0530371727985286,0.0870664953520992,0.3420906985390101,-0.08283165507582424,-0.03159365730897157,14.949999809265137,0.9499998092651367,3.45,4.14,0.6899999999999995,57.79,-1.6799999999999997,-1.4923000000000002,False,,0.0,False
CPER,2026,RF,5,0.52,0.14480477564719896,1.0,0.07188040020693598,0.4157434689894749,0.024297498952108754,-0.23481303825305233,3.0,3,0.053375404380995306,0.06684607471423609,-0.03989745600486383,0.0530371727985286,0.0870664953520992,0.3420906985390101,-0.08283165507582424,-0.03159365730897157,14.949999809265137,0.9499998092651367,3.45,4.14,0.6899999999999995,57.79,-1.6799999999999997,-1.4923000000000002,True,,0.14480477564719896,False
CPER,2026,RF,5,0.56,0.5311955790617633,1.0,0.12451256250805898,0.8169376553645543,0.01166487431597174,-0.1356026499949201,4.0,3,0.053375404380995306,0.06684607471423609,-0.03989745600486383,0.0530371727985286,0.0870664953520992,0.3420906985390101,-0.08283165507582424,-0.03159365730897157,14.949999809265137,0.9499998092651367,3.45,4.14,0.6899999999999995,57.79,-1.6799999999999997,-1.4923000000000002,True,,0.5311955790617633,False
CPER,2026,RF,5,0.6,-0.3051001893330293,0.6666666666666666,0.012103804748909264,0.16828461913131706,-0.03596212317644876,-0.07897449973136705,4.0,3,0.053375404380995306,0.06684607471423609,-0.03989745600486383,0.0530371727985286,0.0870664953520992,0.3420906985390101,-0.08283165507582424,-0.03159365730897157,14.949999809265137,0.9499998092651367,3.45,4.14,0.6899999999999995,57.79,-1.6799999999999997,-1.4923000000000002,False,,-0.3051001893330293,False
CPER,2026,RF,5,0.64,-0.12375994488800517,0.0,0.0,0.0,-0.009175184792672764,-0.022853782295715774,0.0,3,0.053375404380995306,0.06684607471423609,-0.03989745600486383,0.0530371727985286,0.0870664953520992,0.3420906985390101,-0.08283165507582424,-0.03159365730897157,14.949999809265137,0.9499998092651367,3.45,4.14,0.6899999999999995,57.79,-1.6799999999999997,-1.4923000000000002,False,,-0.12375994488800517,False
CPER,2026,RF,20,0.52,-0.5030634893969675,0.6666666666666666,0.009202816689279025,0.13640815350547797,-0.03735012560194073,-0.16338443740176423,5.0,3,0.053375404380995306,0.06684607471423609,-0.03989745600486383,0.0530371727985286,0.0870664953520992,0.3420906985390101,-0.08283165507582424,-0.03159365730897157,14.949999809265137,0.9499998092651367,3.45,4.14,0.6899999999999995,57.79,-1.6799999999999997,-1.4923000000000002,False,,-0.5030634893969675,False
CPER,2026,RF,20,0.56,-0.6358646509152996,0.3333333333333333,0.0,0.0,-0.05383936782706833,-0.10403179577810706,4.0,3,0.053375404380995306,0.06684607471423609,-0.03989745600486383,0.0530371727985286,0.0870664953520992,0.3420906985390101,-0.08283165507582424,-0.03159365730897157,14.949999809265137,0.9499998092651367,3.45,4.14,0.6899999999999995,57.79,-1.6799999999999997,-1.4923000000000002,False,,-0.6358646509152996,False
CPER,2026,RF,20,0.6,-0.4166046320985225,0.3333333333333333,0.0,0.0,-0.015239592786948197,-0.05751927911693877,2.0,3,0.053375404380995306,0.06684607471423609,-0.03989745600486383,0.0530371727985286,0.0870664953520992,0.3420906985390101,-0.08283165507582424,-0.03159365730897157,14.949999809265137,0.9499998092651367,3.45,4.14,0.6899999999999995,57.79,-1.6799999999999997,-1.4923000000000002,False,,-0.4166046320985225,False
CPER,2026,RF,20,0.64,0.0,0.0,0.0,0.0,0.0,0.0,0.0,3,0.053375404380995306,0.06684607471423609,-0.03989745600486383,0.0530371727985286,0.0870664953520992,0.3420906985390101,-0.08283165507582424,-0.03159365730897157,14.949999809265137,0.9499998092651367,3.45,4.14,0.6899999999999995,57.79,-1.6799999999999997,-1.4923000000000002,False,,0.0,False
CPER,2026,HGB,1,0.52,0.1884620088635982,1.0,0.16293754209555256,0.6289726761961453,0.0814589512363677,-0.23481303825305255,13.0,3,0.053375404380995306,0.06684607471423609,-0.03989745600486383,0.0530371727985286,0.0870664953520992,0.3420906985390101,-0.08283165507582424,-0.03159365730897157,14.949999809265137,0.9499998092651367,3.45,4.14,0.6899999999999995,57.79,-1.6799999999999997,-1.4923000000000002,True,,0.1884620088635982,False
CPER,2026,HGB,1,0.56,0.1330916480260271,1.0,0.07854190922069915,0.54054966484207,0.06745645942800804,-0.11161452143089423,10.0,3,0.053375404380995306,0.06684607471423609,-0.03989745600486383,0.0530371727985286,0.0870664953520992,0.3420906985390101,-0.08283165507582424,-0.03159365730897157,14.949999809265137,0.9499998092651367,3.45,4.14,0.6899999999999995,57.79,-1.6799999999999997,-1.4923000000000002,True,,0.1330916480260271,False
CPER,2026,HGB,1,0.6,0.409572857265171,1.0,0.08182056591605047,0.8011742284514984,0.005006409308407234,-0.10123630273454964,8.0,3,0.053375404380995306,0.06684607471423609,-0.03989745600486383,0.0530371727985286,0.0870664953520992,0.3420906985390101,-0.08283165507582424,-0.03159365730897157,14.949999809265137,0.9499998092651367,3.45,4.14,0.6899999999999995,57.79,-1.6799999999999997,-1.4923000000000002,True,,0.409572857265171,False
CPER,2026,HGB,1,0.64,-0.1768529301070276,0.6666666666666666,0.007470630211104057,0.25359301143845664,-0.0380233624386892,-0.0903393121210756,2.0,3,0.053375404380995306,0.06684607471423609,-0.03989745600486383,0.0530371727985286,0.0870664953520992,0.3420906985390101,-0.08283165507582424,-0.03159365730897157,14.949999809265137,0.9499998092651367,3.45,4.14,0.6899999999999995,57.79,-1.6799999999999997,-1.4923000000000002,False,,-0.1768529301070276,False
CPER,2026,HGB,5,0.52,0.3451516121262289,0.6666666666666666,0.14544313109266094,0.8099794533209159,-0.016292991349020514,-0.16249549048987688,7.0,3,0.053375404380995306,0.06684607471423609,-0.03989745600486383,0.0530371727985286,0.0870664953520992,0.3420906985390101,-0.08283165507582424,-0.03159365730897157,14.949999809265137,0.9499998092651367,3.45,4.14,0.6899999999999995,57.79,-1.6799999999999997,-1.4923000000000002,True,,0.3451516121262289,False
CPER,2026,HGB,5,0.56,0.004543172007090757,0.6666666666666666,0.08537762678159955,0.586881508565126,-0.031195183250093517,-0.13560264999492033,10.0,3,0.053375404380995306,0.06684607471423609,-0.03989745600486383,0.0530371727985286,0.0870664953520992,0.3420906985390101,-0.08283165507582424,-0.03159365730897157,14.949999809265137,0.9499998092651367,3.45,4.14,0.6899999999999995,57.79,-1.6799999999999997,-1.4923000000000002,True,,0.004543172007090757,False
CPER,2026,HGB,5,0.6,-0.5433050522143628,0.3333333333333333,-0.01201671677919347,-0.019676397377076667,-0.05059223722342099,-0.15250870848896358,8.0,3,0.053375404380995306,0.06684607471423609,-0.03989745600486383,0.0530371727985286,0.0870664953520992,0.3420906985390101,-0.08283165507582424,-0.03159365730897157,14.949999809265137,0.9499998092651367,3.45,4.14,0.6899999999999995,57.79,-1.6799999999999997,-1.4923000000000002,False,,-0.5433050522143628,False
CPER,2026,HGB,5,0.64,-0.6347248872175955,0.3333333333333333,-0.028986763703324647,-0.2868070737011717,-0.03780252257038175,-0.10945742273632375,4.0,3,0.053375404380995306,0.06684607471423609,-0.03989745600486383,0.0530371727985286,0.0870664953520992,0.3420906985390101,-0.08283165507582424,-0.03159365730897157,14.949999809265137,0.9499998092651367,3.45,4.14,0.6899999999999995,57.79,-1.6799999999999997,-1.4923000000000002,False,,-0.6347248872175955,False
CPER,2026,HGB,20,0.52,-0.6724935930055117,0.3333333333333333,-0.013911063920007405,-0.03602996689812065,-0.031592271971516483,-0.14411708343082597,8.0,3,0.053375404380995306,0.06684607471423609,-0.03989745600486383,0.0530371727985286,0.0870664953520992,0.3420906985390101,-0.08283165507582424,-0.03159365730897157,14.949999809265137,0.9499998092651367,3.45,4.14,0.6899999999999995,57.79,-1.6799999999999997,-1.4923000000000002,False,,-0.6724935930055117,False
CPER,2026,HGB,20,0.56,-0.2693642137872586,0.6666666666666666,0.01861801245980721,0.1940700844314183,-0.009211986386490123,-0.13412566230354994,8.0,3,0.053375404380995306,0.06684607471423609,-0.03989745600486383,0.0530371727985286,0.0870664953520992,0.3420906985390101,-0.08283165507582424,-0.03159365730897157,14.949999809265137,0.9499998092651367,3.45,4.14,0.6899999999999995,57.79,-1.6799999999999997,-1.4923000000000002,False,,-0.2693642137872586,False
CPER,2026,HGB,20,0.6,-0.12159993702504474,0.6666666666666666,0.02424276107269363,0.23546845284577758,-0.023787369097507227,-0.10262162531280306,8.0,3,0.053375404380995306,0.06684607471423609,-0.03989745600486383,0.0530371727985286,0.0870664953520992,0.3420906985390101,-0.08283165507582424,-0.03159365730897157,14.949999809265137,0.9499998092651367,3.45,4.14,0.6899999999999995,57.79,-1.6799999999999997,-1.4923000000000002,False,,-0.12159993702504474,False
CPER,2026,HGB,20,0.64,-0.11616884283166906,0.3333333333333333,-0.0010286192353126111,0.05652417243117974,-0.00870397258391098,-0.0697151696956615,4.0,3,0.053375404380995306,0.06684607471423609,-0.03989745600486383,0.0530371727985286,0.0870664953520992,0.3420906985390101,-0.08283165507582424,-0.03159365730897157,14.949999809265137,0.9499998092651367,3.45,4.14,0.6899999999999995,57.79,-1.6799999999999997,-1.4923000000000002,False,,-0.11616884283166906,False
