,portfolio_gross_ret,portfolio_turnover,portfolio_net_ret,capital_clp,benchmark_ret,benchmark_capital_clp
2017-01-03,0.0,0.0,0.0,10000000.0,0.002423077746828095,10024230.77746828
2017-01-04,0.0,0.3,-0.00045,9995500.0,0.008634213977428317,10110782.130960066
2017-01-05,0.0015777463692083105,0.0,0.0015777463692083105,10011270.363833422,0.002718815613235204,10138271.483279739
2017-01-06,-0.0003668586100459614,0.0,-0.0003668586100459614,10007597.643102953,-0.008689841741381198,10050171.50855888
2017-01-09,0.008929667698607013,0.0,0.008929667698607013,10096962.164517224,0.024387560735025106,10295270.676621277
2017-01-10,-0.005528790697599572,0.0,-0.005528790697599572,10041138.174028026,-0.008413512485413232,10208651.288242815
2017-01-11,0.0033409096183889763,0.0,0.0033409096183889763,10074684.709133208,0.009208213286898848,10302654.726676533
2017-01-12,-0.0024695595657955537,0.0,-0.0024695595657955537,10049804.675137395,0.0057643089373311755,10362042.411395751
2017-01-13,0.0007413028222515994,0.0,0.0007413028222515994,10057254.62370615,0.007166197023893249,10436298.84888575
2017-01-17,-0.0038485323195165955,0.0,-0.0038485323195165955,10018548.95424121,-0.017682385693444477,10251760.187427701
2017-01-18,-0.0009594301121243708,0.0,-0.0009594301121243708,10008936.856694719,-0.00287986696732051,10222236.481907036
2017-01-19,0.0018847351702133252,0.0,0.0018847351702133252,10027801.052004976,0.002899668491768514,10251877.578949029
2017-01-20,0.006327671885891739,0.0,0.006327671885891739,10091253.686799064,0.021892641629446506,10476318.260813918
2017-01-23,-0.007086532457938932,0.0,-0.007086532457938932,10019741.690006267,-0.015412387993187324,10314853.179038139
2017-01-24,-0.0014131972751580733,0.0,-0.0014131972751580733,10005581.818352163,-0.0005574240869764542,10309103.431422517
2017-01-25,0.01027103336738433,0.0,0.01027103336738433,10108349.483068552,0.029060594432866394,10608692.10520956
2017-01-26,-0.0016232955500031787,0.0,-0.0016232955500031787,10091940.644334812,-0.01171785230128064,10484381.018010952
2017-01-27,-0.003894111484333362,0.0,-0.003894111484333362,10052641.502372498,-0.013168419215057136,10346318.293555394
2017-01-30,0.0028535567916489588,0.0,0.0028535567916489588,10081327.285805603,0.0062915715889096495,10411412.895780943
2017-01-31,-0.0013846523466809811,0.0,-0.0013846523466809811,10067368.152321653,0.002460574273497818,10437030.950503064
2017-02-01,0.0022110467229987663,0.0,0.0022110467229987663,10089627.573684068,0.0013411675564928727,10451028.757799992
2017-02-02,-0.0011420149009608526,0.0,-0.0011420149009608526,10078105.068649774,-0.0017083912160317685,10433174.312071672
2017-02-03,-0.001047309864022905,0.0,-0.001047309864022905,10067550.16980072,-0.0055745304187928,10375014.264504459
2017-02-06,-0.0002502284473329896,0.0,-0.0002502284473329896,10065030.982353283,-0.0026760582506293313,10347250.121981535
2017-02-07,0.0009557468396069524,0.0,0.0009557468396069524,10074650.60390521,-0.0013787879114902533,10332983.458596181
2017-02-08,0.0031734885815713374,0.0,0.0031734885815713374,10106622.392560026,0.014324641535861413,10480999.742636556
2017-02-09,0.001650138320917538,0.0,0.001650138320917538,10123299.71746503,0.0019567628786965057,10501508.573864575
2017-02-10,-0.0035877426535706244,0.0,-0.0035877426535706244,10086979.923273802,0.008282556809761,10588487.915215801
2017-02-13,0.002523975256802657,0.0,0.002523975256802657,10112439.21101601,0.008002897283114806,10673226.496384775
2017-02-14,0.002372670534652821,0.0,0.002372670534652821,10136432.697565457,-0.0009029069900236995,10663589.565575084
2017-02-15,0.0012098512673660577,0.0,0.0012098512673660577,10148696.273511177,0.004645630340551876,10713128.66080011
2017-02-16,-0.001215842852984239,0.0,-0.001215842852984239,10136357.05367992,-0.009058110584632306,10616087.956683189
2017-02-17,0.0013470310807497388,0.0,0.0013470310807497388,10150011.041676804,-0.004000434329193236,10573618.99397954
2017-02-21,0.0024231886998880015,0.0,0.0024231886998880015,10174606.433736734,0.011601294481476999,10696286.661663635
2017-02-22,0.00044298334543357853,0.0,0.00044298334543357853,10179113.614933223,0.0006377952354564621,10703108.70233352
2017-02-23,-0.0005439377653387755,0.0,-0.0005439377653387755,10173576.810620386,-0.009775337102937253,10598482.206718829
2017-02-24,-0.00014809764957629534,0.0,-0.00014809764957629534,10172070.127806948,-0.002282121862287523,10574295.178767812
2017-02-27,0.0028520556823024013,0.0,0.0028520556823024013,10201081.43821574,0.007511656990354564,10653725.657065475
2017-02-28,-0.0008969411691412631,0.0,-0.0008969411691412631,10191931.668304041,-0.0014035428156115915,10638772.696960004
2017-03-01,0.005082876296179206,0.0,0.005082876296179206,10243735.996193143,0.015371739464957977,10802309.139084581
2017-03-02,-0.0012311322559357407,0.0,-0.0012311322559357407,10231124.602386938,-0.007415152717646978,10722208.367115036
2017-03-03,0.0023979093854400667,0.0,0.0023979093854400667,10255657.91209461,0.011035910730309316,10840537.701486293
2017-03-06,0.00020454419898860988,0.0,0.00020454419898860988,10257755.647427341,-0.001952634511501938,10819370.093447132
2017-03-07,0.0015474689684948472,0.0,0.0015474689684948472,10273629.205978137,0.0022591146811659414,10843812.291266207
2017-03-08,-0.0007438679402510417,0.0,-0.0007438679402510417,10265986.982581783,-0.009551454483532928,10740238.111738203
2017-03-09,0.0022357288126205075,0.0,0.0022357288126205075,10288938.94546873,0.004595095585248776,10789590.532469971
2017-03-10,0.0022610865297241433,0.0,0.0022610865297241433,10312203.126723483,0.005634178733542705,10850381.013991648
2017-03-13,-0.00022062149742626546,0.0,-0.00022062149742626546,10309928.0330279,0.007033382506235896,10926695.89400145
2017-03-14,0.000443346634849795,0.0,0.000443346634849795,10314498.904926887,0.0009280145458952058,10936836.026729656
2017-03-15,0.003165395071683652,0.0,0.003165395071683652,10347148.36892743,0.014543985075956622,11095901.206680596
2017-03-16,-0.0015043528911815706,0.0,-0.0015043528911815706,10331582.60636315,-0.00016182417596896106,11094105.621611193
2017-03-17,-0.00826399625639289,0.0,-0.00826399625639289,10246202.446381552,-0.02019353738775932,10870076.384957436
2017-03-20,0.006632162595084412,0.0,0.006632162595084412,10314156.926988108,0.016850956967442765,11053247.574353172
2017-03-21,-0.005445042173672054,0.0,-0.005445042173672054,10257995.907534786,-0.011508319108350129,10926043.274083916
2017-03-22,0.0015301123968058938,0.0,0.0015301123968058938,10273691.794239288,0.0036193092015750048,10965588.003042614
2017-03-23,0.00042392568721532075,0.0,0.00042392568721532075,10278047.0760934,0.00490445099252248,11019368.19200773
2017-03-24,0.0012579644866357986,0.0,0.0012579644866357986,10290976.494307095,0.004926238897797974,11073652.232224356
2017-03-27,-0.0010145505204587346,0.0,-0.0010145505204587346,10280535.778748767,-0.006731912410677443,10999105.375330718
2017-03-28,0.004169557778431776,0.0,0.004169557778431776,10323401.066671496,0.019603396816865824,11214725.202633848
2017-03-29,0.0018437798826872465,0.0,0.0018437798826872465,10342435.145879138,0.0026754028259829755,11244729.110133598
2017-03-30,-0.0007880600003470239,0.0,-0.0007880600003470239,10334284.686434487,-0.004268690084770377,11196728.846475242
2017-03-31,-0.00013609228094804137,0.0,-0.00013609228094804137,10332878.270059545,-0.0037103074128712163,11155185.540436255
2017-04-03,-0.0016291565429652044,0.0,-0.0016291565429652044,10316044.393818213,-0.00815999775715982,11064159.251445593
2017-04-04,-0.00025300753110882865,0.0,-0.00025300753110882865,10313434.356895326,-4.569309339590437e-05,11063653.69578357
2017-04-05,-0.000359461851424625,0.0,-0.000359461851424625,10309727.070686849,0.010950660993220052,11184808.016752481
2017-04-06,-0.0006598798184187404,0.0,-0.0006598798184187404,10302923.889859496,-0.0007253707627617786,11176694.884030025
2017-04-07,-0.0010705275384337853,0.0,-0.0010705275384337853,10291894.326109014,-0.003949056699404929,11132557.48222104
2017-04-10,0.00011358405044308294,0.0,0.00011358405044308294,10293063.321153305,-0.0003658192278864882,11128484.978638493
2017-04-11,-0.0031624160176334736,0.0,-0.0031624160176334736,10260512.372835975,-0.009784315468279481,11019600.370923484
2017-04-12,-0.0001093676790755671,0.0,-0.0001093676790755671,10259390.204411631,-0.004708833813680768,10967710.90408363
2017-04-13,-0.002013878321747964,0.0,-0.002013878321747964,10238729.040884614,-0.0004890894279523496,10962346.712631606
2017-04-17,0.0008156402383828531,0.0,0.0008156402383828531,10247080.160280257,0.0026739622339664983,10991659.613736829
2017-04-18,-0.002210793029853475,0.0,-0.002210793029853475,10224425.986885559,-0.015458113817858788,10821749.288380522
2017-04-19,0.002156957934288561,0.0,0.002156957934288561,10246479.64364152,0.0024546768517478054,10848313.185854128
2017-04-20,0.002043309813386074,0.0,0.002043309813386074,10267416.376050035,0.0025452993348124234,10875925.39018992
2017-04-21,0.000673171679729978,0.0,0.000673171679729978,10274328.109978385,0.0014118748273892812,10891280.835472891
2017-04-24,0.0053046673629266955,0.0,0.0053046673629266955,10328830.002979388,0.010422120034198578,11004791.071666356
2017-04-25,0.0030486204958630747,0.0,0.0030486204958630747,10360318.685824756,0.006078871041605326,11071687.777430825
2017-04-26,-0.007367962410263284,0.0,-0.007367962410263284,10283984.24718925,-0.02429104383630745,10802744.924287343
2017-04-27,0.013494910233486923,0.0,0.013494910233486923,10422765.691447664,0.03091897006556219,11136754.671227288
2017-04-28,-0.0002839862946066085,0.0,-0.0002839862946066085,10419805.768839397,-0.0013493900071705701,11121726.845761621
2017-05-01,0.004542524136837378,0.0,0.004542524136837378,10467137.988045504,0.015005039878987025,11288608.800605476
2017-05-02,-0.00017335581368328466,0.0,-0.00017335581368328466,10465323.448822653,-1.0793609821857335e-05,11288486.95576665
2017-05-03,7.379232539024283e-05,0.0,7.379232539024283e-05,10466095.7093759,-0.013074352469913775,11140897.298454933
2017-05-04,0.0006040650055771479,0.0,0.0006040650055771479,10472417.911538957,-0.002674975900586474,11111095.666670656
2017-05-05,0.003841870430022043,0.0,0.003841870430022043,10512651.58424413,0.013896169529085279,11265497.335708596
2017-05-08,-0.000994585401285264,0.0,-0.000994585401285264,10502195.854449643,-0.015784732287101012,11087674.476183387
2017-05-09,0.0043653230341232025,0.0,0.0043653230341232025,10548041.331921944,0.010473808922153126,11203804.660037966
2017-05-10,4.071292583036623e-05,0.0,4.071292583036623e-05,10548470.773546347,0.006074010762590376,11271856.690124994
2017-05-11,-0.002493385522367908,0.0,-0.002493385522367908,10522169.369236467,-0.005011039394888772,11215372.972197236
2017-05-12,0.00013643060304511235,0.0,0.00013643060304511235,10523604.915148854,0.001775418570197207,11235284.953643765
2017-05-15,0.0009075240213873625,0.0902518054503499,0.0007721463132118377,10531730.677885784,0.005901501465294245,11301590.004260693
2017-05-16,-0.00028545707059478834,0.0,-0.00028545707059478834,10528724.320898183,-0.00013118243076272202,11300107.43421245
2017-05-17,-0.005884003063308285,0.0,-0.005884003063308285,10466773.274741288,-0.015642525266628883,11123345.218157161
2017-05-18,-0.0028508630144823267,0.0,-0.0028508630144823267,10436933.937931357,-0.024851973450322983,10846908.138116742
2017-05-19,0.00753177324320171,0.0,0.00753177324320171,10515542.55770613,0.0415540752518039,11297641.37513745
2017-05-22,0.0005375306686095758,0.0902518054503499,0.000402152960434051,10519771.414276281,-0.0028461747935368043,11265486.313029116
2017-05-23,0.0012910306469873455,0.0,0.0012910306469873455,10533352.761571415,0.002054635108546654,11288632.776722718
2017-05-24,0.003313605510239137,0.0,0.003313605510239137,10568256.13732345,0.010839041302138974,11410990.733634295
2017-05-25,-0.003559841841486222,0.0,-0.003559841841486222,10530634.816934263,-0.014159570036026147,11249416.011160953
2017-05-26,0.0001954787023964677,0.0,0.0001954787023964677,10532693.33176369,-0.003722421479185689,11207540.943372713
2017-05-30,0.0006961299051716496,0.0,0.0006961299051716496,10540025.454573931,0.0002606459455580468,11210462.14347928
2017-05-31,0.005927212628389089,0.0,0.005927212628389089,10602498.426551824,0.01772541073469367,11409172.189498184
2017-06-01,-0.004874441934877882,0.0,-0.004874441934877882,10550817.163606964,-0.011839128171680523,11274097.537613943
2017-06-02,0.008536579141187639,0.0,0.008536579141187639,10640885.049328296,0.016909510883376666,11464737.012626477
2017-06-05,-0.00104472662968913,0.0,-0.00104472662968913,10629768.233353801,-0.004662294191691707,11411285.035843235
2017-06-06,-0.0016828733563937991,0.0,-0.0016828733563937991,10611879.679609248,-0.0020584272901530533,11387795.73530974
2017-06-07,0.00113091094580553,0.0,0.00113091094580553,10623880.770494489,0.001983415638286523,11410382.467456765
2017-06-08,0.0005383530391227298,0.0,0.0005383530391227298,10629600.168994563,0.003747050966897336,11453137.752114117
2017-06-09,-0.012297186293712613,0.0,-0.012297186293712613,10498885.995488757,-0.01798240884182789,11247182.746533828
2017-06-12,0.0006007702232339263,0.0,0.0006007702232339263,10505193.413571976,0.003176204387682202,11282906.097722432
2017-06-13,0.0016136617191441882,0.0,0.0016136617191441882,10522145.242035663,0.0009333649420015357,11293437.166717941
2017-06-14,-0.0014845040810278153,0.0,-0.0014845040810278153,10506525.074482692,-0.0026637496608119204,11263354.277295694
2017-06-15,-0.0013308635011614943,0.0,-0.0013308635011614943,10492542.323737027,-0.007788698466988108,11175627.407102978
2017-06-16,0.0008228319363140945,0.0,0.0008228319363140945,10501175.922654124,0.004465402835600818,11225531.085416274
2017-06-19,0.004787258168559316,0.0,0.004787258168559316,10551447.762869328,0.007218914775211071,11306567.237628378
2017-06-20,-0.006207790752033781,0.0,-0.006207790752033781,10485946.58302642,-0.018462246724009965,11097822.603685673
2017-06-21,0.006164921805254409,0.0,0.006164921805254409,10550591.623764854,0.010149992728633171,11210465.422416747
2017-06-22,0.0006381255971226851,0.0,0.0006381255971226851,10557324.226344764,0.0037450137497592184,11252448.769564899
2017-06-23,0.00024560719349489,0.0,0.00024560719349489,10559917.181118812,0.0032111461857387003,11288582.027511507
2017-06-26,-0.0073702885365954035,0.0,-0.0073702885365954035,10482087.544571415,-0.0175891962150439,11090024.943239989
2017-06-27,-0.00043162960019743624,0.0,-0.00043162960019743624,10477563.165315317,0.007644959661331219,11174807.736574218
2017-06-28,-0.0031596230477390795,0.0,-0.0031596230477390795,10444458.015254045,-0.016537341770929546,10990006.12181006
2017-06-29,0.0032788829088932214,0.0,0.0032788829088932214,10478704.170132915,0.019513673813833263,11204461.516483093
2017-06-30,0.0008786062415572449,0.0,0.0008786062415572449,10487910.825020228,0.006906109255509985,11281840.751865081
2017-07-03,-0.0037409979978256344,0.0,-0.0037409979978256344,10448675.571622452,-0.006663595341184402,11206663.13039097
2017-07-05,-0.0028753226002844355,0.0,-0.0028753226002844355,10418632.258608326,-0.011040158132674203,11082939.797291845
2017-07-06,0.004130777429141075,0.0,0.004130777429141075,10461669.309584707,0.01709618808884812,11272415.820643725
2017-07-07,0.002962359307024154,0.0,0.002962359307024154,10492660.533030964,0.0039056742118234733,11316442.204419363
2017-07-10,0.002686475237645913,0.0,0.002686475237645913,10520848.805729976,0.005035402586036119,11373425.046760226
2017-07-11,0.0008438327506101295,0.0,0.0008438327506101295,10529726.64251647,0.0009134551502906429,11383814.160445636
2017-07-12,0.0033321429396522273,0.0,0.0033321429396522273,10564813.1968048,0.0072609425160412135,11466471.380677927
2017-07-13,-0.0009638624512191218,0.0,-0.0009638624512191218,10554630.170060253,-0.0014792169132034293,11449509.982276866
2017-07-14,0.001996382596475854,0.0,0.001996382596475854,10575701.250044001,0.003782348220068909,11492816.015978992
2017-07-17,-0.0019387982168459937,0.0,-0.0019387982168459937,10555197.099318521,0.005013016988926066,11550429.697917696
2017-07-18,0.0032452220269739485,0.0,0.0032452220269739485,10589451.057444278,0.008752001801677256,11651519.07944402
2017-07-19,-0.0005262027202830088,0.0,-0.0005262027202830088,10583878.85949155,-0.004214634156482122,11602412.189156892
2017-07-20,-0.00038410318058342826,0.0,-0.00038410318058342826,10579813.55795871,-0.0036661091683660822,11559876.479455063
2017-07-21,-0.0006299405863282148,0.0,-0.0006299405863282148,10573148.904002765,-0.0035821211505608352,11518467.601420134
2017-07-24,0.0008194309234739406,0.0,0.0008194309234739406,10581812.869173199,-0.0005510592532846247,11512120.243264714
2017-07-25,-0.00039899193195981343,0.0,-0.00039899193195981343,10577590.811212892,0.015000924806068239,11684812.693392346
2017-07-26,5.263353477698018e-05,0.0,5.263353477698018e-05,10578147.547206711,0.006495073712408362,11760706.413151614
2017-07-27,-0.00459199674136368,0.0,-0.00459199674136368,10529572.728140272,-0.011951858777285006,11620144.110980514
2017-07-28,0.002217940182962552,0.0,0.002217940182962552,10552926.69060344,0.007575045367474775,11708167.229797788
2017-07-31,0.00066094654081712,0.0,0.00066094654081712,10559901.610995093,0.005422396046269462,11771653.549493704
2017-08-01,-0.0012422391934403976,0.0,-0.0012422391934403976,10546783.687335042,-0.0062195411341215865,11698439.266026
2017-08-02,0.002808030560069019,0.0,0.002808030560069019,10576399.378239516,0.007699668720291153,11788513.372918848
2017-08-03,-0.002539260272489108,0.0,-0.002539260272489108,10549543.147472374,-0.005316530409550035,11725839.383088337
2017-08-04,-0.0005190366154997683,0.0,-0.0005190366154997683,10544067.548302041,-0.0016039613664356688,11707031.589728834
2017-08-07,0.002972068387111126,0.0,0.002972068387111126,10575405.238133913,0.008955377986189261,11811872.482711114
2017-08-08,-0.00010436313027839539,0.0,-0.00010436313027839539,10574301.555739298,0.0036410175950149833,11854879.718250738
2017-08-09,-0.003992796371279061,0.0,-0.003992796371279061,10532080.522858733,-0.015152984699810967,11675242.907261986
2017-08-10,-0.004461071969614183,0.0,-0.004461071969614183,10485096.153656488,-0.0032302707830723417,11637528.711213386
2017-08-11,0.002462826847064492,0.0,0.002462826847064492,10510919.129957767,0.0028020570615413963,11670137.73071753
2017-08-14,0.002785237076617597,0.0,0.002785237076617597,10540194.531627856,0.0025595813659700425,11700008.39779138
2017-08-15,0.0013705239664238312,0.0,0.0013705239664238312,10554640.12084422,0.002758327447438513,11732280.85209027
2017-08-16,-0.0044717768321530516,0.0,-0.0044717768321530516,10507442.125680117,-0.0024428555080882155,11703620.585188301
2017-08-17,-0.002875053074194389,0.0,-0.002875053074194389,10477232.671894763,-0.005777193920099355,11636006.499500401
2017-08-18,0.0005319032988168271,0.0,0.0005319032988168271,10482805.546515416,0.007296025320465759,11720903.09754986
2017-08-21,-0.0005214614044603882,0.0,-0.0005214614044603882,10477339.168012446,0.006477953352601795,11796830.561066154
2017-08-22,0.002922394855581656,0.0,0.002922394855581656,10507958.09009723,0.0019476065040887171,11819806.144994518
2017-08-23,-0.002092003970292644,0.0,-0.002092003970292644,10485975.400053078,-0.0034335983396892363,11779221.678239616
2017-08-24,-0.0009299290347435929,0.0,-0.0009299290347435929,10476224.187070962,0.0069147416182201325,11860671.952608379
2017-08-25,-0.0017547630732078878,0.0,-0.0017547630732078878,10457840.895720843,-0.0018564719846390742,11838652.947409367
2017-08-28,-0.001901849311284065,0.0,-0.001901849311284065,10437951.658215797,-0.0004744935757137747,11833035.582640717
2017-08-29,-0.0005127631001496602,0.0,-0.0005127631001496602,10432599.461764315,-0.0017987542087786858,11811750.860083815
2017-08-30,0.0021479403432424827,0.0,0.0021479403432424827,10455008.063033128,-0.007639409547126462,11721516.057795009
2017-08-31,0.006172595539633807,0.0,0.006172595539633807,10519542.599169845,0.015759815765381036,11906244.991356816
2017-09-01,-0.003589416686920366,0.0,-0.003589416686920366,10481783.577425614,-0.005734886448619935,11837964.028301936
2017-09-05,-0.0029773115870975753,0.0,-0.0029773115870975753,10450576.041727096,-0.0036855686055502716,11794334.399725592
2017-09-06,0.0003819107830448809,0.0,0.0003819107830448809,10454567.229406461,0.00010096976009511555,11795525.270840414
2017-09-07,-0.0018070933121372978,0.08626470776321933,-0.001936490373782127,10434322.06060466,-0.004435177707326465,11743210.020112978
2017-09-08,-0.006107220468176711,0.0,-0.006107220468176711,10370597.355344586,-0.02115618513615934,11494768.494834667
2017-09-11,0.008080583487558492,0.0,0.008080583487558492,10454397.833090303,0.018699952238656524,11709720.116682488
2017-09-12,0.0026294150539130285,0.0,0.0026294150539130285,10481886.784132225,0.0012258860617369136,11724074.89936037
2017-09-13,-0.0009387071190236464,0.0,-0.0009387071190236464,10472047.36238716,-0.009705439732839138,11610287.597001337
2017-09-14,0.0014246079081030461,0.08626470776321933,0.001295210846458217,10485610.871715548,0.00436817214167392,11661003.33183938
2017-09-15,-2.770656300794538e-05,0.0,-2.770656300794538e-05,10485320.351477252,-0.0006531092967348771,11653387.4221541
2017-09-18,-0.00029693952111651265,0.0,-0.00029693952111651265,10482206.845473332,0.0015059195037514738,11670936.485557895
2017-09-19,-0.004609803201049389,0.0,-0.004609803201049389,10433885.934803007,-0.012504378486899037,11524998.678445918
2017-09-20,0.004750658532510132,0.0,0.004750658532510132,10483453.764046416,0.015951721641671735,11708842.249285122
2017-09-21,-0.0035068914297800456,0.0,-0.0035068914297800456,10446689.429886786,-0.008410907810198053,11610360.256562233
2017-09-22,0.0009632542372448371,0.0,0.0009632542372448371,10456752.247745307,0.004189702331736166,11659004.210001448
2017-09-25,-0.002113095623307193,0.0,-0.002113095623307193,10434656.130336588,-0.004767481226227754,11603420.126313757
2017-09-26,0.0020742057817983326,0.0,0.0020742057817983326,10456299.75441321,0.000369943390422933,11607712.734895788
2017-09-27,0.005446586600114256,0.0,0.005446586600114256,10513250.896542374,0.011926368370320174,11746150.59290901
2017-09-28,-0.0053777688041995566,0.0,-0.0053777688041995566,10456713.063840225,-0.014952787111836972,11570512.903709665
2017-09-29,0.007957093397781745,0.0,0.007957093397781745,10539918.106323007,0.023801684946540932,11845910.60651365
2017-10-02,0.002253014285186805,0.0,0.002253014285186805,10563664.692381253,0.007080395463213529,11929784.338229641
2017-10-03,-1.9353282980294483e-05,0.0,-1.9353282980294483e-05,10563460.250789154,0.004984111944811264,11989243.718848834
2017-10-04,-0.004610133828817686,0.0,-0.004610133828817686,10514761.28533762,-0.011997233202132761,11845405.9660366
2017-10-05,0.004583057992101636,0.0,0.004583057992101636,10562951.046081426,0.0176531038953023,12054514.148237076
2017-10-06,-0.0010684447945312758,0.0,-0.0010684447945312758,10551665.116021352,-0.0032201629114776194,12015696.648861041
2017-10-09,0.0018492475160966082,0.0,0.0018492475160966082,10571177.756527836,0.004699667183729005,12072166.424091335
2017-10-10,-0.004891511162238937,0.0,-0.004891511162238937,10519468.72253377,-0.009550189647470274,11956874.945285441
2017-10-11,0.0043197536632242125,0.0,0.0043197536632242125,10564910.236083107,0.01563457322241637,12143815.58212878
2017-10-12,-0.0019277902786698053,0.0,-0.0019277902786698053,10544543.304834966,-0.0032188673561924005,12104726.250571847
2017-10-13,0.00014709175862812618,0.0,0.00014709175862812618,10546094.320253605,-1.2487208468281311e-05,12104575.096331704
2017-10-16,0.00045240072977852374,0.0,0.00045240072977852374,10550865.381020403,0.012718321520838271,12258524.974279983
2017-10-17,-0.0015945725851948755,0.0,-0.0015945725851948755,10534041.260333745,-0.01040881834565328,12130928.214637049
2017-10-18,0.0008485640849604347,0.0,0.0008485640849604347,10542980.069416754,0.0003684591114095691,12135397.965667587
2017-10-19,0.0005755847676520709,0.0,0.0005755847676520709,10549048.448150368,0.003424314496218916,12176953.384838808
2017-10-20,0.0008091803027079347,0.0,0.0008091803027079347,10557584.530366924,-0.0012515609659292436,12161713.185298404
2017-10-23,-0.000334763663293125,0.0,-0.000334763663293125,10554050.234694012,0.004869769741121699,12220937.928168371
2017-10-24,0.002899818999835224,0.0,0.002899818999835224,10584655.070089795,0.008655022677837087,12326710.423081106
2017-10-25,-0.0016073152578845672,0.0,-0.0016073152578845672,10567642.192496194,-0.005498658215535457,12258930.055542706
2017-10-26,-0.0023755451531904948,0.0,-0.0023755451531904948,10542538.281305159,-0.006727254737909438,12176461.110244853
2017-10-27,0.01133812823501361,0.0,0.01133812823501361,10662070.932261135,0.012433318933503388,12327854.934709927
2017-10-30,0.0009113123823500935,0.0,0.0009113123823500935,10671787.409523202,0.003489820429250212,12370876.93470991
2017-10-31,-0.005455041818066042,0.0,-0.005455041818066042,10613572.362930741,-0.01984053948627207,12125432.062406987
2017-11-01,0.0019103609741963233,0.0,0.0019103609741963233,10633848.117369693,0.009547131448815293,12241195.156180467
2017-11-02,0.00393967860493194,0.0,0.00393967860493194,10675742.061285792,0.011871579099080987,12386517.47274435
2017-11-03,-0.0030569432920681595,0.0,-0.0030569432920681595,10643106.923203694,-0.01969090670893886,12142615.7127399
2017-11-06,0.006751124019575471,0.0,0.006751124019575471,10714959.857995844,0.02566708429324427,12454281.253779266
2017-11-07,-0.0005345976671174312,0.0,-0.0005345976671174312,10709231.6654525,-0.013079008038512606,12291391.609147191
2017-11-08,0.001875416306493105,0.0,0.001875416306493105,10729315.933147904,0.005618037934091302,12360445.11347015
2017-11-09,-0.002702647486416232,0.0,-0.002702647486416232,10700318.374410214,-0.0082115112996324,12258947.178752404
2017-11-10,-0.005995307214510237,0.0,-0.005995307214510237,10636166.678462556,-0.022372820248983183,11984679.957080396
2017-11-13,0.0062818849164313125,0.0,0.0062818849164313125,10702981.853488637,0.020700054455200997,12232763.484820114
2017-11-14,-0.001991684757785328,0.0,-0.001991684757785328,10681664.887668192,-0.01433522568352542,12057404.059532031
2017-11-15,-0.009177411585948958,0.0,-0.009177411585948958,10583634.852570882,-0.02662833337544427,11736335.484592378
2017-11-16,0.0038337899576276423,0.0,0.0038337899576276423,10624210.285583869,0.010093657431292112,11854798.034472572
2017-11-17,0.007130376715596198,0.0,0.007130376715596198,10699964.907225791,0.03146414619027604,12227799.132885413
2017-11-20,-0.0019949819668552693,0.0,-0.0019949819668552693,10678618.670189893,-0.02352543917472286,11940134.788143989
2017-11-21,0.008197464904920371,0.0,0.008197464904920371,10766156.271971801,0.027631607533507463,12270059.906507162
2017-11-22,-0.0007192307516026064,0.0,-0.0007192307516026064,10758412.921304438,-0.0055359151692799475,12202133.895742755
2017-11-24,-0.004838310130181788,0.0,-0.004838310130181788,10706360.383082613,-0.017837632462241293,11984476.716055438
2017-11-27,0.005703778649554225,0.0,0.005703778649554225,10767427.092850072,0.009744630304098134,12101261.011041474
2017-11-28,0.0025721986820763207,0.0,0.0025721986820763207,10795123.054627655,0.0021150604205148246,12126855.909244247
2017-11-29,-0.003657840189852468,0.0,-0.003657840189852468,10755636.219664035,-0.009032785037742963,12017316.62663236
2017-11-30,0.003931509404624589,0.0,0.003931509404624589,10797922.104614366,0.005973496534107991,12089102.025850829
2017-12-01,-0.008050606568973462,0.0,-0.008050606568973462,10710992.281987693,-0.018879118992215626,11860870.430195756
2017-12-04,0.0050739000461312855,0.0,0.0050739000461312855,10765338.786221381,0.018856874074391294,12084529.370310629
2017-12-05,0.00028938440037395985,0.0,0.00028938440037395985,10768454.107330853,-0.019111356242544432,11853577.62449113
2017-12-06,0.0039608896360054935,0.0,0.0039608896360054935,10811106.765600381,0.007982474369505776,11948198.504065577
2017-12-07,0.0009702817814104314,0.0,0.0009702817814104314,10821596.585531928,6.879187933485072e-05,11949020.44309534
2017-12-08,0.0021549599170465725,0.0,0.0021549599170465725,10844916.692412196,0.008584655289848796,12051598.66465067
2017-12-11,0.0013575664045645474,0.0,0.0013575664045645474,10859639.386974119,0.006892053045868618,12134658.921934962
2017-12-12,-0.004369910961055668,0.0,-0.004369910961055668,10812183.729783868,-0.009926037415086908,12014209.843456518
2017-12-13,0.0050302611090881294,0.0,0.0050302611090881294,10866571.837104117,0.02951846165595173,12368850.836047145
2017-12-14,-0.003789191422904969,0.0,-0.003789191422904969,10825396.316302583,-0.009199557974581085,12255062.875701983
2017-12-15,-0.00016410048420200106,0.0,-0.00016410048420200106,10823619.863525398,0.004987240292512484,12316181.819062958
2017-12-18,0.0016145877573401802,0.0,0.0016145877573401802,10841095.54764715,0.031858560646765816,12708557.644482167
2017-12-19,-0.008901571365994076,0.0,-0.008901571365994076,10744592.761944206,-0.02557123536331056,12383584.125826916
2017-12-20,-0.006214703210050032,0.0,-0.006214703210050032,10677818.306815872,-0.015883617464454304,12186888.012733392
2017-12-21,0.005266330523684748,0.0,0.005266330523684748,10734051.227291415,0.014783040397554358,12367047.270546101
2017-12-22,-4.1097668701861595e-06,0.0,-4.1097668701861595e-06,10734007.112843297,0.00788858354037797,12464605.756087605
2017-12-26,-0.007571623974373009,0.0,-0.007571623974373009,10652733.247246603,-0.016612530083633933,12257537.117983963
2017-12-27,0.005305282991516868,0.0,0.005305282991516868,10709249.011756385,0.01645046603613973,12459179.31603008
2017-12-28,-0.000850021768768594,0.0,-0.000850021768768594,10700145.916969229,0.003331356722419343,12500685.286800366
2017-12-29,-0.0026310547281793717,0.0,-0.0026310547281793717,10671993.247462178,-0.00640449932680186,12420624.65629649
2018-01-02,0.0,0.0,0.0,10671993.247462178,-0.006243350645460632,12343078.341331577
2018-01-03,0.0,0.4363350966563684,-0.0006545026449845526,10665008.399654457,0.007623909247245741,12437180.850437533
2018-01-04,0.0013171365913544296,0.0,0.0013171365913544296,10679055.672464743,0.002491532400507479,12468168.48949737
2018-01-05,0.0004396876523275004,0.0,0.0004396876523275004,10683751.121382445,0.001155761397835953,12482578.717339244
2018-01-08,0.0006815324372896745,0.0,0.0006815324372896745,10691032.444323597,0.0015001846887699787,12501304.89080736
2018-01-09,-0.0015232774228040574,0.0,-0.0015232774228040574,10674747.035974694,-0.002618088956611475,12468575.362529505
2018-01-10,0.001455522500931703,0.03716151843882258,0.001399780223273469,10689689.335764099,0.0031862064495604024,12508302.817766428
2018-01-11,0.0030465152178261916,0.0,0.0030465152178261916,10722255.63699934,0.005952992239946097,12582764.647375489
2018-01-12,-0.0007699122531400755,0.0,-0.0007699122531400755,10714000.441003116,-0.0008993293259652923,12571448.598126385
2018-01-16,-0.015872677606983767,0.0,-0.015872677606983767,10543940.566121992,-0.029668759541997113,12198469.312573995
2018-01-17,0.01591649519893133,0.0,0.01591649519893133,10711763.14552049,0.03141304409950334,12581660.36703632
2018-01-18,0.002469678444506947,0.007065018489773999,0.0024590809167722863,10738104.237856625,0.003866283567592421,12630304.633766422
2018-01-19,-0.001001422417787401,0.0,-0.001001422417787401,10727350.859548297,-0.0015975315076138916,12610127.324163219
2018-01-22,0.0038921929965721625,0.0,0.0038921929965721625,10769103.779435603,0.00855944544666567,12718063.021069903
2018-01-23,-0.008543415120368013,0.0,-0.008543415120368013,10677098.85537356,-0.013445105017637904,12547067.328130681
2018-01-24,0.01015729002874342,0.0,0.01015729002874342,10785549.245113153,0.016834710366392145,12758293.572547384
2018-01-25,-0.004737144314139581,0.11762593001800153,-0.004913583209166583,10732553.551440727,-0.009504391626730325,12637033.753945097
2018-01-26,0.00036876063114463676,0.0,0.00036876063114463676,10736511.29466215,0.002130731724326462,12663959.882666012
2018-01-29,0.0005272371321752845,0.0,0.0005272371321752845,10742171.982086714,0.0010201932512152513,12676879.569071969
2018-01-30,-0.0015916194852008592,0.0,-0.0015916194852008592,10725074.531846648,-0.004477024021962606,12620124.874717707
2018-01-31,0.003987609292680268,0.0,0.003987609292680268,10767841.938714528,0.010432777083112521,12751787.82429668
2018-02-01,-0.002552237491283881,0.11274159861488783,-0.0027213498892062126,10738538.873247618,-0.007221694842287484,12659698.30393601
2018-02-02,-0.006035621138549758,0.0,-0.006035621138549758,10673725.121027106,-0.02230136541306116,12377369.746040823
2018-02-05,0.000177594553681435,0.0,0.000177594553681435,10675620.716476096,-0.008901792697832535,12267188.966417145
2018-02-06,0.0025164570376167462,0.0,0.0025164570376167462,10702485.457359,0.015379857968346266,12455856.590391504
2018-02-07,-0.008282794880397099,0.0,-0.008282794880397099,10613838.965605263,-0.019760449951314228,12209723.259636324
2018-02-08,-0.005405122315044203,0.027225497958926058,-0.005445960561982592,10556036.417187342,-0.026216522184301583,11889626.778935887
2018-02-09,0.0023983784846130364,0.0,0.0023983784846130364,10581353.787813118,0.008675421583562404,11992774.303714368
2018-02-12,0.004366688712905572,0.0,0.004366688712905572,10627559.26596562,0.015014777634615471,12172843.143106772
2018-02-13,0.001272168369597385,0.0,0.001272168369597385,10641079.310709802,-0.002755997936359944,12139294.812524734
2018-02-14,0.004695061713763957,0.0,0.004695061713763957,10691039.834774643,0.017368548314171672,12350136.740976043
2018-02-15,0.0002241413072217865,0.005697304858979946,0.00021559534993331657,10693344.773248972,0.005323274107384457,12415879.904111939
2018-02-16,-0.0010802604741763672,0.0,-0.0010802604741763672,10681793.175553689,-0.005324593190651938,12349770.394518554
2018-02-20,-0.0009210164689917658,0.0,-0.0009210164689917658,10671955.06812064,-0.0004904542671971047,12343713.396929659
2018-02-21,0.0005145219044918853,0.0,0.0005145219044918853,10677446.02276694,0.0004664204455413377,12349470.75723189
2018-02-22,0.0010057645379476388,0.0,0.0010057645379476388,10688185.019332487,0.005960197453907834,12423076.041396251
2018-02-23,-9.158546016506527e-06,0.04147164410260535,-7.136601217041456e-05,10687422.246190319,0.00423301775223287,12475663.14281682
2018-02-26,-0.0037335335720285034,0.0,-0.0037335335720285034,10647520.396435723,-0.01370365768505306,12304700.925713623
2018-02-27,-0.0010369411963585672,0.0,-0.0010369411963585672,10636479.543897592,-0.005361842552629614,12238725.05669275
2018-02-28,-0.001202244989819313,0.0,-0.001202244989819313,10623691.889656626,-0.0039044291807087345,12190939.821446726
2018-03-01,-0.00036206718046770967,0.0,-0.00036206718046770967,10619845.39948798,-0.004909009542642829,12131094.38152946
2018-03-02,0.0014426553323565077,0.001277702420499871,0.001440738778725758,10635145.822579095,0.0066924649231617115,12212281.305157408
2018-03-05,0.0013938676610586057,0.0,0.0013938676610586057,10649969.80841183,0.005385385723034886,12278049.150543889
2018-03-06,0.002303464206567214,0.0,0.002303464206567214,10674501.632666526,0.003878354304720255,12325667.775320468
2018-03-07,0.0003195466488642888,0.0,0.0003195466488642888,10677912.633891542,0.0023188680656177183,12354249.372712072
2018-03-08,-0.0014278324544346932,0.0,-0.0014278324544346932,10662666.363687254,7.551822095231038e-06,12354342.669805454
2018-03-09,0.006894397621102097,0.05910343361408921,0.006805742470680963,10735233.725009302,0.022178899746806934,12628348.397316767
2018-03-12,-0.0035530984534304618,0.0,-0.0035530984534304618,10697090.382663757,-0.007436917212829208,12534432.415751157
2018-03-13,0.0011175421268356832,0.0,0.0011175421268356832,10709044.83180095,-0.0020560204504071473,12508661.366370128
2018-03-14,0.0013881905029917998,0.0,0.0013881905029917998,10723911.02613257,0.0020105795690425034,12533811.025349423
2018-03-15,-0.003138219373966115,0.0,-0.003138219373966115,10690257.040785674,-0.008997871101353106,12421033.409334611
2018-03-16,-0.0003903724305749108,0.0007831601733110149,-0.0003915471708348773,10686071.300885856,0.0006583326166033077,12429210.580759896
2018-03-19,-0.0027849588241855546,0.0,-0.0027849588241855546,10656311.032320578,-0.007014795053306011,12342022.21586148
2018-03-20,-0.0016401499177682768,0.0,-0.0016401499177682768,10638833.084657205,-0.0020039426978986754,12317289.510564702
2018-03-21,0.003555012998350475,0.0,0.003555012998350475,10676654.27456044,0.006366996492675348,12395713.649677733
2018-03-22,-0.009935537923431222,0.0,-0.009935537923431222,10570575.97112018,-0.026663688106222348,12065198.207068684
2018-03-23,-0.0029730398022891416,0.027670283659349593,-0.003014545227778166,10538710.491771573,-0.006629759001701751,11985208.850648055
2018-03-26,0.0030480853467724327,0.0,0.0030480853467724327,10570833.38079542,0.013735476789715893,12149831.40863603
2018-03-27,-0.004916587678695908,0.0,-0.004916587678695908,10518860.951641854,-0.016643546502361016,11947615.12459055
2018-03-28,0.0008693528751227286,0.0,0.0008693528751227286,10528005.553653179,0.0018868507158050327,11970158.490740545
2018-03-29,0.0014023638282473468,0.0,0.0014023638282473468,10542769.64782521,0.009608873332943756,12085178.227453332
2018-04-02,-0.006221396703699772,0.0072210708495729185,-0.006232228309974131,10477064.700360497,-0.02407243781644719,11794258.52607228
2018-04-03,0.009072492586270397,0.0,0.009072492586270397,10572117.792180393,0.02524635909046076,12092020.61202723
2018-04-04,-0.0035817588612465177,0.0,-0.0035817588612465177,10534251.015596109,-0.0010943027747954753,12078788.280318605
2018-04-05,0.002816671129929135,0.0,0.002816671129929135,10563922.536307164,0.006577010676204242,12158230.599793868
2018-04-06,-0.001472987809681149,0.0,-0.001472987809681149,10548362.007188767,-0.007912918741589114,12062023.509016197
2018-04-09,0.0026669510603629307,0.23445955217556227,0.0023152617320995874,10572784.226080345,0.00467482446820019,12118411.351652151
2018-04-10,0.010233594761840383,0.0,0.010233594761840383,10680981.81535443,0.017187458563136214,12326696.044609712
2018-04-11,-0.0059949668104660354,0.0,-0.0059949668104660354,10616949.683868187,-0.0077981071994971726,12230571.14743823
2018-04-12,-0.002020634326966292,0.0,-0.002020634326966292,10595496.710889287,-0.0038125884336907665,12183941.013344074
2018-04-13,-0.001694616911024376,0.0,-0.001694616911024376,10577541.402982311,-0.0018762606581987252,12161080.764158923
2018-04-16,0.003110106574716529,0.00017977654141541067,0.003109836909904406,10610435.831653347,0.002440673328057341,12190761.989620356
2018-04-17,0.005857485372855688,0.0,0.005857485372855688,10672586.30433688,0.00642425644071618,12269078.570849411
2018-04-18,0.006067991836825229,0.0,0.006067991836825229,10737347.47090941,0.012528129730671878,12422787.178860819
2018-04-19,-0.006598393030318939,0.0,-0.006598393030318939,10666498.232193246,-0.008432032303218684,12318037.836072655
2018-04-20,-0.00307641897770717,0.0,-0.00307641897770717,10633683.614606047,-0.002859467477913424,12282814.807488699
2018-04-23,-0.002076921289956739,0.0033886873218283986,-0.0020820043209394817,10611544.239372931,-0.005592693982916929,12214120.783021571
2018-04-24,0.0014051933172855714,0.0,0.0014051933172855714,10626455.51042418,0.007969806738453622,12311464.965142384
2018-04-25,-0.003546309846472323,0.0,-0.003546309846472323,10588770.806614462,-0.010583304788310077,12181168.979025682
2018-04-26,0.010039819772852999,0.0,0.010039819772852999,10695080.15712892,0.015168330973016706,12365936.981737787
2018-04-27,-0.004602890577363043,0.0,-0.004602890577363043,10645851.873449529,-0.00746423758715582,12273634.690118298
2018-04-30,0.0002917311016086628,0.025540023061724513,0.00025342106701607605,10648549.75659059,-0.0014942253958697637,12255295.113464694
2018-05-01,0.007845028029774293,0.0,0.007845028029774293,10732087.927907493,0.008376952752215772,12357957.141594648
2018-05-02,-0.0006469914243977209,0.0,-0.0006469914243977209,10725144.359052254,-0.0015386854984677067,12338942.132150192
2018-05-03,0.004197275831859195,0.0,0.004197275831859195,10770160.748263704,0.005557530368782093,12407516.17776826
2018-05-04,0.006001351475976076,0.0,0.006001351475976076,10834796.268366795,0.00443225108978016,12462509.404868638
2018-05-07,0.00219619913284065,0.025123578058341044,0.0021585137657531388,10858183.325261196,0.0012259710150971934,12477788.080174383
2018-05-08,0.008210910803773487,0.0,0.008210910803773487,10947338.900035938,0.010633923745341601,12610475.927129492
2018-05-09,0.006683161506747229,0.0,0.006683161506747229,11020501.733973978,0.012416794032065703,12767057.609362982
2018-05-10,0.006372879458722974,0.0,0.006372879458722974,11090734.06309924,0.015709573417345735,12967622.638200752
2018-05-11,-0.009012617014760728,0.0,-0.009012617014760728,10990777.524575965,-0.015141042246183754,12771279.316003188
2018-05-14,-0.004750805658245686,0.010589124967152919,-0.004766689345696415,10938387.90244865,-0.011336083009639085,12626503.03353769
2018-05-15,-0.0003981089147380861,0.0,-0.0003981089147380861,10934033.232711822,-0.00046766598811864846,12620598.047520028
2018-05-16,0.009677449432230282,0.0,0.009677449432230282,11039846.786411716,0.01623510247057467,12825494.75006145
2018-05-17,-0.001852114295735962,0.0,-0.001852114295735962,11019399.728355868,-0.004819711787135028,12763679.56183874
2018-05-18,-0.00025884904510097885,0.0,-0.00025884904510097885,11016547.367258595,-0.0008920290485512128,12752293.98890318
2018-05-21,0.005573415826589277,0.21183947673553444,0.005255656611485976,11074446.557265079,0.007418248384785242,12846893.673188668
2018-05-22,-0.00032018639238150747,0.0,-0.00032018639238150747,11070900.670174286,0.0028874159847507405,12883987.999335026
2018-05-23,-0.006414590913188152,0.0,-0.006414590913188152,10999885.371334577,-0.01605512898394269,12677133.910178134
2018-05-24,0.0015976134645623503,0.0,0.0015976134645623503,11017458.936312463,-0.004416091497138551,12621150.52690931
2018-05-25,0.0020527384086264115,0.0,0.0020527384086264115,11040074.897436496,0.006353205113954541,12701335.284980861
2018-05-29,-0.004584411521852226,0.013192002445887018,-0.004604199525521057,10989244.189832002,-0.015906358491530312,12499303.292616833
2018-05-30,0.004849959969911193,0.0,0.004849959969911193,11042541.584252266,0.011883668579725691,12647840.870423766
2018-05-31,-0.000992803098256393,0.0,-0.000992803098256393,11031578.514754795,-0.004733722741951618,12587969.498458855
2018-06-01,0.004187913118164197,0.0,0.004187913118164197,11077777.807130793,0.010857259263875884,12724640.346909383
2018-06-04,0.005201762328041332,0.0,0.005201762328041332,11135401.77440634,0.014393701677757196,12907795.024019549
2018-06-05,0.005151877717332488,0.02010565015147777,0.005121719242105271,11192434.175942892,0.0027946047625192817,12943867.209467297
2018-06-06,0.005597474412195506,0.0,0.005597474412195506,11255083.539852915,0.011805290948010482,13096673.327867469
2018-06-07,-0.0044133411129539555,0.0,-0.0044133411129539555,11205411.016936751,-0.015371877952314691,12895352.863890158
2018-06-08,0.003811719003427088,0.0,0.003811719003427088,11248122.895051219,0.011268384958081223,13040662.664130766
2018-06-11,-0.0036617997561497187,0.0,-0.0036617997561497187,11206934.521376979,-0.007629325136590803,12941171.208669513
2018-06-12,0.002172707087711488,0.021947050356035867,0.0021397865121774344,11230914.96870868,0.006722657991923153,13028170.276720319
2018-06-13,0.003211562132120944,0.0,0.003211562132120944,11266983.749931253,0.007850245978834502,13130444.618046714
2018-06-14,-0.002874634199167161,0.0,-0.002874634199167161,11234595.293122243,-0.005470775766351288,13058610.899828888
2018-06-15,-0.004109328797341796,0.0,-0.004109328797341796,11188428.647157736,-0.006159860803888284,12978171.674393803
2018-06-18,-0.0025334144905181334,0.0,-0.0025334144905181334,11160083.719896898,-0.010621043336341052,12840329.950613594
2018-06-19,-0.0034421064693972727,0.10904151893498763,-0.0036056687477997542,11119844.154805236,-0.0070009504371652655,12750435.437032498
2018-06-20,0.003137943294867219,0.0,0.003137943294867219,11154737.595210778,0.006640073470187002,12835099.265111271
2018-06-21,-0.002122716458487234,0.0,-0.002122716458487234,11131059.250127317,-0.006484855872940431,12751865.49626214
2018-06-22,-0.0005041435568107824,0.0,-0.0005041435568107824,11125447.598325886,-0.0003593032563977471,12747283.709464189
2018-06-25,-0.008404851013238825,0.0,-0.008404851013238825,11031939.868806362,-0.017211444991225344,12527884.537111202
2018-06-26,0.002122353092934479,0.0016900307118140388,0.002119818046866758,11055325.574032206,0.0013848828079993435,12545234.18902725
2018-06-27,-0.0027552741098788103,0.0,-0.0027552741098788103,11024865.121701794,-0.005777965474131119,12472748.25901816
2018-06-28,0.0032813830045358415,0.0,0.0032813830045358415,11061041.926739445,0.005546688202523265,12541930.704639498
2018-06-29,0.002042412913680567,0.0,0.002042412913680567,11083633.14160938,0.006631801446758435,12625106.29883167
2018-07-02,0.0016093502260397564,0.0,0.0016093502260397564,11101470.589111168,0.00224744239610738,12653480.497983027
2018-07-03,-0.000519079975509124,0.11657108838134919,-0.0006939366080811477,11093766.87226585,0.00515589042680179,12718720.456948303
2018-07-05,-0.006993940268119882,0.0,-0.006993940268119882,11016177.729412775,-0.017803579086661116,12492281.71141189
2018-07-06,0.002463123722217755,0.0,0.002463123722217755,11043311.938106257,0.010480432373602234,12623206.22508033
2018-07-09,0.004855559637227001,0.0,0.004855559637227001,11096933.397814233,0.014271012209384669,12803352.155240033
2018-07-10,-0.005465631074253638,0.0,-0.005465631074253638,11036281.653806215,-0.011973793080692052,12650047.465793956
2018-07-11,-0.007025333584111232,0.006551210365202009,-0.007035160399659035,10958639.642155875,-0.01694169224637123,12435734.254726486
2018-07-12,0.005900749394320934,0.0,0.005900749394320934,11023303.828386905,0.01749595247207165,12653309.270202495
2018-07-13,-0.001846719262393287,0.0,-0.001846719262393287,11002946.880871808,-0.006675298715447175,12568844.651084956
2018-07-16,0.00012467698076723609,0.0,0.00012467698076723609,11004318.695068458,-0.0004290263903331648,12563452.285033643
2018-07-17,-0.0012656477248485466,0.0,-0.0012656477248485466,10990391.104148535,0.001995609770085371,12588524.033159656
2018-07-18,0.0024959907612654717,0.009782378300878957,0.0024813171938141533,11017661.750562,0.006915722738184571,12675582.775055962
2018-07-19,-0.004656923328776903,0.0,-0.004656923328776903,10966353.344527235,-0.013781359469202325,12500896.012351288
2018-07-20,0.007502839435227671,0.0,0.007502839435227671,11048632.132861195,0.023747670124794486,12797763.167116964
2018-07-23,-0.0018314604206257426,0.0,-0.0018314604206257426,11028397.000407806,-0.007141393981715104,12706369.2982559
2018-07-24,0.0050962836513867,0.0,0.0050962836513867,11084600.839741984,0.0162273634455266,12912560.170931777
2018-07-25,0.0017400538557709345,0.03248556083164679,0.0016913255145234642,11103348.507960549,0.0031609495191274096,12953376.121794786
2018-07-26,-0.007366914817623244,0.0,-0.007366914817623244,11021551.08531202,-0.022680086731445358,12659592.427887447
2018-07-27,-0.0012943263821334617,0.0,-0.0012943263821334617,11007285.600970268,-0.005290650397224861,12592614.95018014
2018-07-30,-0.002738845457688216,0.0,-0.002738845457688216,10977138.346800575,-0.007205697774721475,12501876.372655703
2018-07-31,0.0009717457948637769,0.0,0.0009717457948637769,10987805.334828716,0.004162647007769981,12553917.270929849
2018-08-01,-0.005117105793317952,0.009907808290455554,-0.0051319675057536355,10931416.274890829,-0.01581897044803967,12355327.224613875
2018-08-02,0.003015194544739032,0.0,0.003015194544739032,10964376.621609151,0.00942009471901053,12471715.577354107
2018-08-03,0.002452707779764573,0.0,0.002452707779764573,10991269.03344924,0.00945474004003024,12589632.405991187
2018-08-06,-0.001384418107879003,0.0,-0.001384418107879003,10976052.521570763,-0.007920845078866012,12489911.87810346
2018-08-07,0.002890238533888411,0.0,0.002890238533888411,11007775.93151859,0.009123400070995345,12603862.341018874
2018-08-08,-0.001318929029840728,0.00340705958910264,-0.0013240396192243818,10993201.200065717,-0.007519345973049074,12509089.53948007
2018-08-09,0.0011080653868584828,0.0,0.0011080653868584828,11005382.38580628,0.0009050334125080273,12520410.683473352
2018-08-10,-0.00107704634953383,0.0,-0.00107704634953383,10993529.078882422,-0.00763548844638936,12424811.232355641
2018-08-13,0.0021386002762924464,0.0,0.0021386002762924464,11017039.84320795,0.0044164684172650626,12479685.01875382
2018-08-14,0.00022078359981968394,0.0,0.00022078359981968394,11019472.22492389,0.006253669999309196,12557728.85055643
2018-08-15,-0.005029390240903801,0.013698597983565307,-0.005049938137879149,10963824.571875947,-0.017384586595344073,12339417.92591308
2018-08-16,0.0028623219255578865,0.0,0.0028623219255578865,10995206.567335999,0.011787362710357161,12484867.120640501
2018-08-17,0.0040392639139028704,0.0,0.0040392639139028704,11039619.108449345,0.008733153029245133,12593899.375754846
2018-08-20,-0.00047901732721343363,0.0,-0.00047901732721343363,11034330.939610561,-0.0018146362911235837,12571046.028900843
2018-08-21,0.0014630743391708186,0.0,0.0014630743391708186,11050474.986058226,0.005692390682496473,12642605.334184991
2018-08-22,-0.001840018865093338,0.009647916332386751,-0.0018544907395919182,11029981.98252849,-0.002137294352907626,12615584.365198199
2018-08-23,-0.000872994234176911,0.0,-0.000872994234176911,11020352.871854668,-0.007462753555272005,12521437.36812498
2018-08-24,0.0053478707780095485,0.0,0.0053478707780095485,11079288.294941412,0.020649104110395156,12779993.831951186
2018-08-27,-0.0021294380435273735,0.0,-0.0021294380435273735,11055695.636950955,-0.006811397463330471,12692944.214382855
2018-08-28,0.0004642005809936352,0.0,0.0004642005809936352,11060827.697288916,-0.0019081145818995785,12668724.622440154
2018-08-29,0.0014060978005970648,0.007851995916509135,0.0013943198067223011,11076250.02842599,0.005085083909773901,12733146.150175078
2018-08-30,8.272844250609975e-05,0.0,8.272844250609975e-05,11077166.34933965,-0.005806535248457889,12659210.688230323
2018-08-31,0.003132465769105014,0.0,0.003132465769105014,11111865.193747636,0.01271730371088442,12820201.715292621
2018-09-04,-0.0028159780547945164,0.0,-0.0028159780547945164,11080574.425214209,-0.012857682591399633,12655363.63087967
2018-09-05,0.0030202388894931035,0.0,0.0030202388894931035,11114040.407011162,0.009380452577848496,12774076.669274565
2018-09-06,-0.0019090602874844188,0.02835190692022763,-0.0019515881478647603,11092350.377477951,-0.007159515960368634,12682620.463481922
2018-09-07,-0.002074412160978597,0.0,-0.002074412160978597,11069340.270961074,-0.002406199087201799,12652103.553699365
2018-09-10,0.0031378179793924298,0.0,0.0031378179793924298,11104073.845883308,0.0049896004258720315,12715232.49497908
2018-09-11,0.0028328507338618433,0.0,0.0028328507338618433,11135530.029626476,0.010360838978379826,12846972.971432222
2018-09-12,0.004645438660969963,0.0,0.004645438660969963,11187259.451336494,0.01295914620963946,13013458.772520298
2018-09-13,-0.0023596271624320188,0.012490181903332953,-0.0023783624352870184,11160652.093703624,0.0022496341929533646,13042734.29434355
2018-09-14,-0.007333952360543792,0.0,-0.007333952360543792,11078800.402935797,-0.016384445417043536,12829036.326208876
2018-09-17,0.0022392792626604948,0.0,0.0022392792626604948,11103608.930933246,0.007490801188114227,12925136.086763602
2018-09-18,0.006889819203511929,0.0,0.006889819203511929,11180110.788973875,0.014347305509444474,13110576.962951547
2018-09-19,-0.0013804840669141138,0.0,-0.0013804840669141138,11164676.824163362,-0.0005819099392874285,13102947.787907012
2018-09-20,0.0015185012414043798,0.016193728240879966,0.00149421064904306,11181359.20316715,0.005245326356336277,13171677.025284618
2018-09-21,-0.0003990531423921568,0.0,-0.0003990531423921568,11176897.24664091,-0.008731348166288443,13056670.527242957
2018-09-24,-0.0011872955292367752,0.0,-0.0011872955292367752,11163626.966509232,-0.005812979205058577,12980772.372980794
2018-09-25,0.0023272488536598256,0.0,0.0023272488536598256,11189607.504569728,0.007845141104665321,13082608.36389437
2018-09-26,-0.002207319935183206,0.0,-0.002207319935183206,11164908.460858015,-0.00843863689773624,12972208.982236177
2018-09-27,-0.003249192751366577,0.0068939551163864745,-0.003259533684041157,11128516.065650614,-0.007286178139663191,12877691.156726668
2018-09-28,0.00022243910796078387,0.0,0.00022243910796078387,11130991.482837185,-0.002560063227545451,12844723.453140644
2018-10-01,-0.0016744630635511205,0.0,-0.0016744630635511205,11112353.048738472,-0.003955663679387544,12793914.047105279
2018-10-02,0.0012119480144631135,0.0,0.0012119480144631135,11125820.642951902,0.0030071139389148183,12832386.804369606
2018-10-03,0.0027321348610554724,0.0,0.0027321348610554724,11156217.885388361,0.007382008808710094,12927115.596796237
2018-10-04,-0.0034452443358197575,0.001752749566370193,-0.003447873460169313,11117752.657825466,-0.014203911701576654,12743499.988303268
2018-10-05,0.002276254370145754,0.0,0.002276254370145754,11143059.490899041,0.005238649396909789,12810258.716831515
2018-10-08,0.0003665766885745744,0.0,0.0003665766885745744,11147144.276747804,0.0041578181191978085,12863521.44263597
2018-10-09,0.003668212560892675,0.0,0.003668212560892675,11188034.371401854,0.005273145897165954,12931352.667954313
2018-10-10,-0.006635043605359695,0.0,-0.006635043605359695,11113801.27548934,-0.025240753946034422,12604955.577073082
2018-10-11,0.002234809494952468,0.00059871165040416,0.0022339114274768615,11138628.523161361,0.007849712694897426,12703900.856885053
2018-10-12,0.00391094415662528,0.0,0.00391094415662528,11182191.077296836,0.010161282291037032,12832988.77968921
2018-10-15,-0.004486974963072268,0.0,-0.004486974963072268,11132016.865900716,-0.012872317308549062,12667798.476100001
2018-10-16,0.0007946381126180053,0.0,0.0007946381126180053,11140862.790772667,0.008861603115749472,12780055.478545496
2018-10-17,-0.0033644066676606233,0.0,-0.0033644066676606233,11103380.3977159,-0.01335158308479931,12609421.50599535
2018-10-18,-0.002675002346745159,0.04599952531778819,-0.0027440016347218413,11072912.70375363,-0.009093222888959772,12494761.225740492
2018-10-19,0.00510922452771727,0.0,0.00510922452771727,11129486.70093292,0.007236014346637421,12585173.49722776
2018-10-22,0.0019696413296084684,0.0,0.0019696413296084684,11151407.797916403,0.005708244344269508,12657012.742664961
2018-10-23,-0.0004613231246487594,0.0,-0.0004613231246487594,11146263.395626836,-0.0005168374635774685,12650471.124302575
2018-10-24,-0.0055879125578800065,0.0,-0.0055879125578800065,11083979.050424974,-0.020087417229193126,12396355.83268285
2018-10-25,0.008137748634082948,0.11320338702470704,0.007967943553545888,11172295.569847446,0.027059792877849518,12731798.65395537
2018-10-26,-0.005876059334811605,0.0,-0.005876059334811605,11106646.49817297,-0.013818519064150025,12555864.051534768
2018-10-29,-0.009428178760667379,0.0,-0.009428178760667379,11001931.049556654,-0.021929107456977258,12280525.159533463
2018-10-30,0.004854087969418263,0.0,0.004854087969418263,11055335.390704677,0.014113098960984605,12453841.42640282
2018-10-31,0.0018814663328441579,0.0,0.0018814663328441579,11076135.632040588,0.0076982222748038336,12549713.865878431
2018-11-01,0.01216104295484327,0.10752344197595978,0.011999757791879331,11209046.57689508,0.026731952810316373,12885192.224724066
2018-11-02,0.0027041814769905317,0.0,0.0027041814769905317,11239357.873023046,-0.00023868421153039332,12882116.73277749
2018-11-05,-0.006090232152540255,0.0,-0.006090232152540255,11170907.574330855,-0.011201115809639617,12737822.65138035
2018-11-06,-0.0037951932368734923,0.0,-0.0037951932368734923,11128511.821455017,-0.007303900000516761,12644786.86851035
2018-11-07,0.003990733017128908,0.0,0.003990733017128908,11172922.741012406,0.012474594173384278,12802525.45310396
2018-11-08,-0.0036321310308309995,0.03764645623261311,-0.003688600715179919,11131710.290199257,-0.010098111977616118,12673244.117482234
2018-11-09,-0.00363581425555417,0.0,-0.00363581425555417,11091237.45923745,-0.013154791948631516,12506530.227802537
2018-11-12,-0.000909139398545426,0.0,-0.000909139398545426,11081153.978284635,-0.006527016361217342,12424899.90038361
2018-11-13,0.0015302819648988553,0.0,0.0015302819648988553,11098111.26836787,0.0032683414257768436,12465508.715439165
2018-11-14,0.003698175920406475,0.0,0.003698175920406475,11139154.036222538,0.01238394808569777,12619880.928232975
2018-11-15,0.000246968296080611,0.20514018611557572,-6.0741983092752556e-05,11138477.421916401,0.0026366734038901327,12653155.432636706
2018-11-16,-0.004867161933979478,0.0,-0.004867161933979478,11084264.64860596,-0.006059612420671567,12576482.214816414
2018-11-19,-0.012070488228467012,0.0,-0.012070488228467012,10950472.162643747,-0.015570988011977415,12380653.961016659
2018-11-20,-0.008646575081539307,0.0,-0.008646575081539307,10855788.082911141,-0.015814069738134817,12184865.435873426
2018-11-21,0.006379791672211303,0.0,0.006379791672211303,10925045.749317788,0.013111672535194895,12344629.401354015
2018-11-23,-0.005928624690454047,0.19368545575113516,-0.006219152874080749,10857101.219646454,-0.012877816962147659,12185657.52345783
2018-11-26,0.012182941843785534,0.0,0.012182941843785534,10989372.6523975,0.013567790441036176,12350989.971122343
2018-11-27,0.0013367358940824994,0.0,0.0013367358940824994,11004062.54127541,0.0008154314382659567,12361061.356638506
2018-11-28,0.014639029740828792,0.0,0.014639029740828792,11165151.34008708,0.01834922746197516,12587877.283142896
2018-11-29,-0.0020863311592728344,0.0,-0.0020863311592728344,11141857.136948261,-0.0027374322696888218,12553418.821661137
2018-11-30,-0.004145101383174094,0.09448320975466207,-0.004286826197806087,11094093.93188138,-0.006685562042879167,12469492.161278674
2018-12-03,0.010441849511931525,0.0,0.010441849511931525,11209936.791189319,0.01649136181719526,12675131.068187002
2018-12-04,-0.01913921305774807,0.0,-0.01913921305774807,10995387.422578856,-0.025780821714982347,12348355.77390404
2018-12-06,0.004567569262626314,0.0,0.004567569262626314,11045609.616200898,0.005651521522054925,12418142.772322252
2018-12-07,-0.00761694273022774,0.0,-0.00761694273022774,10961475.840333844,-0.00770334329066027,12322481.555514622
2018-12-10,-0.0013183104513481946,0.2242422579855974,-0.0016546738383265906,10943338.173031393,-0.005864475752815124,12250216.661217794
2018-12-11,0.006222208362559182,0.0,0.006222208362559182,11011429.903325941,0.00829061146246295,12351778.447886944
2018-12-12,0.014933239257792594,0.0,0.014933239257792594,11175866.220642721,0.015601912851463175,12544489.818791458
2018-12-13,-0.004986251236692371,0.0,-0.004986251236692371,11120140.543878932,-0.005564213690963637,12474689.596795585
2018-12-14,-0.005078683076850134,0.0,-0.005078683076850134,11063664.874286538,-0.004748396308702818,12415454.826761946
2018-12-17,-0.010143524885437284,0.002546433659608116,-0.010147344535926696,10951398.054977125,-0.010390176999805633,12286456.0535788
2018-12-18,-0.0008388487691925964,0.0,-0.0008388487691925964,10942211.488197768,-0.0031862600304801035,12247308.209739031
2018-12-19,-0.007430121524818079,0.0,-0.007430121524818079,10860909.5270902,-0.006951496806294443,12162171.085833326
2018-12-20,-0.00409446652020608,0.0,-0.00409446652020608,10816439.89665254,-0.0032597985182518875,12122524.858549003
2018-12-21,-0.011909682751610608,0.0,-0.011909682751610608,10687619.528981544,-0.012670973116444228,11968920.6719629
2018-12-24,-0.00742817909871937,0.0033806970952292015,-0.007433250144362214,10608175.779574852,-0.007234245105598881,11882334.56617245
2018-12-26,0.0263241840439654,0.0,0.0263241840439654,10887427.351167118,0.027404895349555168,12207968.701466806
2018-12-27,0.0018557824810592509,0.0,0.0018557824810592509,10907632.048109218,0.0016459786288848474,12228062.757051516
2018-12-28,0.0018200301509553782,0.0,0.0018200301509553782,10927484.267312307,0.0021641716485259806,12254526.383786723
2018-12-31,-0.003999147504040692,0.0,-0.003999147504040692,10883783.645879239,-0.006213906214174903,12178377.90613874
2019-01-02,0.0,0.0,0.0,10883783.645879239,-0.00012002225595479903,12176916.229748575
2019-01-03,0.0,0.5659434577199525,-0.0008489151865799287,10874544.236654801,-0.01076749655432685,12045801.326202432
2019-01-04,0.014483994055415275,0.0,0.014483994055415275,11032051.070733862,0.026709503280887347,12367538.696245553
2019-01-07,-0.01029193089280554,0.0,-0.01029193089280554,10918509.963507967,-0.012998021684334515,12206785.160089906
2019-01-08,0.004423235996266511,0.0,0.004423235996266511,10966805.109804152,0.007533758270324787,12298748.12874381
2019-01-09,0.005043103542296944,0.0,0.005043103542296944,11022111.843501085,0.007149620565104375,12386679.511290114
2019-01-10,-0.00233390181128848,0.21476172606162194,-0.002656044400380913,10992836.625058781,-0.0039679202757907485,12337530.154507546
2019-01-11,0.00033102147171166715,0.0,0.00033102147171166715,10996475.490016693,0.000671151881933263,12345810.511089152
2019-01-14,0.0005343305998050512,0.0,0.0005343305998050512,11002351.243361015,-0.005630394756135626,12276298.724327272
2019-01-15,0.0007513170176994635,0.0,0.0007513170176994635,11010617.497084858,0.0074363496090834365,12367589.573546916
2019-01-16,0.004540936715462794,0.0,0.004540936715462794,11060616.014337288,0.008816958614471869,12476634.098977653
2019-01-17,-0.001713884278696406,0.06785713213951408,-0.001815669976905677,11040533.585913975,-0.002595402492062926,12444252.211744608
2019-01-18,0.004013556493736662,0.0,0.004013556493736662,11084845.391182037,0.008888829123990671,12554867.04323065
2019-01-22,-0.006209964425459123,0.0,-0.006209964425459123,11016008.895641083,-0.014967221974410517,12366955.561335403
2019-01-23,0.001469816652433556,0.0,0.001469816652433556,11032200.408959255,0.0035238390200368116,12410534.721901499
2019-01-24,0.00013278732508303085,0.0,0.00013278732508303085,11033665.34534134,-0.0010036351845365441,12398079.072595688
2019-01-25,0.003946314593867751,0.161729152059069,0.0037037208657791478,11074530.961906902,0.014341722107963584,12575888.877327412
2019-01-28,-0.005567650931640274,0.0,-0.005567650931640274,11012871.839279363,-0.012644131465221942,12416877.685070463
2019-01-29,0.00038810203564355113,0.0,0.00038810203564355113,11017145.95725847,0.0026077792278489387,12449258.16077233
2019-01-30,0.006354539905036563,0.0,0.006354539905036563,11087154.850883482,0.013671183734007906,12619454.256440345
2019-01-31,0.003011812808376524,0.0,0.003011812808376524,11120547.285871826,0.0035651594152861787,12664444.622598467
2019-02-01,-0.009256218281765843,0.00710016122413297,-0.009266868523602043,11017494.636263153,-0.01923007459666529,12420906.407780563
2019-02-04,0.007491104875575049,0.0,0.007491104875575049,11100027.844049485,0.015338331289975549,12611422.38518488
2019-02-05,0.0006598734402907435,0.0,0.0006598734402907435,11107352.45761026,0.0023758734848350004,12641385.529235896
2019-02-06,-0.0035573212710073993,0.0,-0.0035573212710073993,11067840.036448227,-0.004832869404632467,12580291.363879487
2019-02-07,-0.00029672616999622796,0.0,-0.00029672616999622796,11064555.918664081,0.000615768047560017,12588037.90533036
2019-02-08,-0.0011121560256853041,0.1392922165927453,-0.001321094350574422,11049938.59634832,-0.0012122943486616244,12572777.498116989
2019-02-11,-0.002910729703912669,0.0,-0.002910729703912669,11017775.211849516,-0.005805513149113994,12499786.073030785
2019-02-12,0.007738652654124752,0.0,0.007738652654124752,11103037.947235245,0.008582635766810464,12607067.184058659
2019-02-13,-0.00230208590932771,0.0,-0.00230208590932771,11077477.800026186,-0.003514778278440933,12562756.138165284
2019-02-14,0.0026835912323473305,0.0,0.0026835912323473305,11107205.222326856,0.004250074246816493,12616148.784497136
2019-02-15,0.003361759348378791,0.003693037116796216,0.0033562197927035965,11144483.44433565,0.00732144801120973,12708517.261924522
2019-02-19,0.0015137947196397013,0.0,0.0015137947196397013,11161353.904526798,0.006028951576309005,12785136.297103353
2019-02-20,-0.00281376564242183,0.0,-0.00281376564242183,11129948.47038733,-0.001419425522013562,12766988.74834082
2019-02-21,-0.0020377199407879895,0.0,-0.0020377199407879895,11107268.75244928,-0.0036323069658030557,12720615.126177894
2019-02-22,0.007729719124926782,0.0,0.007729719124926782,11193124.820150789,0.01306381148060529,12886794.844103618
2019-02-25,-0.0008419521651319569,0.00010340578104186815,-0.0008421072738035197,11183699.00832315,-0.0023776970748658143,12856153.949698396
2019-02-26,-0.0020219195160374086,0.0,-0.0020219195160374086,11161086.469036732,-0.002702038727617662,12821416.123838097
2019-02-27,-0.006287219851218663,0.0,-0.006287219851218663,11090914.264627436,-0.007027491370454996,12731313.732670812
2019-02-28,-0.006180259049267153,0.0,-0.006180259049267153,11022369.541378828,-0.009216957787150015,12613969.751421822
2019-03-01,0.006062699036725233,0.0,0.006062699036725233,11089194.850579774,0.006772388512337168,12699396.45526132
2019-03-04,0.0021419668408811884,0.015414605593714336,0.0021188449324906168,11112691.134894326,0.0031335483365260595,12739190.627898589
2019-03-05,0.0015511195512392937,0.0,0.0015511195512392937,11129928.247380544,0.00377992336595907,12787343.792216389
2019-03-06,-0.004638088864132569,0.0,-0.004638088864132569,11078306.651117774,-0.00687392057954409,12699444.606565367
2019-03-07,-0.004822911650020139,0.0,-0.004822911650020139,11024876.9569076,-0.0052192446168663805,12633163.098665357
2019-03-08,0.00595099696093539,0.0,0.00595099696093539,11090485.966172844,0.008037767616996727,12734705.527920047
2019-03-11,-0.0024918601543287575,0.009189301560937918,-0.0025056441066701645,11062697.155371595,-0.006774238943152444,12648437.589803232
2019-03-12,0.018080010543574908,0.0,0.018080010543574908,11262710.83658109,0.02718268278003426,12992256.056469915
2019-03-13,-0.0038023483750977806,0.0,-0.0038023483750977806,11219886.086332422,-0.006412825342321593,12908938.987577055
2019-03-14,0.001240029628393424,0.0,0.001240029628393424,11233799.077506674,-0.0004927752919779097,12902577.781398326
2019-03-15,0.008375601118530243,0.0,0.008375601118530243,11327888.897625584,0.011823990964926034,13055137.744509835
2019-03-18,0.00019180881636546982,0.0179145711387478,0.00016493695965734813,11329757.285179693,-3.6329445285720986e-05,13054663.458597448
2019-03-19,-0.01247681288688535,0.0,-0.01247681288688535,11188398.023478681,-0.018633560141652593,12811408.601912636
2019-03-20,0.009492016563838773,0.0,0.009492016563838773,11294598.482840361,0.015208233469654185,13006247.49500566
2019-03-21,-0.0017052197786045036,0.0,-0.0017052197786045036,11275338.710116025,-0.006244493808540763,12925030.063050749
2019-03-22,-0.011455836269247925,0.0,-0.011455836269247925,11146170.275972622,-0.01634680260050676,12713747.148004442
2019-03-25,0.010671497078072545,0.005045925343157001,0.01066392819005781,11265032.235389752,0.0165066049658928,12923607.949812798
2019-03-26,0.0025348764807536523,0.0,0.0025348764807536523,11293587.700658172,0.00328853873244368,12966107.735118674
2019-03-27,-0.002744454286761083,0.0,-0.002744454286761083,11262592.96548019,-0.0025069912095016743,12933601.81700528
2019-03-28,0.0027566464505446985,0.0,0.0027566464505446985,11293639.95240241,0.004834059163708426,12996123.61338853
2019-03-29,0.00696167307456791,0.0,0.00696167307456791,11372262.581572914,0.012662189332266881,13160682.9911668
2019-04-01,0.007364593416440135,0.004510489045019391,0.007357827682872606,11455937.730012506,0.007583038446368573,13260480.956269288
2019-04-02,-0.013372244377350191,0.0,-0.013372244377350191,11302746.131115073,-0.021482498142295928,12975612.698760284
2019-04-03,0.009434987779098701,0.0,0.009434987779098701,11409387.402732398,0.015555749353917635,13177458.07761571
2019-04-04,-0.004195375038273662,0.0,-0.004195375038273662,11361520.74362098,-0.008760744897059901,13062013.729006017
2019-04-05,-8.94958350668505e-05,0.0,-8.94958350668505e-05,11360503.9348344,-0.0030672154951254193,13021949.718098868
2019-04-08,0.0023356098125105005,0.006675176363687335,0.0023255970479649697,11386923.889248645,0.006126772576707973,13101732.242526988
2019-04-09,-0.0015084863867359662,0.0,-0.0015084863867359662,11369746.869574916,-0.0014182033759431167,13083151.32162993
2019-04-10,0.002266795719330859,0.0,0.002266795719330859,11395519.763108741,0.0019466179555729045,13108619.218908094
2019-04-11,-0.00531989892799946,0.0,-0.00531989892799946,11334896.749736981,-0.009995292805565359,12977594.731538447
2019-04-12,0.005579470759419709,0.0,0.005579470759419709,11398139.47471318,0.010975047370401357,13120024.448470952
2019-04-15,-0.004448946990022249,0.0038312674615779696,-0.004454693891214616,11347364.252423964,-0.006521326594852116,13034464.48411003
2019-04-16,0.00196683254433866,0.0,0.00196683254433866,11369682.617728096,0.001981727912957498,13060295.246208642
2019-04-17,0.002596438202367128,0.0,0.002596438202367128,11399203.296025556,0.005829179383009397,13136426.049993856
2019-04-18,-0.0002712978450904462,0.0,-0.0002712978450904462,11396110.716735594,-0.0039769391385336755,13084183.283095183
2019-04-22,-0.0013346761502142656,0.0,-0.0013346761502142656,11380900.599556765,-0.0033435222168881175,13040436.02559832
2019-04-23,0.0032800738164483986,0.004939723458474909,0.003272664231260686,11418146.465868466,0.0032333531247516036,13082600.360169811
2019-04-24,-0.001064806687816252,0.0,-0.001064806687816252,11405988.347149143,0.0010792851455810547,13096720.216404114
2019-04-25,0.0038771383359370378,0.0,0.0038771383359370378,11450210.941829126,0.001259619085658326,13113217.095148224
2019-04-26,0.003276533979741665,0.0,0.003276533979741665,11487727.94705524,0.0070328506328511285,13205440.392294552
2019-04-29,-0.0007944947119690597,0.0,-0.0007944947119690597,11478601.007948766,-0.0006900552648155146,13196327.908627642
2019-04-30,0.000921368251480078,0.002858407345246372,0.0009170806404622084,11489127.810712745,0.003087062946858199,13237065.80354896
2019-05-01,-0.006408828711690229,0.0,-0.006408828711690229,11415495.95852717,-0.016990598562867065,13012160.132330604
2019-05-02,-0.0006389226535924432,0.0,-0.0006389226535924432,11408202.339557273,-0.0011955114665719968,12996603.94568753
2019-05-03,0.009267075096834651,0.0,0.009267075096834651,11513923.007357836,0.01431461556633462,13182645.334837954
2019-05-06,-0.007344076393983083,0.0,-0.007344076393983083,11429363.87719736,-0.00803053446035009,13076781.647197966
2019-05-07,-0.009374019823239165,0.0045309098756100815,-0.00938081618805258,11322147.115519006,-0.014499485970860246,12887175.035160417
2019-05-08,0.003249378199193956,0.0,0.003249378199193956,11358937.05352424,0.004331563641170466,12942996.653980117
2019-05-09,-0.002407213349573888,0.0,-0.002407213349573888,11331593.668612028,-0.003153536930742706,12902180.436037311
2019-05-10,0.0006105628190965534,0.0,0.0006105628190965534,11338512.318387194,0.0015316852151532221,12921942.515054429
2019-05-13,-0.015750993273290822,0.0,-0.015750993273290822,11159919.48713115,-0.02192049817394708,12638687.09774933
2019-05-14,0.010493538956368037,0.0013051072419133557,0.010491581295505167,11277004.68968168,0.014296059115810444,12819370.515644982
2019-05-15,0.003912951139872423,0.0,0.003912951139872423,11321131.058036515,0.005701557878221764,12892460.898602303
2019-05-16,0.0011224364844766043,0.0,0.0011224364844766043,11333838.308581596,0.0006789182111438644,12901213.825092826
2019-05-17,-0.0035976778970139315,0.0,-0.0035976778970139315,11293062.809010483,-0.0045762952268889375,12842174.061843978
2019-05-20,-0.004033719939195465,0.0,-0.004033719939195465,11247509.756383192,-0.003302334805325314,12799764.903463507
2019-05-21,0.002650723537418095,0.0009492458638542561,0.0026492996686223137,11277307.780253602,0.0013533393160889639,12817087.32854406
2019-05-22,-0.003913145666881569,0.0,-0.003913145666881569,11233178.032179212,-0.008374976938229518,12709744.517752228
2019-05-23,-0.004897732015540741,0.0,-0.004897732015540741,11178160.936494738,-0.00373499373368199,12662273.701621724
2019-05-24,-0.0007858829833191361,0.0,-0.0007858829833191361,11169376.210029945,0.0004802868516823875,12668355.225193018
2019-05-28,-0.0043400593923854335,0.0,-0.0043400593923854335,11120900.453902518,-0.005593375906412135,12597496.352302553
2019-05-29,0.006589892349588341,0.0011444616752213864,0.0065881756570755085,11194166.89955768,0.008511261723895623,12704716.94082282
2019-05-30,-0.0004383755811113674,0.0,-0.0004383755811113674,11189259.650138028,-0.003130675229951707,12664942.59819264
2019-05-31,-0.001697813457880378,0.0,-0.001697813457880378,11170262.374520306,-0.0009691806748571618,12652667.980578296
2019-06-03,0.0008364790963685038,0.0,0.0008364790963685038,11179606.065497542,0.005030742055535265,12716320.289502917
2019-06-04,0.00645221794667492,0.0,0.00645221794667492,11251739.320390102,0.005366492183493776,12784562.322939336
2019-06-05,-0.008994851758995273,0.020276930210135748,-0.009025267154310476,11150189.36707292,-0.01796555607943355,12554880.551575558
2019-06-06,0.0007633665520382781,0.0,0.0007633665520382781,11158701.048684638,0.0017908918786378792,12577364.985192643
2019-06-07,0.0062733049168640625,0.0,0.0062733049168640625,11228702.982839167,0.004332600759579319,12631857.686280996
2019-06-10,0.006630050811281138,0.0,0.006630050811281138,11303149.854160175,0.011157665407032093,12772799.727813764
2019-06-11,0.011128115825036443,0.0,0.011128115825036443,11428932.614925014,0.01617198634361141,12979361.270581651
2019-06-12,-0.010489796590231424,0.013376898246102272,-0.010509861937600578,11308816.11104801,-0.01631504784575013,12767602.370444834
2019-06-13,0.004585164958349328,0.0,0.004585164958349328,11360668.898400802,0.006821379966035157,12854695.037468888
2019-06-14,-0.0048618852514105025,0.0,-0.0048618852514105025,11305434.62983751,-0.008213902154022866,12749107.830211317
2019-06-17,0.005338983806751769,0.0,0.005338983806751769,11365794.162254501,0.008961174182381005,12863354.806147797
2019-06-18,0.007902779546622541,0.0,0.007902779546622541,11455615.527891088,0.013788397357082371,13040719.853560096
2019-06-19,-0.0016419593840303346,0.009566170315786717,-0.0016563086395040146,11436641.492921405,-0.004696148474841943,12979478.69690896
2019-06-20,0.002827190818455661,0.0,0.002827190818455661,11468975.060744159,0.004241747476466329,13034534.367917422
2019-06-21,-0.00660946523322994,0.0,-0.00660946523322994,11393171.268819392,-0.012144568378463848,12876235.574004812
2019-06-24,0.0028447566075564218,0.0,0.0028447566075564218,11425582.068067389,0.005319875152632036,12944735.539694397
2019-06-25,-0.007881903593945657,0.0,-0.007881903593945657,11335526.731702166,-0.007385853750014037,12849127.616165606
2019-06-26,0.002262036771916693,0.0017499743039730258,0.0022594118104607335,11361138.354677567,0.000948324325561556,12861312.75644626
2019-06-27,-0.0018483050048094323,0.0,-0.0018483050048094323,11340139.505796283,-0.00266833136051845,12826994.512280798
2019-06-28,0.0026885856862336396,0.0,0.0026885856862336396,11370628.442551458,0.0029149108467094284,12864384.057715328
2019-07-01,0.00042667815756660397,0.0,0.00042667815756660397,11375480.0413457,-0.0038075253781468476,12815402.588941349
2019-07-02,0.0017443901126050249,0.0,0.0017443901126050249,11395323.31625596,0.0009390234926702326,12827436.553040393
2019-07-03,0.0023537278411804446,0.00015690296582843987,0.002353492486731702,11422142.124064647,0.0036205104747846772,12873878.42144531
2019-07-05,-0.0022749817514677553,0.0,-0.0022749817514677553,11396156.959169727,-0.004383403628019877,12817447.01606606
2019-07-08,0.0012656783569875594,0.0,0.0012656783569875594,11410580.828385781,0.0031035001565559495,12857225.96488707
2019-07-09,0.0029543918228028044,0.0,0.0029543918228028044,11444292.155078596,0.001342819473426382,12874490.898286963
2019-07-10,0.0065665652749838125,0.0,0.0065665652749838125,11519441.846540904,0.013240947325998986,13044961.354120232
2019-07-11,-0.0003380327887035612,0.006199457618829865,-0.000347331975131806,11515440.77605193,-0.001207196224080198,13029213.526030269
2019-07-12,-0.0026087544456506826,0.0,-0.0026087544456506826,11485399.818733776,-0.004096917645827147,12975833.911224224
2019-07-15,0.0008424745426422889,0.0,0.0008424745426422889,11495075.975693127,0.0019439103910430244,13001057.7695967
2019-07-16,-0.0035068539154298655,0.0,-0.0035068539154298655,11454764.423499605,-0.005083109778301542,12934971.965719799
2019-07-17,-0.0003049035507277869,0.0,-0.0003049035507277869,11451271.825154128,0.0015692038952714203,12955269.574113635
2019-07-18,0.000814411080547975,0.014832718866595554,0.0007921620022480816,11460343.08757143,0.0017637502464025621,12978119.434017189
2019-07-19,-0.0031821356956292647,0.0,-0.0031821356956292647,11423874.72074831,-0.0013292795327563217,12960867.885479882
2019-07-22,0.004517945044507279,0.0,0.004517945044507279,11475487.158931987,0.004236806786627611,13015780.578497669
2019-07-23,0.0005732029208402668,0.0,0.0005732029208402668,11482064.94168955,-0.001014273479140715,13002579.017446583
2019-07-24,0.0031901118665515955,0.0,0.0031901118665515955,11518694.013312552,0.004897658245144898,13066261.20577953
2019-07-25,-0.004193568665651564,0.14215978866440362,-0.004406808348648169,11467933.336369162,-0.004961335589058202,13001435.099043366
2019-07-26,0.0065487659930575925,0.0,0.0065487659930575925,11543034.148213029,0.010291742058646736,13135242.515474956
2019-07-29,-0.0024208695336012716,0.0,-0.0024208695336012716,11515089.968518302,-0.0019222794144962414,13109992.909183044
2019-07-30,-0.0016046430596244016,0.0,-0.0016046430596244016,11496612.359319368,-0.005055376763816887,13043716.955656154
2019-07-31,-0.0028909064195437647,0.0,-0.0028909064195437647,11463376.728846805,-0.004722884291767903,12982112.98974002
2019-08-01,-0.001801180332372406,0.0007128471739594189,-0.001802249603133345,11442716.862686673,-0.003802685929521376,12932746.091338478
2019-08-02,-0.006392593502834198,0.0,-0.006392593502834198,11369568.22521549,-0.012592354723092457,12769892.365012657
2019-08-05,-0.00945946584880886,0.0,-0.00945946584880886,11262018.182873363,-0.013798832359197,12593682.761022858
2019-08-06,0.008936990435476223,0.0,0.008936990435476223,11362666.73165786,0.016826000513756156,12805584.07362991
2019-08-07,-0.0006709362116431109,0.0,-0.0006709362116431109,11355043.107086757,-0.0013101855228491721,12788806.382765012
2019-08-08,0.008530734109162646,0.0015584504918054408,0.008528396433424937,11451883.41622262,0.01367650416711672,12963712.546551347
2019-08-09,-0.004306920265659986,0.0,-0.004306920265659986,11402561.067457315,-0.008734596849552512,12850479.743783737
2019-08-12,-0.007966816361520447,0.0,-0.007966816361520447,11311718.95738186,-0.012011532076196884,12696125.79414676
2019-08-13,0.011473073419249963,0.0,0.011473073419249963,11441499.139477823,0.0222626497100715,12978775.195376853
2019-08-14,-0.017497040908734253,0.0,-0.017497040908734253,11241306.76097713,-0.03176301328172134,12566530.186465621
2019-08-15,0.0046037435676538575,0.08219592197159942,0.0044804496846964584,11291672.870309925,0.0086951247377973,12675797.733958233
2019-08-16,0.0046868132032585235,0.0,0.0046868132032585235,11344594.83180537,0.005990762343636791,12751735.425698387
2019-08-19,-0.000757333367141984,0.0,-0.000757333367141984,11336003.191602537,0.0009291028232752851,12763583.09908406
2019-08-20,0.001430794806921885,0.0,0.001430794806921885,11352222.686100332,0.0008339266824231583,12774226.991593711
2019-08-21,-0.0015472715900242571,0.0,-0.0015472715900242571,11334657.714454502,-0.0020219349228892238,12748398.335926494
2019-08-22,-0.0035530134714980652,0.0013642141956677456,-0.003555059792791567,11294362.328548789,-0.004668556716376903,12688881.715252256
2019-08-23,-0.009829925214093828,0.0,-0.009829925214093828,11183339.591518275,-0.014757887006130531,12501620.632664407
2019-08-26,-0.009036894288181312,0.0,-0.009036894288181312,11082276.933840891,-0.012928352596808612,12339995.273093784
2019-08-27,0.014953241965824562,0.0,0.014953241965824562,11247992.90236489,0.02514633965699513,12650300.985596715
2019-08-28,-0.0005113657035445925,0.0,-0.0005113657035445925,11242241.064560907,0.002768731468465846,12685326.2720211
2019-08-29,0.006625579069323933,0.009684868947616304,0.006611051765902509,11316564.102203475,0.009583059148203765,12806890.50400014
2019-08-30,0.004419409402301708,0.0,0.004419409402301708,11366576.631998504,0.0008767448211207899,12818118.878924185
2019-09-03,-0.0037046505211323797,0.0,-0.0037046505211323797,11324467.43795528,-0.004949553621361735,12754674.912207961
2019-09-04,0.005063466680236791,0.0,0.005063466680236791,11381808.501498794,0.012889590295143805,12919077.446174072
2019-09-05,0.009627018153277317,0.0,0.009627018153277317,11491381.378559848,0.01528871377111498,13116593.523435496
2019-09-06,-0.0033660134285040384,0.06660928484000646,-0.003465927355764048,11451553.08548438,-0.0089015903815578,12999834.980688479
2019-09-09,-0.0007575369373289137,0.0,-0.0007575369373289137,11442878.111032343,-0.002401125352363997,12968620.747339798
2019-09-10,0.001560978067655333,0.0,0.001560978067655333,11460740.192794517,0.0026189545564332616,13002584.9757367
2019-09-11,0.0024693020529573803,0.0,0.0024693020529573803,11489040.222080994,0.0022321935815433295,13031609.262463009
2019-09-12,0.007376623806027418,0.0,0.007376623806027418,11573790.549691603,0.013784142365795126,13211238.819792215
2019-09-13,-0.0010990277892265533,0.2489734010202483,-0.0014724878907569259,11556748.283257026,0.0005795968705106119,13218896.012467736
2019-09-16,-0.003871738435653218,0.0,-0.003871738435653218,11512003.57673757,-0.010375358961352565,13081745.22126559
2019-09-17,0.0029717899733240974,0.0,0.0029717899733240974,11546214.833539791,0.0029295297651859894,13120068.583271867
2019-09-18,0.0031296646668747866,0.0,0.0031296646668747866,11582350.614140466,0.0046857822124446,13181546.367265416
2019-09-19,0.0005646284425695808,0.0,0.0005646284425695808,11588890.338729024,0.0002880621816881201,13185343.472269993
2019-09-20,-0.003689537020379423,0.14350559402974533,-0.003904795411424041,11543638.092910858,-0.005344283559853235,13114877.257920122
2019-09-23,-0.00043988484952823436,0.0,-0.00043988484952823436,11538560.221405348,0.0006315180268035236,13123159.539327813
2019-09-24,-0.0011546666832804046,0.0,-0.0011546666832804046,11525237.030344667,-0.0017581838563488716,13100086.612081476
2019-09-25,0.0021059069700004075,0.0,0.0021059069700004075,11549508.107337777,0.004899923134212924,13164276.029532207
2019-09-26,0.001187581774286689,0.0,0.001187581774286689,11563224.092668027,0.001256672475311671,13180819.212875925
2019-09-27,-0.0005397709278800345,0.009729206850182028,-0.0005543647381553075,11556813.848971665,0.0010729206001100387,13194961.185335748
2019-09-30,-0.00011011552915060575,0.0,-0.00011011552915060575,11555541.26429939,-0.0026424228635448356,13160094.518216027
2019-10-01,-0.0009212446240400516,0.0,-0.0009212446240400516,11544895.784031784,-0.001599575902295769,13139043.948152756
2019-10-02,-0.0028367434100145493,0.0,-0.0028367434100145493,11512145.876997126,-0.005062090664925389,13072532.916436767
2019-10-03,0.0006878956521426384,0.0,0.0006878956521426384,11520065.032092743,-0.000747262442539831,13062764.303559449
2019-10-04,0.0002084745607115345,0.357350125412646,-0.00032755062740743446,11516291.627563706,-0.0009919630722846518,13049806.523748359
2019-10-07,-0.00044450536938993123,0.0,-0.00044450536938993123,11511172.574099796,-0.00443327233107369,12991953.17756076
2019-10-08,-0.000690497824367848,0.0,-0.000690497824367848,11503224.134481456,-0.005113172732351278,12925523.076833272
2019-10-09,0.0050014334654932616,0.0,0.0050014334654932616,11560756.744628722,0.01333317327715797,13097861.315714594
2019-10-10,0.005342895495434929,0.0,0.005342895495434929,11622524.659763418,0.009506531332929512,13222376.5447068
2019-10-11,0.0013110377582213621,0.2151368973714731,0.0009883324121641524,11634011.57759584,0.0075331550400699054,13321982.75721626
2019-10-14,-0.002585572055109611,0.0,-0.002585572055109611,11603931.002371987,-0.011321519986212414,13171157.663174458
2019-10-15,0.002783581457140847,0.0,0.002783581457140847,11636231.489540132,0.007274955590496757,13266977.250249483
2019-10-16,-0.0005977000096857154,0.0,-0.0005977000096857154,11629276.513866128,-0.0027319373246282195,13230732.699914534
2019-10-17,0.001219664903563734,0.0,0.001219664903563734,11643460.334283931,0.007788442045063081,13333779.49476154
2019-10-18,-0.0023612566769929044,0.14449247266754378,-0.00257799538599422,11613443.547265138,-0.005317795355660659,13262873.184090894
2019-10-21,0.002425020021577514,0.0,0.002425020021577514,11641606.380386716,-0.0128406346155443,13092569.475581681
2019-10-22,0.005450737147743027,0.0,0.005450737147743027,11705061.716743693,0.013119181787025112,13264333.274591094
2019-10-23,0.0006909492928310116,0.0,0.0006909492928310116,11713149.32085942,-0.0008040330030090969,13253668.31287541
2019-10-24,0.003776354195574516,0.0,0.003776354195574516,11757382.321440637,0.00941867810707624,13378500.34845234
2019-10-25,0.0020229390698870255,0.272544376070622,0.0016141225057810925,11776360.176854748,-0.0021648437837490262,13349537.98513711
2019-10-28,0.0044233665091447565,0.0,0.0044233665091447565,11828451.334060673,0.00989686524245703,13481656.563625071
2019-10-29,-0.00556412606476279,0.0,-0.00556412606476279,11762636.339687048,-0.012350184161896404,13315155.622256862
2019-10-30,-0.0018444682691885906,0.0,-0.0018444682691885906,11740940.530196488,-0.004586919885414343,13254080.070155745
2019-10-31,0.0045915494186856585,0.0,0.0045915494186856585,11794849.638862735,0.009332956516943968,13377779.823122602
2019-11-01,0.005692208843593711,0.10911442423389822,0.0055285372072428635,11860057.903945023,0.013589771950549244,13559580.800123498
2019-11-04,-0.0006741119234329486,0.0,-0.0006741119234329486,11852062.89749937,2.632249944505298e-05,13559937.722181585
2019-11-05,-0.006141476501284811,0.0,-0.006141476501284811,11779273.731722627,-0.005258022828557885,13488639.260084532
2019-11-06,-0.001432783753249155,0.0,-0.001432783753249155,11762396.579694739,-0.0020487382595621435,13461004.568762964
2019-11-07,-0.0007704859036997836,0.0,-0.0007704859036997836,11753333.818936357,-0.00021569122765489066,13458101.148162061
2019-11-08,-0.00036496311177424984,0.0010422255978497664,-0.0003665264501710245,11749025.911214028,-0.0012303578482389386,13441542.867792027
2019-11-11,-0.0030422935844011327,0.0,-0.0030422935844011327,11713281.925061379,-0.00375585435147282,13391058.390521523
2019-11-12,-0.0028639135075269858,0.0,-0.0028639135075269858,11679736.098738723,0.0011658516844806456,13406670.37850309
2019-11-13,0.008270606655748504,0.0,0.008270606655748504,11776334.601854337,0.016633140507384913,13629665.410644926
2019-11-14,0.003401124369741683,0.0,0.003401124369741683,11816387.380454935,0.008987720772772856,13752165.037582126
2019-11-15,0.0319170776280857,0.0032296690684252005,0.03191223312448306,12193474.689229213,0.04564895037274065,14379936.93690045
2019-11-18,-0.017015903214593883,0.0,-0.017015903214593883,11985991.704067688,-0.03353785185428902,13897664.742236665
2019-11-19,-0.0011882523639532001,0.0,-0.0011882523639532001,11971749.321091007,0.0018456605238422186,13923315.113425003
2019-11-20,0.00642099427237325,0.0,0.00642099427237325,12048619.854912022,0.011643887201052094,14085436.624070426
2019-11-21,-0.003268622625890758,0.0,-0.003268622625890758,12009237.463443499,-0.004526521461756683,14021678.592893358
2019-11-22,0.0004094707717473366,0.02795956085079222,0.00036753143047114824,12013651.235667307,0.003464566952871495,14070257.637170082
2019-11-25,0.0031450993646197902,0.0,0.0031450993646197902,12051435.362535367,0.007761003317943138,14179456.953376474
2019-11-26,0.010904296117903224,0.0,0.010904296117903224,12182847.782374224,0.028406614549697305,14582247.321575066
2019-11-27,-0.019385370360937102,0.0,-0.019385370360937102,11946678.766061978,-0.035688028752633126,14061835.659884688
2019-11-29,0.012150221082202893,0.0,0.012150221082202893,12091833.55426769,0.02360631845899068,14393783.830589917
2019-12-02,0.01565274798457584,0.014214060936027034,0.015631426893171797,12280846.166475628,0.030278011780201997,14829598.9869742
2019-12-03,-0.027823345005041664,0.0,-0.027823345005041664,11939151.946631933,-0.06065234066052925,13930149.0973572
2019-12-04,0.009173300170724515,0.0,0.009173300170724515,12048673.371222278,0.014853209503227084,14137056.520311436
2019-12-05,0.00057465552001101,0.0,0.00057465552001101,12055597.20788386,-0.005299290978753734,14062140.144227218
2019-12-06,0.0008331283029461594,0.0,0.0008331283029461594,12065641.067126667,0.008560596738940484,14182520.455288412
2019-12-09,-0.002911355879132198,0.010445669367420007,-0.0029270243831833282,12030324.641524447,-0.006147618905066798,14095331.724415984
2019-12-10,-0.0005625321687864578,0.0,-0.0005625321687864578,12023557.196912646,0.0004287386019192984,14101374.9372331
2019-12-11,0.005559592783292155,0.0,0.005559592783292155,12090403.278734101,0.010714969434253119,14252470.738666495
2019-12-12,-0.001144290899631732,0.0,-0.001144290899631732,12076568.34028937,-0.0031981198664218224,14206889.628851572
2019-12-13,0.0022893997330035824,0.0,0.0022893997330035824,12104216.432623226,-0.0002813094899729914,14202893.095975976
2019-12-16,0.0002771201374385532,0.0002151315652590302,0.00027679744009066466,12107566.848746078,0.001701607042346909,14227060.83888979
2019-12-17,-0.003394440212460205,0.0,-0.003394440212460205,12066468.436959645,-0.0059610418536425016,14142252.73377485
2019-12-18,-0.0032018420092523527,0.0,-0.0032018420092523527,12027833.511414872,-0.00552128781381268,14064169.286096
2019-12-19,-0.0017356686380523554,0.0,-0.0017356686380523554,12006957.178005395,-0.003296228375475241,14017810.572217682
2019-12-20,0.0036249179433562938,0.0,0.0036249179433562938,12050481.412525058,0.0042664477989832975,14077616.829280084
2019-12-23,-0.0005899317691133756,0.3567579142955176,-0.001125068640556652,12036923.793784216,0.001209573043823686,14094644.735118061
2019-12-24,-0.0018950457973984699,0.0,-0.0018950457973984699,12014113.271935198,-0.0020612634518709983,14065591.959058456
2019-12-26,0.00422362073103111,0.0,0.00422362073103111,12064856.329815501,0.004702497124717353,14131735.364803378
2019-12-27,-0.008316709086385385,0.0,-0.008316709086385385,11964516.42955139,-0.009838049267855031,13992706.656044152
2019-12-30,-0.0028031371848859367,0.0,-0.0028031371848859367,11930978.248648535,-0.003256268687461028,13947142.64350725
2019-12-31,-0.016559631107198814,0.2112561474594391,-0.01687651532838797,11729624.911352556,-0.0192129655246,13679176.672730863
2020-01-02,0.0,0.0,0.0,11729624.911352556,0.02454515760950824,14014934.22013135
2020-01-03,0.0,0.2558087717283659,-0.00038371315759254886,11725124.099940445,0.0020669957340065936,14043903.029376743
2020-01-06,0.006097704642655129,0.0,0.006097704642655129,11796620.443600358,0.01856343358672117,14304606.09056093
2020-01-07,0.003613040765527751,0.0,0.003613040765527751,11839242.114158543,0.015763431555282925,14530095.769594768
2020-01-08,0.0001783737069399875,0.0,0.0001783737069399875,11841353.923661806,3.7787979884884614e-05,14530644.832561437
2020-01-09,-0.0029872848409230037,0.0,-0.0029872848409230037,11805980.426589645,-0.013952721637967756,14327902.789992532
2020-01-10,0.0035270965648852713,0.16518568732213057,0.0032793180339020754,11844695.991110457,0.016504101314653873,14564371.94926508
2020-01-13,0.0022031694943943176,0.0,0.0022031694943943176,11870791.863988446,0.013676033723096781,14763554.791198954
2020-01-14,0.0004327678048379941,0.0,0.0004327678048379941,11875929.160525111,-0.0006465383075348829,14754009.587471053
2020-01-15,-0.0007470292418146055,0.0,-0.0007470292418146055,11867057.49416848,-0.01119104963346491,14588896.733885046
2020-01-16,0.00019026990728209688,0.0,0.00019026990728209688,11869315.438097605,0.008804705306209826,14717347.67036963
2020-01-17,0.0002613921789878067,0.09062308440623539,0.00012545755237845365,11870804.533360874,0.0037473292065099526,14772498.41713717
2020-01-21,0.0,0.0,0.0,11870804.533360874,-0.02545674705700256,14396438.661532138
2020-01-22,0.0,0.0,0.0,11870804.533360874,0.0030669481350426462,14440591.792236382
2020-01-23,0.0,0.0,0.0,11870804.533360874,-0.010809734878908694,14284492.823467761
2020-01-24,0.0,0.0,0.0,11870804.533360874,3.1539716338291335e-05,14284943.352319447
2020-01-27,0.0,0.05589002681332681,-8.383504021999022e-05,11869809.343985375,-0.02540090788933371,13922092.822022831
2020-01-28,0.0012048777683365368,0.0,0.0012048777683365368,11884111.013378335,0.017692969702373728,14168415.988516517
2020-01-29,-0.0010518030382616766,0.0,-0.0010518030382616766,11871611.269307425,-0.00872526574243333,14044792.793867366
2020-01-30,0.0006888967776052421,0.0,0.0006888967776052421,11879789.584055834,0.00813427127658619,14159036.948476126
2020-01-31,2.5738690193350233e-05,0.0,2.5738690193350233e-05,11880095.354279501,-0.005386839961787904,14082764.482421644
2020-02-03,0.0009786748038700102,0.13865215213789592,0.0007706965756631663,11889251.303087596,0.011489585864595496,14244569.614153303
2020-02-04,0.0012581611367853695,0.0,0.0012581611367853695,11904209.897022618,0.0035927150916830516,14295746.294380601
2020-02-05,0.0010560350684883997,0.0,0.0010560350684883997,11916781.16013652,0.003030633680523487,14339071.464588571
2020-02-06,-0.0019653056321110173,0.0,-0.0019653056321110173,11893361.04300587,-0.003380635996217618,14290596.283443047
2020-02-07,-0.0012793790194400756,0.0,-0.0012793790194400756,11878144.926416822,-0.002987200120172884,14247907.412507802
2020-02-10,-0.00021677581180407402,0.13865215213789592,-0.0004247540400109179,11873099.636371491,0.010332351426308228,14395121.798983337
2020-02-11,0.00044628115750127177,0.0,0.00044628115750127177,11878398.377020339,0.007336096578432815,14500725.802758982
2020-02-12,0.00022153504011384326,0.0,0.00022153504011384326,11881029.85848128,0.005052534654668794,14573991.222395273
2020-02-13,-0.000975609078923755,0.0,-0.000975609078923755,11869438.61788438,-0.004932847942502049,14502099.939779839
2020-02-14,0.00043636040248324406,0.0,0.00043636040248324406,11874617.97089693,0.003344413096306553,14550600.952742383
2020-02-18,-0.0012453567001502782,0.0,-0.0012453567001502782,11859829.835845148,-0.0047855350032007474,14480968.542565426
2020-02-19,-0.00023579444380111825,0.0,-0.00023579444380111825,11857033.35386543,0.0036147474577228446,14533313.586790029
2020-02-20,-0.00027252879765971537,0.0,-0.00027252879765971537,11853801.97082169,-0.00714100892262739,14429531.064791419
2020-02-21,0.0008752274030813655,0.0,0.0008752274030813655,11864176.743137253,0.007963740608037406,14544444.107287038
2020-02-24,-0.0023400868222806953,0.0,-0.0023400868222806953,11836413.539483428,-0.030522792891312822,14100507.052081041
2020-02-25,-0.00025314957829860815,0.24410997318667318,-0.0006193145380786179,11829083.076499715,-0.007551221598596914,13994030.9986782
2020-02-26,-0.0034035508624611576,0.0,-0.0034035508624611576,11788822.190592572,0.0017589988033600125,14018646.482459057
2020-02-27,-0.0074564743796730615,0.0,-0.0074564743796730615,11700919.139961898,-0.023670622493831037,13686816.393698296
2020-02-28,-0.006234789202648039,0.0,-0.006234789202648039,11627966.375647005,-0.0069649838293077805,13591487.938841483
2020-03-02,0.019578632236713012,0.0,0.019578632236713012,11855626.052976664,0.046546705448162265,14224126.924532987
2020-03-03,-0.005864880944103978,0.2783250418746143,-0.0062823685069159,11781144.641231673,-0.021942389174897003,13912015.595881753
2020-03-04,0.01489546172569811,0.0,0.01489546172569811,11956630.230320051,0.019941612581896685,14189443.621128133
2020-03-05,-0.015896336554530332,0.0,-0.015896336554530332,11766563.61212081,-0.02071510286225,13895507.836958367
2020-03-06,-0.0010063366817216434,0.0,-0.0010063366817216434,11754722.487540122,-0.0002493950504594447,13892042.366080211
2020-03-09,-0.028680109533825576,0.0,-0.028680109533825576,11417595.759057749,-0.04469364163570069,13271156.40298265
2020-03-10,0.025151743035874197,0.17622250132768075,0.024887409283882677,11701750.13775134,0.04366108629018718,13850589.507863846
2020-03-11,-0.030921889460693033,0.0,-0.030921889460693033,11339909.913495144,-0.039621325734367684,13301810.789359756
2020-03-12,-0.04637481520823494,0.0,-0.04637481520823494,10814023.686778774,-0.052404081784128226,12604741.608877148
2020-03-13,0.04318263581678968,0.0,0.04318263581678968,11281001.733359082,0.051524004485501186,13254188.372071518
2020-03-16,-0.08148332099278346,0.0,-0.08148332099278346,10361788.247999636,-0.10100191849517992,11915489.91839579
2020-03-17,0.04155121732019956,0.0558900268133268,0.04146738227997957,10791464.482383637,0.04252576751736361,12422205.272520978
2020-03-18,-0.06648766303864904,0.0,-0.06648766303864904,10073965.228185365,-0.08147241815459727,11410138.170155905
2020-03-19,0.04315385175193546,0.0,0.04315385175193546,10508695.630196627,0.048442803993164786,11962877.257067697
2020-03-20,-0.02218681165215267,0.0,-0.02218681165215267,10275541.179539656,-0.026759708599801743,11642754.14765337
2020-03-23,-0.014243361217798137,0.0,-0.014243361217798137,10129182.934811113,-0.01839839970817575,11428546.10314082
2020-03-24,0.03843205358881799,0.09062308440623536,0.038296118962208636,10517091.329472614,0.048763344546340896,11985840.234432017
2020-03-25,0.0016057873666168324,0.0,0.0016057873666168324,10533979.541863037,3.22157665135327e-05,11986226.367462479
2020-03-26,0.033048561357300554,0.0,0.033048561357300554,10882112.411088847,0.03234737212089121,12373949.292096024
2020-03-27,-0.03671791752399707,0.0,-0.03671791752399707,10482543.905091621,-0.03970775504047481,11882607.54472222
2020-03-30,0.013053746209466132,0.0,0.013053746209466132,10619380.372858273,0.013144212024178592,12038795.057690153
2020-03-31,0.045734053417567,0.0558900268133268,0.04565021837734701,11104157.405911367,0.05196591153185763,12664402.016608242
2020-04-01,-0.02616633509931854,0.0,-0.02616633509931854,10813602.302232713,-0.03064938516809863,12276245.881277572
2020-04-02,0.030072862396571795,0.0,0.030072862396571795,11138798.27627901,0.03699069448964365,12730352.742151655
2020-04-03,-0.007336143071703855,0.0,-0.007336143071703855,11057082.458477378,-0.008863432939854608,12617518.1143209
2020-04-06,0.03630232407814121,0.0,0.03630232407814121,11458480.249243755,0.04037433573001084,13126942.026747985
2020-04-07,-0.012784543520680649,0.09062308440623536,-0.012920478147290002,11310431.205582246,-0.014177370602565185,12940836.50475639
2020-04-08,0.023167790800188416,0.0,0.023167790800188416,11572468.909613099,0.029543086162960794,13323148.752637196
2020-04-09,-0.0032650252748786636,0.0,-0.0032650252748786636,11534684.506130464,-0.0014454324471314451,13303891.041132176
2020-04-13,0.000639957176904004,0.0,0.000639957176904004,11542066.210263487,-0.000608278845029786,13295798.565655274
2020-04-14,0.02464118714255975,0.0,0.02464118714255975,11826476.423762403,0.031750052071211045,13717940.862443164
2020-04-15,-0.01100955246069216,0.049567794235450456,-0.011083904152045337,11695392.892624998,-0.016304374533373377,13494278.416795222
2020-04-16,0.008598274661356528,0.0,0.008598274661356528,11795953.092988266,0.009727138473764262,13625539.131558917
2020-04-17,0.0029427342615069886,0.0,0.0029427342615069886,11830665.448302131,0.005190671751106435,13696264.832622698
2020-04-20,-0.00868088400682658,0.0,-0.00868088400682658,11727964.81382185,-0.014278323182786578,13500705.136945477
2020-04-21,-0.015675441582863353,0.0,-0.015675441582863353,11544123.786496907,-0.020990499200596112,13217318.596560938
2020-04-22,0.013352172720916438,0.10545782104877725,0.013193985989343272,11696436.793995192,0.018554263057056986,13462556.20271046
2020-04-23,0.003082697218889433,0.0,0.003082697218889433,11732493.36717096,0.002943549265704148,13502183.90013545
2020-04-24,0.004669552161786232,0.0,0.004669552161786232,11787278.856936775,0.009369416886465243,13628691.48997354
2020-04-27,0.011808117999504906,0.0,0.011808117999504906,11926464.436572555,0.013149285552293888,13807899.046079319
2020-04-28,0.007992319811309755,0.0,0.007992319811309755,12021784.554567853,0.006278688217200824,13894594.539124237
2020-04-29,0.010109961749996467,0.29999999999999993,0.009659961749996466,12137914.533531677,0.009895405869975737,14032087.191487622
2020-04-30,-0.010981145394268811,0.0,-0.010981145394268811,12004626.329255756,-0.017764210862604077,13782818.23577559
2020-05-01,-0.008603830623333496,0.0,-0.008603830623333496,11901340.55762243,-0.022154205630566824,13477470.84641149
2020-05-04,0.0019899203221706067,0.0,0.0019899203221706067,11925023.27705912,0.008703119052941766,13594766.879720362
2020-05-05,0.004699178897889946,0.0,0.004699178897889946,11981061.09479952,0.009671561980500409,13726249.510208031
2020-05-06,-5.58473857949158e-05,0.29999999999999993,-0.0005058473857949158,11975000.506365668,0.002299751493502933,13757816.473019326
2020-05-07,0.01590062034052595,0.0,0.01590062034052595,12165410.442994993,0.017670075914503067,14000918.134515377
2020-05-08,0.001248692221857431,0.0,0.001248692221857431,12180601.296390865,0.005249542466202406,14074416.54882834
2020-05-11,-0.019192740192251066,0.0,-0.019192740192251066,11946822.18032384,-0.027557796160350822,13686556.64649986
2020-05-12,-0.011691376154863454,0.0,-0.011691376154863454,11807147.388358409,-0.012130506190082577,13520531.786378575
2020-05-13,-0.013239521343613787,0.0,-0.013239521343613787,11650826.408503043,-0.014348871811023777,13326527.408958957
2020-05-14,0.00031927127117887394,0.0,0.00031927127117887394,11654546.18266077,-0.0022353846092212915,13296737.494694604
2020-05-15,-0.0005181910612905996,0.0,-0.0005181910612905996,11648506.901005518,0.002226078894170257,13326337.081392866
2020-05-18,0.030813983863522677,0.0,0.030813983863522677,12007443.804687234,0.03773247582073687,13829172.77309551
2020-05-19,-0.010047846006430917,0.0,-0.010047846006430917,11886794.858406864,-0.012696918332404628,13653584.895790804
2020-05-20,0.013839276487636725,0.0,0.013839276487636725,12051299.499004176,0.0170986741799501,13887043.09531222
2020-05-21,-0.01858620309898308,0.0,-0.01858620309898308,11827311.598909011,-0.024289816361899863,13549729.368717296
2020-05-22,-0.002450710412615954,0.0,-0.002450710412615954,11798326.283220313,-0.004356495836257978,13490700.029140057
2020-05-26,0.001199567804737049,0.0,0.001199567804737049,11812479.175579447,0.0036930858931210286,13540522.343106
2020-05-27,-0.0013322353397420353,0.0,-0.0013322353397420353,11796742.173371773,-0.004098765464824827,13485022.917750388
2020-05-28,0.0075216358031871865,0.11071939920479625,0.007355556704379992,11883513.77935496,0.010816197847618536,13630879.593608446
2020-05-29,-0.003031936630705244,0.0,-0.003031936630705244,11847483.718625842,-0.0017892977472297343,13606489.891458845
2020-06-01,0.002392036662575545,0.0,0.002392036662575545,11875823.334040063,0.0017773397988042785,13630673.247464962
2020-06-02,0.007409031760426524,0.0,0.007409031760426524,11963811.686303182,0.007282155186055316,13729933.925343413
2020-06-03,-0.00837099148765516,0.0,-0.00837099148765516,11863662.720517227,-0.010823419800002555,13581329.086643126
2020-06-04,0.010209491120558342,0.24937155134269212,0.009835433793544304,11980346.989753814,0.011189455247041957,13733296.760653468
2020-06-05,0.007507774963103178,0.0,0.007507774963103178,12070292.738932775,0.015058764298987691,13940103.239620201
2020-06-08,0.004927782937161906,0.0,0.004927782937161906,12129772.521538237,0.010887804444825133,14091880.357633857
2020-06-09,0.0007046468486674043,0.0,0.0007046468486674043,12138319.727520593,-0.0012035015609015984,14074920.757627407
2020-06-10,0.0059101598047743495,0.0,0.0059101598047743495,12210059.136871684,0.010959526351261762,14229175.222562546
2020-06-11,-0.02751504720830334,0.09865751638896836,-0.027663033482886793,11872291.862140376,-0.04447098084854212,13596389.843749417
2020-06-12,0.017508350100862574,0.0,0.017508350100862574,12080156.104562351,0.037244050474742774,14102774.473364301
2020-06-15,0.0017333918811404307,0.0,0.0017333918811404307,12101095.749076908,-0.001590334869076926,14080346.339368584
2020-06-16,0.001938741404663449,0.0,0.001938741404663449,12124556.644447442,-0.0037963604308698714,14026892.269672861
2020-06-17,0.0008647524601920608,0.0,0.0008647524601920608,12135041.384634467,0.0027032958721230904,14064811.109644184
2020-06-18,0.007039106385728732,0.0,0.007039106385728732,12220461.231936129,0.016513366817061427,14297068.49471042
2020-06-19,0.00930010605150735,0.0,0.00930010605150735,12334112.81739147,0.020594942400535096,14591515.796855485
2020-06-22,0.003926129121739998,0.0,0.003926129121739998,12382538.136914657,0.006010923036692817,14679224.27529907
2020-06-23,0.004232209055353789,0.0,0.004232209055353789,12434943.62694597,0.006153996591898081,14769560.17146097
2020-06-24,-0.006022582925793247,0.0,-0.006022582925793247,12360053.147775125,-0.00555257071232843,14687551.144218942
2020-06-25,0.005495294125564182,0.29999999999999993,0.005045294125564182,12422413.251313256,0.009016659708037911,14819983.794830767
2020-06-26,-0.005809231834120486,0.0,-0.005809231834120486,12350248.572797127,-0.024244844982587423,14460675.585080639
2020-06-29,0.0056185798665122745,0.0,0.0056185798665122745,12419639.430774666,0.023151369393878272,14795460.027235877
2020-06-30,-0.005084756100411455,0.0,-0.005084756100411455,12356488.593414126,0.000885098020194131,14808555.459613847
2020-07-01,0.00455204588296687,0.0,0.00455204588296687,12412735.896443702,0.013625098381807033,15010323.484643528
2020-07-02,0.005917159053074759,0.0,0.005917159053074759,12486184.029026771,0.0026416949631281605,15049976.180587834
2020-07-06,0.00359360394433791,0.0,0.00359360394433791,12531054.429203209,0.013648607524888213,15255387.398735594
2020-07-07,-0.0011954449185792345,0.0,-0.0011954449185792345,12516074.243861377,-0.005911620681267638,15165203.33508848
2020-07-08,-0.002625206666083959,0.0,-0.002625206666083959,12483216.962323189,-0.005176766151601231,15086696.623781243
2020-07-09,-0.007736715182511724,0.0,-0.007736715182511724,12386637.868124194,-0.010611964660985728,14926597.132358665
2020-07-10,-0.0008647071937049129,0.05589002681332683,-0.0009485422339249032,12374888.618969945,0.008509492705249588,15053614.901770672
2020-07-13,0.0035132204151684453,0.0,0.0035132204151684453,12418364.330301546,0.006354491310770626,15149272.966859661
2020-07-14,0.001842852231968441,0.0,0.001842852231968441,12441249.54072504,0.00860754485474322,15279671.013438653
2020-07-15,-0.0029616346113793316,0.0,-0.0029616346113793316,12404403.10547642,-0.013994805489659623,15065834.98965959
2020-07-16,-0.0020862903802608946,0.0,-0.0020862903802608946,12378523.918604586,-0.011417663961980717,14893818.348441007
2020-07-17,-0.00010449516351833504,0.0,-0.00010449516351833504,12377230.422723597,0.004743861545214767,14964472.560565587
2020-07-20,-0.0022706342440550215,0.0,-0.0022706342440550215,12349126.259479202,0.0037134288111772104,15020042.064116064
2020-07-21,0.001842823958462039,0.0,0.001842823958462039,12371883.525216242,0.004275907524577549,15084266.374997487
2020-07-22,-0.00027578704099933586,0.0,-0.00027578704099933586,12368471.520067235,-0.014568999563837979,14864503.704759335
2020-07-23,0.0010178412831659115,0.0,0.0010178412831659115,12381060.66099002,-0.007453977716957461,14753704.025370428
2020-07-24,0.0004600423650439916,0.29999999999999993,1.0042365043991654e-05,12381184.996120809,-0.0025664925737349242,14715838.75355423
2020-07-27,0.009012200046966165,0.0,0.009012200046966165,12492766.712124346,0.016300317561964928,14955711.598427834
2020-07-28,-0.0060725905926567745,0.0,-0.0060725905926567745,12416903.254512044,-0.008057848355463837,14835200.742319653
2020-07-29,0.0014724940343724103,0.0,0.0014724940343724103,12435187.070479691,0.0003308844908094242,14840109.48016333
2020-07-30,-0.00508093787940461,0.0,-0.00508093787940461,12372004.657455811,-0.016317845218784977,14597950.8706362
2020-07-31,0.008203690271084859,0.39062308440623533,0.007617755644475506,12466251.56576862,0.008382742630699358,14720321.735720336
2020-08-03,-0.00014477474028151628,0.0,-0.00014477474028151628,12464446.7674359,0.0022504767641506776,14753449.477747397
2020-08-04,-0.0017853749836607988,0.0,-0.0017853749836607988,12442193.05599215,-0.003811634745586645,14697214.71710076
2020-08-05,0.0023859130153107673,0.0,0.0023859130153107673,12471879.04634345,0.01396607270701411,14902477.086430386
2020-08-06,0.002614479120579401,0.0,0.002614479120579401,12504486.513704507,0.013969660267154271,15110659.628466867
2020-08-07,-0.005582334604568581,0.0,-0.005582334604568581,12434682.285926692,-0.022727680466468246,14767229.38479351
2020-08-10,0.003938010752411346,0.0,0.003938010752411346,12483650.198471492,0.01767849145503214,15028291.723287081
2020-08-11,0.00489225330991281,0.0,0.00489225330991281,12544723.377474755,0.015167352140892753,15256231.11593024
2020-08-12,-0.0007023647292952402,0.0,-0.0007023647292952402,12535912.406235652,0.0010709347380957082,15272569.543804709
2020-08-13,-0.0033043100785851752,0.0,-0.0033043100785851752,12494489.864527466,-0.010674948121783566,15109535.65623826
2020-08-14,0.0013214737064739116,0.16028719344024672,0.0010810429163135415,12507996.944288464,0.004625471915662204,15179424.389074886
2020-08-17,0.004735378283283333,0.0,0.004735378283283333,12567227.041385822,0.01231736149726521,15366394.846595526
2020-08-18,0.008813748054439074,0.0,0.008813748054439074,12677991.41427153,0.025369359727228667,15756230.44516944
2020-08-19,-0.0036707120192825946,0.0,-0.0036707120192825946,12631454.158806803,-0.016018219235703745,15503843.691570444
2020-08-20,-0.0022906269672740977,0.0,-0.0022906269672740977,12602520.209274752,-0.005683916642074771,15415721.1363958
2020-08-21,-0.0035506884954315003,0.16660942601812306,-0.003800602634458685,12554623.037766563,-0.0031162151313538274,15367682.432929832
2020-08-24,0.0004732513730438675,0.0,0.0004732513730438675,12560564.530357234,0.010979529555545797,15536412.356402427
2020-08-25,-0.00022157477919273875,0.0,-0.00022157477919273875,12557781.426044885,-0.009361344234637704,15390970.652162865
2020-08-26,0.0008181509392258189,0.0,0.0008181509392258189,12568055.586713197,0.006965549874238741,15498177.225853449
2020-08-27,0.00019975065885062413,0.0,0.00019975065885062413,12570566.064097116,-0.0022936020168858764,15462630.575310176
2020-08-28,0.0009013732729104304,0.09062308440623539,0.0007654386463010773,12580188.061168458,0.007376224844374146,15576686.415119158
2020-08-31,0.0,0.0,0.0,12580188.061168458,-0.00919817116216215,15433409.387333568
2020-09-01,0.0,0.0,0.0,12580188.061168458,-0.003395714878137512,15381001.929456612
2020-09-02,0.0,0.0,0.0,12580188.061168458,0.004386236084782313,15448466.635139704
2020-09-03,0.0,0.0,0.0,12580188.061168458,-0.022699217685041618,15097798.528088566
2020-09-04,0.0,0.13865215213789592,-0.00020797822820684388,12577571.655944988,0.012873273304513154,15292156.614837127
2020-09-08,-0.00032257727600683924,0.0,-0.00032257727600683924,12573514.417141434,-0.0213864136678787,14965112.227598231
2020-09-09,-0.0009855267721222084,0.0,-0.0009855267721222084,12561122.882063678,0.007510916787511212,15077513.940255487
2020-09-10,-0.005930953381822198,0.0,-0.005930953381822198,12486623.44782682,-0.030833761732682916,14612617.467900444
2020-09-11,0.003497421163804859,0.0,0.003497421163804859,12530294.428937709,0.01778938203765561,14872566.902607044
2020-09-14,0.0005255089096014472,0.29999999999999993,7.550890960144723e-05,12531240.577807024,0.005756733571060835,14958184.30778313
2020-09-15,0.002910967361605706,0.0,0.002910967361605706,12567718.610129448,0.000887515283211582,14971459.924965382
2020-09-16,-0.006946993069925404,0.0,-0.006946993069925404,12480410.756040106,-0.009666427041437518,14826739.3998969
2020-09-17,-0.006992277667395477,0.0,-0.006992277667395477,12393144.258630725,-0.007764642157634904,14711615.074092193
2020-09-18,-0.005567944576174538,0.0,-0.005567944576174538,12324139.918274133,-0.004484518444166895,14645640.564948943
2020-09-21,0.0008131426473236296,0.0,0.0008131426473236296,12334161.202033265,-0.006889314551520564,14544742.1402885
2020-09-22,0.009697969258032466,0.0,0.009697969258032466,12453777.518194202,0.017746432960726685,14802859.431612186
2020-09-23,-0.013981165296840625,0.0,-0.013981165296840625,12279659.196142253,-0.031786211296639354,14332332.61392451
2020-09-24,0.00866067772372955,0.0,0.00866067772372955,12386009.36699727,0.01887359728461364,14602835.287828855
2020-09-25,0.0062740230421406236,0.0,0.0062740230421406236,12463719.47516598,0.006767380778182252,14701658.234662669
2020-09-28,0.010316403371447019,0.05589002681332681,0.01023256833122703,12591255.33635686,0.01620019169190756,14939827.916253116
2020-09-29,-0.0064665789470899045,0.0,-0.0064665789470899045,12509832.98968134,-0.010013795396339242,14790223.536243241
2020-09-30,0.006938909433734451,0.0,0.006938909433734451,12596637.587827882,0.012829828752445316,14979979.571423627
2020-10-01,0.00451447413795905,0.0,0.00451447413795905,12653504.782443373,-0.009018142625404213,14844887.979122886
2020-10-02,-0.006956619738365711,0.0,-0.006956619738365711,12565479.161314322,0.0016185906735230677,14868915.776355391
2020-10-05,0.00880146564631864,0.0,0.00880146564631864,12676073.794482164,0.009543262082007032,15010813.73648444
2020-10-06,-0.004438832468213849,0.0,-0.004438832468213849,12619806.826553741,-0.0038222950690303013,14953437.977157345
2020-10-07,0.004942236527511435,0.0,0.004942236527511435,12682176.896822073,0.013568363519878189,15156331.659503369
2020-10-08,0.0005282480600964802,0.0,0.0005282480600964802,12688876.23216562,0.0006857965718998659,15166725.819798032
2020-10-09,0.009735894612002808,0.0,0.009735894612002808,12812413.793906732,0.017705842908681,15435265.484602412
2020-10-12,0.007846212123164003,0.21621713707660833,0.007521886417549091,12908787.315199137,0.004708635144284834,15507944.518124579
2020-10-13,-5.9609461223845864e-05,0.0,-5.9609461223845864e-05,12908017.829342224,-0.0037570559694875775,15449680.302598277
2020-10-14,-0.0016220695449033979,0.0,-0.0016220695449033979,12887080.126736179,-0.0026390360379282773,15408908.039505249
2020-10-15,-0.0012435378023886287,0.0,-0.0012435378023886287,12871054.555436172,0.004654976462370708,15480636.143739982
2020-10-16,0.0009760160978193563,0.0,0.0009760160978193563,12883616.91187819,0.0035485610286136275,15535570.125857806
2020-10-19,-0.0069083737681957785,0.22243501506128752,-0.007242026290787709,12790313.41948193,-0.013754447469070907,15321886.942659626
2020-10-20,0.000276454552725148,0.0,0.000276454552725148,12793849.359857528,0.00422146500660423,15386567.752223209
2020-10-21,0.001627973707460715,0.0,0.001627973707460715,12814677.410232589,0.011590453213003848,15564905.045864064
2020-10-22,0.0007625446649097719,0.0,0.0007625446649097719,12824449.174124302,-0.0016874331152105567,15538640.309654564
2020-10-23,-0.0003870518162396438,0.0,-0.0003870518162396438,12819485.447779184,-0.005932371006171944,15446459.330406236
2020-10-26,-0.0016415770300460344,0.39062308440623533,-0.0022275116566553873,12790929.894511933,-0.020751762044310906,15125918.081954516
2020-10-27,0.0019405599018057407,0.0,0.0019405599018057407,12815751.46017203,0.0005734149110340201,15134591.508925788
2020-10-28,-0.015349760689245722,0.0,-0.015349760689245722,12619032.742205536,-0.025173594865301626,14753599.433828257
2020-10-29,0.005812559315639506,0.0,0.005812559315639506,12692381.618525604,0.0066154593408676455,14851201.271014197
2020-10-30,-0.009294351268835616,0.0,-0.009294351268835616,12574414.165324913,-0.012649301937718559,14663343.941999309
2020-11-02,0.0029589415876225627,0.08276212532456911,0.002834798399635709,12610060.094477134,0.009154256287586437,14797575.950477397
2020-11-03,0.0016752690658023432,0.0,0.0016752690658023432,12631185.33807132,-5.189193654002726e-05,14796808.07560523
2020-11-04,0.007843275472099275,0.0,0.007843275472099275,12730255.204216953,0.0046570923822687686,14865718.177776026
2020-11-05,0.010636183044818169,0.0,0.010636183044818169,12865656.528776253,0.01611661226415697,15105303.193675471
2020-11-06,0.00713250676484959,0.0,0.00713250676484959,12957420.91100198,0.015847093198213046,15344678.341172913
2020-11-09,-0.006513490712168804,0.13865215213789592,-0.006721468940375648,12870328.008801306,-0.005985612045715183,15252831.049656363
2020-11-10,-0.0021043534399534116,0.0,-0.0021043534399534116,12843244.289782656,0.009594105553895392,15399168.320742497
2020-11-11,0.00467360203019939,0.0,0.00467360203019939,12903268.502369732,0.0019130590327057326,15428627.838794649
2020-11-12,-0.001356499326627105,0.0,-0.001356499326627105,12885765.227334978,-0.01212184711363361,15241604.370959627
2020-11-13,0.00728791614567385,0.0,0.00728791614567385,12979675.603784636,0.020953819923031646,15560974.204286808
2020-11-16,0.007111403462473865,0.0,0.007111403462473865,13071979.313815178,0.02137790377924127,15893635.213537307
2020-11-17,-0.0017084552036086796,0.0,-0.0017084552036086796,13049646.422735026,-0.0052184152233021195,15810695.625585373
2020-11-18,-0.0042975573433563,0.0,-0.0042975573433563,12993564.818922797,-0.004376017819748934,15741507.739785185
2020-11-19,0.00027620932930943353,0.0,0.00027620932930943353,12997153.762746772,-0.005291381524243721,15658213.416567147
2020-11-20,0.00045594032541060596,0.0,0.00045594032541060596,13003079.689262768,0.006119024800484351,15754026.412794398
2020-11-23,0.002227019733704653,0.1465131112195622,0.0020072500668753095,13029180.121838626,0.007406351696930868,15870706.273050291
2020-11-24,0.01003980536466041,0.0,0.01003980536466041,13159990.55432299,0.026600732483290424,16292878.684940582
2020-11-25,0.0014014737576646345,0.0,0.0014014737576646345,13178433.935735987,-0.0005449083494623142,16284000.55930838
2020-11-27,-0.0010895757261503915,0.0,-0.0010895757261503915,13164075.034010932,-0.000503500624186237,16275801.55486252
2020-11-30,-0.00014494222295380354,0.0,-0.00014494222295380354,13162167.003712371,-0.0034894477097140763,16219007.996403143
2020-12-01,0.003359244881054089,0.14284874466060235,0.0031449717640631854,13203561.647292932,0.015766640101390395,16474727.258284003
2020-12-02,-0.0007453975688765464,0.0,-0.0007453975688765464,13193719.744540526,-0.004503260482562943,16400537.270060768
2020-12-03,-0.0005034440542834145,0.0,-0.0005034440542834145,13187077.444781257,-0.003698540741331857,16339879.214787716
2020-12-04,0.0005303460813382722,0.0,0.0005303460813382722,13194071.1596284,0.0054248764238153165,16428521.040308008
2020-12-07,-0.0020555896995729053,0.0,-0.0020555896995729053,13166949.562857235,-0.012590689372781239,16221674.63503529
2020-12-08,0.0014974606199231718,0.15715125533939758,0.0012617337369140755,13183562.747332938,0.004249098179422384,16290602.123194199
2020-12-09,-4.1994159497518774e-05,0.0,-4.1994159497518774e-05,13183009.11469618,-0.006840929363450642,16179159.26478135
2020-12-10,0.00039768287651208915,0.0,0.00039768287651208915,13188251.771681996,0.008734434571920247,16320475.07280826
2020-12-11,-0.0011478326934887587,0.0,-0.0011478326934887587,13173113.865128499,-0.017084177207428042,16041653.184554992
2020-12-14,-0.00035735072951371646,0.0,-0.00035735072951371646,13168406.443278829,-0.0013837315319893853,16019455.843218287
2020-12-15,0.0003009632170535604,0.35589002681332677,-0.00023287182316642977,13165339.892462185,0.007517465659955612,16139881.552410858
2020-12-16,0.00197821192434151,0.0,0.00197821192434151,13191383.72482546,0.006490011727782095,16244629.572971018
2020-12-17,0.0011404684979417154,0.0,0.0011404684979417154,13206428.082407884,0.01548500648972282,16496177.767331617
2020-12-18,-0.005920858855106447,0.0,-0.005920858855106447,13128234.685751833,-0.015678888310590045,16237536.038565986
2020-12-21,0.0008500004771518909,0.0,0.0008500004771518909,13139393.691498885,-0.00647373326918591,16132418.561303517
2020-12-22,0.0009402963240474623,0.0,0.0009402963240474623,13151748.615087213,-0.0013823386911516857,16110118.094944373
2020-12-23,-0.002704622352598884,0.0,-0.002704622352598884,13116178.101807088,-0.0005568645431594744,16101146.941391185
2020-12-24,-0.002264406785919592,0.0,-0.002264406785919592,13086477.739108026,-0.006962959054806283,15989035.31450286
2020-12-28,0.003320958295371556,0.0,0.003320958295371556,13129937.38591291,0.009092579559751202,16134416.890183646
2020-12-29,-0.0009085148208933688,0.0,-0.0009085148208933688,13118008.643200407,-0.005988869514561578,16037789.9727348
2020-12-30,0.0014432965014589125,0.09865751638896836,0.00129531022687546,13135000.533952186,0.007816424973995772,16163148.154805383
2020-12-31,-0.002424186835111937,0.0,-0.002424186835111937,13103158.838578591,-0.009031009942643553,16017178.603114912
2021-01-04,0.0,0.0,0.0,13103158.838578591,0.005421914823684148,16104022.381216737
2021-01-05,0.0,0.3992971135927535,-0.0005989456703891302,13095310.758323804,0.013069207585733423,16314489.192682156
2021-01-06,-0.008718370687614222,0.0,-0.008718370687614222,12981140.984863233,-0.013597853701580807,16092647.155424042
2021-01-07,0.008941714230316833,0.0,0.008941714230316833,13097214.637933332,0.01590973499567796,16348676.90704579
2021-01-08,0.0133303311802846,0.0,0.0133303311802846,13271804.846596254,0.023782581359081068,16737490.645700939
2021-01-11,-0.010726818455191417,0.0,-0.010726818455191417,13129440.605434086,-0.03130181327421433,16213576.8388303
2021-01-12,0.008883673397973676,0.0,0.008883673397973676,13246078.267670855,0.028255534028597797,16671700.110925151
2021-01-13,0.0050649142025606594,0.0,0.0050649142025606594,13313168.517617013,0.005742075066063246,16767430.26444098
2021-01-14,0.0069930343805824965,0.0,0.0069930343805824965,13406267.962775195,0.024635305685887853,17180501.034572292
2021-01-15,-0.011094181349964927,0.0,-0.011094181349964927,13257536.394769942,-0.029823850360657052,16668112.342596093
2021-01-19,0.008768182287589698,0.0,0.008768182287589698,13373780.89056364,0.017113105363883552,16953355.50533199
2021-01-20,0.011248827316775236,0.0,0.011248827316775236,13524220.242373979,0.01991592492979386,17290997.260884285
2021-01-21,-0.005738041252066655,0.0,-0.005738041252066655,13446617.708721202,-0.01550563376105376,17022889.38999363
2021-01-22,-0.0066892024828648635,0.0,-0.0066892024828648635,13356670.560157891,-0.019384106654482435,16692915.886490539
2021-01-25,0.0073679703469042125,0.0,0.0073679703469042125,13455082.112778503,0.014451171998742927,16934148.085126765
2021-01-26,0.0029608616845641063,0.0,0.0029608616845641063,13494920.74986889,0.0048350294264219995,17016025.18942974
2021-01-27,-0.012043293335295673,0.0,-0.012043293335295673,13332397.460741652,-0.025991502876455984,16573753.12177283
2021-01-28,0.0064518940394864225,0.0,0.0064518940394864225,13418416.676450675,0.015370834797186282,16828505.542976953
2021-01-29,-0.009661434868194022,0.0,-0.009661434868194022,13288775.517696857,-0.017256303104924764,16538107.750524435
2021-02-01,0.008786772712805025,0.0,0.008786772712805025,13405540.967802348,0.011919795392868882,16735238.611095905
2021-02-02,0.0047661420060599365,0.0,0.0047661420060599365,13469433.679722946,0.0024767128513006886,16776686.991633594
2021-02-03,-0.0020137187329209876,0.0,-0.0020137187329209876,13442310.028800251,0.00036167288900611477,16782754.66448581
2021-02-04,0.003645276144347885,0.0,0.003645276144347885,13491310.960873166,0.003160016948733235,16835788.453672014
2021-02-05,0.004253753654564428,0.0,0.004253753654564428,13548699.674177844,0.016533424089286552,17114141.684054084
2021-02-08,0.0048375590015244645,0.0,0.0048375590015244645,13614242.308245614,0.01251511660071487,17328327.16275118
2021-02-09,-0.001326030742058002,0.0,-0.001326030742058002,13596189.404415056,0.0008607248890418306,17343242.085225616
2021-02-10,7.454047004310568e-05,0.0,7.454047004310568e-05,13597202.870764056,0.0061173907188897475,17449337.473393235
2021-02-11,-0.003470267419576553,0.0,-0.003470267419576553,13550016.94064427,-0.00926067072780704,17287744.904633757
2021-02-12,0.0035204465468109784,0.0,0.0035204465468109784,13597719.050992193,0.007636330296545179,17419759.83480796
2021-02-16,-0.0032896535966295223,0.0,-0.0032896535966295223,13552987.26561014,-0.0006578437676257433,17408300.35436709
2021-02-17,-0.0022796770944519167,0.0,-0.0022796770944519167,13522090.83097933,-0.005322761702740375,17315640.119931065
2021-02-18,-0.0054187356207938756,0.0,-0.0054187356207938756,13448818.195725892,-0.0041251933703017486,17244209.756105796
2021-02-19,-5.829814905830609e-05,0.0,-5.829814905830609e-05,13448034.154518059,0.014652099970035115,17496873.64135651
2021-02-22,-0.010963413034916927,0.0,-0.010963413034916927,13300597.801574407,-0.009756989148875506,17326156.83509855
2021-02-23,-0.001504469146386604,0.0,-0.001504469146386604,13280587.462553442,0.0027373287806339297,17373584.222861044
2021-02-24,0.0032882692787872146,0.0,0.0032882692787872146,13324257.610310804,0.01374648231371276,17612409.891106404
2021-02-25,-0.015549813854910574,0.0,-0.015549813854910574,13117067.884715594,-0.03143696713547731,17058729.140183136
2021-02-26,0.007035819062500719,0.0,0.007035819062500719,13209357.200982992,8.998998011873222e-05,17060264.254879314
2021-03-01,0.016825054859801153,0.0,0.016825054859801153,13431605.360552242,0.03227029648290873,17610804.040461037
2021-03-02,-0.005204054804936873,0.0,-0.005204054804936873,13361706.550137643,0.0016159675426314687,17639262.52819007
2021-03-03,-0.003003925501446657,0.0,-0.003003925501446657,13321568.979088835,0.00014417483515163313,17641805.665957265
2021-03-04,-0.00882561561219886,0.09924283528680321,-0.008974479865129064,13202014.826514075,-0.028984016175872308,17130475.285163563
2021-03-05,0.00843797378648167,0.0,0.00843797378648167,13313413.081548944,0.021239690311390766,17494321.27510737
2021-03-08,-0.009283891421198395,0.0,-0.009283891421198395,13189812.800054282,-0.009657775502244302,17325365.047668245
2021-03-09,0.019897206392834495,0.0,0.019897206392834495,13452253.22761981,0.02006335640212292,17672970.021416496
2021-03-10,0.003983190314281029,0.0,0.003983190314281029,13505836.112381322,0.006478264519955711,17787460.196068477
2021-03-11,0.0024546511589035726,0.19789871591752245,0.002157803085027289,13534979.047210492,0.006614555756752849,17905116.343306396
2021-03-12,-0.007436958863025228,0.0,-0.007436958863025228,13434319.96482448,-0.019184935156082182,17561607.847297955
2021-03-15,0.007389908093000113,0.0,0.007389908093000113,13533598.354656491,0.018618576590607994,17888579.988057096
2021-03-16,0.0002836638385429343,0.0,0.0002836638385429343,13537437.34711507,-0.007269407096647051,17758540.617742974
2021-03-17,0.0043701013305681696,0.0,0.0043701013305681696,13596597.32007818,0.017789124067090503,18074449.50004247
2021-03-18,-0.009605038807498995,0.0992428352868032,-0.0097539030604292,13463977.427866444,-0.024835830771464684,17625555.530972026
2021-03-19,0.0002059889769806345,0.0,0.0002059889769806345,13466750.8588029,0.0013658670383831064,17649629.696304973
2021-03-22,0.00169691068167527,0.0,0.00169691068167527,13489602.732182665,-0.0024222151837662185,17606878.49526673
2021-03-23,0.0001059980139734875,0.0,0.0001059980139734875,13491032.603281567,-0.011428223559129569,17405663.151644394
2021-03-24,-0.0016828054865318355,0.0,-0.0016828054865318355,13468329.819597784,0.0032937468192506315,17462992.999287073
2021-03-25,0.0009591050666195662,0.0,0.0009591050666195662,13481247.362966664,-5.2342476969391386e-05,17462078.94297819
2021-03-26,0.002318243156821905,0.0,0.002318243156821905,13512500.172411283,0.011796563478489541,17668071.465695426
2021-03-29,0.0020819657229771524,0.0,0.0020819657229771524,13540632.734601967,0.0075114921430144525,17800785.045692217
2021-03-30,-0.0006853988754129417,0.0,-0.0006853988754129417,13531352.000153292,-0.0017871237049005397,17768972.84077122
2021-03-31,0.0017439972769969934,0.0,0.0017439972769969934,13554950.641195647,0.0026877735609895812,17816731.816178586
2021-04-01,0.0009598416139588243,0.0,0.0009598416139588243,13567961.246896226,-0.003697100762136374,17750861.563402213
2021-04-05,0.0030508834553165513,0.0,0.0030508834553165513,13609355.515386757,0.010206903021678381,17932042.8859311
2021-04-06,0.00109585405871735,0.0,0.00109585405871735,13624269.38286482,0.0041350268505398685,18006192.364749458
2021-04-07,-0.0005490003705153072,0.0,-0.0005490003705153072,13616789.653925627,-0.007949514747387799,17863051.87300158
2021-04-08,0.0009381138068461925,0.0,0.0009381138068461925,13629563.752304897,0.006304224310975591,17975664.558887575
2021-04-09,-0.0003423601565310295,0.0,-0.0003423601565310295,13624897.53272521,-0.006823196470506564,17853013.067914367
2021-04-12,0.00041918251389662516,0.0,0.00041918251389662516,13630608.85152456,-0.001618311050480481,17824121.339582186
2021-04-13,0.0031256671535635923,0.0,0.0031256671535635923,13673213.597894842,0.007597139824956356,17959533.68165598
2021-04-14,-0.003869994090420821,0.0,-0.003869994090420821,13620298.342073929,-0.0050363436972696626,17869083.29739247
2021-04-15,0.0034856620922138703,0.0,0.0034856620922138703,13667774.09968954,0.020391622505470264,18233462.8985117
2021-04-16,-0.0029204341914102305,0.0,-0.0029204341914102305,13627858.264888337,-0.014633612146774477,17966641.474362276
2021-04-19,-0.0006138370754603265,0.0,-0.0006138370754603265,13619492.980226228,0.008831801794439242,18125319.290775597
2021-04-20,-0.0020942384731770544,0.0,-0.0020942384731770544,13590970.514041873,-0.010761145722843913,17930270.088614486
2021-04-21,0.0006797031339680354,0.0,0.0006797031339680354,13600208.339293936,0.004166375107814191,18004974.319588076
2021-04-22,-0.0020849990863076743,0.0,-0.0020849990863076743,13571851.917332914,-0.012818799548365421,17774172.16291181
2021-04-23,0.005049266337018163,0.0,0.005049266337018163,13640379.812350096,0.018123282131161586,18096298.4996681
2021-04-26,0.0032055580842554146,0.0,0.0032055580842554146,13684104.84212989,0.022443945419395185,18502450.835487735
2021-04-27,-0.0032071096343004135,0.0,-0.0032071096343004135,13640218.417653918,-0.01630804979119309,18200711.946003497
2021-04-28,-0.0015640049361134362,0.0,-0.0015640049361134362,13618885.048719043,-0.011364483068952413,17993870.26325026
2021-04-29,-0.0009175279425922682,0.0,-0.0009175279425922682,13606389.34113989,-0.016171110442280513,17702889.399939176
2021-04-30,0.002446782724658756,0.09860160232476893,0.0022988803211716024,13637668.801838437,0.010807629117632576,17894215.66288419
2021-05-03,-0.0010504689929022647,0.0,-0.0010504689929022647,13623342.853626635,0.014384672641205043,18151618.097365905
2021-05-04,-0.008011975010308148,0.0,-0.008011975010308148,13514192.971126517,-0.01057533432259541,17959658.667490188
2021-05-05,-0.0012635510262709259,0.0,-0.0012635510262709259,13497117.098728625,0.002109502275176278,17997544.608310647
2021-05-06,0.0028198924189786643,0.0,0.0028198924189786643,13535177.516913397,0.00762030540241042,18134691.39471948
2021-05-07,0.00033106645220044585,0.0,0.00033106645220044585,13539658.560113825,0.0029832108692319998,18188791.003198374
2021-05-10,-0.009582282197190305,0.0,-0.009582282197190305,13409917.73093721,-0.018184740423444812,17858032.560188927
2021-05-11,0.0002753081215833175,0.0,0.0002753081215833175,13413609.590198303,9.212753325602528e-05,17859677.7766775
2021-05-12,-0.00545723859374847,0.0,-0.00545723859374847,13340408.3222612,-0.010337464778297589,17675053.986709353
2021-05-13,0.004429629702040083,0.0,0.004429629702040083,13399501.39120283,0.0033408098093703265,17734102.980449304
2021-05-14,0.006753183199440693,0.09929711359275349,0.006604237529051563,13487994.881161192,0.016524021351716434,18027141.676751785
2021-05-17,-0.016425735221689188,0.0,-0.016425735221689188,13266444.648571737,-0.038737855150950094,17328808.873692118
2021-05-18,0.00635918886926001,0.0,0.00635918886926001,13350808.47571559,0.017638411614468552,17634461.537394755
2021-05-19,-0.003658798616415812,0.0,-0.003658798616415812,13301960.55613661,-0.021748756219128675,17250933.932362355
2021-05-20,0.007409702635239842,0.0,0.007409702635239842,13400524.12832327,0.00902114095585913,17406557.03898641
2021-05-21,0.0017339571981443208,0.09929711359275349,0.0015850115277551906,13421764.113544622,0.0033066685338551836,17464114.753429983
2021-05-24,0.004961031557742279,0.0,0.004961031557742279,13488349.90887249,0.006636663581887813,17580018.20780398
2021-05-25,0.00408426016478296,0.0,0.00408426016478296,13543439.839093953,0.0035766747161461664,17642896.21443722
2021-05-26,0.002778702726430593,0.0,0.002778702726430593,13581073.032300092,0.008843114064033063,17798914.358081385
2021-05-27,-0.0027520810852144193,0.0,-0.0027520810852144193,13543696.818090985,0.007568254057864133,17933621.063897513
2021-05-28,-0.0012402324409284016,0.09860160232476893,-0.001388134844415555,13524896.340615591,0.006784938946714691,18055299.58790957
2021-06-01,-0.0011683386504598293,0.0,-0.0011683386504598293,13509094.681477387,0.0014194000506330571,18080927.281058848
2021-06-02,0.0019576372702945887,0.0,0.0019576372702945887,13535540.588713786,0.0054591123219630885,18179633.093971394
2021-06-03,-0.004833412590778337,0.0,-0.004833412590778337,13470117.736409307,-0.03507342081732075,17542011.172162045
2021-06-04,0.003560356299500513,0.0,0.003560356299500513,13518076.154947145,0.011622050813009266,17745885.31736729
2021-06-07,0.00040329299687477535,0.0,0.00040329299687477535,13523527.900391655,-0.0027347958322999186,17697353.944160882
2021-06-08,-0.00043762529437407543,0.0,-0.00043762529437407543,13517609.662513271,-1.4021709824663152e-05,17697105.796999212
2021-06-09,0.00041369323165515017,0.0,0.00041369323165515017,13523201.80613881,0.005266728040309499,17790311.64033259
2021-06-10,0.002722834763885583,0.0,0.002722834763885583,13560023.250135606,0.005882468723447854,17894962.592137236
2021-06-11,0.0004985752444977741,0.0,0.0004985752444977741,13566783.942042938,0.00629348217785417,18007584.22028422
2021-06-14,0.0025517985404291533,0.0,0.0025517985404291533,13601403.64150456,0.009587932139520094,18180239.715784997
2021-06-15,-0.002036295499517361,0.0,-0.002036295499517361,13573707.164482245,-0.02108251768451628,17796954.490468215
2021-06-16,0.001413661420016403,0.0,0.001413661420016403,13592895.790627273,0.002561914897260276,17842548.773303207
2021-06-17,0.003427492684844191,0.0,0.003427492684844191,13639485.341515496,-0.0051220218700719685,17751158.848268524
2021-06-18,0.000692378021058762,0.0,0.000692378021058762,13648929.021384515,-0.0021760291851710134,17712531.808544084
2021-06-21,0.0040524813542477936,0.3,0.0036024813542477937,13698099.033689506,0.01644189484116569,18003759.39391097
2021-06-22,0.0046411271096022414,0.0,0.0046411271096022414,13761673.65246478,0.01091523721569878,18200274.698469874
2021-06-23,0.001095855287753227,0.0,0.001095855287753227,13776754.455305165,0.000832616862275648,18215428.55408187
2021-06-24,-0.0013798955685851992,0.0,-0.0013798955685851992,13757743.972882804,0.002062075268882546,18252990.138815336
2021-06-25,-0.002875714208359631,0.0,-0.002875714208359631,13718180.63306501,-0.008428255246464155,18099149.27891421
2021-06-28,8.222858098453495e-05,0.08668649421652502,-4.780116034025259e-05,13717524.888112992,-0.006028353512791296,17990041.208780132
2021-06-29,0.0014231993431572053,0.0,0.0014231993431572053,13737047.660523498,0.006107022520862881,18099906.795593403
2021-06-30,-0.004032858559080086,0.0,-0.004032858559080086,13681648.090289265,-0.007507594492765002,17964020.035015248
2021-07-01,0.0006573628461885409,0.0,0.0006573628461885409,13690641.897418447,0.001268028136286614,17986798.917860463
2021-07-02,0.008811245976524846,0.0,0.008811245976524846,13811273.510753118,0.016767354759987318,18288389.956312787
2021-07-06,-0.0026578195366938747,0.18528809654129397,-0.0029357516815058157,13770727.041320186,-0.019478219497665317,17932164.68248483
2021-07-07,0.014162461674538317,0.0,0.014162461674538317,13965754.435273413,0.019982453031711554,18290493.3210095
2021-07-08,-0.003956514892348028,0.0,-0.003956514892348028,13910498.719867377,-0.007624822887347749,18151031.548914585
2021-07-09,0.010988400766021344,0.0,0.010988400766021344,14063352.854656506,0.019246766477470544,18500380.214461744
2021-07-12,-0.004445280810088625,0.0,-0.004445280810088625,14000837.302086195,-0.006190999613591852,18385844.36770271
2021-07-13,-0.005859936389574726,0.39860160232476893,-0.00645783879306188,13910422.151821436,-0.012276866948660946,18160123.80266164
2021-07-14,0.00199824350751967,0.0,0.00199824350751967,13938218.56257317,0.004450926848313541,18240953.1852636
2021-07-15,-0.0026397081132119838,0.0,-0.0026397081132119838,13901425.733949823,-0.010211795699668434,18054680.297968473
2021-07-16,0.0015397975930886276,0.0,0.0015397975930886276,13922831.115835462,0.010334202501876088,18241261.02027431
2021-07-19,-0.0014256639262763338,0.0,-0.0014256639262763338,13902981.837761976,-0.0010970545423154227,18221249.362014458
2021-07-20,0.002998613453851047,0.0,0.002998613453851047,13944671.506149337,0.015570838662049225,18504969.496051352
2021-07-21,0.0010206458915893591,0.0,0.0010206458915893591,13958904.07783165,0.005500524686937225,18606756.537595406
2021-07-22,-0.00015092173131919277,0.0,-0.00015092173131919277,13956797.375860907,-0.006031885285055771,18494522.716633666
2021-07-23,0.0026687703425040984,0.0,0.0026687703425040984,13994044.862773944,0.004478498703523204,18577350.41264239
2021-07-26,0.0023872002157060523,0.0,0.0023872002157060523,14027451.44968896,0.017526598978436624,18902948.183406666
2021-07-27,-0.0027524848608439013,0.0,-0.0027524848608439013,13988841.101937467,-0.009544174500665425,18722535.147367198
2021-07-28,0.0028468866696222416,0.0,0.0028468866696222416,14028665.747194039,0.007567688540445171,18864221.46205001
2021-07-29,-0.0012352291410202177,0.0,-0.0012352291410202177,14011337.130453471,0.005986307063462171,18977148.484234996
2021-07-30,-0.001475915131312756,0.0,-0.001475915131312756,13990657.585972711,-0.0100666265756432,18786112.61697367
2021-08-02,-0.0009457983672141918,0.0,-0.0009457983672141918,13977425.244871646,-0.01311496650004964,18539733.379335903
2021-08-03,0.004382777481344226,0.0,0.004382777481344226,14038685.189482043,0.010356175703064463,18731734.11570027
2021-08-04,0.002221331094722388,0.0,0.002221331094722388,14069869.757422457,0.00534288779376626,18831815.66926312
2021-08-05,0.0008958062445057746,0.0,0.0008958062445057746,14082473.634610537,0.002012038469350663,18869706.0068374
2021-08-06,6.315063833621336e-05,0.0,6.315063833621336e-05,14083362.951809915,0.0005471036855599242,18880029.692539174
2021-08-09,0.0030348118940950954,0.0,0.0030348118940950954,14126103.309204925,0.00865427374376526,19043422.63778882
2021-08-10,-0.0016936466819427968,0.0,-0.0016936466819427968,14102178.681206508,0.008978339223328724,19214400.946204107
2021-08-11,-0.002048795428115685,0.0,-0.002048795428115685,14073286.20199798,-0.0019881972219633944,19176198.927621175
2021-08-12,-0.0012446768665914539,0.0,-0.0012446768665914539,14055769.508225434,-0.008393249529636748,19015248.304991696
2021-08-13,0.0015956408858692004,0.0,0.0015956408858692004,14078197.468735112,0.009095373080240998,19188199.08253902
2021-08-16,0.00039704790110176654,0.0,0.00039704790110176654,14083787.187491369,-0.01304839140056141,18937823.950638153
2021-08-17,0.001001046098043098,0.09860160232476893,0.0008531436945559446,14095802.681725845,0.00021554126235154855,18941905.833118662
2021-08-18,-0.0016782431240346396,0.0,-0.0016782431240346396,14072146.49779749,-0.005251718588907738,18842428.274145536
2021-08-19,0.0005864807395603355,0.0,0.0005864807395603355,14080399.540682718,-0.007244971252558774,18705915.42297095
2021-08-20,0.0026455109011516596,0.0,0.0026455109011516596,14117649.391160162,0.0112132742812441,18915669.98329048
2021-08-23,0.004533460974274872,0.0,0.004533460974274872,14181651.203723483,0.012931332366654311,19160274.798782352
2021-08-24,5.5005289181986326e-05,0.19789871591752242,-0.00024184278469429729,14178221.473704811,0.001594333529060754,19190822.667320065
2021-08-25,0.0005137491813418778,0.0,0.0005137491813418778,14185505.523379808,0.0037508251000319846,19262804.086670913
2021-08-26,-0.0004909461276877002,0.0,-0.0004909461276877002,14178541.204373814,-0.002516332156639889,19214332.473320566
2021-08-27,0.004208372612678691,0.0,0.004208372612678691,14238209.788866036,0.016864842062495097,19538379.15581939
2021-08-30,0.0015010691800431887,0.0,0.0015010691800431887,14259582.326759093,0.0037132907799418023,19610930.838993702
2021-08-31,0.0009531151147789507,0.09929711359275349,0.0008041694443898205,14271049.447156034,0.001905911208453881,19648307.531887952
2021-09-01,-0.001437857150131671,0.0,-0.001437857150131671,14250529.71666856,-0.0132028108800059,19388894.64343224
2021-09-02,-0.0012739755697223905,0.0,-0.0012739755697223905,14232374.88995392,-0.005770060048418933,19277019.557067167
2021-09-03,0.00010051237439417788,0.0,0.00010051237439417788,14233805.419747379,0.0022844314533492227,19321056.58687016
2021-09-07,0.0006338400763158981,0.0,0.0006338400763158981,14242827.376060897,-0.006828318872816918,19189126.25153527
2021-09-08,0.0019362739240626086,0.0,0.0019362739240626086,14270405.391314091,-0.0021820044569939804,19147255.492528602
2021-09-09,0.0010820024457652907,0.0,0.0010820024457652907,14285846.004849557,0.010310189227238675,19344667.319838855
2021-09-10,-7.620943286490184e-05,0.0,-7.620943286490184e-05,14284757.288627531,0.020994715527376993,19750803.10719062
2021-09-13,-0.0013929579609346383,0.0,-0.0013929579609346383,14264859.222242318,-0.01301231978166113,19493799.341215227
2021-09-14,-0.0014391555787082488,0.0,-0.0014391555787082488,14244329.870513141,-0.007655226947425608,19344569.88319065
2021-09-15,0.0011611338721883295,0.0,0.0011611338721883295,14260869.444412421,0.011577700894033583,19568535.527221963
2021-09-16,-0.00133070311462167,0.0,-0.00133070311462167,14241892.461025527,-0.018630772469825217,19203958.594246596
2021-09-17,-0.0009568174788905748,0.0,-0.0009568174788905748,14228265.569386339,-0.001742773541838072,19170490.443309993
2021-09-20,-0.003939903221569568,0.0,-0.003939903221569568,14172207.580032166,-0.022805143932058822,18733304.64950215
2021-09-21,0.0014026534671180487,0.0,0.0014026534671180487,14192086.276131015,0.009981545550173542,18920291.983166434
2021-09-22,0.0011206256825123234,0.3,0.0006706256825123235,14201603.85367622,0.009146967278262851,19093355.274831638
2021-09-23,0.0034338242046686633,0.0,0.0034338242046686633,14250369.664734093,0.006900105019627966,19225101.43140504
2021-09-24,0.002599667937391384,0.0,0.002599667937391384,14287415.893847477,-0.00258222585756438,19175457.87737457
2021-09-27,0.0030143235313976617,0.0,0.0030143235313976617,14330482.78777917,0.002743042409439744,19228056.971552633
2021-09-28,-0.007115676834157607,0.0,-0.007115676834157607,14228511.703383874,-0.016208500282643278,18916399.00469454
2021-09-29,-0.0004863683288030261,0.09860160232476893,-0.0006342707322901795,14219486.974846369,0.003377967149010719,18980297.979109976
2021-09-30,-0.0009721348928641849,0.0,-0.0009721348928641849,14205663.715399493,0.0011881627491052483,19002849.66213567
2021-10-01,0.010749560277336067,0.0,0.010749560277336067,14358368.353787744,0.014522280070664407,19278814.367069937
2021-10-04,-0.010342056301883562,0.0,-0.010342056301883562,14209873.299869688,-0.01935983123649203,18905579.774483804
2021-10-05,0.0026321582185410922,0.0,0.0026321582185410922,14247275.934660368,-0.0002532731063455301,18900791.49956706
2021-10-06,0.004968925295605908,0.0,0.004968925295605908,14318069.58444558,6.77320130061164e-05,18902071.688222732
2021-10-07,0.011167699836634393,0.0,0.011167699836634393,14477969.487804715,0.012740399328449968,19142891.62966568
2021-10-08,-0.001239877081289986,0.0,-0.001239877081289986,14460018.58525317,-0.0056622629225670075,19034499.544160306
2021-10-11,0.012259732965208704,0.0,0.012259732965208704,14637294.551780328,0.017012615656888542,19358326.169126328
2021-10-12,-0.0038606605844014874,0.0,-0.0038606605844014874,14580784.925641997,-0.006910653017144063,19224547.493978795
2021-10-13,0.014280177088495292,0.3,0.013830177088495292,14782439.763252886,0.008641896950379556,19390684.05233944
2021-10-14,0.002572398060299186,0.0,0.002572398060299186,14820466.082626367,0.0008669511876357007,19407494.828907683
2021-10-15,0.00585872620011052,0.0,0.00585872620011052,14907295.135562502,0.022251240020910633,19839335.65455029
2021-10-18,0.0022202252639295984,0.0,0.0022202252639295984,14940392.688839333,0.0033045953924038082,19904896.63174267
2021-10-19,-0.00016046178525198627,0.0,-0.00016046178525198627,14937995.326756114,-0.0055260102267536415,19794901.969393186
2021-10-20,-0.0028239888585737337,0.09860160232476893,-0.0029718912620608873,14893601.228971822,-0.0014794659289201761,19765616.086363155
2021-10-21,0.0021180129031418285,0.0,0.0021180129031418285,14925146.068549031,-0.007327290561779077,19620787.674165796
2021-10-22,-0.0006833479941888089,0.0,-0.0006833479941888089,14914946.999920113,-0.0013092194994332783,19595099.75634854
2021-10-25,0.0014870630963923586,0.0,0.0014870630963923586,14937126.467188342,0.013474497923866346,19859133.88733341
2021-10-26,-0.0013356846296621297,0.0,-0.0013356846296621297,14917175.176954798,-0.004903591290956777,19761752.81135754
2021-10-27,-0.0004750957754904565,0.0,-0.0004750957754904565,14910088.090045977,-0.021169220219075933,19343411.914178967
2021-10-28,0.0025583951736735102,0.0,0.0025583951736735102,14948233.987454595,0.009356538070012955,19524399.284157924
2021-10-29,0.0011138488103081636,0.0,0.0011138488103081636,14964884.06009773,-0.00424338888346848,19441549.665279128
2021-11-01,0.0025980546893305478,0.0,0.0025980546893305478,15003763.647305353,0.016431518027761282,19761003.839091778
2021-11-02,0.0005062763518563578,0.0,0.0005062763518563578,15011359.698028825,0.0003471725964680596,19767864.31810341
2021-11-03,0.0024439472410541768,0.0,0.0024439472410541768,15048046.669147294,0.011476512423146224,19994730.458529193
2021-11-04,0.002712101976324898,0.0,0.002712101976324898,15088858.50625852,0.011834453821979786,20231357.172823593
2021-11-05,0.00024919506155922095,0.0,0.00024919506155922095,15092618.575282846,-0.0011007977084934394,20209086.541208036
2021-11-08,-0.000945204385273154,0.0,-0.000945204385273154,15078352.966020234,0.0018803533908413827,20247086.765611604
2021-11-09,-0.003292974762902049,0.0,-0.003292974762902049,15028700.330237001,-0.00377755406450867,20170602.30070571
2021-11-10,-0.005452860232789864,0.0,-0.005452860232789864,14946750.927855736,-0.023038718730734972,19705897.467670236
2021-11-11,0.0009785917392350575,0.0,0.0009785917392350575,14961377.69484214,0.01402372960455498,19982247.645371925
2021-11-12,0.0018452148356228016,0.0,0.0018452148356228016,14988984.650926016,0.0014668260691180547,20011558.127137724
2021-11-15,0.0016589128789356053,0.0,0.0016589128789356053,15013850.070605608,-0.0002356333949034008,20006842.735758923
2021-11-16,0.0007169854044279257,0.0,0.0007169854044279257,15024614.781970503,-0.018345238464612335,19639812.43484743
2021-11-17,0.0036309959140290765,0.0,0.0036309959140290765,15079169.096853698,-0.002501323747087103,19590686.905615807
2021-11-18,0.006537632699135699,0.0,0.006537632699135699,15177751.165817086,0.030167994259996788,20181698.63573382
2021-11-19,0.0018335512651704855,0.0,0.0018335512651704855,15205580.350669611,0.017113900245357992,20527086.212967645
2021-11-22,-0.0033331997333676156,0.0,-0.0033331997333676156,15154897.114299059,0.027362610097774732,21088760.869456485
2021-11-23,-0.004862188146837473,0.0,-0.004862188146837473,15081211.153183375,-0.022584269518925913,20612486.610160504
2021-11-24,0.001019426369065345,0.0,0.001019426369065345,15096585.337510372,0.00284498510504918,20671128.827544436
2021-11-26,-0.0025305085530917025,0.0,-0.0025305085530917025,15058383.299191322,-0.02241936057670155,20207695.336832266
2021-11-29,0.007651589192653667,0.0,0.007651589192653667,15173603.862102251,0.015600400960855198,20522943.486581653
2021-11-30,-0.00010606556553648813,0.0,-0.00010606556553648813,15171994.465227392,-0.0014457272301644285,20493272.908339977
2021-12-01,-0.007327141999147535,0.0,-0.007327141999147535,15060827.107370391,-0.03414671235074337,19793495.01321361
2021-12-02,0.004316845063197571,0.0,0.004316845063197571,15125842.364516515,0.0213111877371329,20215317.901414208
2021-12-03,-0.003860806134766739,0.0,-0.003860806134766739,15067444.419522075,-0.008933211642554749,20034730.188179348
2021-12-06,-0.002323645459760624,0.0,-0.002323645459760624,15032433.020706458,-0.0070321682708829655,19893842.594234332
2021-12-07,0.012339435417357887,0.0,0.012339435417357887,15217924.757131223,0.03874539608037693,20664637.405108616
2021-12-08,-0.0005701633398014588,0.0,-0.0005701633398014588,15209248.054326849,0.002903282375565264,20724632.682684314
2021-12-09,-0.00307688263361397,0.0,-0.00307688263361397,15162450.983118165,-0.01579405321659455,20397306.731199626
2021-12-10,-0.0012646798337478736,0.0,-0.0012646798337478736,15143275.337129625,-0.01191855885892288,20154200.230360318
2021-12-13,-0.00024925315684193794,0.0,-0.00024925315684193794,15139500.827946916,-0.005488778045900823,20043578.29860323
2021-12-14,-0.0008707825162743659,0.0,-0.0008707825162743659,15126317.615320818,-0.004094828540891405,19961503.28212452
2021-12-15,0.005042093898713183,0.0,0.005042093898713183,15202585.929079026,0.017379467131034332,20308423.572302233
2021-12-16,-0.0033022797922720587,0.0,-0.0033022797922720587,15152382.736775149,0.008735139939250191,20485820.494151857
2021-12-17,-0.0021353433144256904,0.0,-0.0021353433144256904,15120027.197600558,-0.008867613531044538,20304160.155143365
2021-12-20,-0.0027320207237888174,0.0,-0.0027320207237888174,15078718.969952462,-0.0383669275478543,19525151.91355095
2021-12-21,0.011405489417960012,0.0,0.011405489417960012,15250699.13960065,0.04622677244244201,20427736.667962786
2021-12-22,0.002520600671814373,0.0,0.002520600671814373,15289140.062097566,0.007536450614622358,20581689.296529397
2021-12-23,-0.0010553162519033063,0.0,-0.0010553162519033063,15273005.184112407,-4.438590638500186e-06,20581597.94283596
2021-12-27,0.004456786617145395,0.0,0.004456786617145395,15341073.709220551,0.019559478044513946,20984163.255919874
2021-12-28,-0.0028155076856344586,0.0,-0.0028155076856344586,15297880.798286356,-0.012333318802678916,20725358.880677152
2021-12-29,-0.0004531186585545696,0.0,-0.0004531186585545696,15290949.043060308,-0.0008858498718953277,20706999.32416772
2021-12-30,-0.0020390880128185293,0.0,-0.0020390880128185293,15259769.452161986,-0.009768708381994774,20504718.686303765
2021-12-31,-0.0006399486914048173,0.0,-0.0006399486914048173,15250003.982669935,0.006971904364291092,20647675.624001365
2022-01-03,0.0,0.0,0.0,15250003.982669935,0.0014309367088970238,20677221.141005147
2022-01-04,0.0,0.3,-0.00045,15243141.480877735,-0.0037388344956230117,20599912.43332953
2022-01-05,-0.010709051071256604,0.0,-0.010709051071256604,15079901.900272625,-0.014850660401752914,20293990.12947631
2022-01-06,-0.0033646610482390036,0.0,-0.0033646610482390036,15029163.141737513,-0.007213031974030082,20147608.929791745
2022-01-07,-0.0035756283824813547,0.0,-0.0035756283824813547,14975424.439442975,-0.0005998537623306596,20135523.310773246
2022-01-10,-0.006356779070191864,0.0,-0.006356779070191864,14880228.974799084,-0.023256329581633494,19667244.94435924
2022-01-11,0.010559528023275798,0.0,0.010559528023275798,15037357.169651233,0.03729805100259841,20400794.849374548
2022-01-12,-0.0014612123629592299,0.0,-0.0014612123629592299,15015384.397448706,0.008733882669482662,20578972.997953173
2022-01-13,-0.00921159039533771,0.0,-0.00921159039533771,14877068.826750863,-0.013930341045649886,20292300.885722462
2022-01-14,-0.0006716510377648977,0.0,-0.0006716510377648977,14867076.628034476,-0.009570181495216702,20098099.883290548
2022-01-18,-0.005313650527242108,0.0,-0.005313650527242108,14788078.178471373,-0.006077106154416766,19975961.59679772
2022-01-19,-0.0049554372047028615,0.3,-0.005405437204702861,14708142.15049941,0.001278295338036606,20001496.775379706
2022-01-20,-0.005019655380889698,0.0,-0.005019655380889698,14634312.345610766,-0.010145694398208649,19798567.701589946
2022-01-21,-0.014295608684200899,0.0,-0.014295608684200899,14425105.942955542,-0.0008917533767965223,19780912.261986323
2022-01-24,-0.005282078711375315,0.0,-0.005282078711375315,14348911.397944923,-0.013745538079278585,19509012.97924632
2022-01-25,0.0001794340884179184,0.0,0.0001794340884179184,14351486.081781404,0.0004294857147471693,19517391.82162972
2022-01-26,-0.0060772455003992535,0.07672471663622034,-0.006192332575353584,14262616.907012455,-0.012396085940380386,19275452.55527672
2022-01-27,-0.003038173122180977,0.0,-0.003038173122180977,14219284.607673606,0.0022208267438665547,19318259.99581161
2022-01-28,0.0026794890350420415,0.0,0.0026794890350420415,14257385.02486601,0.0034786759838813753,19385461.96290942
2022-01-31,0.001630338354020555,0.0,0.001630338354020555,14280629.386500088,0.006610800357748015,19513615.38178893
2022-02-01,0.011334601890852341,0.0,0.011334601890852341,14442494.635346875,0.015176266614697885,19809759.211439632
2022-02-02,0.0062870391364393576,0.07672471663622034,0.006171952061485027,14531633.019884491,0.0003586480776093578,19816863.943498723
2022-02-03,-0.007684916343584858,0.0,-0.007684916343584858,14419958.635791004,-0.017274734752844956,19474532.875241566
2022-02-04,0.012454823554485794,0.0,0.012454823554485794,14599556.676262766,0.014463425536897945,19756201.33134849
2022-02-07,0.003579329000234055,0.0,0.003579329000234055,14651813.292864673,0.012017839402158503,19993628.18614535
2022-02-08,4.077843396774758e-05,0.0,4.077843396774758e-05,14652410.770865545,0.0034422839052618667,20062451.930658307
2022-02-09,0.019191573934369387,0.0,0.019191573934369387,14933613.595491359,0.027251258704575565,20609178.99846879
2022-02-10,-0.01817948906116379,0.0,-0.01817948906116379,14662128.13048848,-0.01904195067013645,20216740.028627936
2022-02-11,-0.02602182224888485,0.0,-0.02602182224888485,14280592.838486534,-0.027075304364202024,19669365.639100887
2022-02-14,-0.0051968848733424,0.0,-0.0051968848733424,14206378.241581842,-0.014811753167472363,19378027.850293763
2022-02-15,0.024883841776590178,0.0,0.024883841776590178,14559887.509963758,0.039602095959255255,20145438.36872222
2022-02-16,-0.009035572228732835,0.0,-0.009035572228732835,14428330.594725257,-0.011737816605651884,19908974.907709695
2022-02-17,-0.013118664217013198,0.0,-0.013118664217013198,14239050.170440996,-0.021675587305522926,19477436.18393417
2022-02-18,-0.004427378312993791,0.0,-0.004427378312993791,14176008.508518755,-0.00891152970042125,19303862.432892982
2022-02-22,-0.0015255165433257112,0.0,-0.0015255165433257112,14154382.773020687,-0.003081515351410513,19244377.284464505
2022-02-23,-0.015798722183861125,0.0,-0.015798722183861125,13930761.611905701,-0.020662207940431075,18846745.95932879
2022-02-24,0.012428396161012479,0.3767247166362203,0.01186330908605815,14096026.542711932,0.006652307630578091,18972120.3112856
2022-02-25,0.04237280149708624,0.0,0.04237280149708624,14693314.677303925,0.046082259692546604,19846398.4863885
2022-02-28,-0.023543824659392705,0.0,-0.023543824659392705,14347377.8528762,-0.02565204900145731,19337297.69991321
2022-03-01,-0.0012882189545494853,0.0,-0.0012882189545494853,14328895.28877804,-0.0017722240335758428,19303027.676185016
2022-03-02,0.024560272124209078,0.0,0.024560272124209078,14680816.856309727,0.02657924677034928,19816087.61220522
2022-03-03,0.012110536738444661,0.3,0.01166053673844466,14852003.060613101,0.0108428439977179,20030950.35882947
2022-03-04,-0.0017660709907771125,0.0,-0.0017660709907771125,14825773.368852818,-0.0014613831650240549,20001677.46519564
2022-03-07,-0.020278214247498257,0.0,-0.020278214247498257,14525133.160094367,-0.03453230837253295,19310973.370999563
2022-03-08,0.011557561897153488,0.0,0.011557561897153488,14693008.285656555,0.02235400846004516,19742651.03310659
2022-03-09,-0.004267368451994824,0.0,-0.004267368451994824,14630307.805633444,0.0045501893553993936,19832483.8336848
2022-03-10,-0.001566968242535877,0.0,-0.001566968242535877,14607382.577923492,-0.006036159904642468,19712771.78995844
2022-03-11,-0.008994542067837235,0.0,-0.008994542067837235,14475995.860825365,-0.017004784600197363,19377560.35179735
2022-03-14,-0.008076412109211648,0.0,-0.008076412109211648,14359081.7525621,-0.01148018391356178,19155102.395162575
2022-03-15,0.012298805686574134,0.0,0.012298805686574134,14535681.308874493,0.023853412330017785,19612016.9508181
2022-03-16,0.015383075572634776,0.0,0.015383075572634776,14759284.792948645,0.02839923238451363,20168983.177733403
2022-03-17,-0.0020217348519950985,0.3,-0.0024717348519950983,14722803.75433539,-0.001960369810769291,20129444.51199786
2022-03-18,0.004984162427008155,0.0,0.004984162427008155,14796184.599627962,0.011630045137567869,20363550.860266563
2022-03-21,0.00047990532664619645,0.0,0.00047990532664619645,14803285.367431365,0.009965776903693014,20566489.465106983
2022-03-22,0.0016236918821338868,0.0,0.0016236918821338868,14827321.341711374,-0.006425713118532649,20434335.10394888
2022-03-23,-0.003480610496369108,0.0,-0.003480610496369108,14775713.211416375,-0.004569425809094773,20340961.9257332
2022-03-24,0.004913697401497952,0.0,0.004913697401497952,14848316.595028592,0.012659208339598473,20598462.400578897
2022-03-25,-0.0011719815372148172,0.0,-0.0011719815372148172,14830914.6421205,-6.149199468868938e-05,20597195.76003837
2022-03-28,0.00026319662175629656,0.0,0.00026319662175629656,14834818.088751862,-0.012106906620155355,20347827.434334524
2022-03-29,0.0040090908067570465,0.0,0.0040090908067570465,14894292.221571393,0.007191024159898829,20494149.15301628
2022-03-30,-0.0020035929510671033,0.0,-0.0020035929510671033,14864450.122665118,-0.007006256023403412,20350561.89706843
2022-03-31,-0.00024486557937899756,0.0,-0.00024486557937899756,14860810.330473682,0.008754267925139336,20528716.1683425
2022-04-01,-0.0010889549830634584,0.0,-0.0010889549830634584,14844627.57701195,0.0010626744620633951,20550531.510753546
2022-04-04,0.0035014017312510223,0.0,0.0035014017312510223,14896604.581709879,0.009243809280402826,20740496.70464986
2022-04-05,-0.0060652950584461456,0.0,-0.0060652950584461456,14806252.279552808,-0.019954390807122857,20326632.72787143
2022-04-06,-0.0024965062013575403,0.0,-0.0024965062013575403,14769288.378918039,-0.0027397463205123818,20270942.910646837
2022-04-07,0.004086123040318111,0.0,0.004086123040318111,14829637.50845224,0.013536742700473735,20545345.449124258
2022-04-08,-0.0014303465231451417,0.0,-0.0014303465231451417,14808425.988002522,-0.0002623805780259444,20539954.749509573
2022-04-11,-0.002860058039187086,0.0,-0.002860058039187086,14766073.03020783,-0.011217845057780096,20309540.71963576
2022-04-12,-0.00032907981633420474,0.0,-0.00032907981633420474,14761213.81360707,0.010054848151627282,20513750.067600988
2022-04-13,0.0014146239908727999,0.0,0.0014146239908727999,14782095.380802201,-0.0021063618160141904,20470540.687755335
2022-04-14,-0.005159852430071855,0.0,-0.005159852430071855,14705821.950030014,-0.012789925886409793,20208723.989504203
2022-04-18,0.002696352349749807,0.0,0.002696352349749807,14745474.027599981,0.0163166038143407,20538461.732434306
2022-04-19,0.005450073649570693,0.0,0.005450073649570693,14825837.94704823,0.0032485993164669486,20605182.965179577
2022-04-20,-0.0023909167646414334,0.0,-0.0023909167646414334,14790390.602550777,0.002023180401722024,20646870.967528626
2022-04-21,-0.005786078761686397,0.0,-0.005786078761686397,14704812.237608312,-0.02319344833956467,20167998.832369592
2022-04-22,-0.0033333787522407503,0.0,-0.0033333787522407503,14655795.52893978,-0.007420033338527787,20018351.60866202
2022-04-25,0.006269839145296791,0.0,0.006269839145296791,14747685.009452594,-2.751964232058403e-05,20017800.710785903
2022-04-26,-0.006460680871259194,0.0,-0.006460680871259194,14652404.923016666,-0.011984062869824785,19777906.12855222
2022-04-27,0.0002606801772053808,0.0,0.0002606801772053808,14656224.514528485,0.005608979781470657,19888840.004147094
2022-04-28,0.007940683535249286,0.0,0.007940683535249286,14772604.955219919,0.006698422850932785,20022063.864509422
2022-04-29,-0.007260895464704614,0.3,-0.007710895464704614,14658694.942668842,-0.007286902538274787,19876165.036513627
2022-05-02,-0.0031743853256525436,0.0,-0.0031743853256525436,14612162.596549619,-0.010516099891369457,19667145.299532305
2022-05-03,0.011533920045243598,0.0,0.011533920045243598,14780698.11162632,0.015953680391288638,19980908.64985008
2022-05-04,0.017050953800819058,0.0,0.017050953800819058,15032723.112271514,0.023544479022352547,20451348.734404016
2022-05-05,-0.019617026125502056,0.0,-0.019617026125502056,14737825.790240644,-0.03045229591606464,19828558.21086131
2022-05-06,0.0010492113200460031,0.0,0.0010492113200460031,14753288.88389263,0.0015419945285990776,19859133.739132468
2022-05-09,-0.02246094472589042,0.0,-0.02246094472589042,14421916.077746425,-0.03025547346244175,19258286.24530106
2022-05-10,0.008942177480905446,0.0,0.008942177480905446,14550879.410928357,0.01143122807334529,19478432.107672866
2022-05-11,-0.0059567502942858746,0.0,-0.0059567502942858746,14464203.45571519,-0.006445816706734032,19352877.704572245
2022-05-12,-0.0020667085145089,0.0,-0.0020667085145089,14434310.163277674,-0.01274056100111659,19106311.18562999
2022-05-13,0.02289393653511693,0.0,0.02289393653511693,14764768.344083944,0.03362638815747217,19748787.421815436
2022-05-16,-0.005867643491016808,0.0,-0.005867643491016808,14678133.94721341,-0.006444050750809604,19621525.233402308
2022-05-17,0.01991859312982372,0.0,0.01991859312982372,14970501.725213008,0.021926261926576183,20051751.935068812
2022-05-18,-0.020082525023966315,0.0,-0.020082525023966315,14669856.249695085,-0.032618457662819865,19397694.713509403
2022-05-19,0.010203844647792228,0.0,0.010203844647792228,14819545.18387242,0.02081791335073363,19801514.241259225
2022-05-20,-0.009941448840946552,0.0,-0.009941448840946552,14672217.433580857,-0.016387070231608004,19477025.436695524
2022-05-23,0.012448133697220778,0.0,0.012448133697220778,14854859.157828765,0.01648017654128404,19798010.254391346
2022-05-24,-0.007863734136484057,0.0,-0.007863734136484057,14738044.494776685,-0.013898034997033227,19522856.815004192
2022-05-25,0.003462464509362481,0.0,0.003462464509362481,14789074.450777253,0.002298036112040059,19567721.044975262
2022-05-26,0.016613496373461233,0.0,0.016613496373461233,15034772.68553209,0.018837493451093788,19936327.86201281
2022-05-27,0.009544290221327467,0.6,0.008644290221327467,15164737.624037517,0.01206434015657467,20176846.502813134
2022-05-31,0.0012161852271634248,0.0,0.0012161852271634248,15183180.753909681,0.000910607212304737,20195219.68476016
2022-06-01,-0.0026173352511195454,0.0,-0.0026173352511195454,15143441.279698355,-0.01151898796062456,19962591.19234924
2022-06-02,0.02161514788762628,0.0,0.02161514788762628,15470769.00248662,0.03349333690665697,20631204.984684456
2022-06-03,-0.01834095898532425,0.0,-0.01834095898532425,15187020.262740588,-0.025735664632381562,20100247.212236702
2022-06-06,-0.0021638886652416735,0.0,-0.0021638886652416735,15154157.241735246,-0.006462561555375201,19970348.127349366
2022-06-07,0.01013250153684865,0.0,0.01013250153684865,15307706.763276776,0.014275626741611735,20255437.36311545
2022-06-08,-0.0018453419440668383,0.0,-0.0018453419440668383,15279458.809919026,-0.0027586169508016624,20199560.370259654
2022-06-09,-0.012919945038678753,0.0,-0.012919945038678753,15082049.041874116,-0.023014126228689456,19734685.138134465
2022-06-10,-0.008895798463836896,0.0,-0.008895798463836896,14947882.1731759,-0.0156269858024359,19426291.493665293
2022-06-13,-0.006541205895220907,0.3,-0.006991205895220907,14843378.451205725,-0.014314320881212083,19148217.323693007
2022-06-14,0.012916108883659821,0.0,0.012916108883659821,15035097.143482868,0.014724464561783779,19430164.57109706
2022-06-15,0.018387020569103914,0.0,0.018387020569103914,15311547.783918561,0.020857359984680142,19835426.50811801
2022-06-16,-0.0354231457350753,0.0,-0.0354231457350753,14769164.595339246,-0.03953768606347778,19051179.641904857
2022-06-17,0.004704041996451131,0.0,0.004704041996451131,14838639.365848219,0.006550897677349033,19175981.970371768
2022-06-21,0.02615884039693469,0.0,0.02615884039693469,15226800.964727115,0.02959223624891858,19743442.15914401
2022-06-22,-0.025053238799920968,0.0,-0.025053238799920968,14845320.28399894,-0.02599796707085711,19230152.800025214
2022-06-23,-0.0067366546776021635,0.0,-0.0067366546776021635,14745312.487667235,-0.004144519317381601,19150453.06026931
2022-06-24,0.02018184221805587,0.0,0.02018184221805587,15042900.057749264,0.024038801898213436,19610807.00764616
2022-06-27,0.01667263333523806,0.0,0.01667263333523806,15293704.81471075,0.017276750844191956,19949618.034170795
2022-06-28,-0.009124652688036451,0.0,-0.009124652688036451,15154155.069963163,-0.011241656520954834,19725351.2805064
2022-06-29,-0.010192960873296915,0.0,-0.010192960873296915,14999689.360267155,-0.010908024930953553,19510186.65696682
2022-06-30,0.001526576871514469,0.0,0.001526576871514469,15022587.539124439,0.001874624236231426,19546760.92572737
2022-07-01,-0.013679387356633297,0.0,-0.013679387356633297,14817087.745077824,-0.0140108994236254,19272893.224339355
2022-07-05,-0.006467014954243751,0.0,-0.006467014954243751,14721265.417052062,-0.004131461748506881,19193268.00319994
2022-07-06,0.02030208211364097,0.0,0.02030208211364097,15020137.75636576,0.02283624331500147,19631570.141331047
2022-07-07,0.0401219913703734,0.0,0.0401219913703734,15622775.593808487,0.04313738370200706,20478424.71519051
2022-07-08,-0.022987921234733553,0.0,-0.022987921234733553,15263640.458990099,-0.024335395745831587,19980074.14549513
2022-07-11,-0.0007254996150326029,0.0,-0.0007254996150326029,15252566.693713106,-0.0006021475409606625,19968043.19298021
2022-07-12,-0.009921824764212711,0.0,-0.009921824764212711,15101233.399773616,-0.009128454654788965,19785765.816148225
2022-07-13,0.03245051189793573,0.0,0.03245051189793573,15591276.153886475,0.03428495847459001,20464119.97554283
2022-07-14,-0.021442796251785523,0.0,-0.021442796251785523,15256955.596013363,-0.021693899345643586,20020173.416596226
2022-07-15,0.023287349957407485,0.0,0.023287349957407485,15612249.660262354,0.02441976248670548,20509061.296372164
2022-07-18,0.047572248273662784,0.0,0.047572248273662784,16354959.47721076,0.050045651323916515,21535450.626991235
2022-07-19,0.012497555018472831,0.0,0.012497555018472831,16559356.483102096,0.014857819776194003,21855420.471206192
2022-07-20,0.00725441681822532,0.07672471663622034,0.007139329743270989,16677579.189371334,0.008471004324123932,22040557.832523327
2022-07-21,-0.10116694574652145,0.0,-0.10116694574652145,14990359.44033689,-0.10116694574652145,19810781.91405737
2022-07-22,-0.009300354860480241,0.0,-0.009300354860480241,14850943.77805561,-0.009300354860480241,19626534.612193055
2022-07-25,0.03326858893517861,0.0,0.03326858893517861,15345013.721907193,0.03326858893517861,20279481.724428162
2022-07-26,-0.017109192091000678,0.0,-0.017109192091000678,15082472.93450004,-0.017109192091000678,19932516.176098984
2022-07-27,0.014962191895544485,0.07672471663622034,0.014847104820590155,15306403.991112279,0.014962191895544485,20230750.308086824
2022-07-28,-0.008573563419943961,0.0,-0.008573563419943961,15175173.565763194,-0.009051189060937149,20047637.962203715
2022-07-29,0.015555863195544896,0.0,0.015555863195544896,15411236.489720855,0.01684344935326716,20385309.33687273
2022-08-01,-0.012318376067871686,0.0,-0.012318376067871686,15221395.082969567,-0.01302718036961139,20119746.23525097
2022-08-02,-0.017302993929002034,0.0,-0.017302993929002034,14958019.376258003,-0.01833016358781997,19750947.995413397
2022-08-03,0.01921925567315617,0.0,0.01921925567315617,15245501.375014327,0.022908459556255378,20203411.788764026
2022-08-04,0.004986335544835989,0.0,0.004986335544835989,15321520.560419409,0.005500268859507784,20314535.985481583
2022-08-05,-0.005586276186450785,0.0,-0.005586276186450785,15235930.314972522,-0.006983087288088274,20172677.80747795
2022-08-08,0.024468472680970257,0.0,0.024468472680970257,15608730.259653594,0.025555149122326967,20688193.597044706
2022-08-09,-0.013795272565766035,0.0,-0.013795272565766035,15393403.571316151,-0.015675504138013073,20363895.732706215
2022-08-10,0.01541782165170859,0.0,0.01541782165170859,15630736.322191479,0.017372023470590768,20717657.80732745
2022-08-11,-0.009075627563435886,0.0,-0.009075627563435886,15488877.580788998,-0.010876872598933284,20492314.48280885
2022-08-12,0.009859059587745989,0.0,0.009859059587745989,15641583.347805299,0.011117503000350925,20720137.850555617
2022-08-15,-0.009670118064147727,0.0,-0.009670118064147727,15490327.390121814,-0.009850278296335356,20516038.72638921
2022-08-16,0.0004377735957444846,0.0,0.0004377735957444846,15497108.646442648,0.0007172359598339394,20530753.567117125
2022-08-17,-0.008915842600540819,0.07672471663622034,-0.00903092967549515,15357155.348083116,-0.009748786015176524,20330603.643860977
2022-08-18,0.007779635653170303,0.0,0.007779635653170303,15476628.421360338,0.007779635653170303,20488768.33281923
2022-08-19,0.020506253558167577,0.0,0.020506253558167577,15793996.087994296,0.020506253558167577,20908916.21134657
2022-08-22,0.007499513389290512,0.0,0.007499513389290512,15912443.37312661,0.007499513389290512,21065722.90842912
2022-08-23,0.007105687744979051,0.0,0.007105687744979051,16025512.22699571,0.007105687744979051,21215409.357538667
2022-08-24,-0.02271561184612443,0.09696724108453363,-0.02286106270775123,15659151.987050528,-0.02271561184612443,20733488.353416182
2022-08-25,0.024341665141808848,0.0,0.024341665141808848,16040321.821124004,0.026434700463222605,21281571.907596454
2022-08-26,-0.03313785048856701,0.0,-0.03313785048856701,15508780.034827098,-0.03610291988311838,20513245.02202967
2022-08-29,-0.008817332860106476,0.0,-0.008817332860106476,15372033.959005855,-0.01165382287935236,20274187.297862183
2022-08-30,-0.013970209357564184,0.0,-0.013970209357564184,15157283.426346958,-0.01645243067106651,19940627.636931892
2022-08-31,-0.0034419535475111794,0.17369195772075396,-0.00370249148409231,15101163.713538934,-0.0036678589526010887,19867488.227333285
2022-09-01,-0.006444783107732544,0.0,-0.006444783107732544,15003839.988730814,-0.005846549726077021,19751331.969479933
2022-09-02,0.019904146698775216,0.0,0.019904146698775216,15302478.620911462,0.01882608881449542,20123172.299341943
2022-09-06,-0.01958058625197081,0.0,-0.01958058625197081,15002847.118405767,-0.02143325957903659,19691867.12389647
2022-09-07,0.009789103690854242,0.0,0.009789103690854242,15149711.544505872,0.012338289730246754,19934831.085800618
2022-09-08,0.005955831293160706,0.0,0.005955831293160706,15239940.670604998,0.005578506699682018,20046037.67456979
2022-09-09,0.00033538694774127973,0.0,0.00033538694774127973,15245051.947790274,0.0018548068130118227,20083219.201822467
2022-09-12,0.031189262463816106,0.0,0.031189262463816106,15720533.874264415,0.03414656420881568,20768992.135817222
2022-09-13,-0.03718971511200922,0.0,-0.03718971511200922,15135891.69807183,-0.04196839800522824,19897350.80769379
2022-09-14,0.022542452602188734,0.0,0.022542452602188734,15477091.819267476,0.024801397171262486,20390832.907731343
2022-09-15,-0.01337218882062379,0.0,-0.01337218882062379,15270129.225066101,-0.014408029088182762,20097041.194064476
2022-09-16,0.006780828446547145,0.0,0.006780828446547145,15373673.351697879,0.0065851915453659085,20229384.0598225
2022-09-19,0.0027986014688950473,0.0,0.0027986014688950473,15416698.13652225,0.0032805095166228313,20295746.746746164
2022-09-20,-0.017798009893644228,0.0,-0.017798009893644228,15142311.590561101,-0.01837243727345117,19922864.41272372
2022-09-21,-0.0001459162955338299,0.0,-0.0001459162955338299,15140102.080547988,-0.000679903326002285,19909318.790946014
2022-09-22,-0.002736198574529307,0.0,-0.002736198574529307,15098675.754816964,-0.0033830965751266754,19841963.64273126
2022-09-23,-0.01866725867919548,0.0,-0.01866725867919548,14816824.8687885,-0.019261868954024385,19459770.339254454
2022-09-26,0.006407539027912469,0.0,0.006407539027912469,14911764.252405006,0.00816693190288823,19618696.95846099
2022-09-27,0.023426355211591803,0.0,0.023426355211591803,15261092.538613364,0.0253134035649341,20115312.95198866
2022-09-28,0.011109397686770998,0.0,0.011109397686770998,15430634.084759433,0.011938589673811983,20355461.419482768
2022-09-29,-0.030547021307224292,0.0,-0.030547021307224292,14959274.176588306,-0.03492536737187644,19644539.451383274
2022-09-30,-0.0013172727238908053,0.0,-0.0013172727238908053,14939568.732746283,-0.0020486519820263616,19604294.6267002
2022-10-03,0.022909249370926567,0.0,0.022909249370926567,15281823.038338866,0.025056519443192406,20095510.01618419
2022-10-04,-0.0011525648328923179,0.0,-0.0011525648328923179,15264209.746522395,-0.000993746089151004,20075540.18169611
2022-10-05,-0.010498049904234277,0.0,-0.010498049904234277,15103965.310854703,-0.011242060435525223,19849849.745697666
2022-10-06,-0.0057568669078742925,0.0,-0.0057568669078742925,15017013.792778963,-0.0056809036634250624,19737084.661558896
2022-10-07,-0.015640385030021832,0.0,-0.015640385030021832,14782141.915058753,-0.01825604509559332,19376763.55392193
2022-10-10,-0.0014931506646680024,0.0,-0.0014931506646680024,14760069.950033065,-0.002722960186348644,19324001.39822431
2022-10-11,-0.00943357847347355,0.0,-0.00943357847347355,14620829.67188547,-0.010499757529073171,19121104.069051486
2022-10-12,-0.01670262218890617,0.0,-0.01670262218890617,14376623.477787618,-0.01760167184768582,18784540.66986259
2022-10-13,0.02997979002737563,0.0,0.02997979002737563,14807631.63095433,0.03321919206514179,19408547.934230223
2022-10-14,-0.027257076868013166,0.0,-0.027257076868013166,14404018.877356185,-0.03007564661479123,18824823.30525408
2022-10-17,0.03609477006242214,0.0,0.03609477006242214,14923928.626709143,0.04065734276945852,19590190.598950285
2022-10-18,0.008291196306801609,0.0,0.008291196306801609,15047665.848621882,0.009689349128929058,19780006.79516578
2022-10-19,-0.005054915128309268,0.0,-0.005054915128309268,14971601.174877942,-0.005224525876272645,19676665.63783159
2022-10-20,0.004395477028785573,0.0,0.004395477028785573,15037408.503926257,0.004078565554423529,19756918.20852796
2022-10-21,0.025824305603701643,0.0,0.025824305603701643,15425739.136619352,0.027970107096843576,20309521.326724064
2022-10-24,-0.014333449752860408,0.0,-0.014333449752860408,15204635.079803886,-0.013945429618930593,20026296.32646806
2022-10-25,0.025218575543123373,0.0,0.025218575543123373,15588074.318169542,0.02793335370466323,20585697.945149697
2022-10-26,-0.003045348691900516,0.0,-0.003045348691900516,15540603.196435457,-0.006205150024303229,20457960.60104505
2022-10-27,-0.017819620149116082,0.0,-0.017819620149116082,15263675.550586836,-0.020439487835324212,20039810.364204448
2022-10-28,-0.0039811645455317835,0.0,-0.0039811645455317835,15202908.346650342,-0.002302421585092628,19993670.27226074
2022-10-31,-0.017158840439371003,0.0,-0.017158840439371003,14942044.068115788,-0.018079142624335177,19632201.85582461
2022-11-01,0.007503249468692807,0.0,0.007503249468692807,15054157.952331062,0.006727372020431199,19764274.981288943
2022-11-02,-0.006854034416159359,0.0,-0.006854034416159359,14950976.235619484,-0.009488674668146556,19576738.205939706
2022-11-03,-0.006104065330932542,0.0,-0.006104065330932542,14859714.499916043,-0.007502323795531474,19429867.17705839
2022-11-04,0.03918212529198234,0.0,0.03918212529198234,15441949.695254842,0.04041290928161896,20215084.63663876
2022-11-07,-0.01783645410462135,0.0,-0.01783645410462135,15166520.068229558,-0.018463481847219673,19841843.788410172
2022-11-08,0.011197667979814483,0.0,0.011197667979814483,15336349.724362785,0.01092991923470281,20058713.538485084
2022-11-09,-0.020367379390264354,0.0,-0.020367379390264354,15023988.471064912,-0.022943589096604253,19598494.65725159
2022-11-10,0.03540559971968116,0.0,0.03540559971968116,15555921.793064542,0.04106701501951815,20403346.331700884
2022-11-11,0.003972425248687538,0.0,0.003972425248687538,15617716.52956192,0.004304356317843716,20491169.604388896
2022-11-14,-0.015924171534738147,0.0,-0.015924171534738147,15369017.33256426,-0.016892506374989357,20145022.391215764
2022-11-15,0.0025306924666833683,0.0,0.0025306924666833683,15407911.588948108,0.0036133946604222644,20217814.30755827
2022-11-16,-0.020000859017648486,0.0,-0.020000859017648486,15099740.121501166,-0.021404954706920085,19785052.908032063
2022-11-17,0.003782746285366524,0.0,0.003782746285366524,15156858.607355773,0.005793900839967437,19899685.54269471
2022-11-18,0.0024158773216616195,0.0,0.0024158773216616195,15193475.718332916,0.0032138614195862283,19963640.374322277
2022-11-21,0.019732505890170168,0.0,0.019732505890170168,15493281.067437077,0.020600061048981533,20374892.58479323
2022-11-22,0.003754396700536012,0.0,0.003754396700536012,15551448.99075714,0.004884256163938682,20474408.77949009
2022-11-23,-0.0012325379633009491,0.0,-0.0012325379633009491,15532281.239491694,-0.001746362736344609,20438653.0349489
2022-11-25,-0.024966373995282655,0.0,-0.024966373995282655,15144496.497066634,-0.02680043631147113,19890888.215993498
2022-11-28,0.0009175567892826862,0.0,0.0009175567892826862,15158392.432647785,0.0007788681639470994,19906380.595577564
2022-11-29,0.0062466217337077,0.0,0.0062466217337077,15253081.17626563,0.00494054225489644,20004728.91005207
2022-11-30,0.01839480793148668,0.0,0.01839480793148668,15533658.67486641,0.020758802432756074,20420003.125216685
2022-12-01,-0.008210065410246695,0.0,-0.008210065410246695,15406126.321085311,-0.008973662895049417,20236760.90085513
2022-12-02,-0.002493188786930233,0.0,-0.002493188786930233,15367715.939691551,-0.0037338658898065646,20161199.54960726
2022-12-05,-0.014376234297213096,0.0,-0.014376234297213096,15146786.054729529,-0.015330153330838037,19852125.269178156
2022-12-06,0.01247216434064437,0.0,0.01247216434064437,15335699.259636696,0.011957093008850249,20089498.977445062
2022-12-07,-0.013309441147183333,0.0,-0.013309441147183333,15131589.672889657,-0.01506280499466498,19786894.771907285
2022-12-08,-0.004493312548003324,0.0,-0.004493312548003324,15063598.711141227,-0.0046763390261853836,19694364.54367839
2022-12-09,-0.00573393720945212,0.0,-0.00573393720945212,14977224.981983157,-0.006478354758679106,19566777.463417694
2022-12-12,-0.021356464199404443,0.0,-0.021356464199404443,14657364.412849007,-0.022235841950591063,19131693.692258753
2022-12-13,0.03371624208369148,0.0,0.03371624208369148,15151555.659701508,0.03672377418173649,19834281.691127416
2022-12-14,-0.017192506896864124,0.0,-0.017192506896864124,14891062.43452387,-0.018635576919749784,19464658.409024425
2022-12-15,-0.008679606943153086,0.0,-0.008679606943153086,14761813.86562625,-0.010057176961960058,19268898.89490076
2022-12-16,0.0037677927705274403,0.0,0.0037677927705274403,14817433.32118903,0.0036821798105272415,19339850.445382655
2022-12-19,-0.014646168724362973,0.0,-0.014646168724362973,14600414.692704896,-0.016779741771974156,19015332.749000534
2022-12-20,0.028912831059737666,0.0,0.028912831059737666,15022554.016117185,0.03088081162119398,19602541.65753674
2022-12-21,0.010032994334405526,0.0,0.010032994334405526,15173275.21544919,0.010892839022712819,19816068.98824831
2022-12-22,-0.028165631772386134,0.0,-0.028165631772386134,14745910.332949774,-0.03131524070169319,19195524.018119957
2022-12-23,0.005767251229081801,0.0,0.005767251229081801,14830953.70244141,0.005949534040224846,19309728.441685718
2022-12-27,0.0015396881781621287,0.0,0.0015396881781621287,14853788.746527929,0.001075114629645657,19330488.61322786
2022-12-28,-0.00539536132497184,0.0,-0.00539536132497184,14773647.18919561,-0.007305174068971731,19189276.029069956
2022-12-29,7.945868475691927e-05,0.0,7.945868475691927e-05,14774821.08377033,0.0014197213734702947,19216519.45438985
2022-12-30,-0.00023700908933247397,0.0,-0.00023700908933247397,14771319.316880213,-0.000794740811912587,19201247.302116536
2023-01-03,0.0,0.0,0.0,14771319.316880213,-0.022877862344225283,18761963.809501287
2023-01-04,0.0,0.7618352184222897,-0.0011427528276334346,14754439.349962974,0.011851672243894985,18984324.455223314
2023-01-05,-0.0030362291954547076,0.0,-0.0030362291954547076,14709641.49044605,-0.0042250903459734365,18904113.969242726
2023-01-06,0.016550153162435882,0.0,0.016550153162435882,14953088.310077453,0.019259925074341665,19268205.787887156
2023-01-09,-0.00020281833506771534,0.0,-0.00020281833506771534,14950055.549602283,-0.0009763342514680362,19249393.578612108
2023-01-10,0.0029528228753618957,0.0,0.0029528228753618957,14994200.41561708,0.0028225969154250905,19303726.857550904
2023-01-11,0.01092001210761353,0.49309980146263604,0.010180362405419576,15146846.809827555,0.013574208143022414,19565759.66385135
2023-01-12,0.000409419844782716,0.0,0.000409419844782716,15153048.229497384,-0.00815190641909469,19406261.422053136
2023-01-13,0.0001202739973844674,0.0,0.0001202739973844674,15154870.747180505,-0.0016752381815785089,19373751.311957218
2023-01-17,0.0019212470303976656,0.0,0.0019212470303976656,15183986.997599589,0.008941421649498937,19546980.191369962
2023-01-18,-0.005922858095845403,0.0,-0.005922858095845403,15094054.397283645,-0.013372868930747028,19285580.987278864
2023-01-19,0.0002505752416974379,0.0,0.0002505752416974379,15097836.59361244,0.006198913815706874,19405130.64170484
2023-01-20,0.007270716382816997,0.0,0.007270716382816997,15207608.68147871,0.018917937723953844,19772235.6947098
2023-01-23,0.003150470555854274,0.0,0.003150470555854274,15255519.804854663,0.0007181090857437122,19786434.31680764
2023-01-24,-0.0012134977448918294,0.0,-0.0012134977448918294,15237007.265974319,-0.0011105378268966627,19764460.733039416
2023-01-25,-0.0044992112793589625,0.0,-0.0044992112793589625,15168452.751019573,-0.014637166935347612,19475165.0219028
2023-01-26,0.005923783437713419,0.0,0.005923783437713419,15258307.380201802,0.016620124821025147,19798844.695476886
2023-01-27,0.0022796343523349134,0.0,0.0022796343523349134,15293090.741864193,-0.0073665594188909046,19652995.329602264
2023-01-30,-0.009246373974773516,0.0,-0.009246373974773516,15151685.10563477,-0.020971332605861582,19240845.82784373
2023-01-31,0.00983707589280879,0.0,0.00983707589280879,15300733.38192284,0.031053540482676743,19838342.212679617
2023-02-01,0.0018894575395054453,0.0,0.0018894575395054453,15329643.467971276,-0.009235713574212732,19655120.966216095
2023-02-02,0.006282624274512839,0.0,0.006282624274512839,15425953.85814278,0.0006636425116297133,19668164.9400605
2023-02-03,-0.0069755698531700034,0.0,-0.0069755698531700034,15318349.039453527,-0.02453076342258791,19185689.83895944
2023-02-06,-0.002817484710036772,0.0,-0.002817484710036772,15275189.82525186,-0.00956694140419112,19002141.468471132
2023-02-07,0.01473312995316169,0.0,0.01473312995316169,15500241.182006508,0.043043243343954526,19820055.267754782
2023-02-08,-0.007726960675769589,0.0,-0.007726960675769589,15380471.4279282,-0.01920666481292,19439378.10965347
2023-02-09,-0.0005556494697844006,0.3,-0.0010056494697844006,15365004.06499167,0.008099895611956464,19596835.043103013
2023-02-10,-0.006150606426682694,0.0,-0.006150606426682694,15270499.972243525,-0.004417613562313382,19510263.798838183
2023-02-13,0.002774413534929038,0.0,0.002774413534929038,15312866.65405165,0.0009858568841839667,19529498.126716517
2023-02-14,0.003926132167302658,0.0,0.003926132167302658,15372986.99239574,0.00473112506145008,19621894.624741368
2023-02-15,-0.006378954547713105,0.0,-0.006378954547713105,15274923.407108665,-0.00931057737861526,19439203.456522677
2023-02-16,0.004427808223343029,0.0,0.004427808223343029,15342557.838581596,0.011930066013059338,19671114.437000282
2023-02-17,-0.0016619510966798833,0.0,-0.0016619510966798833,15317059.257755892,-0.008508820047001186,19503736.46413188
2023-02-21,0.003971303601130413,0.0,0.003971303601130413,15377887.950344946,-0.0048064445266072665,19409992.836755466
2023-02-22,0.0010157232235428171,0.0,0.0010157232235428171,15393507.62826515,0.005980819776912626,19526080.505783264
2023-02-23,-0.006819555256853655,0.0,-0.006819555256853655,15288530.752397398,-0.006219980028150206,19404628.67500924
2023-02-24,-0.009411837678613439,0.3,-0.00986183767861344,15137757.743772764,-0.014482466754608214,19123601.785337903
2023-02-27,5.780309322018161e-05,0.0,5.780309322018161e-05,15138632.752994772,-0.0007482493402083514,19109292.562919617
2023-02-28,0.011381015431992532,0.0,0.011381015431992532,15310925.765975872,0.04606734825032908,19989606.99823306
2023-03-01,-0.0041377197813583745,0.0,-0.0041377197813583745,15247573.445563084,0.0053624247869889065,20096799.762282554
2023-03-02,-0.003146254786979212,0.0,-0.003146254786979212,15199600.694620164,-0.03832738871929814,19326541.905779652
2023-03-03,0.006168214003070682,0.0,0.006168214003070682,15293355.084465804,0.03132127704954939,19931873.879220307
2023-03-06,-0.00291418960907827,0.0,-0.00291418960907827,15248787.347990708,-0.009991368891795015,19732727.17458828
2023-03-07,-0.004493411559203785,0.0,-0.004493411559203785,15180268.270657407,-0.021313213080218704,19312159.355662458
2023-03-08,0.002755039571896056,0.0,0.002755039571896056,15222090.510455066,0.0131145422761493,19565429.48597603
2023-03-09,-0.004886194203401846,0.0,-0.004886194203401846,15147712.420039224,-0.0076393074720846775,19415963.15430927
2023-03-10,-0.0059431988109962435,0.1928858063020609,-0.0062325275204493345,15053303.885509476,-0.013649598339143587,19150943.055885334
2023-03-13,-0.005120132256653954,0.0,-0.005120132256653954,14976228.978716066,-0.01914944943440424,18784213.040215503
2023-03-14,0.018644780142463326,0.0,0.018644780142463326,15255457.475387417,0.0354430536880677,19449982.911487963
2023-03-15,-0.005494612309722884,0.0,-0.005494612309722884,15171634.650952699,-0.025185093390267012,18960133.275423042
2023-03-16,0.016657066556848357,0.0,0.016657066556848357,15424349.579109807,0.028389751323495947,19498406.74417264
2023-03-17,0.002700927455821571,0.1071141936979391,0.0025402561652746623,15463531.378223494,0.0007029389844469655,19512112.934407726
2023-03-20,-0.009756901833656774,0.0,-0.009756901833656774,15312655.220564498,-0.017784153293717887,19165106.526897885
2023-03-21,0.02461291859759701,0.0,0.02461291859759701,15689544.357021319,0.04455153194392993,20018941.382539794
2023-03-22,-0.003613511167329093,0.0,-0.003613511167329093,15632850.013276918,-0.004076396648845493,19937336.236974575
2023-03-23,-0.001563687539962708,0.0,-0.001563687539962708,15608405.120497052,-0.002945728017264948,19878606.26703169
2023-03-24,-0.0028728864644829394,0.0,-0.0028728864644829394,15563563.94469421,-0.006936716731719216,19740714.00633591
2023-03-27,0.0035072025377179466,0.0,0.0035072025377179466,15618148.515656976,0.0078119977550628154,19894928.419836745
2023-03-28,-0.007111850923003292,0.0,-0.007111850923003292,15507074.571720298,-0.005368445326550097,19788123.58433922
2023-03-29,-2.0183155720869365e-05,0.0,-2.0183155720869365e-05,15506761.590019442,0.0002832671780759518,19793728.910266373
2023-03-30,0.00037903755175661873,0.0,0.00037903755175661873,15512639.234968197,-0.0011386112371393976,19771191.548104253
2023-03-31,0.0002997124030412789,0.0,0.0002997124030412789,15517288.565350821,-0.0005614290574399885,19760091.42666894
2023-04-03,0.001298814849871192,0.0,0.001298814849871192,15537442.650169235,-0.0030520622462735453,19699782.39764269
2023-04-04,0.004486491752248066,0.0,0.004486491752248066,15607151.258470247,0.006092941027774912,19819812.010051526
2023-04-05,-0.0032725053411161434,0.0,-0.0032725053411161434,15556076.772617295,-0.006317228024710762,19694605.738177128
2023-04-06,0.006837995504106827,0.0,0.006837995504106827,15662449.155649994,0.00809234545721542,19853981.291454118
2023-04-10,0.0022957721545482815,0.031264583040346315,0.002248875279987762,15697672.0503802,0.005836569783510371,19969860.438742198
2023-04-11,0.0021343056365950904,0.0,0.0021343056365950904,15731175.680318747,0.00782509351207199,20126126.464098383
2023-04-12,-0.0071246167668403415,0.0,-0.0071246167668403415,15619097.082304636,-0.006852400869204056,19988214.177622087
2023-04-13,0.004382000493080507,0.0,0.004382000493080507,15687539.973420767,0.004978610546280903,20087727.711528115
2023-04-14,-0.007721312077323373,0.0,-0.007721312077323373,15566411.5815605,-0.005594399318414778,19975348.94131024
2023-04-17,8.982723004404827e-05,0.3312645830403463,-0.00040706964451647115,15560074.967931598,0.0033667497663959706,20042600.942692075
2023-04-18,0.0012245248315295757,0.0,0.0012245248315295757,15579128.666110294,0.0072335631921677905,20187580.363146443
2023-04-19,-0.0020899931487336093,0.0,-0.0020899931487336093,15546568.393934883,-0.01314285027177825,19922258.017084114
2023-04-20,-0.002129584953406971,0.0,-0.002129584953406971,15513460.655806046,-0.00593242131491315,19804070.788982365
2023-04-21,-0.0003665873763936043,0.0,-0.0003665873763936043,15507773.616965448,-0.020753356267848057,19393069.852344934
2023-04-24,0.002814682472203961,0.0,0.002814682472203961,15551423.075548027,0.010690302125131402,19600387.628200278
2023-04-25,-0.0012566567560944968,0.0,-0.0012566567560944968,15531880.274673255,-0.0014608349242571038,19571754.697424028
2023-04-26,0.001048387108873153,0.0,0.001048387108873153,15548163.697729785,0.004337903348311322,19656655.07765831
2023-04-27,0.004774630036190533,0.0,0.004774630036190533,15622400.427128574,0.006613521221167051,19786654.783151563
2023-04-28,0.001268813641815207,0.0,0.001268813641815207,15642222.341908416,-0.0004704392487591137,19777346.364139922
2023-05-01,0.000908748590542931,0.031264583040346315,0.0008618517159824116,15655703.61807557,0.0043884228684697765,19864137.723201964
2023-05-02,-0.002756736931649972,0.0,-0.002756736931649972,15612544.961720653,-0.013143059903620668,19603062.17117215
2023-05-03,-0.0010018147333283654,0.0,-0.0010018147333283654,15596904.08415325,0.004284861600687318,19687058.579525296
2023-05-04,-0.0028221860582851475,0.0,-0.0028221860582851475,15552886.718894541,-0.0016604487209760932,19654369.228287138
2023-05-05,0.004158387909637007,0.0,0.004158387909637007,15617561.654986344,0.010090568501291662,19852692.98733485
2023-05-08,-0.0010728949422766142,0.0,-0.0010728949422766142,15600805.652076017,0.004499748017807026,19942025.103252742
2023-05-09,-0.0008930118185140223,0.0,-0.0008930118185140223,15586873.948250376,8.170490395120744e-05,19943654.464498397
2023-05-10,0.0010548597029388818,0.0,0.0010548597029388818,15603315.913473172,-0.00747547045976672,19794566.264689244
2023-05-11,0.00018959532343052477,0.0,0.00018959532343052477,15606274.229200376,-0.010123427262207252,19594177.41292172
2023-05-12,0.0013437662845074527,0.0,0.0013437662845074527,15627245.414336355,0.010201763416670496,19794072.575232614
2023-05-15,-0.0018871931811249687,0.1928858063020609,-0.00217652189057806,15593232.372602617,-0.007675694849095249,19642139.314324286
2023-05-16,-0.0045759412364005094,0.0,-0.0045759412364005094,15521878.65758005,-0.013132095758114337,19384196.859954357
2023-05-17,0.01772833045922298,0.0,0.01772833045922298,15797055.651769591,0.029327922966183563,19952695.092224434
2023-05-18,-0.0006137007849121418,0.0,-0.0006137007849121418,15787360.986316798,-0.0034207155906441633,19884442.597047094
2023-05-19,0.002589321994790567,0.0,0.002589321994790567,15828239.547358368,0.0035945227308400106,19955917.677952264
2023-05-22,0.00022744107723461746,0.0,0.00022744107723461746,15831839.539211748,-8.174823041365862e-05,19954286.31699581
2023-05-23,-0.006426085699040437,0.0,-0.006426085699040437,15730102.781559315,-0.007719470469311951,19800249.793035563
2023-05-24,-0.003592841555175046,0.0,-0.003592841555175046,15673587.014618553,-0.009643789893600884,19609300.344190713
2023-05-25,0.013204557691020552,0.0,0.013204557691020552,15880549.798578314,0.014727642174810384,19898099.10295834
2023-05-26,0.012376095371094471,0.0,0.012376095371094471,16077088.997430936,0.018085614085824164,20257968.44437593
2023-05-30,-0.0036186352454019646,0.1928858063020609,-0.003907963954855056,16014260.313129978,-0.009730370983668678,20060850.8960367
2023-05-31,-0.00032728970417449376,0.0,-0.00032728970417449376,16009019.01060952,-0.006255253415203366,19935365.18995738
2023-06-01,0.005457700293484046,0.0,0.005457700293484046,16096391.438362116,0.019599301842524074,20326084.4296563
2023-06-02,-0.0009718871094877346,0.0,-0.0009718871094877346,16080747.563013904,0.0018360248556310572,20363403.625886805
2023-06-05,-0.0007479483089086635,0.0,-0.0007479483089086635,16068719.99506816,-0.0009574705050911958,20343906.26753175
2023-06-06,-0.0005541335601771169,0.0,-0.0005541335601771169,16059815.778049806,0.003957291520298212,20424413.035293993
2023-06-07,-0.005592836841730009,0.0,-0.005592836841730009,15969995.848694934,-0.003638388938656867,20350101.07682782
2023-06-08,0.001964396071497543,0.0,0.001964396071497543,16001367.24580194,0.0009859178165621098,20370164.6040483
2023-06-09,0.00010007856381371028,0.0,0.00010007856381371028,16002968.639654955,-0.0025479061509683597,20318263.33635741
2023-06-12,0.004844587076904117,0.0,0.004844587076904117,16080496.414718729,-0.004792699301141944,20220884.009864833
2023-06-13,0.0024587831619494738,0.0,0.0024587831619494738,16120034.868539026,0.009078339426394643,20404456.05840814
2023-06-14,0.007934767701875156,0.0,0.007934767701875156,16247943.60056701,0.023714412583228792,20888335.74791359
2023-06-15,0.0025807477626783593,0.0,0.0025807477626783593,16289875.444662299,0.007253238613697621,21039843.83133624
2023-06-16,-0.004695538363340956,0.0,-0.004695538363340956,16213385.709577842,-0.010263660533212881,20823898.01657959
2023-06-20,-3.663685371200209e-05,0.0,-3.663685371200209e-05,16212791.702137424,-0.0016216327989640568,20790129.30055362
2023-06-21,-0.0011630184834519608,0.0,-0.0011630184834519608,16193935.925719483,0.0062745455635443755,20920577.914121926
2023-06-22,0.0035813074854294633,0.0,0.0035813074854294633,16251931.389668826,0.0028031272142369553,20979220.95541057
2023-06-23,-0.0021777957133753633,0.0,-0.0021777957133753633,16216538.003154332,-0.010793491103101915,20752781.920678336
2023-06-26,-0.0034475370973824694,0.0,-0.0034475370973824694,16160630.886797346,-0.0032749233204350083,20684818.151202403
2023-06-27,0.004942375317868453,0.0,0.004942375317868453,16240502.790013438,0.006166697467898363,20812375.166919366
2023-06-28,-0.002397271025845116,0.0,-0.002397271025845116,16201569.903229782,-0.016208470728972867,20475038.39322595
2023-06-29,0.00044706139199048863,0.0,0.00044706139199048863,16208812.99962315,0.0027073747723875058,20530471.99563544
2023-06-30,0.0057189454817688995,0.0,0.0057189454817688995,16301510.317492183,0.01705974609453673,20880716.635081977
2023-07-03,9.965076450226817e-05,0.0,9.965076450226817e-05,16303134.775457865,0.005517972364438006,20995935.85242402
2023-07-05,-0.0009066138495174569,0.0,-0.0009066138495174569,16288354.127679883,-0.0026630478777055597,20940022.67001178
2023-07-06,-0.003007839502127796,0.0,-0.003007839502127796,16239361.372710003,-0.009848768023143752,20733789.244335465
2023-07-07,0.0015967148785789975,0.0,0.0015967148785789975,16265291.002632428,0.015282921784727677,21050662.12365767
2023-07-10,0.001412451247566171,0.0,0.001412451247566171,16288264.933201121,0.005332627463554073,21162917.462624285
2023-07-11,0.003375558713999527,0.0,0.003375558713999527,16343246.927832324,0.005813472418714028,21285947.499592774
2023-07-12,0.0049370118881882025,0.0,0.0049370118881882025,16423933.732206628,0.01932052724776918,21697203.22825324
2023-07-13,0.003447408240159677,0.08360878089001365,0.003321995068824657,16478493.95907572,0.007811227311336,21866685.01468938
2023-07-14,-0.0004724818613991044,0.0,-0.0004724818613991044,16470708.169576881,-0.0026314730977019304,21809143.421337303
2023-07-17,0.003245808606184638,0.0,0.003245808606184638,16524168.93590365,0.002542014729052311,21864582.585142355
2023-07-18,0.0028369062374619396,0.0,0.0028369062374619396,16571046.45382679,0.010898298797850113,22102869.339245506
2023-07-19,-0.0007460675056275549,0.0,-0.0007460675056275549,16558683.334533343,0.0021731828910622757,22150902.91673694
2023-07-20,-0.007360668670346958,0.0,-0.007360668670346958,16436800.352890648,-0.018183526862571086,21748121.37852025
2023-07-21,0.0021073306519333703,0.0,0.0021073306519333703,16471438.126094004,0.003200890244458165,21817734.72807605
2023-07-24,0.0010464221557049981,0.0,0.0010464221557049981,16488674.203885471,0.007205752789653451,21974947.9309568
2023-07-25,0.003839020574291068,0.0,0.003839020574291068,16551974.563396972,0.021964229239057873,22457610.724828694
2023-07-26,-0.0006651727727484799,0.0,-0.0006651727727484799,16540964.640582174,-0.0020064141599998144,22412551.456670634
2023-07-27,-0.0015662186895918921,0.0,-0.0015662186895918921,16515057.872618215,-0.01554849988650353,22064069.902890336
2023-07-28,0.0047835625658291655,0.0,0.0047835625658291655,16594058.685230175,0.016926990535078,22437548.205301862
2023-07-31,0.00021750794550857535,0.0,0.00021750794550857535,16597668.024842449,0.00567008588490453,22564771.030672606
2023-08-01,0.0027424309141855837,0.0,0.0027424309141855837,16643185.982737167,0.004818872759302583,22673507.791112218
2023-08-02,-0.004521799601715688,0.0,-0.004521799601715688,16567928.830989145,-0.018954032981271417,22243753.37663836
2023-08-03,0.0004905312733625546,0.0,0.0004905312733625546,16576055.918215588,0.004314477335593669,22339723.546440404
2023-08-04,0.0006346668451306412,0.0,0.0006346668451306412,16586576.191329911,0.002531817092245159,22396283.640351314
2023-08-07,0.001242249744948823,0.0,0.001242249744948823,16607180.861373167,-0.0015539313352281204,22361481.353409916
2023-08-08,0.0007012348330281992,0.0,0.0007012348330281992,16618826.395071562,-0.0019503041688981202,22317869.663103625
2023-08-09,-0.00204011984874797,0.0,-0.00204011984874797,16584921.99748008,0.0029226299074459946,22383096.536451496
2023-08-10,0.0007553782379789461,0.0,0.0007553782379789461,16597449.886635555,0.0025621277101438573,22440444.88832636
2023-08-11,-0.005228714445815212,0.0,-0.005228714445815212,16510666.560649611,-0.02472696884035642,21885560.70680898
2023-08-14,0.005933304031004496,0.0,0.005933304031004496,16608629.365108486,0.0148388759170603,22210317.826512612
2023-08-15,-0.002283774711176122,0.0,-0.002283774711176122,16570698.997377155,-0.010406850422238257,21979178.371061724
2023-08-16,-0.0015441046775665785,0.0,-0.0015441046775665785,16545112.103544757,-0.004064481229903604,21889844.41312384
2023-08-17,-0.0005572131984987215,0.1800516840410441,-0.0008272907245602877,16531424.485764682,0.0042174618979947676,21982163.99788922
2023-08-18,-0.0022627219600572283,0.0,-0.0022627219600572283,16494018.468549713,-0.0053583871079832986,21864375.053717352
2023-08-21,0.008134944025278035,0.0,0.008134944025278035,16628196.385543268,0.013032334467209571,22149318.902333915
2023-08-22,-0.0002266414836394052,0.0,-0.0002266414836394052,16624427.746444201,0.002880414231619688,22213118.11572088
2023-08-23,0.005691342531196885,0.0,0.005691342531196885,16719043.05913435,0.014130448572874888,22526999.438898265
2023-08-24,-0.007720247512687197,0.09644290315103045,-0.007864911867413742,16587549.25896676,-0.01319767715278094,22229695.37308281
2023-08-25,-0.004249472150771039,0.0,-0.004249472150771039,16517060.930341238,-0.018795786377759537,21811870.767607674
2023-08-28,0.0005755858968887084,0.0,0.0005755858968887084,16526567.917670796,-0.004137170745698904,21721631.333958965
2023-08-29,0.008173690507734777,0.0,0.008173690507734777,16661650.968984896,0.013401718629301396,22012738.5252661
2023-08-30,0.003981411756170994,0.0,0.003981411756170994,16727987.86203003,0.009106879309297211,22213205.87828281
2023-08-31,-0.0005558004609074963,0.0,-0.0005558004609074963,16718690.438666258,-0.006426581774358719,22070450.89423536
2023-09-01,-0.00033860516731504253,0.0,-0.00033860516731504253,16713029.403692983,0.004658597325764024,22173268.23774965
2023-09-05,0.0023421850091856597,0.0,0.0023421850091856597,16752174.410620391,-0.007725339452263679,22001972.21384694
2023-09-06,0.0030147791858661896,0.0,0.0030147791858661896,16802678.517351527,0.012263979909625043,22271803.95904969
2023-09-07,-0.0026534805417692373,0.0,-0.0026534805417692373,16758092.93685613,-0.011251512427234545,22021212.48002751
2023-09-08,0.004087796586206727,0.0,0.004087796586206727,16826596.611954745,0.002440836741129016,22074962.66453297
2023-09-11,0.00795661811084507,0.0,0.00795661811084507,16960479.415301308,0.02576168923897699,22643650.992658686
2023-09-12,-0.006440241847932171,0.0,-0.006440241847932171,16851249.826009892,-0.013720977740965645,22332957.96141422
2023-09-13,0.0031374127568081665,0.0,0.0031374127568081665,16904119.15218218,0.012424330509961922,22610430.012391914
2023-09-14,-0.0012084333666605772,0.0,-0.0012084333666605772,16883691.650564678,-0.0050918019145304244,22495302.181566462
2023-09-15,-0.0026509749750559973,0.08360878089001365,-0.0027763881463910177,16836815.96919873,0.0022531041113466486,22545986.439397737
2023-09-18,-0.000895599820147425,0.0,-0.000895599820147425,16821736.91984486,-0.009034555407796652,22342293.475687563
2023-09-19,2.2338882086447313e-05,0.0,2.2338882086447313e-05,16822112.6986424,2.4710892559643002e-05,22342845.57370118
2023-09-20,-0.003664619991848323,0.0,-0.003664619991848323,16760466.04814183,-0.00745001602978711,22176391.01602605
2023-09-21,-0.004385869150913675,0.0,-0.004385869150913675,16686956.837146347,-0.017294617266284375,21792858.821056414
2023-09-22,0.0017770739088858773,0.08360878089001365,0.0016516607375508569,16714518.028583469,0.004234108379023183,21885132.14719352
2023-09-25,0.003160577042869339,0.0,0.003160577042869339,16767345.550547235,0.0019302053987373389,21927374.947416116
2023-09-26,-0.001676632542088896,0.0,-0.001676632542088896,16739232.873352736,-0.00022234099586879722,21922499.59303352
2023-09-27,0.0009361241493617278,0.0,0.0009361241493617278,16754902.873487271,-0.0035690387987932113,21844257.34141945
2023-09-28,0.004193527560286547,0.0,0.004193527560286547,16825165.020457163,0.018985354111535034,22258978.3023498
2023-09-29,-0.001014563698664328,0.0,-0.001014563698664328,16808094.81880337,0.002121001404722178,22306189.62659676
2023-10-02,-0.0022600061899624934,0.0,-0.0022600061899624934,16770108.420471398,-0.02802799228288625,21680991.915881913
2023-10-03,0.0005030927872985425,0.0,0.0005030927872985425,16778545.341059953,0.005886071830438721,21808607.791653957
2023-10-04,0.0071029993295132375,0.0,0.0071029993295132375,16897723.33736771,0.009979181230380862,22026239.84118917
2023-10-05,-0.001624282365118468,0.0,-0.001624282365118468,16870276.66334017,-0.009309391867775362,21821188.943133935
2023-10-06,0.00471658274769815,0.0,0.00471658274769815,16949846.719199378,0.011237667651765083,22066408.212243248
2023-10-09,0.00453242838415373,0.0,0.00453242838415373,17026670.685576532,0.010775081892715855,22304175.56780827
2023-10-10,0.0008606624567586207,0.0,0.0008606624567586207,17041324.9017992,0.005162042685100798,22419310.674145278
2023-10-11,0.004815539332101215,0.0,0.004815539332101215,17123388.072134927,0.010460968353930688,22653838.373624455
2023-10-12,-0.002220655471847754,0.0,-0.002220655471847754,17085362.926715966,-0.01006764263604275,22425767.624544133
2023-10-13,-0.00020357453741537412,0.08360878089001365,-0.0003289877087503946,17079742.052313536,0.005063907548048507,22539329.63848884
2023-10-16,0.0030941267820122826,0.0,0.0030941267820122826,17132588.939627465,0.007830722308121119,22715828.86989905
2023-10-17,0.0010438266033680234,0.0,0.0010438266033680234,17150472.391747218,0.012019507811263971,22988861.95244014
2023-10-18,-0.0050607970853690145,0.0,-0.0050607970853690145,17063677.331054363,-0.019983166529295635,22529471.695725534
2023-10-19,-0.0013427418272874373,0.0,-0.0013427418272874373,17040765.217774622,-0.004752912756725592,22422391.082300633
2023-10-20,-0.0028878738173453884,0.0,-0.0028878738173453884,16991553.638074677,-0.01109726233231546,22173563.926342573
2023-10-23,0.0013262893607453898,0.0,0.0013262893607453898,17014089.35488739,0.004177931859180605,22266203.565502014
2023-10-24,-0.000591034892766266,0.0,-0.000591034892766266,17004033.43441001,0.0002484706105193135,22271736.06269588
2023-10-25,-0.006765529131551144,0.0,-0.006765529131551144,16888992.150855638,-0.019089964118096214,21846569.420411307
2023-10-26,-0.004586747692679386,0.0,-0.004586747692679386,16811526.60507602,-0.006491625952531632,21704749.663387984
2023-10-27,0.0023002935137615586,0.0,0.0023002935137615586,16850198.050682105,0.013846117834458705,22005276.184794683
2023-10-30,-0.00012750888195274304,0.0,-0.00012750888195274304,16848049.50076798,-0.008342900458679947,21821688.35601918
2023-10-31,-0.001688941845116845,0.0,-0.001688941845116845,16819594.12495753,-0.009040492621710527,21624409.543443326
2023-11-01,0.0009862022951038457,0.0,0.0009862022951038457,16836181.647286285,-0.0021854922553884767,21577149.563858785
2023-11-02,0.003842130405137408,0.0,0.003842130405137408,16900868.45269974,0.009641745507455978,21785190.948729824
2023-11-03,0.00045859479372164613,0.0,0.00045859479372164613,16908619.102981523,0.007131557104810471,21940553.28201989
2023-11-06,-0.0032944980264116197,0.0,-0.0032944980264116197,16852913.690717407,-0.017049755957995717,21566472.20297805
2023-11-07,0.0049809902643664,0.0,0.0049809902643664,16936857.889737077,0.014630441514963977,21881999.213227816
2023-11-08,0.0012498982234528599,0.0,0.0012498982234528599,16958027.238324333,-0.005270969719664619,21766659.85796917
2023-11-09,0.0013769130132566655,0.0,0.0013769130132566655,16981376.96670794,0.003817482440182895,21849753.6997584
2023-11-10,0.007913970115319125,0.0,0.007913970115319125,17115767.076539434,0.019055480238016086,22266111.249589663
2023-11-13,-0.0028330825507729405,0.0,-0.0028330825507729405,17067276.695491794,-0.004663037269594583,22162283.54298389
2023-11-14,0.009731128036497195,0.0,0.009731128036497195,17233360.55024995,0.04228212745969835,23099352.04054631
2023-11-15,-0.007228340088094978,0.0,-0.007228340088094978,17108791.959331986,-0.024504582263961502,22533312.068224534
2023-11-16,-0.0007264587114288852,0.0,-0.0007264587114288852,17096363.128371105,-0.008186610601489442,22348840.616760142
2023-11-17,-0.0014769205425164116,0.0,-0.0014769205425164116,17071113.15846449,-0.00033615902902838185,22341327.852198504
2023-11-20,-0.0025217375966701126,0.0,-0.0025217375966701126,17028064.290595785,-0.006290329475939837,22200793.539078183
2023-11-21,0.0031817316215696423,0.0,0.0031817316215696423,17082243.021203294,0.019494986923966093,22633597.71882418
2023-11-22,-0.0012057606009022905,0.0,-0.0012057606009022905,17061645.92559329,-0.011586191528927581,22371360.520665187
2023-11-24,0.0005722797422504038,0.0,0.0005722797422504038,17071409.959925957,0.005079213043846198,22484989.426830336
2023-11-27,-0.004572644425800652,0.0,-0.004572644425800652,16993348.472332142,-0.02275151349073786,21973421.886546705
2023-11-28,0.004478879367682693,0.0,0.004478879367682693,17069459.630192712,0.023306140304666753,22485537.5400082
2023-11-29,-0.0010748419170299,0.0,-0.0010748419170299,17051112.659481134,-0.005255890488524673,22367356.017122302
2023-11-30,-5.1176818821857946e-05,0.0,-5.1176818821857946e-05,17050240.03777785,0.005049946349761159,22480309.964994777
2023-12-01,0.0008799349483044253,0.0,0.0008799349483044253,17065243.13986407,0.016775732642150397,22857433.634680197
2023-12-04,-0.005559827714365889,0.08360878089001365,-0.00568524088570091,16968223.121840887,-0.033393642883976525,22094140.658639494
2023-12-05,0.004869812960286679,0.0,0.004869812960286679,17050855.19471266,0.009472864768096834,22303435.465266097
2023-12-06,0.002029782972484284,0.0,0.002029782972484284,17085464.730253182,0.006693056636268291,22452713.62201848
2023-12-07,0.0014143842568897114,0.0,0.0014143842568897114,17109630.142589297,0.005129293589963035,22567880.182077173
2023-12-08,0.001935953501549803,0.0,0.001935953501549803,17142753.590974066,0.006478171567686597,22714078.781815667
2023-12-11,-0.0016714409831986466,0.08360878089001365,-0.001796854154533667,17111950.562963977,-0.0208540129555008,22240399.088627413
2023-12-12,0.00737566403052599,0.0,0.00737566403052599,17238162.56122337,0.02890137741840901,22883177.256623875
2023-12-13,0.0014254954429384066,0.0,0.0014254954429384066,17262735.483399026,0.013831992867347886,23199697.201219752
2023-12-14,-0.0007103067351258995,0.0,-0.0007103067351258995,17250473.64611847,0.006413551237546122,23348489.64791533
2023-12-15,-0.001355068976366474,0.0,-0.001355068976366474,17227098.064452987,-0.008648041059439148,23146570.95076427
2023-12-18,-0.0005549256903750226,0.0,-0.0005549256903750226,17217538.305166412,-0.015014811071254262,22799029.56099116
2023-12-19,0.005227251134595903,0.0,0.005227251134595903,17307538.70180704,0.02692794900621928,23412960.666400816
2023-12-20,-0.005991980645493873,0.0,-0.005991980645493873,17203832.264884677,-0.025723224865630098,22810703.81440884
2023-12-21,0.004480013543474211,0.0,0.004480013543474211,17280905.666431017,0.018458754080711424,23231760.98652696
2023-12-22,0.0024607469100383444,0.0,0.0024607469100383444,17323429.60165235,0.005796376706227879,23366421.024753917
2023-12-26,0.004684525138256841,0.3,0.004234525138256841,17396786.099781375,0.020448643441990887,23844232.636804547
2023-12-27,0.004639619318635979,0.0,0.004639619318635979,17477500.564652096,0.00479692848825306,23958611.715620566
2023-12-28,-0.008946025645401978,0.0,-0.008946025645401978,17321146.396383192,-0.010113902226818627,23716296.65923847
2023-12-29,-0.0012157049364127093,0.0,-0.0012157049364127093,17300088.993204784,0.00025098148849901354,23722249.010675687
2024-01-02,0.0,0.0,0.0,17300088.993204784,-0.022678373679835093,23184266.983085483
2024-01-03,0.0,0.541761223436025,-0.0008126418351540374,17286030.217137016,0.005488363857462341,23311510.67605721
2024-01-04,-0.003425429204151227,0.0,-0.003425429204151227,17226818.144407395,-0.010698437123728487,23062113.944830284
2024-01-05,0.0010397432268452855,0.0,0.0010397432268452855,17244729.611893136,0.0023369414288014977,23116008.754343696
2024-01-08,0.0012003323345467275,0.0,0.0012003323345467275,17265429.018446807,-0.006216789699920145,22972301.38921643
2024-01-09,0.012523204625720888,0.0,0.012523204625720888,17481647.518995672,0.019545775595486446,23421312.837081935
2024-01-10,0.012759108333890365,0.0,0.012759108333890365,17704697.753545426,0.016254276102728782,23802009.322624248
2024-01-11,-0.0005461988368666419,0.0,-0.0005461988368666419,17695027.46822536,-0.0016468171799313479,23762811.76475487
2024-01-12,-0.004222093570765838,0.0,-0.004222093570765838,17620317.40651724,-0.0074363640149776805,23586102.846452754
2024-01-16,-0.00045001971157994033,0.0,-0.00045001971157994033,17612387.916360013,-0.0058531373622559115,23448050.14665217
2024-01-17,0.00405167421242366,0.0,0.00405167421242366,17683747.57429993,0.004455937855955938,23552533.200948987
2024-01-18,0.005170230058746452,0.0,0.005170230058746452,17775176.61755986,0.004885484700132325,23667598.74155158
2024-01-19,0.007053902675550865,0.0,0.007053902675550865,17900560.98346086,0.010827601407145736,23923862.066989366
2024-01-22,-0.0159784778951222,0.0,-0.0159784778951222,17614537.265476342,-0.02268557413281652,23381135.520525403
2024-01-23,0.012855868336353087,0.0,0.012855868336353087,17840987.43736709,0.019150698498025243,23828900.597420454
2024-01-24,0.007358806973295677,0.0,0.007358806973295677,17972275.82013167,0.011605243128931075,24105440.782348648
2024-01-25,-0.0010209832848626838,0.0,-0.0010209832848626838,17953926.42692837,-0.0019988681912703754,24057257.183532257
2024-01-26,-0.0027581860004452664,0.0,-0.0027581860004452664,17904406.158404592,-0.005184679261320546,23932528.021128543
2024-01-29,-0.004438663223353286,0.0,-0.004438663223353286,17824934.529253304,-0.010896920224756967,23671737.172505543
2024-01-30,0.02145968495592831,0.0,0.02145968495592831,18207452.008611128,0.03251756610993086,24441484.450949397
2024-01-31,-0.006294350016656205,0.0,-0.006294350016656205,18092847.93275746,-0.007221214545591103,24264987.247916367
2024-02-01,4.4894880035393266e-05,0.0,4.4894880035393266e-05,18093660.2089949,0.000986525877215105,24288925.285746727
2024-02-02,0.004211099240998305,0.0,0.004211099240998305,18169854.407767877,-0.0017792039281676493,24245710.334467355
2024-02-05,-0.005538234479376459,0.0,-0.005538234479376459,18069225.493601523,-0.01044651077546801,23992427.260199465
2024-02-06,0.015395215822029122,0.0,0.015395215822029122,18347405.119812433,0.02810910526842727,24666832.923701495
2024-02-07,-0.0033746938507214783,0.0,-0.0033746938507214783,18285488.244577907,-0.00805712456071943,24468089.17831678
2024-02-08,0.0017195705740779064,0.15468650690162353,0.0014875408137254712,18312688.65464061,0.00041612776127561977,24478271.02948924
2024-02-09,0.007421730241357211,0.0,0.007421730241357211,18448600.489829317,0.012897564455811118,24793981.107858896
2024-02-12,-0.0038679134502177734,0.0,-0.0038679134502177734,18377242.89985701,-0.004119668483305449,24691838.125313178
2024-02-13,0.0004796782439326459,0.0,0.0004796782439326459,18386058.063459538,0.00184699242530294,24737443.76329744
2024-02-14,0.0028809829952606636,0.0,0.0028809829952606636,18439027.984090243,0.009668126632844266,24976608.50217386
2024-02-15,-0.0028206348008424915,0.0,-0.0028206348008424915,18387018.220064607,-0.004376068274123579,24867309.15811229
2024-02-16,0.0029691592112805107,0.0,0.0029691592112805107,18441612.2045807,0.016324065429765566,25273244.739871528
2024-02-20,-0.0026062289060350555,0.0,-0.0026062289060350555,18393549.14177923,0.0024266431677851365,25334573.886547297
2024-02-21,-0.0017994407234780945,0.0,-0.0017994407234780945,18360451.04040422,-0.006799739041518659,25162305.3953907
2024-02-22,0.012313496916913906,0.0,0.012313496916913906,18586532.397683382,0.013227299349887034,25495134.741188806
2024-02-23,0.002167486528443624,0.0870747165344014,0.002036874453642022,18624390.830706015,0.004531240775899592,25610659.335315134
2024-02-26,-0.004048807851875336,0.0,-0.004048807851875336,18548984.250874255,-0.01870223426702723,25131682.784693044
2024-02-27,0.007191041981328427,0.0,0.007191041981328427,18682370.775333293,0.029797280305737847,25880538.581183426
2024-02-28,-0.0032820909987087863,0.0,-0.0032820909987087863,18621053.53437703,-0.004878270976218079,25754286.300973948
2024-02-29,0.0018491030083906733,0.0,0.0018491030083906733,18655485.780486852,0.007290988000918974,25942060.493366577
2024-03-01,0.0006710800802748772,0.0,0.0006710800802748772,18668005.105381988,-0.0037313830628637247,25845260.728225842
2024-03-04,-0.007428606434367657,0.0,-0.007428606434367657,18529327.84253934,-0.02982581827306402,25074404.678525824
2024-03-05,0.003385277036020717,0.0,0.003385277036020717,18592054.750577588,0.014416723419905964,25435895.43569493
2024-03-06,0.0028491196780871864,0.0,0.0028491196780871864,18645025.73962353,0.009519926342063667,25678043.286687173
2024-03-07,0.007097142788088217,0.0,0.007097142788088217,18777352.14958522,0.02022154241940357,26197292.928256202
2024-03-08,-0.005714063520823531,0.0,-0.005714063520823531,18670057.166649617,-0.007706017140688059,25995416.13991143
2024-03-11,-0.009320857039465702,0.0,-0.009320857039465702,18496036.232880622,-0.020434057989985786,25464224.299034666
2024-03-12,0.008214078146037961,0.0,0.008214078146037961,18647964.119889457,0.022799531725825314,26044796.68881404
2024-03-13,-0.006965955056872419,0.0,-0.006965955056872419,18518063.239928138,-0.0029031330258527336,25969185.17939512
2024-03-14,-0.002452890494402593,0.0,-0.002452890494402593,18472640.45863217,-0.006554792017100741,25798962.571690615
2024-03-15,-0.00483594443551113,0.0,-0.00483594443551113,18383307.795797054,-0.0007108156128884493,25780624.26629833
2024-03-18,-0.0023149443918906608,0.0,-0.0023149443918906608,18340751.46051077,-0.01524958889065069,25387480.34489295
2024-03-19,0.007631367032987035,0.0,0.007631367032987035,18480716.466566723,0.008934039092230062,25614293.08674745
2024-03-20,0.009798706366018184,0.0,0.009798706366018184,18661803.580656245,0.029921794023184713,26380718.68853859
2024-03-21,0.00037114785527985194,0.0,0.00037114785527985194,18668729.869030863,-0.006148438313427696,26218518.46701822
2024-03-22,0.0022528254529155856,0.0,0.0022528254529155856,18710787.258853417,-0.0016637861286080136,26174896.45968014
2024-03-25,-0.0024970231296019716,0.0,-0.0024970231296019716,18664065.990295,-0.004328289801234319,26061603.92228534
2024-03-26,0.003313285536866339,0.0,0.003313285536866339,18725905.370199762,0.00941424671578519,26306954.29141881
2024-03-27,0.002145393363081638,0.0,0.002145393363081638,18766079.803298686,0.00948712848215325,26556531.74675563
2024-03-28,-0.001205836260727633,0.0,-0.001205836260727633,18743450.983800158,-0.0003194179537958641,26548049.113725167
2024-04-01,0.0005982411396652232,0.0,0.0005982411396652232,18754664.087277967,0.0021682911047521515,26605613.012466982
2024-04-02,-0.0008548765218325483,0.0,-0.0008548765218325483,18738631.165274896,0.005905859725568285,26762742.030831367
2024-04-03,-0.002199198500445265,0.0,-0.002199198500445265,18697421.195715826,0.008657707939051906,26994446.0349825
2024-04-04,-0.011000700083813608,0.0,-0.011000700083813608,18491736.47280102,-0.022547649616526,26385784.72419349
2024-04-05,-0.0009460455152544345,0.0,-0.0009460455152544345,18474242.448441654,-0.008376579622267266,26164762.097555283
2024-04-08,-0.003931686386766764,0.0,-0.003931686386766764,18401607.52090129,-0.0062243728595798185,26001902.8624779
2024-04-09,0.00292996897853961,0.0,0.00292996897853961,18455523.66009279,0.011724436868118948,26306760.53103998
2024-04-10,-0.00013980520584627731,0.0,-0.00013980520584627731,18452943.481808487,-0.0003979052839435781,26296292.932021238
2024-04-11,0.006863242943379144,0.0,0.006863242943379144,18579590.515944585,0.011357554355039134,26594954.5083327
2024-04-12,-0.002486196894142756,0.0,-0.002486196894142756,18533397.9957094,-0.007629054606182329,26392060.148139693
2024-04-15,-0.0020707675524149647,0.0,-0.0020707675524149647,18495019.63650389,0.004670958910748356,26515336.376661655
2024-04-16,0.0025702418043124895,0.0,0.0025702418043124895,18542556.309145216,-0.002757520863091168,26442219.78341113
2024-04-17,-0.0013257434483225916,0.0,-0.0013257434483225916,18517973.636603214,0.008664224889713456,26671321.122197837
2024-04-18,-0.0021775919318661294,0.0,-0.0021775919318661294,18477649.046617635,0.007781571710302715,26878865.92011873
2024-04-19,-0.010032261821260546,0.0,-0.010032261821260546,18292276.4335406,-0.01465945345394347,26484836.436267965
2024-04-22,0.0008049194555390437,0.0,0.0008049194555390437,18307000.24272806,-0.003582853055833024,26389945.159109045
2024-04-23,0.0024091480019003964,0.0,0.0024091480019003964,18351104.515783615,-0.0025820781747049716,26321804.257682048
2024-04-24,0.0013546396017388494,0.0,0.0013546396017388494,18375963.648696344,0.002251187348044503,26381059.57040464
2024-04-25,-0.0017684906072981787,0.0,-0.0017684906072981787,18343465.929583568,0.0018554185287539163,26430007.477139726
2024-04-26,0.0032921987958055344,0.0,0.0032921987958055344,18403856.26602784,0.004711080421677472,26554521.36791007
2024-04-29,0.0023206735491615228,0.0,0.0023206735491615228,18446565.608466983,0.01930504249896605,27067157.531457275
2024-04-30,-0.00872877418898318,0.0,-0.00872877418898318,18285549.702708412,-0.02936890323970661,26272224.80094201
2024-05-01,0.002882522053458025,0.0,0.002882522053458025,18338258.20298607,0.01232841753245717,26596119.7577946
2024-05-02,0.004581048552973676,0.0,0.004581048552973676,18422266.654190917,0.006906430344940294,26779804.006347496
2024-05-03,0.0019709386731862955,0.0,0.0019709386731862955,18458575.81198741,0.0037362077609472744,26879858.91791266
2024-05-06,0.001877102711318157,0.0,0.001877102711318157,18493224.454691164,0.003430890732810099,26972080.776773367
2024-05-07,-0.004204383967268144,0.0,-0.004204383967268144,18415471.83829077,-0.012991926213601424,26621661.49349423
2024-05-08,0.0022617695690150706,0.0,0.0022617695690150706,18457123.39209367,0.004506785990060413,26741639.624545243
2024-05-09,0.00023086184895690918,0.0,0.00023086184895690918,18461384.43772639,0.006901764788761832,26926204.131299686
2024-05-10,-0.003014326344786855,0.0,-0.003014326344786855,18405735.800254516,-0.008372245238514986,26700771.34697013
2024-05-13,-0.00284667718665611,0.0,-0.00284667718665611,18353340.61204831,0.0003501009111885338,26710119.31134814
2024-05-14,0.0053138044104094504,0.0,0.0053138044104094504,18450866.67433836,0.01827630362716337,27198281.5618001
2024-05-15,0.0016106400387071228,0.0,0.0016106400387071228,18480584.378952894,0.0020139547683117763,27253057.67064137
2024-05-16,-0.0036522261931291045,0.0,-0.0036522261931291045,18413089.10461975,-0.011247700975208552,26946523.427301884
2024-05-17,-0.0023863527693503417,0.0,-0.0023863527693503417,18369148.978442643,0.0073038618016883945,27143337.110450853
2024-05-20,0.0007361481348137743,0.0,0.0007361481348137743,18382671.393201243,0.0022449678819549622,27204273.03047289
2024-05-21,-0.0017363305172323317,0.0,-0.0017363305172323317,18350752.99987297,-0.0071093318912217145,27010868.824639846
2024-05-22,0.00024839761085160283,0.0,0.00024839761085160283,18355311.283075467,-0.022582228898970234,26400903.20208177
2024-05-23,0.0020775529594453833,0.0,0.0020775529594453833,18393445.414353166,0.008201097501613217,26617419.583372694
2024-05-24,0.006518716979317785,0.0,0.006518716979317785,18513347.079283863,0.014966904498235501,27015799.960266493
2024-05-28,-0.001264859908397642,0.0,-0.001264859908397642,18489930.288793024,0.003534234586164331,27111280.13485897
2024-05-29,-0.004092963276707329,0.0,-0.004092963276707329,18414251.683132116,-0.02317942486497927,26482856.2539796
2024-05-30,0.0015563988986850186,0.0,0.0015563988986850186,18442911.604171854,-0.0009738093359447086,26457067.001316994
2024-05-31,0.0015998699312860909,0.0,0.0015998699312860909,18472417.863892738,0.00574121990907086,26608962.841120582
2024-06-03,0.002183182897837588,0.0,0.002183182897837588,18512746.530654896,0.0068155214161354834,26790316.79722539
2024-06-04,-0.003950479042967425,0.0,-0.003950479042967425,18439612.313457776,-0.0209724086255454,26228459.326146167
2024-06-05,0.006636965610890022,0.0,0.006636965610890022,18561995.386260338,0.014236729124503043,26601866.796925556
2024-06-06,0.0009328173837058306,0.0,0.0009328173837058306,18579310.33823291,0.007452942062410939,26800128.968915015
2024-06-07,-0.0005391628204273079,0.0,-0.0005391628204273079,18569293.06486935,-0.02032376938621212,26255449.328230042
2024-06-10,-0.0011319447281814999,0.0,-0.0011319447281814999,18548273.651478518,0.0002743175665737671,26262651.659199063
2024-06-11,0.008413721637315862,0.05823877656397513,0.0083263634724699,18702713.319687564,0.014338866096932645,26639228.304690704
2024-06-12,0.00524583617191483,0.0,0.00524583617191483,18800824.68973293,0.009115480877381543,26882057.68089031
2024-06-13,-0.0013910050663570965,0.0,-0.0013910050663570965,18774672.647337824,-0.010170874115132254,26608643.65626225
2024-06-14,0.00221409916854196,0.0,0.00221409916854196,18816241.63443594,-0.001281292087058306,26574550.211698126
2024-06-17,0.006018995066483711,0.0,0.006018995066483711,18929496.50000338,0.008348615418410931,26796410.911332846
2024-06-18,0.0011451299494619402,0.0,0.0011451299494619402,18951173.23337377,0.0044258308016780655,26915007.292118642
2024-06-20,0.0007244037440959192,0.0,0.0007244037440959192,18964901.534219034,0.009059940856910509,27158855.66634855
2024-06-21,-0.0021732457111038393,0.0,-0.0021732457111038393,18923686.143298287,-0.012949780661220867,26807154.44245958
2024-06-24,-0.00865904936841642,0.0,-0.00865904936841642,18759825.010751046,-0.01774812491400357,26331377.716825824
2024-06-25,0.013321081855763247,0.0,0.013321081855763247,19009726.175319057,0.024617747379922485,26979596.921623964
2024-06-26,-0.0009380398385989262,0.0,-0.0009380398385989262,18991894.29484575,-0.0024259589487544363,26914145.52703816
2024-06-27,0.0024084716884910564,0.0,0.0024084716884910564,19037635.734565705,0.0021099326271453054,26970932.56081739
2024-06-28,0.001988552662613233,0.0,0.001988552662613233,19075493.075795535,0.010330744810752667,27249562.38241121
2024-07-01,-0.002270183960185814,0.0,-0.002270183960185814,19032188.197382227,-0.01025681560573819,26970068.64571776
2024-07-02,0.004946676055755269,0.0,0.004946676055755269,19126334.267026845,0.007625783927678098,27175736.56172465
2024-07-03,0.0038776840954505135,0.0,0.0038776840954505135,19200500.149218366,0.01612870590337656,27614046.024436347
2024-07-05,0.0007478751211863349,0.0,0.0007478751211863349,19214859.725594297,0.0007645757671604246,27635159.054859884
2024-07-08,-0.00046956904311964065,0.0,-0.00046956904311964065,19205837.02229927,-0.003589193076404096,27535971.133314855
2024-07-09,0.0015412050859380398,0.0,0.0015412050859380398,19235437.15599774,0.003718348835175689,27638359.47950385
2024-07-10,0.0014788741509613626,0.0,0.0014788741509613626,19263883.94679018,0.006619321708030546,27821306.672380883
2024-07-11,-0.015825148471325136,0.05823877656397513,-0.0159125066361711,18957347.265648454,-0.03036215610652944,26976591.816106424
2024-07-12,0.0021658462410452327,0.0,0.0021658462410452327,18998405.964963946,0.010941872629876625,27271766.24774643
2024-07-15,-0.0040846749124225585,0.0,-0.0040846749124225585,18920803.65274284,-0.018899000496849436,26756357.123880308
2024-07-16,0.0035596900911128546,0.0,0.0035596900911128546,18988155.850021396,0.009081081599618068,26999333.786230788
2024-07-17,-0.008633610356246347,0.0,-0.008633610356246347,18824219.511028633,-0.01820250891657632,26507878.172245305
2024-07-18,0.0032141493605645885,0.05823877656397513,0.0031267911957186256,18883078.914861992,-0.0017881382665104308,26460478.420921512
2024-07-19,0.0004587831184455836,0.0,0.0004587831184455836,18891742.152692407,0.002274828398207007,26520671.46866357
2024-07-22,0.007604839672381095,0.0,0.007604839672381095,19035410.822895594,0.013418854178022622,26876548.491804812
2024-07-23,-0.0009599905738511595,0.0,-0.0009599905738511595,19017137.00793623,-0.0043281050238600845,26760223.967253417
2024-07-24,-0.010815559657482446,0.0,-0.010815559657482446,18811456.028112378,-0.016044705974986594,26330864.041874044
2024-07-25,-0.0025101220571422896,0.3420110699588027,-0.0030231386620804936,18754586.388103765,-0.00378423215194894,26231221.93957819
2024-07-26,0.002922397418854456,0.0,0.002922397418854456,18809394.74295604,0.002978605674758505,26309354.40610327
2024-07-29,-0.00822478534070712,0.0,-0.00822478534070712,18654691.5088066,-0.011762317507065256,25999895.426172778
2024-07-30,0.01058855423577423,0.0,0.01058855423577423,18852217.72159924,0.01610741374717732,26418686.499185484
2024-07-31,0.016496073338789434,0.0,0.016496073338789434,19163205.287733562,0.0186641932866336,26911769.97038526
2024-08-01,-0.027185478847305565,0.0,-0.027185478847305565,18642244.375737306,-0.03560749732429237,25953509.193172794
2024-08-02,-0.00033573346588308423,0.0,-0.00033573346588308423,18635985.5504212,-0.0009672081141114839,25928406.748491492
2024-08-05,-0.0332350064873732,0.0,-0.0332350064873732,18016618.44975436,-0.04247629309041093,24827064.144075178
2024-08-06,0.022138007214266297,0.0,0.022138007214266297,18415470.478971705,0.029500698859657358,25559479.886958938
2024-08-07,-0.013993047366805223,0.0,-0.013993047366805223,18157781.92827745,-0.0141026499022153,25199023.490430444
2024-08-08,0.01434516152792298,0.10603346162499606,0.014186111335485486,18415370.244317465,0.01898546967835768,25677438.786832236
2024-08-09,-0.0037775437030318345,0.0,-0.0037775437030318345,18345805.37841204,-0.004004664099014765,25574609.26956796
2024-08-12,0.004486124150332662,0.0,0.004486124150332662,18428106.93897744,0.0044422266629341785,25688217.48075936
2024-08-13,0.008473793554795873,0.0,0.008473793554795873,18584262.912784036,0.009082482455401306,25921530.26533889
2024-08-14,-0.004033747842921787,0.0,-0.004033747842921787,18509298.6823473,-0.004578757963110858,25802841.85222045
2024-08-15,0.0220993323237271,0.0,0.0220993323237271,18918341.825007617,0.024450179517767488,26433725.9675758
2024-08-16,-0.0006532540421012097,0.0,-0.0006532540421012097,18905983.34174058,-0.0014384602744349937,26395702.102866143
2024-08-19,0.01456175891767561,0.0,0.01456175891767561,19181287.7132646,0.01631735901806053,26826410.250612386
2024-08-20,-0.015496265194329997,0.0,-0.015496265194329997,18884049.392091107,-0.01660156139595037,26381049.953803893
2024-08-21,0.006469131721400971,0.0,0.006469131721400971,19006212.795041986,0.007223185865406822,26571605.180944804
2024-08-22,-0.017563020389329602,0.0,-0.017563020389329602,18672406.292198725,-0.018945224140219062,26068200.1650264
2024-08-23,0.016057304569828772,0.0,0.016057304569828772,18972234.807084147,0.018107145454399242,26540220.857148927
2024-08-26,-0.012087943252315542,0.0,-0.012087943252315542,18742899.50936651,-0.013786106960982824,26174334.53364417
2024-08-27,-0.0005451298832035315,0.0,-0.0005451298832035315,18732682.19474607,-0.0016600344318170475,26130884.23708842
2024-08-28,-0.009807948424140588,0.0,-0.009807948424140588,18548953.013934184,-0.010242468949533389,25863239.46666619
2024-08-29,0.004821418166227073,0.0,0.004821418166227073,18638385.27296006,0.005990133140241438,26018163.71450947
2024-08-30,0.006638454626021568,0.0,0.006638454626021568,18762115.34789692,0.0068996836486925565,26197680.813259475
2024-09-03,-0.02358056415572644,0.0,-0.02358056415572644,18319694.083238695,-0.025954190290295984,25517741.220267702
2024-09-04,0.007538672695769988,0.0,0.007538672695769988,18457800.260818865,0.0074994343506885495,25709109.845326953
2024-09-05,0.016887151750573225,0.0,0.016887151750573225,18769499.934805088,0.018205249206317144,26177150.59693371
2024-09-06,-0.017686880998026535,0.0,-0.017686880998026535,18437526.023065723,-0.019769429297754926,25659643.268990945
2024-09-09,0.009925808359830058,0.0,0.009925808359830058,18620533.373000056,0.01006779315026427,25917979.249732714
2024-09-10,-0.0006243966219038363,0.0,-0.0006243966219038363,18608906.774863906,-0.0011677134224679197,25887714.477479555
2024-09-11,0.019829132376469615,0.0,0.019829132376469615,18977905.250684064,0.022122238027606666,26460408.65914108
2024-09-12,0.004220358085893168,0.0,0.004220358085893168,19057998.806562103,0.005448522609097983,26604578.79396638
2024-09-13,-0.003753365035620032,0.05823877656397509,-0.0038407232004659944,18984802.308391288,-0.00418211047961794,26493315.506186314
2024-09-16,-0.002025719821017959,0.0,-0.002025719821017959,18946344.41805707,-0.0018450754943376447,26444433.338982094
2024-09-17,-0.005666454160412494,0.0,-0.005666454160412494,18838985.825904764,-0.0072918799357377774,26251603.706105616
2024-09-18,0.0017653937931256156,0.0,0.0017653937931256156,18872244.0545506,0.002014867109666141,26304497.19898904
2024-09-19,0.014207071997314923,0.0,0.014207071997314923,19140363.384584494,0.016015457362552096,26725775.752322823
2024-09-20,-0.0011053431101301454,0.10024984652277784,-0.0012557178799143121,19116328.488054413,-0.0012373836743878376,26692705.713721544
2024-09-23,0.0010354214068827266,0.0,0.0010354214068827266,19136121.943791945,0.0025323608958796487,26760301.277876195
2024-09-24,0.009831370977199428,0.0,0.009831370977199428,19324256.25768629,0.015513730881464592,27175453.390208077
2024-09-25,-0.008721512655006782,0.0,-0.008721512655006782,19155719.512186285,-0.012771623339860295,26828378.735418413
2024-09-26,0.012026498429761574,0.0,0.012026498429761574,19386095.742820546,0.01924669271925894,27344736.29709491
2024-09-27,-0.008178635393971508,0.2417612234360249,-0.008541277229125545,19220513.724690743,-0.009523886205717914,27084308.140276015
2024-09-30,-0.0026062682396960943,0.0,-0.0026062682396960943,19170419.91021944,-0.010319089093892984,26804822.75153006
2024-10-01,-0.006465419814328854,0.0,-0.006465419814328854,19046475.0974829,-0.007380845390030031,26606980.499093857
2024-10-02,0.001860511387986229,0.0,0.001860511387986229,19081911.281302765,0.008435198982840342,26831415.673936266
2024-10-03,0.0017502694033826273,0.0,0.0017502694033826273,19115309.76677649,-0.003948715332439267,26725466.051473547
2024-10-04,0.008774630274586913,0.10603346162499608,0.008615580082149419,19279999.248867247,0.017311212610171767,27188116.27639653
2024-10-07,-0.0020978205934501057,0.0,-0.0020978205934501057,19239553.26940127,-0.0017150490859008881,27141487.322429333
2024-10-08,0.005146157233043324,0.0,0.005146157233043324,19338563.035619125,0.0014314608421693402,27180339.298729625
2024-10-09,0.004750988232374409,0.0,0.004750988232374409,19430440.32103238,0.0053784878130573414,27326528.422402605
2024-10-10,-0.00046588296729382916,0.0,-0.00046588296729382916,19421388.00983979,0.0032629489660527585,27415693.490064293
2024-10-11,-0.0005650374290963933,0.0,-0.0005650374290963933,19410414.198689226,0.002604363557191891,27487093.923084963
2024-10-14,0.0025727625588105596,0.0,0.0025727625588105596,19460352.58559062,-0.0034228565808978478,27393009.542760573
2024-10-15,-0.005108366619714977,0.0,-0.005108366619714977,19360941.970034502,-0.016140321829391492,26950877.552864827
2024-10-16,0.004305751727064755,0.0,0.004305751727064755,19444305.37935958,0.014520664893060076,27342222.21438387
2024-10-17,-0.0005463494938981684,0.0,-0.0005463494938981684,19433681.992956366,-0.006167368128616091,27173592.664533343
2024-10-18,0.00479551974465009,0.05823877656397513,0.004708161579804127,19525178.907869738,0.01673325996634989,27628295.454808675
2024-10-21,-0.0055241080564911015,0.0,-0.0055241080564911015,19417319.70976034,-0.01465820187257193,27223314.322637025
2024-10-22,0.00876117866444962,0.0,0.00876117866444962,19587438.316922296,0.024513894253734708,27890663.77117833
2024-10-23,-0.006523034548839119,0.0,-0.006523034548839119,19459668.780057754,-0.008928647224647146,27641637.87350423
2024-10-24,0.0013804854194976492,0.0,0.0013804854194976492,19486532.569076877,0.002655335834630579,27715035.70507763
2024-10-25,0.002534478290041495,0.0,0.002534478290041495,19535920.762821387,0.003934203560228666,27824072.297220416
2024-10-28,-0.003975799269487149,0.0,-0.003975799269487149,19458249.863323804,-0.011928762766331967,27492165.539593603
2024-10-29,0.00704171281153334,0.0,0.00704171281153334,19595269.27067639,0.007903566587086495,27709451.70055899
2024-10-30,0.0010201987463635453,0.0,0.0010201987463635453,19615260.33982099,-0.0025968462060422244,27637494.516038883
2024-10-31,-0.00552187115177936,0.0,-0.00552187115177936,19506947.39961589,-0.0028243033792955336,27559437.846881974
2024-11-01,0.002048407220739188,0.05823877656397513,0.0019610490558932252,19545201.480397265,0.002086341218302856,27616936.23801518
2024-11-04,-0.005083948419527606,0.0,-0.005083948419527606,19445834.68422165,-0.004750034760250387,27485754.83091299
2024-11-05,0.005893777415759804,0.0,0.005893777415759804,19560444.105514113,0.0101742807262307,27765402.616535045
2024-11-06,0.008866160961486801,0.0,0.008866160961486801,19733870.151431765,-0.0047155507686434065,27634473.45088495
2024-11-07,0.006909678553960452,0.0,0.006909678553960452,19870224.850803755,0.02728988589722696,28388615.078189548
2024-11-08,-0.0014460207190581831,0.0,-0.0014460207190581831,19841492.093977146,-0.021125064504252212,27788903.753476407
2024-11-11,-0.0037480892383218722,0.0,-0.0037480892383218722,19767124.410987463,-0.017596479264383513,27299916.88479841
2024-11-12,0.006703553277607943,0.0,0.006703553277607943,19899634.38262162,0.011631461454505465,27617454.815755147
2024-11-13,0.004794874478193822,0.0,0.004794874478193822,19995050.631648242,0.013319245336811458,27985298.472024493
2024-11-14,-0.003898870705921886,0.0,-0.003898870705921886,19917092.514477085,-0.009116915540173876,27730158.86948849
2024-11-15,-0.008442449191931567,0.0,-0.008442449191931567,19748943.472872607,-0.011764438140643329,27403929.13083818
2024-11-18,-0.001970048339107899,0.0,-0.001970048339107899,19710037.09958474,-0.00041694012250710323,27392503.333269197
2024-11-19,0.005315905753742456,0.0,0.005315905753742456,19814813.799208898,0.013761553257778747,27769466.72675386
2024-11-20,-0.0006538433939228483,0.0,-0.0006538433939228483,19801858.014104478,-0.0016975878842117043,27722325.616487503
2024-11-21,0.001687020766531888,0.0,0.001687020766531888,19835264.159790184,0.0019892361281340864,27777471.868159723
2024-11-22,0.0005862750483464074,0.0,0.0005862750483464074,19846893.080244433,-0.006915741551816557,27585370.051756676
2024-11-25,-0.0021813987365125074,0.0,-0.0021813987365125074,19803599.09275549,-0.003410965876158278,27491277.295828935
2024-11-26,0.00511664401117593,0.0,0.00511664401117593,19904927.059453163,0.00940668558949944,27749879.09780454
2024-11-27,-0.0019746151127734922,0.0,-0.0019746151127734922,19865622.48966291,0.0015228511657514267,27792138.033538092
2024-11-29,0.0027816559985331278,0.0,0.0027816559985331278,19920881.81762588,0.0029500436293981693,27874126.053291284
2024-12-02,-0.0018485525510490318,0.05823877656397513,-0.0019359107158949944,19882316.769045062,-0.009190062505403107,27617961.092578053
2024-12-03,0.008144212168662731,0.0,0.008144212168662731,20044242.575216725,0.022476207536252547,28238708.117822986
2024-12-04,0.0013485118898948108,0.0,0.0013485118898948108,20071272.47465334,-0.003464210973001347,28140883.275297843
2024-12-05,0.00019476069237389797,0.0,0.00019476069237389797,20075181.569577333,0.004282600099585765,28261399.424815062
2024-12-06,0.0007265305927404023,0.0,0.0007265305927404023,20089766.80314245,-0.0037225287716331486,28156195.552329574
2024-12-09,-0.005715267419037719,0.05823877656397513,-0.0058026255838836815,19973193.408316277,-0.0035755088956517245,28055522.824664507
2024-12-10,0.002518477465906055,0.0,0.002518477465906055,20023495.445837308,0.007990465560326676,28279699.513571948
2024-12-11,0.0070374678632982406,0.0,0.0070374678632982406,20164410.15154829,0.011014233888101166,28591178.738299653
2024-12-12,-0.0018657133196551044,0.0,-0.0018657133196551044,20126789.142945558,-0.004566889825956688,28460605.975007605
2024-12-13,0.0028204046199255873,0.0,0.0028204046199255873,20183554.83202859,-0.0010606618416287847,28430418.896260284
2024-12-16,0.000852128447572964,0.0,0.000852128447572964,20200753.813274108,-0.007715791938923322,28211055.6993203
2024-12-17,0.004343620670757264,0.0,0.004343620670757264,20288498.225102324,0.011649044301615018,28539687.536957014
2024-12-18,-0.011252357750617004,0.0,-0.011252357750617004,20060204.784850717,-0.020574119708928064,27952508.589116257
2024-12-19,0.0022554670710086544,0.0,0.0022554670710086544,20105449.916180637,0.009262695053544778,28211424.15215883
2024-12-20,0.0017763991256501076,0.0,0.0017763991256501076,20141165.21983254,0.002949163866361548,28294624.264886975
2024-12-23,-0.002170143377582201,0.0,-0.002170143377582201,20097456.003513932,-0.01412601652601747,27894933.934923727
2024-12-24,0.008902456954228621,0.0,0.008902456954228621,20276372.740474716,0.020249205752855715,28459784.191634316
2024-12-26,-0.000564138655678037,0.0,-0.000564138655678037,20264934.05481488,0.0009234830788147021,28486066.32076201
2024-12-27,-0.0040328508278741565,0.0,-0.0040328508278741565,20183208.5987351,-0.004684654762829732,28352618.93449817
2024-12-30,-0.006860289382446083,0.0,-0.006860289382446083,20044745.947081503,-0.015703274643174125,27907389.972516485
2024-12-31,0.0017951351281116688,0.0,0.0017951351281116688,20080728.974665184,0.004974946489237063,28046227.744284026
2025-01-02,0.0,0.0,0.0,20080728.974665184,-0.001913878758173104,27992550.664757356
2025-01-03,0.0,0.5841701944962246,-0.000876255291744337,20063133.12963905,0.014913496904953161,28410017.48245796
2025-01-06,0.01182156870742583,0.0,0.01182156870742583,20300310.83641731,0.018689662626703372,28940991.124423847
2025-01-07,-0.0023193744115436966,0.0,-0.0023193744115436966,20253226.81491694,1.7932231779648877e-05,28941510.100984626
2025-01-08,5.094285084599479e-05,0.0,5.094285084599479e-05,20254258.57202972,0.0007610483948589102,28963535.99079177
2025-01-10,-0.002895753739009013,0.0,-0.002895753739009013,20195607.227038912,-0.002551459523114752,28889636.701064993
2025-01-13,0.002353875304340256,0.18350828250966356,0.002078612880575761,20237586.076352086,0.004566368146550881,29021557.417862162
2025-01-14,0.0008338723109783716,0.0,0.0008338723109783716,20254461.639022198,0.004114207208477949,29140958.118591983
2025-01-15,0.006672292197784434,0.0,0.006672292197784434,20389605.32538657,0.01184887184919392,29486245.596901905
2025-01-16,-0.002851606205524821,0.0,-0.002851606205524821,20331462.200312495,-0.002652508126905772,29408033.090824183
2025-01-17,0.008974288960472582,0.0,0.008974288960472582,20513922.61708702,0.009510752188749205,29687725.605909545
2025-01-21,0.001668102569583699,0.0023607427954202287,0.0016645614553905687,20548069.30197429,0.001967345684439903,29746131.624761164
2025-01-22,0.002610791837480076,0.0,0.002610791837480076,20601716.033583857,-0.0005677036152484157,29729244.63829813
2025-01-23,-0.0030274751115659626,0.0,-0.0030274751115659626,20539344.851036634,-0.005896889271299055,29553934.57454673
2025-01-24,-0.002050243874259186,0.0,-0.002050243874259186,20497234.185074497,-0.0025334200791124694,29479062.04327879
2025-01-27,-0.017403796056436507,0.0,-0.017403796056436507,20140504.501596443,-0.035977072263299825,28418491.697893452
2025-01-28,0.01199903688437055,0.0025238124629912593,0.011995251165676063,20382094.911696523,0.02290448747417659,29069402.685022846
2025-01-29,0.0034395305732314837,0.0,0.0034395305732314837,20452199.75029181,0.010751054011144977,29381929.40336125
2025-01-30,0.00411556590028274,0.0,0.00411556590028274,20536372.126169883,0.011208020903705916,29711242.682305336
2025-01-31,-0.0045594019108868445,0.0,-0.0045594019108868445,20442738.55185514,-0.013367259749911386,29314084.783878304
2025-02-03,-0.0009744801822733863,0.0,-0.0009744801822733863,20422817.508264963,0.003743349829226827,29423817.658147976
2025-02-04,0.0050562336138292,0.008145708872078106,0.005044015050521084,20525830.5071507,0.011283607115835913,29755824.45645051
2025-02-05,-0.0039023651021620554,0.0,-0.0039023651021620554,20445731.2224867,-0.005461135823065199,29593323.857566554
2025-02-06,0.0023244468908609865,0.0,0.0023244468908609865,20493256.23885819,0.005560354293637815,29757873.222940985
2025-02-07,-0.006602634563316,0.0,-0.006602634563316,20357946.756900612,-0.0026287849884727207,29679646.17252364
2025-02-10,-0.0024174222556614462,0.0,-0.0024174222556614462,20308733.00333091,-0.0031021248778993257,29587576.203764606
2025-02-11,0.005075841698380615,0.007328423496560599,0.005064849063135774,20411593.6706563,0.005989389752977392,29764787.729494877
2025-02-12,0.0010145520163545902,0.0,0.0010145520163545902,20432302.294171877,0.009544201126197138,30048868.850063737
2025-02-13,0.0044105559264776195,0.0,0.0044105559264776195,20522420.106147017,0.011707994986717906,30400680.855916828
2025-02-14,-0.0002924700115673812,0.0,-0.0002924700115673812,20516417.91370118,-0.010813805627052463,30071933.80221089
2025-02-18,-0.0046567137654293985,0.0,-0.0046567137654293985,20420878.82798514,-0.01616704888741298,29585759.3782915
2025-02-19,0.0016165296394745215,0.009501334472586321,0.001602277637765642,20453598.745474745,0.003394493106010743,29686188.034537207
2025-02-20,0.0008295686657894562,0.0,0.0008295686657894562,20470566.410096623,0.006287215098572374,29872831.48416701
2025-02-21,-0.01023529642888608,0.0,-0.01023529642888608,20261044.094822083,-0.021362114904965236,29234684.625465572
2025-02-24,-0.007284971438037672,0.0,-0.007284971438037672,20113442.967286482,-0.014463903564950985,28811836.96629108
2025-02-25,0.0020617626616831865,0.0,0.0020617626616831865,20154912.11299433,0.008475013480237091,29056017.672970794
2025-02-26,-0.00013204942248022628,0.013119158857162886,-0.0001517281607659706,20151854.045249026,0.0014034671921995922,29096796.84051078
2025-02-27,-0.008644094522757054,0.0,-0.008644094522757054,19977659.51407309,-0.008831462526062817,28839829.569585346
2025-02-28,0.008627300673182941,0.0,0.008627300673182941,20150012.78944747,0.010087328903813786,29130746.415983684
2025-03-03,-0.012398507581380697,0.0,-0.012398507581380697,19900182.703112587,-0.018181214205402883,28601114.075431414
2025-03-04,0.005609936929445218,0.0,0.005609936929445218,20011821.47296148,0.013083562412759474,28975318.53651177
2025-03-05,0.004497665725582268,0.0096466346525364,0.004483195773603464,20101538.38641117,0.02274881087339218,29634472.577895172
2025-03-06,-0.009814307080118377,0.0,-0.009814307080118377,19904255.715904146,-0.014491804109670058,29205015.606402926
2025-03-07,-0.0021618023581627017,0.0,-0.0021618023581627017,19861226.64896003,-0.011306770777519036,28874801.18938746
2025-03-10,-0.01914469002984238,0.0,-0.01914469002984238,19480989.621153247,-0.03483987151736213,27868806.825859826
2025-03-11,0.012339252154232545,0.0,0.012339252154232545,19721370.46430264,0.03731959281819208,28908859.348929763
2025-03-12,0.0008601174806897884,0.18435996949548206,0.0005835775264465653,19732879.41289634,0.0013912750338564094,28949079.523199197
2025-03-13,0.0002153797294183117,0.0,0.0002153797294183117,19737129.47512493,0.0057594035189680644,29115808.953676
2025-03-14,0.007652192386050905,0.0,0.007652192386050905,19888161.787016984,0.006296157294580039,29299126.666607287
2025-03-17,-0.003956823994409481,0.0,-0.003956823994409481,19809467.831253417,-0.005849528125303405,29127740.601124145
2025-03-18,-0.0006518683156857752,0.0,-0.0006518683156857752,19796554.666823626,0.0022008524763546975,29191846.461156745
2025-03-19,0.0016470423832452177,0.004095965941974855,0.0016408984343322555,19829038.80238159,0.007638879747480742,29414839.46588044
2025-03-20,-0.004472751435198652,0.0,-0.004472751435198652,19740348.44061963,-0.0055735041871005754,29250895.73495446
2025-03-21,0.00431483899399845,0.0,0.00431483899399845,19825524.86582633,0.008037485907549024,29485999.39720734
2025-03-24,0.00019711367791477993,0.0,0.00019711367791477993,19829432.747949224,-0.0034895873645145008,29383105.426280763
2025-03-25,0.010806443868512927,0.0,0.010806443868512927,20043718.39988439,0.02529883181252792,30126463.66859002
2025-03-26,-0.01275648383932514,0.0015196569739958977,-0.012758763324786133,19787985.340671606,-0.01800364813298235,29584077.417209648
2025-03-27,-0.00012947299428916041,0.0,-0.00012947299428916041,19785423.3309586,-0.006219204833964231,29400087.97992817
2025-03-28,-0.004523208972292963,0.0,-0.004523208972292963,19695929.726627395,-0.002825417782053074,29317020.448555756
2025-03-31,-0.007998203690418218,0.0,-0.007998203690418218,19538397.668801665,-0.01846643998721846,28775639.44983845
2025-04-01,0.018077575201469007,0.0,0.018077575201469007,19891604.521975633,0.029538153075731217,29625618.692759827
2025-04-02,0.0019342830989248574,0.002581984706000728,0.0019304101218658564,19930003.476685006,0.0045192159570710206,29759503.26149425
2025-04-03,-0.006162521881518596,0.0,-0.006162521881518596,19807184.394161195,-0.01976875378493511,29171194.968755793
2025-04-04,-0.032987223504913565,0.0,-0.032987223504913565,19153800.375547964,-0.06833275738968306,27177846.780188665
2025-04-07,-0.00640828013193129,0.0,-0.00640828013193129,19031057.45715036,-0.014595307651181888,26781177.74513513
2025-04-08,0.007896727140811627,0.0,0.007896727140811627,19181340.525090586,0.00985068710123349,27044990.747304965
2025-04-09,0.049448077698696996,0.009508322721224649,0.04943381521461516,20129547.368176524,0.08947166933805567,29464751.216698613
2025-04-10,-0.02492914174562548,0.0,-0.02492914174562548,19627735.028559968,-0.04056416977680713,28269538.045913067
2025-04-11,0.015974065829504714,0.0,0.015974065829504714,19941269.75999026,0.033675872557483055,29221539.406406153
2025-04-14,-0.0005308071106585527,0.0,-0.0005308071106585527,19930684.792206097,0.002830342939172015,29304246.384136815
2025-04-15,-0.000464413741834437,0.0,-0.000464413741834437,19921428.708304424,-0.0063108072311108265,29119312.934153546
2025-04-16,-0.0045463722881768165,0.025004270529787574,-0.004583878693971498,19830111.29569496,-0.002224365096518399,29054540.950828224
2025-04-17,0.004274159204610121,0.0,0.004274159204610121,19914868.348417893,0.006734706984357408,29250214.770697065
2025-04-21,-0.004176069431548659,0.0,-0.004176069431548659,19831702.47547475,-0.0031648312626605833,29157642.776551228
2025-04-22,0.008643428587979844,0.0,0.008643428587979844,20003116.379599582,0.015024805465311486,29595730.687095955
2025-04-23,0.002487525219645483,0.0,0.002487525219645483,20052874.636065338,0.0007836740668248909,29618924.09372416
2025-04-24,0.004704446162442906,0.000453383626971493,0.0047037660870024485,20147198.667725373,0.005723485672427331,29788447.5814073
2025-04-25,-0.00031708544777535774,0.0,-0.00031708544777535774,20140810.2842144,-0.0038717200604843844,29673115.051335678
2025-04-28,-0.004099236557310461,0.0,-0.004099236557310461,20058248.338403493,-0.005001833979029958,29524695.05620824
2025-04-29,0.0068612279299344265,0.0,0.0068612279299344265,20195872.55212851,0.009280737209276068,29798705.99220892
2025-04-30,-0.0016434294898006639,0.0,-0.0016434294898006639,20162682.059604086,-0.01771117263186872,29270935.96617461
2025-05-01,0.0047882308885012345,0.17609612176624834,0.004524086705851862,20253899.781464256,0.011595161053179613,29610337.182879712
2025-05-02,0.004616535479010975,0.0,0.004616535479010975,20347402.628393717,0.00674980715447111,29810201.24864302
2025-05-05,0.0018856381707388736,0.0,0.0018856381707388736,20385770.46746521,0.002502395251588463,29884798.154696524
2025-05-06,-0.004740913722580522,0.0,-0.004740913722580522,20289123.288510624,-0.006312324076996189,29696155.62376846
2025-05-07,-0.004110042281102079,0.0,-0.004110042281102079,20205734.13394835,-0.007616899024914414,29469963.004954074
2025-05-08,0.00921873409917507,0.1826651171335232,0.008944736423474785,20386469.100019325,0.012430902883771643,29836301.253057
2025-05-09,-0.0021689332062857503,0.0,-0.0021689332062857503,20342252.210229374,-0.0007484264004318339,29813970.977507975
2025-05-12,0.006258741098591694,0.0,0.006258741098591694,20469569.100175455,0.0069281085002272595,30020525.40326278
2025-05-13,0.010471173438498104,0.0,0.010471173438498104,20683909.508434713,0.022881458085698254,30707438.796988174
2025-05-14,0.003577714097698524,0.0,0.003577714097698524,20757910.62307856,-0.0017473003168331554,30653783.679449067
2025-05-15,-0.0006990698759274606,0.1871848400044699,-0.0009798471359341655,20737571.043806557,0.0022885723108071795,30723937.079999328
2025-05-16,-0.0014587232169194866,0.0,-0.0014587232169194866,20707320.66746244,-0.011344922777699627,30375376.386399835
2025-05-19,0.0030127667312653287,0.0,0.0030127667312653287,20769706.994263012,0.011385584002415738,30721217.785852186
2025-05-20,-0.00234519606606012,0.0,-0.00234519606606012,20720997.959126845,-0.00258565852458934,30641783.207198434
2025-05-21,-0.003329848486164127,0.0,-0.003329848486164127,20652000.175440833,-0.0033137872239408224,30540242.857487652
2025-05-22,0.0006738384487899019,0.01996748383778275,0.0006438872230332277,20665297.73448388,0.0010913618276833347,30573573.312750492
2025-05-23,-0.0022290471562211997,0.0,-0.0022290471562211997,20619233.811336365,0.010333047937790718,30889491.511420704
2025-05-27,0.005728371512885014,0.0,0.005728371512885014,20737348.44291874,-0.0028964487581506267,30800021.682092544
2025-05-28,-0.004659236874570547,0.0,-0.004659236874570547,20640728.224372674,-0.013145198023891868,30395149.297941275
2025-05-29,0.0004208184283163964,0.0,0.0004208184283163964,20649414.22318336,-0.00032230101153957197,30385352.91057665
2025-05-30,-0.0031014335834881144,0.005307689399187598,-0.003109395117586896,20585207.035416767,-0.004307204149453681,30254476.9924376
2025-06-02,-0.005180397388583244,0.0,-0.005180397388583244,20478567.482647046,-0.003242706766425075,30156370.595179573
2025-06-03,0.010357064744717905,0.0,0.010357064744717905,20690665.3319439,0.01957499016743138,30746681.253065627
2025-06-04,0.002522325959220767,0.0,0.002522325959220767,20742853.93422421,0.005786691931417431,30924602.825390607
2025-06-05,-0.0018652845117170585,0.0,-0.0018652845117170585,20704162.610051893,0.0010456493308622639,30956939.11564216
2025-06-06,-0.0018920454135516736,0.00785845675417382,-0.0019038330986829344,20664745.33999436,-0.012365257310384702,30574148.59793533
2025-06-09,0.00044339630728735776,0.0,0.00044339630728735776,20673908.01176915,0.004866042245974189,30722923.69664757
2025-06-10,0.004298822063349424,0.0,0.004298822063349424,20762781.463665806,0.0073306283702968544,30948142.03271668
2025-06-11,0.002776353058944342,0.0,0.002776353058944342,20820426.275494646,0.001025382140984443,30979875.704853676
2025-06-12,-0.0012558934185675774,0.0,-0.0012558934185675774,20794278.03916348,-0.0011021789863546294,30945730.336851906
2025-06-13,-0.008080257814088635,0.00871114091354373,-0.008093324525458951,20625983.198719908,-0.01869146747315936,30367309.22482748
2025-06-16,-0.0033028190220323866,0.0,-0.0033028190220323866,20557859.309063055,-0.007290632774565441,30145912.32491759
2025-06-17,0.0044729904649920054,0.0,0.0044729904649920054,20649814.417733144,0.009602124692836144,30435377.134040754
2025-06-18,0.003692844134673457,0.0,0.003692844134673457,20726070.963787764,0.0116650167039978,30790406.31670181
2025-06-20,-0.004226655412280185,0.0,-0.004226655412280185,20638469.00377337,-0.008399957982115368,30531768.197389256
2025-06-23,0.00229549551436221,0.002369936861439159,0.0022919406090700515,20685771.14899215,0.004912313948870905,30681749.828188986
2025-06-24,0.012319142164489474,0.0,0.012319142164489474,20940602.104558676,0.022434570196320912,31370081.69845545
2025-06-25,-0.005219453358026306,0.0,-0.005219453358026306,20831303.608584944,-0.01038045445162945,31044445.99424074
2025-06-26,0.005105519524649075,0.0,0.005105519524649075,20937658.235882465,0.01631677970991987,31550991.380745273
2025-06-27,-0.0026137415219671914,0.0,-0.0026137415219671914,20882932.60917858,-0.007200242389628009,31323816.59517084
2025-06-30,-0.0018087364079536817,0.006074759430689474,-0.001817848547099716,20844970.600475807,-0.005806365511684019,31141939.06679833
2025-07-01,0.0031497944888973363,0.0,0.0031497944888973363,20910627.97399441,0.009131000675055345,31426296.133439794
2025-07-02,0.002005738744712913,0.0,0.002005738744712913,20952569.23069813,0.008746345061816796,31701161.363437697
2025-07-03,0.001763990262657549,0.0,0.001763990262657549,20989529.358798742,-0.002698385605388043,31615619.405940514
2025-07-07,-0.0033497409495999854,0.0,-0.0033497409495999854,20919219.872792743,-0.012902974264456468,31207683.882390812
2025-07-08,0.006604784582652422,0.0011120458681784628,0.006603116513850154,21057351.918991648,0.04010322644989037,32459212.69610293
2025-07-09,0.001736100110749674,0.0,0.001736100110749674,21093909.589990303,0.005496442664972212,32637622.897637196
2025-07-10,0.0023400625919865296,0.0,0.0023400625919865296,21143270.658740584,0.009997329013896206,32963911.951976344
2025-07-11,-0.002675059648212595,0.0,-0.002675059648212595,21086711.14857015,-0.008284245526449385,32690830.811853915
2025-07-14,-0.005285043178210156,0.0,-0.005285043178210156,20975266.969663516,-0.014954755103148686,32201947.44294417
2025-07-15,0.01248101179158942,0.0011179189031651493,0.012479334913234672,21237024.351072457,0.026233320948585236,33046711.465384394
2025-07-16,-0.0006620319979642793,0.0,-0.0006620319979642793,21222964.761410497,-0.003091435798896935,32944549.678524487
2025-07-17,0.004519340614523767,0.0,0.004519340614523767,21318878.56801735,0.007353381568962836,33186803.52292833
2025-07-18,-0.0018509866981795855,0.0,-0.0018509866981795855,21279417.60736784,0.0007141184658403187,33210502.83214627
2025-07-21,0.0016437935649692116,0.0,0.0016437935649692116,21314396.57709712,0.004376490639859565,33355848.286936186
2025-07-22,-0.005433815773902906,0.0008074376324243071,-0.005435026930351542,21198552.257696405,-0.005022589281563938,33188315.560852747
2025-07-23,-4.9284416657726954e-05,0.0,-4.9284416657726954e-05,21197507.4994144,0.0034132375887383935,33301595.16703196
2025-07-24,-7.3260496139854366e-06,0.0,-7.3260496139854366e-06,21197352.205422763,-5.0449474255509495e-05,33299915.119063914
2025-07-25,0.0008823478997192799,0.0,0.0008823478997192799,21216055.644620832,-0.0018927503437745185,33236886.69327464
2025-07-28,-0.006924429319691507,0.0,-0.006924429319691507,21069146.566867013,-0.025382040137092894,32393266.701193936
2025-07-29,0.00942612210482512,0.0035435555336346234,0.009420806771524667,21267634.9255144,0.022697020557187163,33128497.34142538
2025-07-30,-0.00030183379149114026,0.0,-0.00030183379149114026,21261215.63462878,-0.05959057938973052,31154350.990538698
2025-07-31,0.00920251596028003,0.0,0.00920251596028003,21456872.310841408,0.013298665682550403,31568662.288918708
2025-08-01,-0.009219529047655993,0.0,-0.009219529047655993,21259050.05329976,-0.011524705463010898,31204842.754177663
2025-08-04,-0.004571758640115947,0.0,-0.004571758640115947,21161858.80753793,-0.013893385785875133,30771301.835406303
2025-08-05,0.00665600197010246,0.310989726015778,0.006189517381078793,21292840.50044312,0.010898712845722169,31106669.417999435
2025-08-06,0.0058328982671708406,0.0,0.0058328982671708406,21417039.4729013,0.0049113910510014125,31259446.43580546
2025-08-07,0.009700511652052613,0.0,0.009700511652052613,21624795.71386065,0.015228966863909042,31735495.509760473
2025-08-08,0.005146420123876409,0.0,0.005146420123876409,21736085.997697182,0.008270043636015023,31997949.44243675
2025-08-11,-0.003007404348901283,0.0,-0.003007404348901283,21670716.798139617,-0.003078741543846641,31899436.026170414
2025-08-12,0.0102596396774789,0.001336287280214593,0.010257635246558578,21893007.1065864,0.013403798874734241,32327009.650882654
2025-08-13,-0.00798446662313081,0.0,-0.00798446662313081,21718203.122063898,-0.00719731485051015,32094341.98424977
2025-08-14,-0.00355760415942891,0.0,-0.00355760415942891,21640938.35230152,-0.005793801600413595,31908393.734297205
2025-08-15,0.008050203023220993,0.0,0.008050203023220993,21815152.299650554,0.01130545929319926,32269132.780771673
2025-08-18,-0.001831531691388948,0.0,-0.001831531691388948,21775197.15686127,-0.0013715223802905794,32224874.942970276
2025-08-19,-0.008128512182905681,0.007570557219626056,-0.00813986801873512,21597949.925922483,-0.010214609044205337,31895710.443929423
2025-08-20,-0.001840972760962647,0.0,-0.001840972760962647,21558188.688416224,-0.002805416588845311,31806229.688737012
2025-08-21,0.0013202371660782286,0.0,0.0013202371660782286,21586650.610355996,0.0010403507638192088,31839319.3240879
2025-08-22,0.011496477594952204,0.0,0.011496477594952204,21834821.055448014,0.017497957555950985,32396442.38223116
2025-08-25,-0.008301776782317836,0.0,-0.008301776782317836,21653553.244963836,-0.01082642175104127,32045704.833767816
2025-08-26,0.002933877732101105,0.0060751080174147095,0.002924765070074983,21716884.801137716,0.0019286219785790814,32107508.884429276
2025-08-27,0.0008546543892339149,0.0,0.0008546543892339149,21735445.232053496,0.0022392978755599972,32179407.160863705
2025-08-28,0.00645577346399205,0.0,0.00645577346399205,21875764.34261064,0.007069140517757843,32406887.911861997
2025-08-29,-0.0006719109870682205,0.0,-0.0006719109870682205,21861065.776198324,0.0004678749102639988,32422050.281635694
2025-09-02,0.00044888895951131127,0.0,0.00044888895951131127,21870878.96726841,-0.0002064632916885965,32415356.318411253
2025-09-03,0.0066842092582244704,0.13736578940369526,0.006478160574118928,22012562.0331155,0.009701576110654786,32729836.364888314
2025-09-04,-0.0009172762043534238,0.0,-0.0009172762043534238,21992370.433765665,-0.001922236578798486,32666921.876209635
2025-09-05,0.003554308064245467,0.0,0.003554308064245467,22070538.093350273,0.006371836123636665,32875070.149068482
2025-09-08,-0.003300969651113353,0.0,-0.003300969651113353,21997683.916920383,-0.007534644196714601,32627368.192553222
2025-09-09,0.001538439289421437,0.0,0.001538439289421437,22031526.018134445,0.00022564738244009765,32634730.472781777
2025-09-10,-2.380671566202836e-05,5.675363030246405e-05,-2.3891846107482057e-05,22030999.644305307,0.0008337660730873609,32661940.20385433
2025-09-11,0.005620559107924786,0.0,0.005620559107924786,22154826.180012796,0.012021527020950695,33054586.600571644
2025-09-12,-0.008452202300937389,0.0,-0.008452202300937389,21967569.107197225,-0.01621140092841685,32518725.444666702
2025-09-15,-0.0006214080906893002,0.0,-0.0006214080906893002,21953918.282021236,0.00029550899845401943,32528335.020653855
2025-09-16,0.006304131848050505,0.0,0.006304131848050505,22092318.677452426,0.009347104700471042,32832380.773823902
2025-09-17,-0.007512392182734768,0.004625517040981536,-0.007519330458296241,21926199.232726675,-0.01285820828023556,32410215.183498073
2025-09-18,0.005701764745898767,0.0,0.005701764745898767,22051217.262523387,0.007835428826698188,32664163.117826346
2025-09-19,0.005624561881034187,0.0,0.005624561881034187,22175245.698568583,0.007732606048129309,32916742.223108333
2025-09-22,0.0016220841882304232,0.0,0.0016220841882304232,22211215.813986357,0.001278808818127819,32958836.44332729
2025-09-23,-0.0008159179017264932,0.0,-0.0008159179017264932,22193093.285384614,0.0004200186654218283,32972679.769824065
2025-09-24,0.0005165899204750421,0.12900476076348447,0.00032308277932981545,22200263.491645183,0.0024925332823124476,33054865.271557383
2025-09-25,-0.0017890625360671211,0.0,-0.0017890625360671211,22160545.831941467,-0.00326688624309196,32946878.78693447
2025-09-26,0.005074114822591062,0.0,0.005074114822591062,22272990.986024026,0.006175654494699524,33150347.327001322
2025-09-29,0.009879272228336814,0.0,0.009879272228336814,22493031.927314248,0.008252179069327504,33423909.929354142
2025-09-30,0.002454434111134698,0.0,0.002454434111134698,22548239.59213949,0.004041396750906856,33558989.21034524
2025-10-01,-0.0007723979506525651,0.0009609134328204926,-0.0007738393208017958,22530790.87772823,-0.002771309381678644,33465986.868706953
2025-10-02,0.0028511096410122243,0.0,0.0028511096410122243,22595028.63281935,0.0008643615621267359,33494913.581394896
2025-10-03,0.0073524395966944505,0.0,0.0073524395966944505,22761157.21602774,0.007268804051485178,33738381.54493949
2025-10-06,-0.011219268089127668,0.0,-0.011219268089127668,22505793.69120234,-0.015272853522479923,33223100.185518082
2025-10-07,0.011677767530958682,0.0,0.011677767530958682,22768611.118027918,0.015539084651672818,33739356.751691855
2025-10-08,0.004431481818631752,0.21543511043971597,0.004108329152972178,22862152.0668568,0.006846522575546522,33970354.01937673
2025-10-09,-0.0051660816572638765,0.0,-0.0051660816572638765,22744044.322418634,-0.008167831156203608,33692889.90343
2025-10-10,-0.018026328862876622,0.0,-0.018026328862876622,22334052.699790873,-0.03309471466662629,32577833.325781934
2025-10-13,0.010604549921060122,0.0,0.010604549921060122,22570895.276585393,0.02201398494572597,33295001.258180067
2025-10-14,0.003721277851051159,0.0,0.003721277851051159,22654887.84925654,0.006345679360470579,33506280.66047094
2025-10-15,0.006409591167214228,0.002213485491994399,0.0064062709389762365,22800021.198911004,0.010702193400579919,33864871.35623341
2025-10-16,-0.0017807371143921003,0.0,-0.0017807371143921003,22759420.354953174,-0.0018447375146318223,33802399.557614386
2025-10-17,-0.000425524210607941,0.0,-0.000425524210607941,22749735.670572735,-0.0024841806288485313,33718428.291424766
2025-10-20,0.009731503573286325,0.0,0.009731503573286325,22971124.804542232,0.017603161351088435,34311979.22514382
2025-10-21,-0.008482517788121119,0.0,-0.008482517788121119,22776271.82977455,-0.019167845826922734,33654292.49733969
2025-10-22,-0.0015952801071902017,0.1281065102464134,-0.0017874398725598217,22735560.613357753,0.001444286586134325,33702898.94055944
2025-10-23,0.007285474902153248,0.0,0.007285474902153248,22901199.969592754,0.012174728019966729,34113222.56864517
2025-10-24,0.003121617400211985,0.0,0.003121617400211985,22972688.753903568,0.003732129962491837,34240537.54871076
2025-10-27,-0.002585417157961782,0.0,-0.002585417157961782,22913294.77023471,-0.005159002399054813,34063890.53335204
2025-10-28,0.009105038213380955,0.0,0.009105038213380955,23121921.194712162,0.012182636831428728,34478878.5407854
2025-10-29,0.005372460132551428,0.09047083946613964,0.005236753873352219,23243005.005087912,0.008386940987866874,34768050.86043481
2025-10-30,-0.010404965411860333,0.0,-0.010404965411860333,23001162.341942277,-0.008788600911757571,34462488.336942755
2025-10-31,0.0021545404318226934,0.0,0.0021545404318226934,23050719.276186906,0.002343691330395492,34543257.772081904
2025-11-03,-0.009004844180508934,0.0,-0.009004844180508934,22843151.14085619,-0.008461428856280128,34250972.45397928
2025-11-04,-0.01063424684142851,0.0,-0.01063424684142851,22600231.432988264,-0.016048868312675612,33701283.107484296
2025-11-05,0.014205053781410784,0.006105579410416639,0.014195895412295158,22921061.954704635,0.019988870367492063,34374933.68673795
2025-11-06,-0.008352922627024183,0.0,-0.008352922627024183,22729604.09766776,-0.009302892745957247,34055147.36550083
2025-11-07,-0.001711367896281815,0.0,-0.001711367896281815,22690705.382919814,0.0008194141466090761,34083052.63501698
2025-11-10,0.00805606681250121,0.0,0.00805606681250121,22873503.221507393,0.008297612566649338,34365860.600871064
2025-11-11,0.0029882012933249535,0.0,0.0029882012933249535,22941853.853416774,0.005481922470450995,34554251.58431537
2025-11-12,0.0023796947874914296,0.00994427922718319,0.002364778368650655,22996106.25314608,0.005789389082179564,34754299.59118049
2025-11-13,-0.014871736530169452,0.0,-0.014871736530169452,22654114.21972951,-0.018632323961014073,34106746.222159475
2025-11-14,-0.0004413894548866319,0.0,-0.0004413894548866319,22644114.932603125,-0.0021111901598604653,34034740.39515039
2025-11-17,-0.011929372385786643,0.0,-0.011929372385786643,22373984.85322555,-0.009521969881372373,33710662.62218744
2025-11-18,-0.002309139831644423,0.0,-0.002309139831644423,22322320.193608362,-0.003616577425134349,33588745.400761716
2025-11-19,0.01266704169145699,0.0004726819298772611,0.012666332668562173,22605062.12711477,0.01566743497769991,34114994.88531067
2025-11-20,-0.012256866118745971,0.0,-0.012256866118745971,22327994.907016788,-0.014727052785688142,33612581.55485123
2025-11-21,0.0029331718708580975,0.0,0.0029331718708580975,22393486.75361071,0.0013846731608710527,33659123.99439782
2025-11-24,0.015598820664236674,0.0,0.015598820664236674,22742798.737527244,0.018527317321611256,34282737.265409485
2025-11-25,0.0063475438840583836,0.0,0.0063475438840583836,22887159.650560003,0.00993500662578819,34623336.487291485
2025-11-26,0.005696219192331035,0.020369330125175496,0.0056656651971432725,23016830.634453643,0.006232219713054743,34839116.72747931
2025-11-28,0.0010980129834931328,0.0,0.0010980129834931328,23042103.41332914,0.00071999672099482,34864200.77728545
2025-12-01,-0.0008747677213033994,0.0,-0.0008747677213033994,23021946.925032225,-0.00159343615875136,34808646.89912096
2025-12-02,0.004055240253920815,0.0,0.004055240253920815,23115306.450926244,0.007419198106094304,35066899.14627062
2025-12-03,0.005561681705588749,0.0,0.005561681705588749,23243866.42793344,0.005897167262475933,35273694.51591255
2025-12-04,-0.006132498759644549,0.13230759414482507,-0.006330960150861787,23096710.43582624,-0.0077264521333844875,35001154.00366772
2025-12-05,0.002023239721321979,0.0,0.002023239721321979,23143440.617811874,0.0021115009501167293,35075058.97360165
2025-12-08,0.0017125009314884307,0.0,0.0017125009314884307,23183073.781427726,0.0029735283800733205,35179355.6568924
2025-12-09,-0.0015937374356737618,0.0,-0.0015937374356737618,23146126.048868276,-0.002896662215390877,35077452.94659928
2025-12-10,0.006654034520567032,0.0,0.006654034520567032,23300141.170614842,0.011239268735631368,35471697.86682758
2025-12-11,0.002143535026928307,0.01091648941615364,0.0021271602928040765,23349704.305729702,0.005726391706017797,35674822.703290544
2025-12-12,-0.01410790649463807,0.0,-0.01410790649463807,23020288.860707022,-0.018124800790005502,35028223.648574635
2025-12-15,-0.004868805067050966,0.0,-0.004868805067050966,22908207.561657034,-0.008384212785879551,34734539.56799361
2025-12-16,0.0015558017413530212,0.0,0.0015558017413530212,22943848.19087274,0.0015192327368375943,34787309.41760429
2025-12-17,-0.005714507271359196,0.0,-0.005714507271359196,22812735.40355303,-0.007166502444977607,34538006.079608835
2025-12-18,0.008384405732585792,0.003150406839205444,0.008379680122326984,23003898.828950092,0.011786558875355468,34945090.32170353
2025-12-19,0.0031874161679079104,0.0,0.0031874161679079104,23077221.82800241,0.005046553813447253,35121442.60052778
2025-12-22,0.0033097330430304005,0.0,0.0033097330430304005,23153601.27162789,0.005764330122982208,35323894.190072596
2025-12-23,0.003434596301146178,0.0,0.003434596301146178,23233124.544913642,0.005334140133048803,35512316.79172743
2025-12-24,0.0001311622875187095,0.0,0.0001311622875187095,23236171.854675155,0.00012965705348603194,35516921.21408511
2025-12-26,0.0067300470974050045,0.01615982931758082,0.006705807353428633,23391989.146763768,0.012548729771987142,35962613.46073362
2025-12-29,-0.008838258812992082,0.0,-0.008838258812992082,23185244.69253397,-0.014634273933044029,35436326.724001065
2025-12-30,0.01236679699959842,0.0,0.01236679699959842,23471971.907032553,0.02111576383819047,36184591.83039803
2025-12-31,-0.013855430348442062,0.0,-0.013855430348442062,23146757.635134075,-0.01997709678488978,35461728.73728044
2026-01-02,0.0,0.0,0.0,23146757.635134075,-0.0009320831670360686,35428675.456850424
2026-01-05,0.0,0.7139056190005539,-0.001070858428500831,23121970.73462802,0.03348931833369597,36615157.647366084
2026-01-06,0.00815062278710979,0.0,0.00815062278710979,23310429.196180567,0.011005277627719235,37018117.62265806
2026-01-07,-0.019222540632077314,0.0,-0.019222540632077314,22862343.523805827,-0.021705532333174016,36214619.673686214
2026-01-08,-0.0006649648412216545,0.0,-0.0006649648412216545,22847140.869174566,0.00033825839173149417,36226869.5726942
2026-01-09,0.008066484738552145,0.0,0.008066484738552145,23031436.982315313,0.00931520099174139,36564330.14406545
2026-01-12,0.008928274657653253,0.010702184921347568,0.00891222138027123,23236698.247407474,0.011553055100048271,36986759.86491619
2026-01-13,-0.007012136310819487,0.0,-0.007012136310819487,23073759.351883274,-0.008210195498103201,36683091.33558383
2026-01-14,0.004702390012022618,0.0,0.004702390012022618,23182261.167399384,0.004826991802278646,36860160.316742934
2026-01-15,-0.00975106986193398,0.0,-0.00975106986193398,22956209.31919847,-0.01143107012080874,36438809.239498
2026-01-16,-0.006276775540440703,0.0,-0.006276775540440703,22812118.346042488,-0.0062455453312342145,36211229.00457651
2026-01-20,-0.003787925010592846,0.03180534738278916,-0.00383563303166703,22724619.43139211,-0.004832461123059117,36036239.6481937
2026-01-21,0.006246899898225813,0.0,0.006246899898225813,22866577.854205295,0.010000768622302402,36396629.74293313
2026-01-22,-0.003067046416713439,0.0,-0.003067046416713439,22796444.998535056,-0.0020201942659559325,36323101.48022634
2026-01-23,0.006252824117265793,0.0,0.006252824117265793,22938987.159609817,0.0063864267319864824,36555076.30650831
2026-01-26,0.0017184156272747077,0.0,0.0017184156272747077,22978405.87361874,0.002685778499057523,36653255.14448374
2026-01-27,0.0002592473961856687,0.004539396073237401,0.00025243830207581256,22984206.50338189,0.0011512636791595862,36695452.70585454
2026-01-28,-0.002780565680389341,0.0,-0.002780565680389341,22920297.407587603,-0.00437162702886309,36535033.87296926
2026-01-29,0.015846522382073836,0.0,0.015846522382073836,23283504.413460728,0.015655242185429016,37106998.67650345
2026-01-30,-0.029688411954937606,0.0,-0.029688411954937606,22592254.1426793,-0.035070043575583375,35805654.615959354
2026-02-02,0.006255748803542434,0.0,0.006255748803542434,22733585.609501693,0.010016724334593309,36164309.98786708
2026-02-03,0.012948181829644165,0.0037299342871504933,0.012942586928213439,23027817.017442647,0.015327811317294937,36718629.70778127
2026-02-04,-0.024130834116162306,0.0,-0.024130834116162306,22472136.584937397,-0.02962337011579786,35630900.14980274
2026-02-05,-0.0158927373136716,0.0,-0.0158927373136716,22114992.82131604,-0.017967437454489962,34990704.17991398
2026-02-06,0.021432211044282924,0.0,0.021432211044282924,22588966.014705285,0.02371749135137935,35820595.903679766
2026-02-09,0.004983471720814318,0.0,0.004983471720814318,22701537.488042004,0.006719125246154367,36061278.973948464
2026-02-10,-0.017850415927289396,0.04124694548536789,-0.017912286345517447,22294901.048072696,-0.023816987875334317,35202407.92985689
2026-02-11,0.01000161003708105,0.0,0.01000161003708105,22517885.95417083,0.013120476684721915,35664280.30234665
2026-02-12,-0.020194383890319342,0.0,-0.020194383890319342,22063151.120813873,-0.024939649233402916,34774825.661444366
2026-02-13,0.0011890725576459303,0.0,0.0011890725576459303,22089385.80834683,0.0006757476494857473,34798324.66814636
2026-02-17,-0.00086119306538057,0.0,-0.00086119306538057,22070362.582470164,0.00035371510675569163,34810633.36127127
2026-02-18,0.009541608471850076,0.01686188481612135,0.009516315644625895,22280391.11919629,0.010557974794383095,35178163.15087608
2026-02-19,-0.005083050378361372,0.0,-0.005083050378361372,22167138.76868782,-0.0069343311980252335,34934226.11664974
2026-02-20,0.010173230518680335,0.0,0.010173230518680335,22392650.181321256,0.012002531585134667,35353525.26901706
2026-02-23,-0.005813614435484673,0.0,-0.005813614435484673,22262467.94697837,-0.006769801505304939,35114188.92043304
2026-02-24,0.011618367152243781,0.0,0.011618367152243781,22521121.473301426,0.015537289193607196,35659768.22848876
2026-02-25,0.0031646908170598325,0.008533137639277988,0.0031518911106009156,22592105.59587389,0.0035683971968850756,35787016.445476875
2026-02-26,-0.007590905820817645,0.0,-0.007590905820817645,22420611.050001644,-0.01092970222722226,35395875.01212711
2026-02-27,0.004055969508303861,0.0,0.004055969508303861,22511548.364777986,0.0036053815832210894,35523490.64801783
2026-03-02,-0.005400750416080114,0.0,-0.005400750416080114,22389969.110580307,-0.008815110101599698,35210347.166762404
2026-03-03,-0.009896895747201883,0.0,-0.009896895747201883,22168377.920509823,-0.014569288858438856,34697357.44808393
2026-03-04,0.022889933547643643,0.4257084760288885,0.02225137083360031,22661654.71839848,0.031170983955170373,35778908.22038496
2026-03-05,-0.013589513132155276,0.0,-0.013589513132155276,22353693.864006434,-0.019582782226427654,35078257.65240582
2026-03-06,0.003420552113962986,0.0,0.003420552113962986,22430155.838807844,0.007373797881357624,35336917.63436485
2026-03-09,0.011297625840883826,0.0,0.011297625840883826,22683563.347027414,0.017230171850845855,35945778.797884144
2026-03-10,0.009365513105130936,0.0,0.009365513105130936,22896006.556825064,0.012603020973645917,36398804.20198791
2026-03-11,-0.01459763414654508,0.012114031011740434,-0.01461580519306269,22561362.985291425,-0.025708548283977006,35463043.78668208
2026-03-12,-0.009053956007473501,0.0,-0.009053956007473501,22357093.397353955,-0.011584890499971945,35052208.30761766
2026-03-13,0.006076881515267396,0.0,0.006076881515267396,22492954.80495544,0.007197992077081139,35304513.82530009
2026-03-16,0.01021529941093103,0.0,0.01021529941093103,22722727.072924603,0.019132314615147306,35979970.89114054
2026-03-17,-0.000128985911605484,0.0,-0.000128985911605484,22719796.16125894,-0.006790335891655541,35735654.803417705
2026-03-18,-0.0074171647456899355,0.31368035161925034,-0.00788768527311881,22540589.559669513,-0.0229621065324199,34915088.89081585
2026-03-19,0.007158458369918262,0.0,0.007158458369918262,22701945.431665823,0.007754328926563959,35185831.97457545
2026-03-20,-0.030906553269764818,0.0,-0.030906553269764818,22000306.54585475,-0.03306828429861899,34022296.87955675
2026-03-23,0.0329500763583792,0.0,0.0329500763583792,22725218.326448414,0.03580754406406576,35240551.77423221
2026-03-24,-0.020091869762319175,0.0,-0.020091869762319175,22268626.199513145,-0.022617419902050184,34443501.41717446
2026-03-25,0.015398741237121896,0.033461464823015895,0.015348549039887372,22610417.300787296,0.016814566486969308,35022653.96179756
2026-03-26,-0.01349226553615571,0.0,-0.01349226553615571,22305351.546681784,-0.01680793557470407,34433995.45035251
2026-03-27,0.011097413389525745,0.0,0.011097413389525745,22552883.253594004,0.01009962010121046,34781765.72296788
2026-03-30,-0.00899545423156218,0.0,-0.00899545423156218,22350009.824496534,-0.010793770979532845,34406339.309490405
2026-03-31,0.031110254215929833,0.0,0.031110254215929833,23045324.31186515,0.036810246186719214,35672845.12985654
2026-04-01,0.004104338120669449,0.026013806328514678,0.0040653174111766775,23139010.87003639,0.005167309090593496,35857177.74678338
2026-04-02,-0.014483355518507737,0.0,-0.014483355518507737,22803880.349259038,-0.01667313189305083,35259326.2928987
2026-04-06,0.005900307812133733,0.0,0.005900307812133733,22938430.262630735,0.008094343694074867,35544727.39833494
2026-04-07,-0.007241212768894497,0.0,-0.007241212768894497,22772328.208514575,-0.007811737217035895,35267061.328447975
2026-04-08,0.0285985988993024,0.0,0.0285985988993024,23423584.888953157,0.0334711952078552,36447492.02257986
2026-04-09,-0.009756658732313595,0.12762660290235017,-0.00994809863666712,23190564.756053504,-0.012067263828253925,36007670.52046521
2026-04-10,0.0027559591540067597,0.0,0.0027559591540067597,23254477.005279534,0.001802119943017899,36072560.66161176
2026-04-13,0.013218828022506717,0.0,0.013218828022506717,23561873.937565662,0.017222676585579542,36693826.7075004
2026-04-14,0.01040403197685981,0.0,0.01040403197685981,23807012.427446835,0.016026604710518467,37281904.16345777
2026-04-15,-0.0036489672788896396,0.0,-0.0036489672788896396,23720141.418090966,-0.0039405192541955405,37134994.10226859
2026-04-16,-0.00126646484403329,0.30540125351829844,-0.0017245667243107375,23679234.45150538,0.00016092641213212274,37140970.103634015
2026-04-17,0.004935389734974577,0.0,0.004935389734974577,23796100.702149395,0.012372177994037493,37600484.7966274
2026-04-20,-0.002114216107175691,0.0,-0.002114216107175691,23745790.60275694,-0.004383711524879319,37435655.11808338
2026-04-21,-0.009909896382266184,0.0,-0.009909896382266184,23510472.27836863,-0.024293687686908358,36526205.00428985
2026-04-22,0.007092798913164319,0.0,0.007092798913164319,23677227.33059262,0.025806322729335383,37468812.038708426
2026-04-23,-0.004450888232050318,0.01618404884118637,-0.004475164305312098,23571267.847993992,-0.013836022627386813,36950392.70751955
2026-04-24,0.00797076411859778,0.0,0.00797076411859778,23759148.86398664,0.015559515723956752,37525322.923858576
2026-04-27,-0.00015376183710985033,0.0,-0.00015376183710985033,23755495.61360915,0.0002529263857119269,37534814.06815838
2026-04-28,-0.004707882933299612,0.0,-0.004707882933299612,23643657.521237765,-0.01475987949922062,36980804.73548671
2026-04-29,-0.00407611049450824,0.0,-0.00407611049450824,23547283.360686887,-0.009945699033497457,36613004.78157102
2026-04-30,0.009532439748340069,0.3376624256466094,0.009025946109870155,23759819.87133429,0.02602827968992101,37565978.31031416
2026-05-01,-0.004524833073817718,0.0,-0.004524833073817718,23652310.652552523,-0.005282394957202207,37367539.97592539
2026-05-04,-0.012618928504299725,0.0,-0.012618928504299725,23353843.835466478,-0.017332764908412346,36719857.19031698
2026-05-05,0.020262630341286024,0.0,0.020262630341286024,23827054.140152656,0.02594709634458916,37672630.86259369
2026-05-06,0.01551854283997872,0.0,0.01551854283997872,24196815.300577108,0.020531990448643046,38446124.95963971
2026-05-07,-0.008785914198164047,0.30500926991787686,-0.009243428103040862,23973153.77802366,-0.011430459875098907,38006668.07093551
2026-05-08,0.0012359407644846878,0.0,0.0012359407644846878,24002783.176031183,0.0066652542192560445,38259992.17565518
2026-05-11,-0.0005248674486521519,0.0,-0.0005248674486521519,23990184.89646503,0.00821938882821308,38574465.92791128
2026-05-12,-0.001102127350283073,0.0,-0.001102127350283073,23963744.657552287,0.008004380438626713,38883230.62841512
2026-05-13,0.006993136639113573,0.0,0.006993136639113573,24131326.39832738,0.014441826266360012,39444775.4898255
2026-05-14,-0.010728081899157877,0.005349062234248391,-0.01073610549250925,23872249.932440765,-0.027650645106240275,38354102.00146101
2026-05-15,-0.003765370419523837,0.0,-0.003765370419523837,23782362.068697672,-0.01776937568792487,37672573.55382405
2026-05-18,0.003222824864167983,0.0,0.003222824864167983,23859008.456501316,0.008737193922292575,38001726.13451565
2026-05-19,-0.002068870977741543,0.0,-0.002068870977741543,23809647.24634797,-0.00851145157501888,37678276.28275459
2026-05-20,0.010656412203118186,0.0,0.010656412203118186,24063372.66181589,0.026317566196844354,38669876.81300898
2026-05-21,-0.001970162769091886,0.30740816436835705,-0.002431275015644421,24004867.985071074,-0.0054417872689486385,38459443.56967614
2026-05-22,0.001940616664430714,0.0,0.001940616664430714,24051452.231910363,0.0011414661375373832,38503343.72217944
2026-05-26,0.008191513764671145,0.0,0.008191513764671145,24248470.033928387,0.01330058839343904,39015460.84879926
2026-05-27,-0.00451624621453104,0.0,-0.00451624621453104,24138957.972929485,-0.003911070425113483,38862868.63375134
2026-05-28,0.006388965625582924,0.0,0.006388965625582924,24293180.94565592,0.007397179319296443,39150344.24189746
2026-05-29,-0.003109871998792202,0.23413735667746446,-0.0034610780338083986,24209100.35071358,-0.0035099197269736534,39012929.676325016
2026-06-01,-0.00108136125331484,0.0,-0.00108136125331484,24182921.56761671,0.0022565556221845525,39100964.522124015
2026-06-02,0.001495360359137802,0.0,0.001495360359137802,24219083.749897063,0.005199220331311649,39304259.05184133
2026-06-03,-0.0068660732894492565,0.0,-0.0068660732894492565,24052793.74586696,-0.01657982919952521,38652601.14994792
2026-06-04,0.002663538206893891,0.0,0.002663538206893891,24116859.280991614,0.006737150983350059,38913009.55979432
2026-06-05,-0.019027041363576372,0.10754492720197179,-0.01918835875437933,23654096.333079066,-0.03656351592104191,37490213.11521912
2026-06-08,0.00951212471695772,0.0,0.00951212471695772,23879097.04746624,0.02252511529658363,38334684.48813294
2026-06-09,0.006419132071227418,0.0,0.006419132071227418,24032380.125155587,0.01443362210895175,38887992.837700546
2026-06-10,-0.007510987990307726,0.0,-0.007510987990307726,23851873.206657033,-0.018994843155430707,38149321.51311891
2026-06-11,0.015427507762846949,0.0,0.015427507762846949,24219848.16571118,0.03235194642938157,39383526.319028586
2026-06-12,-0.00045061938740133527,0.3855065880025617,-0.0010288792694051778,24194928.866025336,0.0013077027216733539,39435028.263585076
2026-06-15,0.003487407325514059,0.0,0.003487407325514059,24279306.438193005,0.008086761405198605,39753929.92815996
2026-06-16,-0.009755071408994466,0.0,-0.009755071408994466,24042460.070127573,-0.015255585669535221,39147460.444440216
2026-06-17,-0.013984154225986069,0.0,-0.013984154225986069,23706246.600534797,-0.018583453943692308,38419965.41625844
2026-06-18,0.004740473222472584,0.0,0.004740473222472584,23818625.427749965,0.007783686073538276,38719014.36601479
2026-06-22,0.010408535039428124,0.012578166268167783,0.010389667790025873,24066093.03315935,0.015131066898334145,39304874.36262453
2026-06-23,-0.017088104907816933,0.0,-0.017088104907816933,23654849.11068744,-0.023941634073002968,38363851.44334922
2026-06-24,-0.0059076716638627605,0.0,-0.0059076716638627605,23515104.028883282,-0.005795451009771991,38141515.62176312
2026-06-25,0.009599153353214313,0.0,0.009599153353214313,23740829.11857332,0.012228906690487394,38607944.65733543
2026-06-26,0.003099908342965926,0.0,0.003099908342965926,23814423.512826912,0.0021218868385856405,38689866.34696867
2026-06-29,0.005252196532490065,0.007169604319406053,0.005241442126010956,23939245.435433708,0.010835509337179606,39109090.75502548
2026-06-30,0.005648558910746955,0.0,0.005648558910746955,24074467.673554584,0.008153080203675023,39427950.30864401
2026-07-01,-0.007610683493528639,0.0,-0.007610683493528639,23891244.519815974,-0.011235452071629126,38984959.46266867
2026-07-02,-0.00048457832116747764,0.0,-0.00048457832116747764,23879667.34065596,-0.0031517749815675455,38862087.64277681
2026-07-06,0.005864072385446998,0.0,0.005864072385446998,24019699.438481964,0.008626716429859725,39197339.852743395
2026-07-07,-0.0005644139659103581,0.009201702016667822,-0.0005782165189353598,24005810.85148677,-0.0008518917020220345,39163947.96418151
2026-07-08,-0.005997431266489536,0.0,-0.005997431266489536,23861837.650908627,-0.008031434606128807,38849405.27718935
2026-07-09,0.016134169445572527,0.0,0.016134169445572527,24246828.58285113,0.02416218222737427,39788091.686921924
2026-07-10,-0.0014307621170600161,0.0,-0.0014307621170600161,24212137.139055938,-0.002518610153087397,39687880.99522727
2026-07-13,-0.006323464315374451,0.0,-0.006323464315374451,24059032.553858165,-0.012294443028803215,39199940.603397526
2026-07-14,0.011270080463699332,0.0346767603556845,0.011218065323165806,24328928.352659512,0.01646995589175453,39845561.89609488
2026-07-15,-0.004115068210972451,0.0,-0.004115068210972451,24228813.15298846,-0.006575675442947682,39583550.41322428
2026-07-16,-0.01079885667084491,0.0,-0.01079885667084491,23967169.672444656,-0.01577595617743992,38959082.05655777
2026-07-17,-0.0045311300225305065,0.0,-0.0045311300225305065,23858571.310386762,-0.007409361095505607,38670420.1496513
2026-07-20,0.010522833349922253,0.0,0.010522833349922253,24109631.0802532,0.013285082379565804,39184159.86699184
2026-07-21,0.01426160198899107,0.020002155754131366,0.014231598755359873,24452749.675927117,0.01890591066849956,39924972.09305739
2026-07-22,-0.002261111751264147,0.0,-0.002261111751264147,24397459.27628416,-0.0024451758086209254,39827348.517135575
2026-07-23,-0.013928109284528551,0.0,-0.013928109284528551,24057648.79721923,-0.018728397128751004,39081446.11752149
2026-07-24,0.0029875113328042676,0.0,0.0029875113328042676,24129521.29564155,0.0031391344670144367,39204128.03204977
2026-07-27,0.008463987517301597,0.0,0.008463987517301597,24333753.26268632,0.011204750437601652,39643400.50277267
2026-07-28,-0.009883331116424404,0.09067101991365027,-0.010019337646294878,24089945.172545835,-0.013157136730020069,39121806.86191474
2026-07-29,-0.007592560687222075,0.0,-0.007592560687222075,23907040.80187143,-0.012634845699065478,38627508.868745804
2026-07-30,0.016554474117421905,0.0,0.016554474117421905,24302809.290050164,0.02517737341875699,39600048.083770566
2026-07-31,-0.004485321047357784,0.0,-0.004485321047357784,24193803.38803158,-0.009556355097758717,39221615.96239373
2026-08-03,0.0037523373559509602,0.0,0.0037523373559509602,24284586.70026702,0.007470752370445355,39514630.94281749
2026-08-04,0.012810862051750013,0.014194912907337919,0.012789569682389007,24595176.1140781,0.02042409804233756,40321681.639300376
2026-08-05,-0.0013453272054708518,0.0,-0.0013453272054708518,24562087.554528486,-0.0034763353798761276,40181509.950841576
2026-08-06,-0.0010593375663378742,0.0,-0.0010593375663378742,24536068.01247429,-0.00013238301840735607,40176190.60127012
2026-08-07,-0.0033036653239529637,0.0,-0.0033036653239529637,24455009.055395328,-0.001494434522144661,40116149.915067315
2026-08-10,-0.0011069671522432616,0.0,-0.0011069671522432616,24427938.163663194,-0.004381353124575438,39940386.896290995
2026-08-11,0.00017612044457660978,0.012138100890283176,0.000157913293241185,24431795.659825712,-0.001640272714221991,39874873.769469544
2026-08-12,-0.0021440077770870586,0.0,-0.0021440077770870586,24379413.69992285,-0.003637248615166932,39729838.94007159
2026-08-13,0.000992270620865972,0.0,0.000992270620865972,24403604.67589122,0.0029082465331959906,39845383.10643349
2026-08-14,0.0016078586946420598,0.0,0.0016078586946420598,24442842.22384996,0.002803686460059407,39957097.06754487
2026-08-17,0.0005650620316824996,0.0,0.0005650620316824996,24456653.945937067,0.0010073460811842792,39997347.69269136
2026-08-18,-0.009879466203898454,0.012452255683142665,-0.009898144587423168,24214578.44905561,-0.013802730736850222,39445275.07230097
2026-08-19,0.00787721487746872,0.0,0.00787721487746872,24405321.88666614,0.013719360162468795,39986439.007725514
2026-08-20,-0.002774214064079857,0.0,-0.002774214064079857,24337616.299449753,-0.004561110129985335,39804056.45570534
2026-08-21,0.008078881102788892,0.0,0.008078881102788892,24534237.007858306,0.01286748019831747,40316234.36396184
2026-08-24,0.000101598177844611,0.0,0.000101598177844611,24536729.641633116,0.0024979270751441236,40416941.37734743
2026-08-25,-0.00015068603746806047,0.002409520763748851,-0.00015430031861368376,24532943.616431676,-0.004228364067618707,40246043.83470441
2026-08-26,-0.006066735010562099,0.0,-0.006066735010562099,24384108.748481724,-0.008748377642475713,39893956.24462278
2026-08-27,0.006001639063474587,0.0,0.006001639063474587,24530453.368074622,0.010258713509653749,40303216.91250302
2026-08-28,-0.0021804887238747288,0.0,-0.0021804887238747288,24476964.991113998,-0.003532955775861846,40160827.42952617
2026-08-31,0.006924914203936545,0.0,0.006924914203936545,24646465.87365022,0.007661234756381762,40468508.95647431
2026-09-01,-0.007958084749579878,0.04529737494720074,-0.008026030812000678,24448652.579141382,-0.009203635762275463,40096051.54019654
2026-09-02,0.006576881285756946,0.0,0.006576881285756946,24609448.46475111,0.010307647141827903,40509347.49125343
2026-09-03,0.006946520604932461,0.0,0.006946520604932461,24780398.505587526,0.008715101667286795,40862390.573115155
2026-09-04,-0.003072727922250265,0.0,-0.003072727922250265,24704255.08317492,-0.005452141693415779,40639603.02977884
2026-09-08,0.005877854857192002,0.0,0.005877854857192002,24849463.108908873,0.007382964738030661,40939643.78591525
2026-09-09,-0.004178117630409502,0.34816798740831356,-0.004700369611521972,24732661.447649118,-0.00890851147755235,40574932.499361515
2026-09-10,-0.004686461785149304,0.0,-0.004686461785149304,24616752.774929672,-0.02394799041082929,39603244.40494676
2026-09-11,0.007471942751259312,0.0,0.007471942751259312,24800687.74238585,0.01587145896422215,40231805.67336994
2026-09-14,-0.0046293738894135385,0.0,-0.0046293738894135385,24685876.08611175,-0.015957595442556448,39589802.794510745
2026-09-15,0.005570971156289038,0.0,0.005570971156289038,24823400.389755204,0.01927487011769826,40352891.10136024
2026-09-16,-0.0009039498517843961,0.41167662135213823,-0.0015214647838126035,24785632.46024771,-0.0032123962225622193,40223261.626416765
2026-09-17,0.0157209797468302,0.0,0.0157209797468302,25175286.886167645,0.018999790500652633,40987495.17057163
2026-09-18,0.00964358133330495,0.0,0.00964358133330495,25418066.812843688,0.010753225313292793,41428242.941168286
2026-09-21,0.012251793824231928,0.0,0.012251793824231928,25729483.7268452,0.01566249182141202,42077112.457409814
2026-09-22,-0.0005576241782474917,0.0,-0.0005576241782474917,25715136.344625287,-0.0015983582534508823,42009858.157432124
