Date,portfolio_ret_net,capital_clp,benchmark_30_30_30_ret,benchmark_capital_clp
2017-01-03,0.0,10000000.0,0.0024230567805935796,10024230.567805937
2017-01-04,-0.00045,9995500.0,0.008634193455690874,10110781.713772822
2017-01-05,0.001577786989109753,10011270.769849647,0.002718877149401499,10138271.687136985
2017-01-06,-0.00036705899642358597,10007596.04284794,-0.008690144111241149,10050168.64513685
2017-01-09,0.008929812135448167,10096961.995438028,0.02438785378179309,10295270.68853681
2017-01-10,-0.005528692896856335,10041138.993374022,-0.008413414999107804,10208652.303706001
2017-01-11,0.0033407687976707567,10074684.117216159,0.00920802967471539,10302653.877057377
2017-01-12,-0.0024694412646602327,10049805.27652869,0.005764447412267792,10362042.983538471
2017-01-13,0.0007412429871242132,10057254.624211881,0.007166157145762985,10436299.01190966
2017-01-17,-0.0042984930542256435,10014023.585065128,-0.01768242618942758,10251759.92494077
2017-01-18,-0.00045,10009517.274451848,-0.0028798460995335118,10222236.434107577
2017-01-19,0.0018846552332729915,10028381.763565682,0.0028994069456580117,10251874.857424788
2017-01-20,0.005877793496784294,10087326.520678837,0.02189282545428639,10476317.364257576
2017-01-23,-0.00045,10082787.223744532,-0.015412309492125006,10314853.118701916
2017-01-24,-0.0018632171110958655,10064000.802061712,-0.0005574635018482208,10309102.964561313
2017-01-25,-0.00045,10059472.001700785,0.029060473707416688,10608690.38021
2017-01-26,-0.0016231406993680974,10043144.063280668,-0.01171777494165327,10484380.133909017
2017-01-27,-0.00389418823400145,10004034.16983706,-0.013168496909573989,10346316.606516836
2017-01-30,0.0028536158890795746,10032581.840699,0.006291710027998309,10411412.630462904
2017-01-31,-0.0013846522685141082,10018690.203494223,0.002460574300444796,10437030.684812749
2017-02-01,0.0022109091634590072,10040840.617470985,0.0013410501112351536,10451027.265973583
2017-02-02,-0.0011418596892325162,10029375.386323886,-0.0017081760821830994,10433175.071163602
2017-02-03,-0.0010474455692601858,10018870.161513034,-0.005574686642802562,10375013.389452366
2017-02-06,-0.00025011200807002477,10016364.321778346,-0.002675941541796301,10347250.460126838
2017-02-07,0.0009557272995651011,10025937.23460306,-0.0013789047739867668,10332982.587069733
2017-02-08,0.002723527566565637,10053243.151042158,0.014324779972661305,10481000.289090848
2017-02-09,-0.00045,10048719.191624189,0.0019567235304393193,10501508.708979053
2017-02-10,-0.0035877237743628275,10012667.162878504,0.00828249827773797,10588487.436774822
2017-02-13,0.00252397503948103,10037938.88487624,0.008002935334656923,10673226.417023158
2017-02-14,0.0023725555068404122,10061754.45205488,-0.0009030790780090283,10663587.649551092
2017-02-15,0.0012098517158808163,10073927.68294347,0.004645725310158188,10713127.748591702
2017-02-16,-0.0012157111558121381,10061680.696676472,-0.00905801628653804,10616088.062965197
2017-02-17,0.0013469174547438678,10075232.950030884,-0.004000510080957797,10573618.295648968
2017-02-21,0.0024233022061009636,10099648.284265675,0.011601369194703736,10696286.745220665
2017-02-22,0.00044288962174077184,10104121.313674008,0.0006376825200533176,10703107.58030757
2017-02-23,-0.0005438816583178796,10098625.867418082,-0.009775243131937105,10598482.101442784
2017-02-24,-0.00014811642363243838,10097130.095071,-0.002282140374448427,10574294.877531212
2017-02-27,0.0028519422686048347,10125926.527180733,0.007511524246862232,10653723.949897258
2017-02-28,-0.000896885336534392,10116844.73215968,-0.0014035448142879492,10638770.970894525
2017-03-01,0.005082933596478578,10168267.982139131,0.015371855979680781,10802308.626059921
2017-03-02,-0.0012310392753658638,10155750.444890674,-0.007415021471683681,10722209.275653934
2017-03-03,0.0023978152754968282,10180102.058441566,0.011035758010434504,10840536.982557287
2017-03-06,-0.0002454184157804791,10177603.6739219,-0.0019525970273079228,10819369.782270724
2017-03-07,0.0,10177603.6739219,0.0022591531986304926,10843812.396121508
2017-03-08,0.0,10177603.6739219,-0.00955171685999322,10740235.37043087
2017-03-09,-0.00045,10173023.752268635,0.004595190322911757,10789588.79607087
2017-03-10,0.001811105413289921,10191448.170655895,0.005634236487562538,10850379.89095149
2017-03-13,0.0,10191448.170655895,0.007033346772088722,10926694.375333447
2017-03-14,0.0,10191448.170655895,0.0009281073190261168,10936835.520355957
2017-03-15,0.0,10191448.170655895,0.01454400698391247,11095900.932545915
2017-03-16,0.0,10191448.170655895,-0.0001617531830939822,11094106.13525078
2017-03-17,0.0,10191448.170655895,-0.02019364542496713,10870075.689648572
2017-03-20,-0.00045,10186862.018979099,0.016850844055412637,11053245.639965374
2017-03-21,-0.0054450611655053605,10131393.932201194,-0.011508301591070368,10926041.555580469
2017-03-22,0.001530000326513381,10146894.968225498,0.003619160589688774,10965584.654579725
2017-03-23,0.00042396270261879643,10151196.873239415,0.004904598667337323,11019366.44646315
2017-03-24,0.0012581146270788102,10163968.242507994,0.00492644356509675,11073652.733384773
2017-03-27,-0.0010145319878477888,10153656.571602501,-0.0067319830020811655,10999105.091412678
2017-03-28,0.0041695387793643235,10195992.636430144,0.019603396378277127,11214724.908325966
2017-03-29,0.0018437056363535653,10214791.045522152,0.0026752574901645287,11244727.1851371
2017-03-30,-0.0007880415608289782,10206741.365643095,-0.004268601367886604,11196727.92729311
2017-03-31,-0.00013603710472958052,10205352.87009899,-0.003710305692354088,11155184.643928735
2017-04-03,-0.001629248131185279,10188725.818007294,-0.008160071212275877,11064157.54284819
2017-04-04,-0.00025286041289085404,10186149.49259012,-4.551047312479923e-05,11063654.007803688
2017-04-05,-0.0003595537698893647,10182487.024139402,0.010950497561820937,11184806.524040971
2017-04-06,-0.0006599718864801485,10175766.868969021,-0.0007254618563208417,11176692.373537451
2017-04-07,-0.0010704355966470013,10164874.365889296,-0.003948895068869274,11132556.78813732
2017-04-10,-0.0003363974766156737,10161454.927802496,-0.0003657311650627883,11128485.265173066
2017-04-11,0.0,10161454.927802496,-0.009784419808866619,11019599.493501829
2017-04-12,0.0,10161454.927802496,-0.004708887486267843,10967709.439343194
2017-04-13,-0.00045,10156882.273084987,-0.0004888717638256268,10962347.635884454
2017-04-17,0.0012787735319618138,10169870.62530306,0.0026738367265718875,10991659.163602732
2017-04-18,0.0,10169870.62530306,-0.015458045786427965,10821749.59298295
2017-04-19,-0.00045,10165294.183521673,0.0024548053787244676,10848314.882091016
2017-04-20,0.0011663727743532303,10177150.705900624,0.0025452242792279424,10875926.276517622
2017-04-21,0.0007412152631627533,10184694.165339345,0.0014117661427418327,10891280.541005766
2017-04-24,0.0025700364483471237,10210869.200559536,0.010422229462925592,11004791.965949226
2017-04-25,0.004840477852112646,10260294.686775664,0.006078782925476299,11071687.707450256
2017-04-26,-0.007367874280823871,10184698.125439296,-0.024290955706868036,10802745.831748307
2017-04-27,0.013044740611740541,10317554.87069453,0.030918763238836775,11136753.372449463
2017-04-28,-0.00045,10312911.971002718,-0.001349282494990611,11121726.74607299
2017-05-01,0.004542397438651835,10359757.315924842,0.015004821770425614,11288606.273677193
2017-05-02,-0.00017324936243690026,10357962.494574858,-1.0594928772944458e-05,11288486.671697777
2017-05-03,7.361450297571626e-05,10358724.990835736,-0.01307449454903128,11140895.414241852
2017-05-04,0.0006040650575786843,10364982.334643766,-0.0026750119020871547,11111093.386408845
2017-05-05,0.003842193964582918,10404806.607212944,0.013896474799606474,11265498.41564915
2017-05-08,-0.000994726753236208,10394456.667718502,-0.015784820280890864,11087674.547783466
2017-05-09,0.00436510841474893,10439829.597985502,0.010473668897158395,11203803.1798364
2017-05-10,-0.0004091813097669313,10435557.814836854,0.006074041443103773,11271855.544671103
2017-05-11,0.0,10435557.814836854,-0.005010969569365209,11215372.619546475
2017-05-12,-0.00045,10430861.813820178,0.0017753298944909622,11235283.60583581
2017-05-15,0.0009075242446170638,10440328.073808469,0.005901429098578159,11301587.835438069
2017-05-16,-0.0004082502276705591,10436065.807495384,-0.0001310049957124026,11300107.270972144
2017-05-17,-0.008865671465134867,10343543.076657603,-0.015642475146749636,11123345.623830356
2017-05-18,-0.00045,10338888.482273107,-0.024852168244870278,10846906.366941083
2017-05-19,0.010772629822368618,10450265.500667386,0.04155418960476134,11297640.770738045
2017-05-22,0.0007687522266457414,10458299.165540064,-0.0028462997296228474,11265484.298866916
2017-05-23,0.0012911010414520029,10471801.88648451,0.0020547786063849992,11288632.374994794
2017-05-24,0.003313570094561413,10506500.936051738,0.010839006088032808,11410989.930032926
2017-05-25,-0.003559841841486222,10469099.454411965,-0.014159534662574347,11249415.622584337
2017-05-26,0.00019540963173894088,10471145.217280991,-0.0037224725913037604,11207539.981261084
2017-05-30,0.0006960608367969634,10478433.771383153,0.000260522911575245,11210459.802208599
2017-05-31,0.005927282933225375,10540542.413043203,0.017725554320559934,11409171.416391099
2017-06-01,-0.00487427265335425,10489164.935407786,-0.0118389773447245,11274098.494470365
2017-06-02,0.0085365430032867,10578706.14294746,0.016909383262183917,11464736.546848975
2017-06-05,-0.0010448620664004094,10567652.854187097,-0.004662340333600734,11411284.043232495
2017-06-06,-0.0016827718502190002,10549869.905441185,-0.0020583617145650936,11387795.493043877
2017-06-07,0.0011309449236244218,10561801.227255642,0.001983431804236135,11410382.408804918
2017-06-08,0.0005383189591483539,10567486.84509903,0.003746963153927607,11453136.691262932
2017-06-09,-0.012297118676068563,10437537.205257054,-0.01798228824172319,11247183.086008787
2017-06-12,0.00015059540592882764,10439109.050409378,0.003175975566977751,11282903.864687277
2017-06-13,0.0,10439109.050409378,0.0009334358510085352,11293435.731658058
2017-06-14,0.0,10439109.050409378,-0.002663679768834015,11263353.635379015
2017-06-15,0.0,10439109.050409378,-0.007788750677722544,11175626.182118028
2017-06-16,-0.00045,10434411.451336697,0.0044655273885323195,11225531.246918274
2017-06-19,0.004787187265660298,10484362.932961194,0.007218843872312053,11306566.604373539
2017-06-20,-0.006207688549340606,10419279.273235118,-0.018462232672462605,11097822.140996898
2017-06-21,0.005714780122551571,10478823.163317118,0.01015001646824698,11210465.218489693
2017-06-22,-0.00045,10474107.692893624,0.003745024648642081,11252448.687055683
2017-06-23,-0.00020449626578778428,10471965.776982967,0.003211060874010285,11288580.984771498
2017-06-26,-0.00045,10467253.392383326,-0.017589268039396498,11090023.108045917
2017-06-27,-0.0008814550565007068,10458026.978952937,0.007645207575524626,11174808.636724293
2017-06-28,0.0,10458026.978952937,-0.016537568382246823,10990004.474735944
2017-06-29,0.0,10458026.978952937,0.019513962524287477,11204463.010197693
2017-06-30,0.0,10458026.978952937,0.006906055153008306,11281841.64970596
2017-07-03,0.0,10458026.978952937,-0.006663701682728373,11206662.82252054
2017-07-05,0.0,10458026.978952937,-0.011040123473264229,11082939.881236672
2017-07-06,0.0,10458026.978952937,0.01709617161493602,11272415.723444313
2017-07-07,0.0,10458026.978952937,0.003905726574958901,11316442.697099354
2017-07-10,0.0,10458026.978952937,0.00503540189282683,11373425.534076396
2017-07-11,-0.00045,10453320.866812408,0.0009132790239202881,11383812.645046787
2017-07-12,0.003332213214124935,10488153.56073629,0.007260977732682217,11466470.255175497
2017-07-13,-0.00096389688650238,10478044.062173937,-0.0014792856124159147,11449508.07070182
2017-07-14,0.001996382596475854,10498962.246984769,0.003782383824855762,11492814.504831001
2017-07-17,-0.0019388661435298382,10478606.164541893,0.005013017860097035,11550428.189206503
2017-07-18,0.0032452911350862477,10512612.29223574,0.008752001966345402,11651517.55943057
2017-07-19,-0.0005261016200915902,10507081.589877399,-0.004214363831497791,11602413.825246044
2017-07-20,-0.00038413698547324905,10503045.431229342,-0.003666210661789348,11559876.931977436
2017-07-21,-0.0006299069003006475,10496429.49043804,-0.0035821212533147405,11518468.051133696
2017-07-24,0.0008192957938625067,10505029.170970129,-0.0005513306606202306,11512117.566533733
2017-07-25,-0.0003989584015586578,10500838.10132375,0.015001061772137624,11684811.553277416
2017-07-26,-0.0003973664652230198,10496665.420405548,0.006495107948650469,11760705.66567559
2017-07-27,-0.00045,10491941.920966368,-0.011951891996649967,11620142.981755046
2017-07-28,0.001767906084231447,10510490.688923849,0.00757504533367348,11708166.091625607
2017-07-31,-0.00045,10505760.968113832,0.005422429630968216,11771652.798365135
2017-08-01,-0.0012422056309633334,10492710.652681688,-0.0062195075716445225,11698438.914654935
2017-08-02,0.0028078939528409564,10522173.071472261,0.007699430163362674,11788510.228098683
2017-08-03,-0.0025391931806985845,10495455.241363047,-0.005316362275253716,11725838.237040577
2017-08-04,-0.0005189691201610835,10490008.424190748,-0.0016037930467220018,11707032.419209024
2017-08-07,0.0029719658709816076,10521184.371213755,0.008955140163552144,11811870.535422292
2017-08-08,-0.00010439680064252554,10520085.99322643,0.0036410843427199134,11854878.552287051
2017-08-09,-0.00399266330464938,10478082.831919517,-0.015152851633181285,11675243.336454863
2017-08-10,-0.004911069785677752,10426624.235911848,-0.0032303025530351355,11637528.768097807
2017-08-11,0.0,10426624.235911848,0.0028019859820477056,11670136.960571693
2017-08-14,0.0,10426624.235911848,0.0025594795131212208,11700006.437037596
2017-08-15,0.0,10426624.235911848,0.0027583614198211535,11732279.283405181
2017-08-16,0.0,10426624.235911848,-0.0024426232347807943,11703621.745430596
2017-08-17,0.0,10426624.235911848,-0.005777393411064568,11636005.318272956
2017-08-18,0.0,10426624.235911848,0.0072961246690871565,11720903.063725237
2017-08-21,0.0,10426624.235911848,0.0064779208330876465,11796830.145864343
2017-08-22,0.0,10426624.235911848,0.0019476387913083815,11819806.109870905
2017-08-23,0.0,10426624.235911848,-0.0034338351196845805,11779218.844542969
2017-08-24,0.0,10426624.235911848,0.0069148796533322395,11860670.725263247
2017-08-25,0.0,10426624.235911848,-0.0018566436371971417,11838649.686428295
2017-08-28,0.0,10426624.235911848,-0.00047438721697252734,11833033.582350839
2017-08-29,0.0,10426624.235911848,-0.0017988218627967736,11811748.062839698
2017-08-30,0.0,10426624.235911848,-0.00763911361458579,11721516.777400803
2017-08-31,0.0,10426624.235911848,0.01575968110668491,11906244.143899295
2017-09-01,0.0,10426624.235911848,-0.005734915322277967,11837962.841927664
2017-09-05,0.0,10426624.235911848,-0.0036856714774804455,11794331.9999297
2017-09-06,0.0,10426624.235911848,0.00010120288441186611,11795525.620347802
2017-09-07,0.0,10426624.235911848,-0.004435344001827002,11743208.406539196
2017-09-08,0.0,10426624.235911848,-0.0211562153923859,11494766.560092777
2017-09-11,0.0,10426624.235911848,0.018700080690748088,11709719.622287825
2017-09-12,0.0,10426624.235911848,0.001225855854572877,11724074.050642213
2017-09-13,0.0,10426624.235911848,-0.009705437718333475,11610286.780138575
2017-09-14,0.0,10426624.235911848,0.004368073107650671,11661001.361595012
2017-09-15,-0.00045,10421932.255005687,-0.0006529790759672081,11653386.971701065
2017-09-18,0.0015214673506327657,10437788.884662185,0.0015059494091383407,11670936.382925559
2017-09-19,-0.004961361426845645,10386003.241508264,-0.012504473951693906,11524997.462933388
2017-09-20,0.0045708853616377,10433476.471690796,0.015951854964334246,11708842.55092642
2017-09-21,-0.004645079769298904,10385012.14120869,-0.008411032108058459,11610359.100282377
2017-09-22,-0.00045,10380338.885745145,0.00418973359227146,11659003.411823163
2017-09-25,0.00026041767385500677,10383042.1094516,-0.004767445117967805,11603419.752927098
2017-09-26,-0.0001465448071436226,10381520.528548105,0.0003699718677167564,11607712.69180499
2017-09-27,0.0024305498254313333,10406753.33145648,0.011926301389900897,11746149.771814832
2017-09-28,0.0,10406753.33145648,-0.014952823465435139,11570511.667878324
2017-09-29,0.0,10406753.33145648,0.023801822244406676,11845910.929874
2017-10-02,-0.00045,10402070.292457324,0.0070802292242169605,11929782.694627164
2017-10-03,-1.9220171822398322e-05,10401870.362878993,0.004984213663859248,11989243.280540595
2017-10-04,-0.004610330105193572,10353914.306794692,-0.011997398987847817,11845403.545341577
2017-10-05,0.004133226265387674,10396709.37735711,0.017653241375773242,12054513.313320933
2017-10-06,-0.00045,10392030.8581373,-0.003220104577962968,12015696.519815592
2017-10-09,0.0018492475160966082,10411248.295388909,0.004699575721433469,12072165.195456231
2017-10-10,-0.004891511162238937,10360321.558139171,-0.009550189342234172,11956873.732068893
2017-10-11,0.004319620729385676,10405074.21790481,0.015634501675199617,12143813.494463073
2017-10-12,-0.0019276926845277708,10385016.432452988,-0.003218739661531588,12104725.720326202
2017-10-13,0.00014696103881675082,10386542.62525603,-1.261833187981014e-05,12104572.978879748
2017-10-16,0.00045259708631122385,10391243.544185067,0.012718457351236001,12258524.474066554
2017-10-17,-0.0015945078886154818,10374674.62438134,-0.010408724085098919,12130928.87512556
2017-10-18,0.0008484661831006823,10383477.184960801,0.00036836127990407257,12135397.43961243
2017-10-19,0.0005755847676520709,10389453.756263727,0.0034243447047711097,12176953.223575057
2017-10-20,0.0008090494943822302,10397859.338572139,-0.001251751794130118,12161710.70053041
2017-10-23,-0.0003346661439910581,10394379.527081538,0.004869867260423766,12220936.617301667
2017-10-24,0.002899918324572126,10424522.37874468,0.008655152340372596,12326710.685466452
2017-10-25,-0.0016072495681970778,10407767.56965278,-0.005498652917169777,12258930.381796703
2017-10-26,-0.0023757739236883067,10383041.066856993,-0.006727423480894523,12176459.365695551
2017-10-27,0.011338097862228525,10500765.002580557,0.01243322677451002,12327852.04629985
2017-10-30,0.0009115052338162233,10510336.504839484,0.0034900739521983807,12370877.161613196
2017-10-31,-0.005455073350548734,10453001.848266635,-0.0198405710532933,12125431.894296646
2017-11-01,0.0019102005334242554,10472969.177973077,0.009547061605528873,12241194.139585141
2017-11-02,0.003939775461151584,10514230.324945852,0.01187149441591171,12386515.407457316
2017-11-03,-0.0030569743121894644,10482088.59293005,-0.019690820278376986,12142614.758693729
2017-11-06,0.0067512532244127675,10552855.82734165,0.02566708842543599,12454280.325421123
2017-11-07,-0.0005346920905195951,10547213.298798377,-0.0130790127614259,12291390.634110566
2017-11-08,0.0018755111981542338,10566994.715449596,0.005618071480221443,12360444.545284323
2017-11-09,-0.0027027097045647986,10538435.196284067,-0.008211513094638778,12258946.593045166
2017-11-10,-0.005995245357156531,10475254.69160185,-0.022372758150153202,11984680.145743323
2017-11-13,0.0062818526564556885,10541058.698113339,0.02069999085590697,12232762.915171178
2017-11-14,-0.0019916846434169465,10520064.23337895,-0.01433531911215109,12057402.35515891
2017-11-15,-0.00917734981628494,10423517.923819443,-0.026628148806460902,11736336.051026367
2017-11-16,0.0038336298150018155,10463477.832909405,0.01009340094278508,11854795.596388638
2017-11-17,0.007130376469344579,10538086.369036691,0.03146417928871677,12227797.0104645
2017-11-20,-0.001994888058835942,10517064.066376118,-0.023525255773955922,11940134.95824131
2017-11-21,0.008197176176817011,10603274.293391073,0.027631250798128094,12270055.821835972
2017-11-22,-0.0007190129069695739,10595650.402317986,-0.005535633063430334,12202133.295138482
2017-11-24,-0.004838218405170636,10544386.331526738,-0.017837603734336904,11984476.476706242
2017-11-27,0.005703778677885496,10604529.177455887,0.009744630332429404,12101260.76969944
2017-11-28,0.0025720735682773998,10631804.806657251,0.0021150026484750726,12126854.968277244
2017-11-29,-0.003657841275571083,10592915.352201644,-0.009032919256546267,12017314.066512948
2017-11-30,0.0039314782656399315,10634561.168678587,0.0059735333880362,12089099.893323781
2017-12-01,-0.008050576407417975,10548946.82143078,-0.0188790220102525,11860869.51035358
2017-12-04,0.0050741253809786,10602473.500239994,0.018857029848505902,12084530.280739551
2017-12-05,0.0002890665997455466,10605538.3212036,-0.019111674043172842,11853574.677049207
2017-12-06,0.003961018413033001,10647547.053774014,0.007982603146533283,11948197.059563885
2017-12-07,0.0009702818884384845,10657878.175836587,6.872105197460745e-05,11949018.152235018
2017-12-08,0.002154991632948944,10680845.814130504,0.008584829861999599,12051598.440089898
2017-12-11,0.0013575039030535806,10695345.1040111,0.0068918493137084084,12134656.240528323
2017-12-12,-0.004369880345578747,10648607.7256519,-0.009925972441021912,12014207.977103563
2017-12-13,0.005030229556632548,10702172.666970458,0.029518536346704777,12368849.811952565
2017-12-14,-0.003789222187216068,10661619.756849354,-0.009199654862743545,12255060.66263349
2017-12-15,-0.00016400719332970715,10659871.174516683,0.004987300969191566,12316180.338553743
2017-12-18,0.0016145877573401802,10677082.472009882,0.03185862859342112,12708556.953649322
2017-12-19,-0.008901571365994076,10582039.66040468,-0.02557126380362114,12383583.09122421
2017-12-20,-0.006214643035322231,10516276.061329644,-0.015883499298134207,12186888.457886364
2017-12-21,0.004816267997360962,10566925.265175238,0.014782978475262932,12367046.967639728
2017-12-22,0.0,10566925.265175238,0.007888399616353558,12464603.176194683
2017-12-26,-0.00045,10562170.148805909,-0.016612382984550523,12257536.414481292
2017-12-27,0.004855314460432475,10613452.806262955,0.01645043716092711,12459178.247015493
2017-12-28,0.0,10613452.806262955,0.003331478656435993,12500685.733422156
2017-12-29,0.0,10613452.806262955,-0.006404741994982676,12420622.066539226
2018-01-02,0.0,10613452.806262955,-0.0062432312944082574,12343077.25015739
2018-01-03,-0.00135,10599124.6449745,0.007623788847682622,12437178.264843225
2018-01-04,0.0024916873666911642,10625534.349950368,0.0024916873666911642,12468167.82480302
2018-01-05,0.0011557291498230263,10637814.589731049,0.0011557291498230263,12482577.649803031
2018-01-08,0.0015003621375030195,10653775.16396726,0.0015003621375030195,12501306.036687236
2018-01-09,-0.0026182062930364845,10625881.382788364,-0.0026182062930364845,12468575.038550807
2018-01-10,0.003186058689857729,10659736.064505396,0.003186058689857729,12508300.650402524
2018-01-11,0.005953115456648805,10723194.7040348,0.005953115456648805,12582764.008340845
2018-01-12,-0.0008993656094597013,10713550.631494451,-0.0008993656094597013,12571447.503119797
2018-01-16,-0.02966887080982117,10395691.681894163,-0.02966887080982117,12198466.851257285
2018-01-17,0.0314133758221022,10722255.451628206,0.0314133758221022,12581661.874909287
2018-01-18,0.0038661118190640555,10763708.890156772,0.0038661118190640555,12630303.986587344
2018-01-19,-0.0015975607263828294,10746513.21156364,-0.0015975607263828294,12610126.308976095
2018-01-22,0.008559503562316228,10838498.029680496,0.008559503562316228,12718062.730039034
2018-01-23,-0.013444967703590837,10692774.77371601,-0.013444967703590837,12547068.787381416
2018-01-24,0.01683448222925137,10872782.10062552,0.01683448222925137,12758292.193911785
2018-01-25,-0.009504276994480431,10769444.167840548,-0.009504276994480431,12637033.850924328
2018-01-26,0.002130641885899764,10792389.996672407,0.002130641885899764,12663958.844560642
2018-01-29,0.0010199979985933139,10803398.212869054,0.0010199979985933139,12676876.057236362
2018-01-30,-0.004476829022603645,10755033.246206937,-0.004476829022603645,12620123.850587377
2018-01-31,0.010432835803590067,10867238.742126768,0.010432835803590067,12751787.530541528
2018-02-01,-0.007221754165673688,10788758.215471443,-0.007221754165673688,12659697.255823053
2018-02-02,-0.02230138965771474,10548153.914585343,-0.02230138965771474,12377368.414372241
2018-02-05,-0.008901793421119865,10454256.427463528,-0.008901793421119865,12267187.637650406
2018-02-06,0.015379887245237311,10615041.712550715,0.015379887245237311,12455855.600333638
2018-02-07,-0.019760277863653343,10405285.538776442,-0.019760277863653343,12209724.432641504
2018-02-08,-0.026216715426886514,10132493.128870843,-0.026216715426886514,11889625.561750239
2018-02-09,0.00867541577797799,10220396.719631303,0.00867541577797799,11992773.006942898
2018-02-12,0.015014776270995723,10373853.689777387,0.015014776270995723,12172841.810510984
2018-02-13,-0.002755903844673702,10345264.346509648,-0.002755903844673702,12139294.628964791
2018-02-14,0.01736848784493625,10524945.944564654,0.01736848784493625,12350135.820174066
2018-02-15,0.005323299764908362,10580973.38683703,0.005323299764908362,12415879.295282187
2018-02-16,-0.005324590396778938,10524634.037552904,-0.005324590396778938,12349769.823618961
2018-02-20,-0.0004905131323687086,10519471.56634411,-0.0004905131323687086,12343712.099338746
2018-02-21,0.0004663312105293248,10524377.124253772,0.0004663312105293248,12349468.357544456
2018-02-22,0.005960432516849879,10587106.963884765,0.005960432516849879,12423076.530308573
2018-02-23,0.004232983050107897,10631922.008212568,0.004232983050107897,12475663.202691562
2018-02-26,-0.013703878440022497,10486223.441428224,-0.013703878440022497,12304698.230703214
2018-02-27,-0.005361843944409805,10429997.947769074,-0.005361843944409805,12238722.359007128
2018-02-28,-0.0039042316455029755,10389276.819718862,-0.0039042316455029755,12190939.551872566
2018-03-01,-0.004909007314896974,10338275.783814372,-0.004909007314896974,12131094.140436959
2018-03-02,0.006692258004605555,10407462.192682425,0.006692258004605555,12212278.552302921
2018-03-05,0.00538550415709258,10463511.623585897,0.00538550415709258,12278047.829213921
2018-03-06,0.0038784119318557185,10504093.431915924,0.0038784119318557185,12325667.15641464
2018-03-07,0.002318723927055166,10528449.52468853,0.002318723927055166,12354246.975767136
2018-03-08,7.609504851668718e-06,10528529.640976267,7.609504851668718e-06,12354340.985469436
2018-03-09,0.022178988109406637,10762041.774693014,0.022178988109406637,12628347.767285718
2018-03-12,-0.007436973259680201,10682004.75779506,-0.007436973259680201,12534431.082626471
2018-03-13,-0.0020560479288040715,10660042.044037322,-0.0020560479288040715,12508659.6915603
2018-03-14,0.002010692580966522,10681476.111488057,0.002010692580966522,12533810.760799956
2018-03-15,-0.00899787072794973,10585365.570253205,-0.00899787072794973,12421033.15184569
2018-03-16,0.0006582747208776275,10592333.64881935,0.0006582747208776275,12429209.603976734
2018-03-19,-0.007014764728935096,10518030.920342498,-0.007014764728935096,12342021.622838216
2018-03-20,-0.0020040011079234255,10496952.774724958,-0.0020040011079234255,12317288.197832033
2018-03-21,0.00636693900634745,10563786.232794143,0.00636693900634745,12395711.620511232
2018-03-22,-0.02666366120217266,10282117.015670745,-0.02666366120217266,12065196.565502085
2018-03-23,-0.0066297007279806355,10213949.657006769,-0.0066297007279806355,11985207.923048547
2018-03-26,0.01373550527147458,10354243.416363161,0.01373550527147458,12149830.809655298
2018-03-27,-0.016643546449192914,10181912.08511667,-0.016643546449192914,11947614.536224965
2018-03-28,0.0018868822508574354,10201124.154309867,0.0018868822508574354,11970158.278033454
2018-03-29,0.009608722743163977,10299143.927977223,0.009608722743163977,12085176.210118866
2018-04-02,-0.02407247097392289,10051218.084714737,-0.02407247097392289,11794256.156586038
2018-04-03,0.02524645745113363,10304975.734422551,0.02524645745113363,12092019.342811057
2018-04-04,-0.0010943332409472763,10293698.656929217,-0.0010943332409472763,12078786.644094042
2018-04-05,0.006577218267625562,10361402.559777007,0.006577218267625562,12158231.46026033
2018-04-06,-0.007912947144321846,10279413.32898045,-0.007912947144321846,12062024.017346857
2018-04-09,0.004674642968577359,10327465.916219866,0.004674642968577359,12118409.67310636
2018-04-10,0.01718746169885237,10504968.841101099,0.01718746169885237,12326694.375213876
2018-04-11,-0.007798168396741445,10423049.325075671,-0.007798168396741445,12230568.736700794
2018-04-12,-0.003812523130066658,10383311.208437996,-0.003812523130066658,12183939.410498252
2018-04-13,-0.0018762921059250813,10363829.08358424,-0.0018762921059250813,12161078.781163264
2018-04-16,0.0024407615340696354,10389124.718957124,0.0024407615340696354,12190761.074465116
2018-04-17,0.0064243424375616245,10455868.01377824,0.0064243424375616245,12269078.69818198
2018-04-18,0.012528042715828813,10586859.574885922,0.012528042715828813,12422786.240196668
2018-04-19,-0.008432145711082717,10497589.632327711,-0.008432145711082717,12318035.496481696
2018-04-20,-0.0028592650458275966,10467574.241226554,-0.0028592650458275966,12282814.968153344
2018-04-23,-0.0055928367763092065,10409030.807051476,-0.0055928367763092065,12214119.188882856
2018-04-24,0.007969713505831,10491987.800457045,0.007969713505831,12311462.219544325
2018-04-25,-0.010583125840521124,10380949.773247596,-0.010583125840521124,12181168.465594066
2018-04-26,0.015168180976086496,10538409.89811188,0.015168180976086496,12365934.633380393
2018-04-27,-0.0074640622895468245,10459750.550199596,-0.0074640622895468245,12273634.527008379
2018-04-30,-0.0014942865741073398,10444120.68538392,-0.0014942865741073398,12255294.199719172
2018-05-01,0.008376892680997339,10531609.963512765,0.008376892680997339,12357955.484004267
2018-05-02,-0.0015386256322759693,10515405.758473773,-0.0015386256322759693,12338941.216934051
2018-05-03,0.0055574995067455,10573845.12078972,0.0055574995067455,12407514.876660926
2018-05-04,0.004432282953438105,10620711.39427089,0.004432282953438105,12462508.493343279
2018-05-07,0.00122594199526459,10633731.77038871,0.00122594199526459,12477786.80587161
2018-05-08,0.010633833509228618,10746809.103616819,0.010633833509228618,12610473.513328897
2018-05-09,0.012416767579884923,10880249.73448182,0.012416767579884923,12767054.832016198
2018-05-10,0.015709687749025793,11051175.06044195,0.015709687749025793,12967621.276901862
2018-05-11,-0.015141012079175266,10883849.085362718,-0.015141012079175266,12771278.36651012
2018-05-14,-0.011336139599244253,10760468.25275394,-0.011336139599244253,12626501.372086551
2018-05-15,-0.00046763783740029203,10755436.250650804,-0.00046763783740029203,12620596.742290977
2018-05-16,0.01623516022271181,10930052.481445283,0.01623516022271181,12825494.152508305
2018-05-17,-0.004819624050998472,10877373.737627035,-0.004819624050998472,12763680.092424937
2018-05-18,-0.0008922052723364437,10867668.88742915,-0.0008922052723364437,12752292.26975206
2018-05-21,0.007418279511818327,10948288.29287799,0.007418279511818327,12846892.33822548
2018-05-22,0.002887560439936787,10979902.137037527,0.002887560439936787,12883988.516317466
2018-05-23,-0.016055072118749833,10803619.016370574,-0.016055072118749833,12677135.151510846
2018-05-24,-0.004416407689344771,10755905.830273923,-0.004416407689344771,12621147.75434885
2018-05-25,0.006353322837206753,10824241.572420249,0.006353322837206753,12701333.980608316
2018-05-29,-0.015906302468628397,10652067.91197583,-0.015906302468628397,12499302.720557692
2018-05-30,0.011883612567360011,10778652.96008296,0.011883612567360011,12647839.591450948
2018-05-31,-0.0047337532097185935,10727629.477036724,-0.0047337532097185935,12587967.840188911
2018-06-01,0.010857288299011513,10844102.443033885,0.010857288299011513,12724639.036128527
2018-06-04,0.014393794443802177,11000190.224526446,0.014393794443802177,12907794.874786142
2018-06-05,0.002794555069967375,11030930.861889001,0.002794555069967375,12943866.418395573
2018-06-06,0.011805304064064392,11161154.354823273,0.011805304064064392,13096672.697229365
2018-06-07,-0.015371908068174164,10989586.116146227,-0.015371908068174164,12895351.848528588
2018-06-08,0.011268475523850774,11113421.998313272,0.011268475523850774,13040662.805205176
2018-06-11,-0.00762949090395767,11028632.2462653,-0.00762949090395767,12941169.186951285
2018-06-12,0.006722652431091158,11102773.907647267,0.006722652431091158,13028168.169447105
2018-06-13,0.007850298034695257,11189933.991834138,0.007850298034695257,13130443.172423396
2018-06-14,-0.005470766919986647,11128716.471114779,-0.005470766919986647,13058609.578270938
2018-06-15,-0.006159755366950637,11060166.300104557,-0.006159755366950637,12978171.73783627
2018-06-18,-0.01062101301951197,10942696.129833179,-0.01062101301951197,12840330.40683925
2018-06-19,-0.007001032600507129,10866085.957490774,-0.007001032600507129,12750434.835059686
2018-06-20,0.006640128360172759,10938238.163021183,0.006640128360172759,12835099.359012498
2018-06-21,-0.006484900808441452,10867304.773514884,-0.006484900808441452,12751865.012802811
2018-06-22,-0.00035937177482880944,10863399.37091082,-0.00035937177482880944,12747282.352440784
2018-06-25,-0.017211432191992303,10676424.709263856,-0.017211432191992303,12527883.366599567
2018-06-26,0.0013849640831337994,10691211.17402247,0.0013849640831337994,12545234.0351
2018-06-27,-0.005778021078774276,10629437.130501343,-0.005778021078774276,12472747.408407034
2018-06-28,0.005546713023244077,10688395.567862848,0.005546713023244077,12541930.15889288
2018-06-29,0.00663180137070487,10759278.884240437,0.00663180137070487,12625105.74851191
2018-07-02,0.0022474797678401215,10783460.14584932,0.0022474797678401215,12653480.418248534
2018-07-03,0.005155856395845671,10839058.117811643,0.005155856395845671,12718719.946192669
2018-07-05,-0.01780358281051827,10646084.04902316,-0.01780358281051827,12492281.162386838
2018-07-06,0.010480319559705275,10757658.411916405,0.010480319559705275,12623204.260998337
2018-07-09,0.01427106789887329,10911181.68554575,0.01427106789887329,12803350.866108391
2018-07-10,-0.01197383021263727,10780533.04862379,-0.01197383021263727,12650045.716684788
2018-07-11,-0.016941725218212023,10597892.220008152,-0.016941725218212023,12435732.118154895
2018-07-12,0.01749601902682929,10783313.143933702,0.01749601902682929,12653307.923906684
2018-07-13,-0.0066753522104747495,10711330.730702102,-0.0066753522104747495,12568842.636887016
2018-07-16,-0.0004289728471802867,10706735.860661462,-0.0004289728471802867,12563450.944675311
2018-07-17,0.0019956217197869995,10728102.45529302,0.0019956217197869995,12588522.840255985
2018-07-18,0.0069158952976823285,10802296.888616636,0.0069158952976823285,12675583.74617168
2018-07-19,-0.013781448971858078,10653425.585267304,-0.013781448971858078,12500895.835585302
2018-07-20,0.023747697099601076,10906419.909139372,0.023747697099601076,12797763.323362445
2018-07-23,-0.0071414797471241135,10828531.932244623,-0.0071414797471241135,12706368.355780164
2018-07-24,0.01622739035569056,11004250.746888218,0.01622739035569056,12912559.555092605
2018-07-25,0.003160949149526726,11039034.623927774,0.003160949149526726,12953375.499236489
2018-07-26,-0.022680226896665823,10788666.813936943,-0.022680226896665823,12659590.003836092
2018-07-27,-0.005290524410220032,10731589.108804079,-0.005290524410220032,12592614.13389742
2018-07-30,-0.0072057355481846,10654260.11567426,-0.0072057355481846,12501875.086588223
2018-07-31,0.004162756537082468,10698611.20661856,0.004162756537082468,12553917.348830707
2018-08-01,-0.01581899802520482,10529369.897068627,-0.01581899802520482,12355326.95508097
2018-08-02,0.009420052876286576,10628557.118252994,0.009420052876286576,12471714.788301643
2018-08-03,0.009454765881975156,10729047.637469279,0.009454765881975156,12589631.931771804
2018-08-06,-0.007920875579854648,10644064.18604255,-0.007920875579854648,12489911.023644073
2018-08-07,0.009123394504087078,10741174.182738641,0.009123394504087078,12603861.409233725
2018-08-08,-0.007519351538201279,10660407.518125579,-0.007519351538201279,12509088.54455893
2018-08-09,0.0009051778432627831,10670057.082811138,0.0009051778432627831,12520411.494348876
2018-08-10,-0.0076356465144463365,10588584.298637826,-0.0076356465144463365,12424810.057962617
2018-08-13,0.00441646884933351,10635348.451351304,0.00441646884933351,12479683.844542496
2018-08-14,0.006253873402872723,10701860.574161492,0.006253873402872723,12557730.207414139
2018-08-15,-0.017384697060906673,10515811.970091635,-0.017384697060906673,12339417.87198565
2018-08-16,0.011787211323145197,10639764.068017565,0.011787211323145197,12484865.19804734
2018-08-17,0.008733118840381793,10732682.392057186,0.008733118840381793,12593897.009528035
2018-08-20,-0.0018145755259698416,10713207.129260551,-0.0018145755259698416,12571044.432237959
2018-08-21,0.005692315277349013,10774190.081871845,0.005692315277349013,12642602.78051182
2018-08-22,-0.0021371511508581744,10751164.009138808,-0.0021371511508581744,12615583.627429605
2018-08-23,-0.007462819385753072,10670930.013951996,-0.007462819385753072,12521435.805372234
2018-08-24,0.020649109414760634,10891275.215367345,0.020649109414760634,12779992.303347267
2018-08-27,-0.006811435713921698,10817089.994395241,-0.006811435713921698,12692942.207348604
2018-08-28,-0.001908140811890091,10796449.463511048,-0.001908140811890091,12668722.286299799
2018-08-29,0.005085403278733247,10851353.763011467,0.005085403278733247,12733147.84815191
2018-08-30,-0.005806677896406342,10788343.446969701,-0.005806677896406342,12659210.559990373
2018-08-31,0.01271714526046317,10925540.377704581,0.01271714526046317,12820199.579564556
2018-09-04,-0.012857632563004739,10785063.793975784,-0.012857632563004739,12655362.163986128
2018-09-05,0.009380446132778253,10886232.50393375,0.009380446132778253,12774075.1070562
2018-09-06,-0.007159527826301071,10808292.219398255,-0.007159527826301071,12682618.760871971
2018-09-07,-0.00240599484872277,10782287.523994893,-0.00240599484872277,12652104.445464998
2018-09-10,0.004989377245186566,10836084.424018173,0.004989377245186566,12715230.567488924
2018-09-11,0.01036102608037812,10948357.377344605,0.01036102608037812,12846973.4030167
2018-09-12,0.012959060161085778,11090237.799262682,0.012959060161085778,13013458.104234263
2018-09-13,0.0022496414543809575,11115186.857954845,0.0022496414543809575,13042733.719050396
2018-09-14,-0.01638446560558544,10933070.461181028,-0.01638446560558544,12829035.497027805
2018-09-17,0.007490705868349611,11014966.876243675,0.007490705868349611,12925134.028510656
2018-09-18,0.014347359352927679,11173002.564277738,0.014347359352927679,13110575.571102453
2018-09-19,-0.0005818236950174364,11166501.84664135,-0.0005818236950174364,13102947.527579868
2018-09-20,0.005245279943518089,11225073.274816794,0.005245279943518089,13171676.155447254
2018-09-21,-0.00873124595162824,11127064.39922932,-0.00873124595162824,13056671.011338847
2018-09-24,-0.005813031471482565,11062382.423691386,-0.005813031471482565,12980772.17183714
2018-09-25,0.007845153828051666,11149168.51550998,0.007845153828051666,13082608.326332096
2018-09-26,-0.008438675100211956,11055084.30477008,-0.008438675100211956,12972208.445202854
2018-09-27,-0.007286131305464539,10974535.508932546,-0.007286131305464539,12877691.231149249
2018-09-28,-0.002559999916860056,10946440.6989421,-0.002559999916860056,12844724.342668157
2018-10-01,-0.00395574130875821,10903139.411285425,-0.00395574130875821,12793913.935986253
2018-10-02,0.0030069548067232607,10935924.658746565,0.0030069548067232607,12832384.65699287
2018-10-03,0.007382120363182553,11016654.97086013,0.007382120363182553,12927114.865077449
2018-10-04,-0.014203863882595947,10860175.903212508,-0.014203863882595947,12743499.885139206
2018-10-05,0.005238608310421843,10917068.11095172,0.005238608310421843,12810258.089541357
2018-10-08,0.004157764800595342,10962458.712469136,0.004157764800595342,12863520.129712593
2018-10-09,0.005273185785449563,11020265.793925306,0.005273185785449563,12931351.861211438
2018-10-10,-0.02524082543073501,10742105.188820537,-0.02524082543073501,12604953.86629919
2018-10-11,0.00784967665907783,10826427.24119058,0.00784967665907783,12703898.678452231
2018-10-12,0.010161417025908559,10936439.083288975,0.010161417025908559,12832988.290778873
2018-10-15,-0.012872351944304528,10795661.390391434,-0.012872351944304528,12667797.549002828
2018-10-16,0.008861595999543448,10891328.180180952,0.008861595999543448,12780054.453086099
2018-10-17,-0.013351610331731722,10745911.410324167,-0.013351610331731722,12609420.14601018
2018-10-18,-0.009093367720114475,10648194.886382315,-0.009093367720114475,12494758.051885089
2018-10-19,0.007236239350230112,10725247.773228075,0.007236239350230112,12585173.111771744
2018-10-22,0.0057082369170830425,10786470.02851208,0.0057082369170830425,12657012.26153624
2018-10-23,-0.0005168095682908213,10780895.477593262,-0.0005168095682908213,12650470.996493503
2018-10-24,-0.020087617644022494,10564332.971379198,-0.020087617644022494,12396353.172099145
2018-10-25,0.02706004086761491,10850204.253323812,0.02706004086761491,12731798.995545538
2018-10-26,-0.013818517648532069,10700270.514359081,-0.013818517648532069,12555864.40642803
2018-10-29,-0.021929266810455872,10465621.427305646,-0.021929266810455872,12280523.505823564
2018-10-30,0.014112977816533466,10613322.510345448,0.014112977816533466,12453838.261636669
2018-10-31,0.007698422173596019,10695028.347694617,0.007698422173596019,12549713.166256433
2018-11-01,0.02673198802425314,10980927.717404239,0.02673198802425314,12885191.948324613
2018-11-02,-0.0002386300701324286,10978307.337852916,-0.0002386300701324286,12882117.154066313
2018-11-05,-0.0112012585337657,10855336.479098488,-0.0112012585337657,12737821.229361357
2018-11-06,-0.0073037977850084704,10776051.296566926,-0.0073037977850084704,12644786.758880513
2018-11-07,0.012474592396835902,10910478.144138994,0.012474592396835902,12802525.319642454
2018-11-08,-0.010098193263554565,10800302.02724169,-0.010098193263554565,12673242.944703156
2018-11-09,-0.013154792415070005,10658226.296053266,-0.013154792415070005,12506529.064539835
2018-11-12,-0.006526960532375691,10588660.473673796,-0.006526960532375691,12424899.442938576
2018-11-13,0.003268435255912805,10623268.824878844,0.003268435255912805,12465509.422329048
2018-11-14,0.01238370872192177,10754824.291680818,0.01238370872192177,12619878.660085544
2018-11-15,0.002636841988042504,10783183.063947141,0.002636841988042504,12653155.28602046
2018-11-16,-0.006059662528073861,10717840.61360118,-0.006059662528073861,12576481.43507186
2018-11-19,-0.015570862693964349,10550954.589031002,-0.015570862693964349,12380654.769473165
2018-11-20,-0.015814229921573095,10384099.367267987,-0.015814229921573095,12184864.248369096
2018-11-21,0.013111581951607198,10520251.337115554,0.013111581951607198,12344627.094530795
2018-11-23,-0.0128777583295271,10384774.082830295,-0.0128777583295271,12185655.970139295
2018-11-26,0.013567852179026427,10525673.162498722,0.013567852179026427,12350989.149046615
2018-11-27,0.0008154609947045861,10534256.438405748,0.0008154609947045861,12361060.898943681
2018-11-28,0.018348985290074893,10727549.354835933,0.018348985290074893,12587873.82354812
2018-11-29,-0.0027371169689430095,10698186.797461638,-0.0027371169689430095,12553419.340502772
2018-11-30,-0.006685760991153021,10626661.2774951,-0.006685760991153021,12469490.179170452
2018-12-03,0.016491462202575,10801910.460292477,0.016491462202575,12675130.305145621
2018-12-04,-0.02578084318014673,10523428.10066969,-0.02578084318014673,12348354.758460736
2018-12-06,0.005651615284156408,10582902.467765154,0.005651615284156408,12418142.908947838
2018-12-07,-0.007703423519104691,10501377.88799458,-0.007703423519104691,12322480.694799447
2018-12-10,-0.0058645189856578635,10439792.357994867,-0.0058645189856578635,12250215.272814393
2018-12-11,0.008290682794456727,10526345.364874996,0.008290682794456727,12351777.921805104
2018-12-12,0.015601954223153648,10690576.923394881,0.015601954223153648,12544489.795515668
2018-12-13,-0.005564259746667621,10631091.77655138,-0.005564259746667621,12474688.995903997
2018-12-14,-0.004748525802889791,10580609.762937536,-0.004748525802889791,12415452.613323923
2018-12-17,-0.010389989030870116,10470677.3435607,-0.010389989030870116,12286456.1968582
2018-12-18,-0.0031861266534160436,10437316.439397061,-0.0031861266534160436,12247309.991293363
2018-12-19,-0.006951704165994087,10364759.303223507,-0.006951704165994087,12162170.315404668
2018-12-20,-0.0032596893417304314,10330973.407793188,-0.0032596893417304314,12122525.418455234
2018-12-21,-0.01267111573939731,10200068.448042406,-0.01267111573939731,11968919.495824201
2018-12-24,-0.007234173024029367,10126279.388032325,-0.007234173024029367,11882334.261280732
2018-12-26,0.027405048391527995,10403790.564687483,0.027405048391527995,12207970.206715442
2018-12-27,0.0016457442150756175,10420912.542824177,0.0016457442150756175,12228061.40306096
2018-12-28,0.0021641716155712753,10443465.185957707,0.0021641716155712753,12254525.026462927
2018-12-31,-0.006213920614127799,10378570.322355758,-0.006213920614127799,12178376.380784644
2019-01-02,0.0,10378570.322355758,-0.00012012290926521896,12176913.478783658
2019-01-03,-0.0009,10369229.609065637,-0.010767254636331247,12045801.550673021
2019-01-04,0.01753736373620582,10551078.560384056,0.02670940501711156,12367537.743045695
2019-01-07,-0.013898098552667748,10404438.630714899,-0.012998098552667746,12206783.26860775
2019-01-08,0.0023969389729807614,10429377.435160846,0.0075339035178136225,12298747.996016303
2019-01-09,0.0032794292923520986,10463579.841022708,0.007149606001317732,12386679.198497314
2019-01-10,-0.0058911763840424295,10401937.046570733,-0.003967877377728846,12337530.374320414
2019-01-11,0.0006267214151817301,10408456.16327719,0.0006711221195211281,12345810.363854883
2019-01-14,-0.006778850390291124,10337898.796152432,-0.0056304290973187565,12276298.153952254
2019-01-15,0.006967199973833904,10409925.004374484,0.0074365073461786215,12367590.935357999
2019-01-16,0.005001909577203811,10461994.507951837,0.008816671334608972,12476631.919835938
2019-01-17,-0.001400430177524464,10447343.215125807,-0.002595274054580143,12444251.640725844
2019-01-18,0.003199891837843433,10480773.583407037,0.008888729994291621,12554865.233541276
2019-01-22,-0.011328434028870564,10362042.831295881,-0.014967132541310622,12366954.901552571
2019-01-23,0.0011045321243128513,10373488.040476553,0.003523909428809757,12410534.930535818
2019-01-24,0.0007751753761064687,10381529.312969865,-0.0010036722512092753,12398078.821003376
2019-01-25,0.01273236783530076,10513710.762875557,0.014341604142496255,12575887.15958167
2019-01-28,-0.01049066872667293,10403414.906174174,-0.01264416538466443,12416875.562477043
2019-01-29,-0.002705006088088418,10375273.605516063,0.0026078374286017557,12449256.75531516
2019-01-30,0.010324699674676436,10482395.189535612,0.013671273626014679,12619453.950857587
2019-01-31,0.00293794327950756,10513191.87203585,0.003565014852685955,12664442.49162518
2019-02-01,-0.007102638623613655,10438520.469388066,-0.01923007133856487,12420904.359048074
2019-02-04,0.004658770409966712,10487151.139674684,0.015338505472270735,12611422.468529886
2019-02-05,0.0027122264251305764,10515594.668120047,0.0023756649341730605,12641382.982658414
2019-02-06,-0.001849112232226518,10496150.15339009,-0.0048326205825523945,12580291.97506449
2019-02-07,-0.00032560646711072855,10492732.539020382,0.0006157237518050526,12588037.959638178
2019-02-08,0.001692490839092631,10510491.392719723,-0.0012123878413891507,12572776.375468967
2019-02-11,-0.0037481449724390097,10471096.547248237,-0.005805517801597392,12499784.898405679
2019-02-12,0.006195145915235311,10535966.518250959,0.008582800460454386,12607068.057987297
2019-02-13,-0.0005156812497463248,10530533.317869542,-0.0035148388482186266,12562756.245414946
2019-02-14,0.0018706427974841677,10550232.184174282,0.004249923259838839,12616146.995390018
2019-02-15,0.0016251030040427493,10567377.398190131,0.007321565723953416,12708516.944799824
2019-02-19,-0.0009914546249826905,10556900.322994757,0.006029022308381005,12785136.876966458
2019-02-20,-0.002459468326951475,10530935.96101957,-0.0014194031135392527,12766989.613876266
2019-02-21,-0.002642242619742901,10503110.67319758,-0.0036322284253345605,12720616.991294796
2019-02-22,0.00743624005398526,10581214.325477052,0.013063568365000177,12886793.641005559
2019-02-25,-0.0008301234515490415,10572430.611319607,-0.0023775940225093327,12856154.077475393
2019-02-26,-0.00017179266127946845,10570614.345328698,-0.002702184364863125,12821414.378934968
2019-02-27,-0.0005508119177016435,10564791.924969861,-0.007027472358895803,12731312.243785053
2019-02-28,-0.0023912840510106055,10539528.506537434,-0.009216884821758087,12613969.205204247
2019-03-01,0.00587228837733601,10601419.657288978,0.006772288377336011,12699394.642244726
2019-03-04,0.0018832498334563352,10621384.779092968,0.003133671019318784,12739190.36719802
2019-03-05,-4.427309006796405e-05,10620914.537567997,0.00378000590396903,12787344.581997816
2019-03-06,-0.005629908798790244,10561119.757361745,-0.006873980994994499,12699444.618364718
2019-03-07,-0.003004628573370832,10529387.515171986,-0.005219188420161824,12633163.824070062
2019-03-08,0.004696531839594953,10578839.118888427,0.008037626217097004,12734704.472827287
2019-03-11,-0.004259830278194055,10533775.05970164,-0.006774265886384556,12648436.198743824
2019-03-12,0.01828311873332078,10726365.319828257,0.02718277397093922,12992255.781020124
2019-03-13,-0.002418904768980723,10700419.263602294,-0.006412925354904309,12908937.414504617
2019-03-14,-0.002182724379278383,10677063.19760713,-0.0004926800670893351,12902577.438353186
2019-03-15,0.0036935317882699163,10716499.269932857,0.011823874841674286,13055135.899119286
2019-03-18,-0.0004782334964033796,10711374.281017793,-3.620197362742551e-05,13054663.277433762
2019-03-19,-0.010528156074698125,10598603.260812731,-0.018633664218803792,12811407.065432513
2019-03-20,0.012579698133134243,10731930.490466608,0.015208246929104541,13006246.107592886
2019-03-21,-0.0020253719426347352,10710194.33956091,-0.006244425671789256,12925029.570505025
2019-03-22,-0.008248899866336923,10621847.018904865,-0.01634690458160023,12713745.345401617
2019-03-25,0.009566067959360474,10723456.329341639,0.01650681206538962,12923608.750465386
2019-03-26,0.0032883893835309094,10758719.229289804,0.0032883893835309094,12966106.608277323
2019-03-27,-0.002507053426163797,10731746.54538488,-0.002507053426163797,12933599.886281038
2019-03-28,0.004834219735943002,10783626.166335719,0.004834219735943002,12996123.75010809
2019-03-29,0.012662107975579628,10920169.605222145,0.012662107975579628,13160682.07229595
2019-04-01,0.007133171286057022,10998065.045488987,0.0075831712860570215,13260481.778691512
2019-04-02,-0.014998515169403787,10833110.40007013,-0.021482516093404354,12975613.265474474
2019-04-03,0.0038005977074705654,10874282.694621416,0.015555642693710237,13177457.269163964
2019-04-04,-0.002743616163225826,10844447.836856965,-0.00876078736106075,13062012.368069353
2019-04-05,0.00046630887277694373,10849504.699103659,-0.003067223139594144,13021948.261484345
2019-04-08,0.00040412448824477844,10853889.24963789,0.006126868597832957,13101732.027370239
2019-04-09,-0.0015718655427584994,10836828.39512147,-0.0014182028464682528,13083151.113715358
2019-04-10,0.0009781712105549959,10847428.668671302,0.0019466926726928622,13108619.988124162
2019-04-11,-0.001748139323959863,10828465.852051748,-0.009995470236098725,12977593.167196536
2019-04-12,0.0019798989786829367,10849905.120532928,0.010975150267423527,13120024.20231601
2019-04-15,-0.00121814474578551,10836688.36561808,-0.006521647922582707,13034460.02373274
2019-04-16,0.0010742403375628262,10848329.573386025,0.00198207104893886,13060295.249584332
2019-04-17,0.0015831598461887974,10865504.213164832,0.0058291453155746575,13136425.608458469
2019-04-18,0.00040739796015236694,10869930.797417302,-0.0039770077886957305,13084181.941498008
2019-04-22,0.0009530888665297832,10880290.80744027,-0.0033434032453200863,13040436.245132444
2019-04-23,0.004774359305429976,10932237.225102555,0.0032333451243113267,13082600.476084538
2019-04-24,0.00047696549063802607,10937451.524994398,0.0010792417155993106,13096719.764266849
2019-04-25,0.0036141353079378823,10976980.95472974,0.0012595716697225484,13113216.021448215
2019-04-26,0.0010622499129789408,10988641.251793673,0.007032916119263754,13205440.169780847
2019-04-29,0.00031060988238124684,10992054.432360424,-0.0006900298534463391,13196328.021835798
2019-04-30,0.0007684115553714681,11000500.85400352,0.003086941891092587,13237064.319615005
2019-05-01,-0.0011728027836629628,10987599.43598026,-0.016990599096679923,13012158.666543461
2019-05-02,-0.0013641377558378295,10972610.836743617,-0.0011954964668771772,12996602.676831162
2019-05-03,0.011663344018549914,11100588.171714226,0.014314538678782362,13182643.048541429
2019-05-06,-0.0038054258278948927,11058345.70678076,-0.00803023476909308,13076783.32998449
2019-05-07,-0.010096499243324026,10946695.127719833,-0.014499655329640315,12887174.478879327
2019-05-08,0.0015777993523577115,10963966.816202806,0.004331638146784345,12942997.055456307
2019-05-09,-0.0018329115151366148,10943870.835173812,-0.003153647013638605,12902179.411444834
2019-05-10,0.00023956875999968136,10946492.644739391,0.0015316669621236012,12921941.253388736
2019-05-13,-0.01673531923755243,10763299.595798159,-0.02192045207484494,12638686.459429866
2019-05-14,0.005833301394162289,10826085.166336115,0.014296159609492421,12819371.138308207
2019-05-15,0.0034749048199442132,10863704.781861743,0.005701347546656032,12892458.828497274
2019-05-16,0.0006212582020934778,10870453.947562598,0.0006790229556051021,12901213.103996016
2019-05-17,-0.0038015566533608266,10829129.30103319,-0.0045763613489218195,12842172.490992686
2019-05-20,-0.004795684919655646,10777196.208951224,-0.0033022905018328056,12799763.906752782
2019-05-21,0.002032058885061633,10799096.106263675,0.0013533887728731653,12817086.963519609
2019-05-22,-0.0036103831573580433,10760107.231566928,-0.008375097117893436,12709742.615431646
2019-05-23,-0.006035554666268366,10695164.016155899,-0.003734964090936266,12662272.183157966
2019-05-24,-0.0010786590572632478,10683627.580620956,0.00048029437351820837,12668353.801243493
2019-05-28,-0.005544098554238119,10624396.496397218,-0.005593267785187694,12597496.306035638
2019-05-29,0.008001480868414412,10709407.401701586,0.00851121443093774,12704716.298389254
2019-05-30,0.00018844787058132083,10711425.566721626,-0.003130714121430544,12664941.463665118
2019-05-31,-0.0016010616608373995,10694275.913913835,-0.0009692509233866887,12652665.957456822
2019-06-03,0.002290091242010261,10718766.781523932,0.005030873876745911,12716319.924093384
2019-06-04,0.006948526581573366,10793246.417427035,0.005366350853120238,12784560.158366594
2019-06-05,-0.008859525257032652,10697623.378186462,-0.017965465207988383,12554879.587642025
2019-06-06,-0.0007265627025786755,10689850.884033639,0.0017908329541932218,12577363.2797435
2019-06-07,0.004332695559667831,10736166.753492402,0.004332695559667831,12631857.165777976
2019-06-10,0.0107076271912331,10851125.624551712,0.011157627191233099,12772798.718766632
2019-06-11,0.01203792672823294,10981750.679738915,0.016172041531291103,12979360.950117346
2019-06-12,-0.010761870354218033,10863566.502661219,-0.016315117735074658,12767601.14809015
2019-06-13,0.0028390903681564383,10894409.14968275,0.006821473416630286,12854694.999915985
2019-06-14,-0.0015453363358678023,10877573.623365935,-0.008214050042709229,12749105.891902912
2019-06-17,0.0044424033083900255,10925896.192417633,0.008961268869216976,12863354.05764237
2019-06-18,0.004359431973582816,10973526.893618906,0.01378838576298582,13040718.945595013
2019-06-19,-0.0006254263587881392,10966663.760650765,-0.0046962831581332295,12979476.036840867
2019-06-20,0.0004069462229650604,10971126.603046691,0.004242019246581607,13034535.22399969
2019-06-21,-0.009919978331141782,10862293.264876256,-0.012144734321986705,12876234.256693637
2019-06-24,0.005319962721384485,10920080.260114143,0.005319962721384485,12944735.342931062
2019-06-25,-0.007385759399329805,10839427.174691567,-0.007385759399329805,12849128.642200172
2019-06-26,0.000948183967677374,10849704.945757415,0.000948183967677374,12861311.979977328
2019-06-27,-0.0026683881337837057,10820753.7218251,-0.0026683881337837057,12826993.007705068
2019-06-28,0.002914928495591784,10852295.44519263,0.002914928495591784,12864382.775135985
2019-07-01,-0.0038073711437215827,10810976.728671461,-0.0038073711437215827,12815403.295376144
2019-07-02,0.0004889909028208129,10816263.19794239,0.000938990902820813,12827436.842486482
2019-07-03,0.0036564778299935426,10855812.62452904,0.003620402768397901,12873877.33034247
2019-07-05,-0.0032280335324262666,10820769.697355324,-0.004383394973893562,12817446.041158123
2019-07-08,0.001701795214548263,10839184.431444012,0.003103573738320764,12857225.930083804
2019-07-09,0.0012890824060421081,10853157.03339043,0.0013426884873879664,12874489.179319875
2019-07-10,0.010438296569377758,10966445.505218986,0.013240911205835391,13044959.147363737
2019-07-11,-0.0031236971272278363,10932189.650898434,-0.0012070111486949143,13029213.736238599
2019-07-12,-0.0005263635046526604,10926435.34524026,-0.004097083985781591,12975831.95329253
2019-07-15,2.473258305639198e-05,10926705.584209945,0.0019439484633448022,13001056.301878752
2019-07-16,-0.003090881825761704,10892932.428504262,-0.005083001680757559,12934971.91084468
2019-07-17,0.0021075414781132947,10915889.73541562,0.0015691925238798584,12955269.372063773
2019-07-18,0.0013960267742510355,10931128.609751033,0.0017636901593717446,12978118.453167293
2019-07-19,0.001546149208317138,10948029.765597012,-0.001329381012861874,12960865.58891298
2019-07-22,0.004016017766589264,10991997.247644799,0.004236851281763853,13015778.848896137
2019-07-23,0.000794833149831448,11000734.051440082,-0.0010142233185685525,13002577.942478253
2019-07-24,0.002575559873768846,11029067.100644974,0.0048974967741313045,13066258.026006931
2019-07-25,-0.0034599191885057888,10990907.419752134,-0.004961201472877342,13001433.68744331
2019-07-26,0.005794352267255221,11054592.609078966,0.010291811518265859,13135241.99242171
2019-07-29,0.0007149186341674828,11062495.743328327,-0.0019223844644702284,13109991.007278424
2019-07-30,-0.004809661092075778,11009288.887970386,-0.005055433983380774,13043714.313218411
2019-07-31,-0.003552794910099482,10970175.14244539,-0.004722691464577455,12982112.874964986
2019-08-01,0.0004601440762039166,10975223.003552105,-0.003802894631625508,12932743.267605625
2019-08-02,-0.0032033911009485606,10940065.071851602,-0.0125922425811811,12769891.027139798
2019-08-05,-0.008137822567810366,10851036.763416573,-0.013798730850898598,12593682.737860989
2019-08-06,0.012309223873771157,10984604.60419999,0.016825833082780937,12805581.941505738
2019-08-07,-0.0011608427604763438,10971853.20546851,-0.0013099838740225356,12788806.835664893
2019-08-08,0.01205806219950129,11104152.493863845,0.013676303270381274,12963710.43641577
2019-08-09,-0.008734481716579524,11007163.476928081,-0.008734481716579524,12850479.144629866
2019-08-12,-0.012011516924877884,10874950.746530062,-0.012011516924877884,12696125.396891354
2019-08-13,0.02226253285966255,11117054.694871899,0.02226253285966255,12978773.305730045
2019-08-14,-0.03221295264096422,10758941.538478982,-0.03176295264096422,12566529.14388233
2019-08-15,0.00535479420366542,10816553.456266802,0.00869512464672435,12675796.68116508
2019-08-16,0.005540795028184526,10876485.761879377,0.005990795028184526,12751734.780900883
2019-08-19,0.0009215123080690058,10886508.577377487,0.0009290229455940492,12763581.435108468
2019-08-20,0.0014642142434736273,10902448.75829818,0.0008341870966585674,12774228.650048787
2019-08-21,-0.0008897629855060042,10892748.16294167,-0.002022103828390842,12748397.833390784
2019-08-22,-0.0038508308319602216,10850802.032471037,-0.004668556634214893,12688881.216110097
2019-08-23,-0.015207886196969125,10685784.270015376,-0.014757886196969126,12501620.151155885
2019-08-26,-0.008434520726321991,10595654.801112924,-0.012928446140256032,12339993.628365729
2019-08-27,0.015768497239934627,10762732.35459957,0.02514633530408237,12650299.245794853
2019-08-28,0.00231884511472798,10787689.463941159,0.00276884511472798,12685325.96506142
2019-08-29,0.008640774259311378,10880903.453378625,0.009582997838791284,12806889.416368967
2019-08-30,0.004077926939749488,10925274.98269997,0.0008766314216963394,12818116.338045547
2019-09-03,-0.004025092215749159,10881299.743412185,-0.0049493634438979575,12754674.821622394
2019-09-04,0.005841135191993096,10944858.886278056,0.012889583386877112,12919077.2663082
2019-09-05,0.011101231074312866,11066360.293850375,0.015288578909984517,13116591.59853834
2019-09-06,-0.004291186002024783,11018872.483464042,-0.008901578450614567,12999833.229419278
2019-09-09,-0.0014358446274813975,11003051.09460776,-0.002401160796408397,12968618.53950895
2019-09-10,0.0020674634885161857,11025799.50100814,0.002619054980307345,13002584.064482557
2019-09-11,0.003597562737881827,11065465.506448325,0.0022322237650139855,13031608.741637887
2019-09-12,0.0027187681608819903,11095549.941752594,0.013784216940330274,13211239.26361413
2019-09-13,-0.004027742059236161,11050859.928581841,0.0005793960452955215,13218893.80339692
2019-09-16,-0.0020183617925348283,11028555.295127338,-0.010375304386952767,13081743.756527873
2019-09-17,0.002633464964605481,11057598.609107269,0.0029296301518126674,13120068.427475285
2019-09-18,0.002240715063026144,11082375.536871592,0.004685687725551691,13181544.971064303
2019-09-19,0.0007086128323335883,11090228.650389759,0.0002882390418690872,13185344.406957116
2019-09-20,-0.003586341983747448,11050455.297771508,-0.005344376409044071,13114876.963363454
2019-09-23,0.002873248333017004,11082206.000034908,0.0006315409721015519,13123159.545509888
2019-09-24,-0.0025561363583411593,11053878.370347591,-0.0017583680545735112,13100084.200989991
2019-09-25,0.005828055508007868,11118300.987068746,0.004900098281806253,13164275.90107478
2019-09-26,-0.002186543621483477,11093990.336963737,0.0012565465353903127,13180817.426349198
2019-09-27,-0.0039182258176732815,11050521.577604428,0.0010730544935765199,13194961.161717553
2019-09-30,0.0025592837893725793,11078802.998342102,-0.0026424380286066084,13160094.294557843
2019-10-01,-0.0013853115794169812,11063455.40426242,-0.0015995865659805375,13139043.58451723
2019-10-02,-0.004842791366972498,11009877.397941772,-0.005062223037391811,13072530.815394392
2019-10-03,0.0013091601173249145,11024291.090327796,-0.0007471128186974487,13062764.160049394
2019-10-04,0.0010524622295855046,11035893.740308322,-0.0009918876094706542,13049807.366133604
2019-10-07,-0.0020359577234334843,11013425.12721275,-0.00443334748389782,12991953.035481606
2019-10-08,-0.002410558816677049,10986876.618170535,-0.005113152345266724,12925523.200348636
2019-10-09,0.0049098422233992915,11040820.44889371,0.013333098212149095,13097860.470622297
2019-10-10,0.006037081675345685,11107474.783706509,0.009506511939136741,13222375.437563414
2019-10-11,0.0018150547878053257,11127635.458993101,0.007533042305890847,13321980.15111895
2019-10-14,-0.0035763705554030744,11087838.9111863,-0.011321384305035787,13171156.894124074
2019-10-15,0.005073090246303109,11144088.518619223,0.007274962229417769,13266976.563046562
2019-10-16,-0.0008711274037037804,11134380.597721351,-0.002731969808163981,13230731.5836307
2019-10-17,0.0012635050639582034,11148448.94399061,0.007788357332557672,13333777.24897517
2019-10-18,-0.005120190519908185,11091366.761395909,-0.005317685225687452,13262872.418695688
2019-10-21,0.0022889470211137296,11116754.312304486,-0.01284054124255146,13092569.958408728
2019-10-22,0.004043451714703883,11161704.371590516,0.01311910205313096,13264332.719830848
2019-10-23,-2.6958288849610045e-05,11161403.471140012,-0.000803993277790749,13253668.285489723
2019-10-24,0.003604384962259899,11201633.465969106,0.009418688789401664,13378500.462388713
2019-10-25,0.0012493720191904594,11215628.473390713,-0.0021648725338662463,13349537.714193372
2019-10-28,0.006044951085820477,11283426.398909096,0.009896861407163815,13481656.238800447
2019-10-29,-0.003957094132754468,11238776.818508605,-0.012350256375227287,13315154.32788858
2019-10-30,0.0027037159868012533,11269163.279064897,-0.004586810499555671,13254080.238214217
2019-10-31,0.005020869945932239,11325744.282288557,0.009332793210600588,13377777.828274177
2019-11-01,0.010369325061252831,11443184.606312234,0.01358991031895418,13559580.629227316
2019-11-04,-0.0004621487645367849,11437896.152684059,2.6415399807922023e-05,13559938.810970867
2019-11-05,-0.00920782876198557,11332577.96351277,-0.005258161800130067,13488638.458702918
2019-11-06,-0.0009049816016386989,11322322.188956657,-0.0020486899055406566,13461004.421253085
2019-11-07,-0.002205714126021507,11297348.382965108,-0.00021575716855806162,13458100.113053208
2019-11-08,0.0006046931256272535,11304179.811870104,-0.0012304076391684848,13441541.163865414
2019-11-11,-0.0029282598470272586,11271078.236023428,-0.003755692744199423,13391058.865245426
2019-11-12,-0.0032116775997393376,11234879.166527882,0.0011657353229295505,13406669.295576073
2019-11-13,0.010822568372325625,11356469.414462447,0.016633237488309405,13629665.609896615
2019-11-14,0.004606286076796517,11408780.561407851,0.008987697568372921,13752164.922356417
2019-11-15,0.04019980643200009,11867411.331601614,0.045648750240516865,14379934.064163465
2019-11-18,-0.03353776103320164,11469404.92627965,-0.03353776103320164,13897663.271846354
2019-11-19,0.0013957069739006182,11485412.854721747,0.001845706973900618,13923314.285868125
2019-11-20,0.006338702247495859,11558215.46699739,0.01164390833321991,14085436.081107384
2019-11-21,-0.004526543625298618,11505896.700455425,-0.004526543625298618,14021677.740204897
2019-11-22,0.0034645416576412845,11545759.35888267,0.0034645416576412845,14070256.426845858
2019-11-25,0.007311029080181747,11630170.74130824,0.007761029080181747,14179456.09614022
2019-11-26,0.014372893757845827,11797329.949758671,0.02840663866158792,14582246.781881128
2019-11-27,-0.02536018314064232,11498147.501662206,-0.03568816411123642,14061833.165618805
2019-11-29,0.016773752654823587,11691014.583843764,0.023606487016550257,14393783.64767188
2019-12-02,0.029827985430789877,12039733.996521808,0.030277985430789876,14829598.419250032
2019-12-03,-0.03891054316571332,11571261.40714644,-0.060652426337312146,13930147.293514548
2019-12-04,0.01168373430184546,11706456.950964736,0.014853255921890728,14137055.336294753
2019-12-05,-0.0006594785670157858,11698736.793509884,-0.005299289275094354,14062138.99056971
2019-12-06,0.008560848716069679,11798887.909368241,0.008560848716069679,14182522.835092323
2019-12-09,-0.006597825900930348,11721040.901117636,-0.0061478259009303485,14095331.15386621
2019-12-10,-0.0009384551595402746,11710041.2298088,0.0004286944458927965,14101373.744044892
2019-12-11,0.006971221391188104,11791674.519721737,0.010715038264858335,14252470.503299402
2019-12-12,-0.0031981632806934003,11753962.819254875,-0.0031981632806934003,14206888.775476582
2019-12-13,-0.0007313115019416498,11745367.01105176,-0.00028131150194165037,14202892.214257235
2019-12-16,0.0006989765996325726,11753576.747746581,0.0017016301169366145,14227060.28339662
2019-12-17,-0.004482563495303671,11700890.593677884,-0.00596108822184338,14142251.521909807
2019-12-18,-0.00436274961937021,11649842.537694024,-0.005521173250748645,14064169.701101681
2019-12-19,-0.0022720819530292593,11623373.140708497,-0.003296431310659898,14017808.131740535
2019-12-20,0.00544172203355262,11686624.306432493,0.00426651565195274,14077615.329540676
2019-12-23,-0.00033971062887889754,11682654.235939885,0.0012096623464328937,14094644.490732387
2019-12-24,-0.0025916564488363434,11652376.809749788,-0.0020613067884164503,14065591.104363324
2019-12-26,0.002562082202089666,11682231.156986091,0.0047024522604361295,14131733.875046408
2019-12-27,-0.005298440700371132,11620333.547952773,-0.009837983986026056,13992706.103488918
2019-12-30,-0.003679987183924427,11577570.86942338,-0.0032562676862578745,13947142.106760824
2019-12-31,-0.01039503959941903,11457221.561770642,-0.01921303131900469,13679175.22865302
2020-01-02,0.0,11457221.561770642,0.024545203626553415,14014933.370083613
2020-01-03,-0.0009,11446910.06236505,0.002067063511041245,14043903.127462585
2020-01-06,0.01240740986694746,11588936.5672189,0.018563296249523086,14304604.261717275
2020-01-07,0.010965892990786074,11716019.60549203,0.015763498893680117,14530094.875171386
2020-01-08,0.00047389256142547074,11721571.740032585,3.767908377418913e-05,14530642.355833434
2020-01-09,-0.008396572525460722,11623150.712805012,-0.01395263614928096,14327901.59002716
2020-01-10,0.011037927352503618,11751446.205980156,0.016504035329235743,14564369.78406278
2020-01-13,0.006382608347299112,11826451.08462728,0.013676013252339157,14763552.298241593
2020-01-14,-0.0025290719599376727,11796541.138803575,-0.0006464310130746332,14754008.68017286
2020-01-15,-0.0018539720943267833,11774670.680722656,-0.011191135580294463,14588894.568680204
2020-01-16,0.005040497240860397,11834020.87580088,0.008804859159203237,14717347.730645897
2020-01-17,0.0021849988302824696,11859878.197572043,0.0037472647057863904,14772497.528359732
2020-01-21,-0.002335173405189916,11832183.325416278,-0.025456767461586382,14396437.493953418
2020-01-22,0.0021583754234947737,11857721.619112143,0.003066968115127899,14440590.908718804
2020-01-23,-0.0003953987761585509,11853033.090495916,-0.010809777527128948,14284491.333635272
2020-01-24,-0.0003637199032961558,11848721.906446476,3.158609798704611e-05,14284942.524978232
2020-01-27,-0.006533124929439043,11771312.72597748,-0.025400820452152015,13922093.26473195
2020-01-28,0.015349528927479782,11951996.831179284,0.017692828081410303,14168414.467398213
2020-01-29,-0.006111719975217011,11878949.573402435,-0.008725238843082449,14044791.66714238
2020-01-30,0.007488606824358257,11967906.356244024,0.008134331296206332,14159036.655549113
2020-01-31,-0.0029424635061540807,11932691.228545707,-0.005386997103146163,14082761.96610233
2020-02-03,0.010932667517823158,12063147.374340242,0.011489701115318928,14244568.691971028
2020-02-04,0.003895717657935549,12110141.990576737,0.003592785066135151,14295746.36564108
2020-02-05,0.00039945082184603673,12114979.396747548,0.0030306310482290377,14339071.498434398
2020-02-06,-0.0028277494527777216,12080721.27038798,-0.003380717452779713,14290595.149162985
2020-02-07,0.000992131292835791,12092706.93200036,-0.002987137334038226,14247907.178867295
2020-02-10,0.006547313943841148,12171881.68071503,0.010332280811602146,14395120.556816995
2020-02-11,0.0032052519379435207,12210895.628060563,0.007336106009418608,14500724.687240165
2020-02-12,0.0031954326792773546,12249914.722993713,0.005052531970974194,14573990.062324742
2020-02-13,-0.006184476557651236,12174155.412556134,-0.004932784073600416,14502099.716256496
2020-02-14,0.0018479392319602495,12196652.51195898,0.003344331282869462,14550599.542004863
2020-02-18,0.0004555106956955823,12202208.21762986,-0.00478540927141683,14480968.968051879
2020-02-19,0.0033405209768391847,12242969.950144611,0.0036146863958985143,14533313.129580125
2020-02-20,-0.004322558554135847,12190048.995658584,-0.007141061743188815,14429529.843188697
2020-02-21,0.002849881460223458,12224789.190290526,0.007963756997112836,14544443.112442443
2020-02-24,-0.02555893569149459,11912336.589533811,-0.030522819500843602,14100505.700581074
2020-02-25,-0.007808771320374829,11819315.877214808,-0.007551050409582615,13994032.071235381
2020-02-26,-0.0007773973086325376,11810127.572861984,0.0017587922671458813,14018644.66662846
2020-02-27,-0.024120515865943184,11525261.20336195,-0.023670515865943185,13686816.115628012
2020-02-28,-0.005261847408968822,11464617.037561353,-0.006964910726278617,13591488.663255671
2020-03-02,0.03592733187320409,11876510.13866901,0.046546597712298035,14224126.218375493
2020-03-03,-0.02239226395041602,11610568.18883414,-0.02194226395041602,13912016.686427865
2020-03-04,0.019011609315503913,11831303.775171274,0.01994160480829239,14189444.625274979
2020-03-05,-0.02071527711539488,11586215.038832184,-0.02071527711539488,13895506.347748857
2020-03-06,-0.0002493055650512944,11583326.530945122,-0.0002493055650512944,13892042.120687155
2020-03-09,-0.044693638509975944,11065625.522228047,-0.044693638509975944,13271156.211979805
2020-03-10,0.04366108426517909,11548762.73060096,0.04366108426517909,13850589.281647407
2020-03-11,-0.0396214716348569,11091183.755652763,-0.0396214716348569,13301808.551298562
2020-03-12,-0.052403825074049525,10509963.302257396,-0.052403825074049525,12604742.902807815
2020-03-13,0.05152379854582334,11051476.534166902,0.05152379854582334,13254187.136853982
2020-03-16,-0.10100195627187362,9935255.78452334,-0.10100195627187362,11915488.307238227
2020-03-17,0.042525874191380895,10357761.222075168,0.042525874191380895,12422204.863920711
2020-03-18,-0.08147249465863732,9513888.576234207,-0.08147249465863732,11410136.844496433
2020-03-19,0.0484429502418241,9974769.407138979,0.0484429502418241,11962877.535906775
2020-03-20,-0.026759837024242096,9707846.203449544,-0.026759837024242096,11642752.882704943
2020-03-23,-0.01839839907302405,9529237.374858938,-0.01839839907302405,11428544.868860336
2020-03-24,0.04876342379155629,9993915.61537952,0.04876342379155629,11985839.845621387
2020-03-25,3.213077050943057e-05,9994236.727588648,3.213077050943057e-05,11986224.959890828
2020-03-26,0.03234751273127655,10317525.427373713,0.03234751273127655,12373949.52438084
2020-03-27,-0.039707873152243604,9907838.436458511,-0.039707873152243604,11882606.30627446
2020-03-30,0.013144212094387698,10038069.166264247,0.013144212094387698,12038793.80379824
2020-03-31,0.0519658509552126,10559705.97243645,0.0519658509552126,12664399.968286958
2020-04-01,-0.030649112658146592,10236060.354450343,-0.030649112658146592,12276247.346911103
2020-04-02,0.03699061056850135,10614698.47677749,0.03699061056850135,12730353.23176329
2020-04-03,-0.008863633530107017,10520613.679446751,-0.008863633530107017,12617516.046008127
2020-04-06,0.04037451797976306,10945378.385605715,0.04037451797976306,13126942.174467629
2020-04-07,-0.01417752743404086,10790199.983267833,-0.01417752743404086,12940834.591664046
2020-04-08,0.029543112866488717,11108976.0792255,0.029543112866488717,13323147.128592137
2020-04-09,-0.00144530952235129,11092920.170314621,-0.00144530952235129,13303891.057179496
2020-04-13,-0.0006084168956046242,11086171.050261408,-0.0006084168956046242,13295796.745083025
2020-04-14,0.031750078824785595,11438157.854972264,0.031750078824785595,13717939.339777736
2020-04-15,-0.0163043001234336,11251666.696445586,-0.0163043001234336,13494277.939706942
2020-04-16,0.009727076646002884,11361112.52079719,0.009727076646002884,13625537.81550894
2020-04-17,0.00519082252730969,11420086.039605444,0.00519082252730969,13696265.56414839
2020-04-20,-0.014278458229958157,11257024.81810641,-0.014278458229958157,13500704.008384284
2020-04-21,-0.020990535161804092,11020733.842844646,-0.020990535161804092,13217317.006187184
2020-04-22,0.018554217619076475,11225214.936886707,0.018554217619076475,13462553.982260302
2020-04-23,0.0029437487496631327,11258259.149321867,0.0029437487496631327,13502184.358712852
2020-04-24,0.009369294039341069,11363741.089662967,0.009369294039341069,13628690.294143025
2020-04-27,0.01269926613515952,11508052.262051644,0.013149266135159519,13807897.569894377
2020-04-28,0.00883200911525649,11609691.484528933,0.006278700598282817,13894593.224627499
2020-04-29,0.009765130679045225,11723061.639018755,0.009895442738120808,14032086.37625128
2020-04-30,-0.01821421030909967,11509535.328859128,-0.017764210309099672,13782817.4427881
2020-05-01,-0.014752415138242254,11339741.885639533,-0.022154140503533724,13477470.968626017
2020-05-04,0.008702969535280047,11438431.313808193,0.008702969535280047,13594764.98787859
2020-05-05,0.009671756792611052,11549061.039564332,0.009671756792611052,13726250.248494057
2020-05-06,0.0018496121418101479,11570422.323089618,0.0022996121418101477,13757815.300227018
2020-05-07,0.0150336854563617,11744368.412892211,0.017670171620000397,14000918.257698296
2020-05-08,-0.0007118040495139645,11736008.723896932,0.005249456841765365,14074415.473837167
2020-05-11,-0.015093782986800686,11558867.955087231,-0.027557703891233343,13686556.89976697
2020-05-12,-0.011926393152548925,11421012.351456461,-0.012130696249456384,13520529.435314996
2020-05-13,-0.014348735457034377,11257135.26657389,-0.014348735457034377,13326526.935208613
2020-05-14,-0.002235478298504223,11231970.184982136,-0.002235478298504223,13296735.773450524
2020-05-15,0.0022260600768655428,11256973.22539547,0.0022260600768655428,13326335.10610843
2020-05-18,0.037732576214363746,11681727.825565755,0.037732576214363746,13829172.061157817
2020-05-19,-0.01359700750761388,11522891.284619637,-0.012697007507613876,13653582.959673215
2020-05-20,0.005915730994012769,11591057.6097327,0.017098764072433225,13887042.353444058
2020-05-21,-0.009298148517428068,11483282.23460334,-0.024289805179383686,13549728.800161052
2020-05-22,-0.0015167774671270506,11465864.650861233,-0.004356394903242166,13490700.830675717
2020-05-26,-2.2335038932674856e-05,11465608.560327858,0.003693003190232824,13540522.03188188
2020-05-27,2.3391083128032446e-05,11465876.753330806,-0.004098734673144122,13485023.024737336
2020-05-28,0.005457286723874239,11528449.330314336,0.010816179251686741,13630879.450986018
2020-05-29,-0.002239399661692303,11502632.524784192,-0.001789399661692303,13606488.359907854
2020-06-01,0.003812260180315052,11546483.552727224,0.0017773585838881329,13630671.96879091
2020-06-02,0.007702139458522194,11635416.179305863,0.007282125368726511,13729932.230927631
2020-06-03,-0.002704765725587999,11603945.104421122,-0.010823320711050344,13581328.771051316
2020-06-04,0.007945339422498865,11696142.386915794,0.011189427172008926,13733296.060234103
2020-06-05,0.011828189287327096,11834486.572999762,0.015058792317619241,13940102.913441548
2020-06-08,0.004856921942479397,11891965.750514144,0.010887849900510147,14091880.661560763
2020-06-09,-0.0002388294205172615,11889125.59922514,-0.0012035985799936256,14074919.694007069
2020-06-10,0.001058669865600392,11901712.258225376,0.010959479290896423,14229173.484914571
2020-06-11,-0.03176023260429599,11523711.108514737,-0.044470906201452276,13596389.245542742
2020-06-12,0.02401695046001795,11800475.507323494,0.03724398789653349,14102773.002040295
2020-06-15,0.00028398749141479414,11803826.694760323,-0.0015902613305103564,14080345.907482183
2020-06-16,0.0021253751882724494,11828914.255144032,-0.0037964319121634223,14026890.83294472
2020-06-17,0.0004601853038521454,11834357.747644776,0.0027033902417684884,14064810.992744854
2020-06-18,0.006683994231566426,11913458.526564328,0.016513311720809297,14297067.600962317
2020-06-19,0.012218333214623199,12059021.132580487,0.02059493336882052,14591514.755573658
2020-06-22,0.004272086466369074,12110538.313558644,0.006010894620202456,14679222.81311854
2020-06-23,0.004911184417616976,12170015.400613148,0.006154109631277404,14769560.359612418
2020-06-24,-0.005729209688643377,12100290.830469016,-0.0055525985914664285,14687550.919563057
2020-06-25,0.007795124512302843,12194614.104127599,0.009016546831902006,14819981.910275241
2020-06-26,-0.021463938912348858,11932869.651936937,-0.02424469116177417,14460676.025837537
2020-06-29,0.018369433383654,12152069.706084019,0.023151192878836956,14795457.925670076
2020-06-30,-0.003573758543270888,12108641.143153477,0.0008852189454789496,14808555.145332916
2020-07-01,0.012445954454249362,12259344.739324016,0.013625097395021445,15010323.151467621
2020-07-02,0.007822250721930036,12355240.407561583,0.002641655166355351,15049975.249169359
2020-07-06,0.01173684985661929,12500252.009167569,0.01364858420871935,15255386.103696786
2020-07-07,-0.005440948196593876,12432238.78554132,-0.0059115879195076665,15165202.547498748
2020-07-08,-0.004696285059332728,12373853.448278727,-0.005176768839414736,15086695.799507443
2020-07-09,-0.012855173238521244,12214785.418573031,-0.010612111548360625,14926594.100786887
2020-07-10,0.0010936044488197292,12228143.56224816,0.008509656292107747,15053614.286196386
2020-07-13,0.005239669088204191,12292214.988077395,0.006354390202866211,15149270.82533432
2020-07-14,0.006335923341910665,12370097.519944139,0.00860758889275519,15279669.520623809
2020-07-15,-0.009033432885811954,12258353.074206773,-0.013994822892057246,15065833.251833513
2020-07-16,-0.009611730970732157,12140529.082313249,-0.011417608611851237,14893817.464352664
2020-07-17,0.0028165213465996207,12174723.141632598,0.004743814632758414,14964470.973577695
2020-07-20,0.0014652648123550495,12192562.335052194,0.003713402592797377,15020040.07889082
2020-07-21,0.001475269674594393,12210549.6525207,0.004275960909002063,15084265.183119798
2020-07-22,-0.00532206172619738,12145564.353559187,-0.014569078880537455,14864501.333811982
2020-07-23,-0.0063423482700493816,12068532.954492617,-0.007453915496468767,14753702.5969726
2020-07-24,-0.0005719865993611517,12061629.915368699,-0.0025664659643319767,14715837.721409593
2020-07-27,0.012982340412052863,12218218.100854214,0.016300336207996247,14955710.823850883
2020-07-28,-0.006136890349342682,12143236.236104917,-0.008057892085808649,14835199.319965733
2020-07-29,-0.0006589463551875284,12135234.494846957,0.0003308474507843775,14840107.50784262
2020-07-30,-0.01088581045525101,12003132.632306028,-0.01631777333875841,14597949.997206839
2020-07-31,0.010409671622220285,12128081.301446289,0.008382686045474652,14720320.028940963
2020-08-03,-0.0015038731340414886,12109842.205809573,0.0022504962683109644,14753448.054234438
2020-08-04,-0.002073160989035527,12084736.553365111,-0.003811590499743422,14697213.951792458
2020-08-05,0.00774620596191491,12178347.411702959,0.013965982935701993,14902474.991045553
2020-08-06,0.011752383561777857,12321472.021633876,0.013969711926718698,15110658.273665592
2020-08-07,-0.009249177041738842,12207508.545490952,-0.02272775677140788,14767226.907765858
2020-08-10,0.004560676038354761,12263183.037202382,0.017678569677270828,15028290.357594864
2020-08-11,0.011536211156640408,12404653.706172079,0.015167361040415207,15256229.863268698
2020-08-12,0.0012305376340647494,12419918.099395065,0.0010710066379627015,15272569.386722542
2020-08-13,-0.011124940357450158,12281747.25129488,-0.010674940357450157,15109535.61941426
2020-08-14,0.005535273671685803,12349730.083497271,0.004625282731443447,15179421.493594866
2020-08-17,0.012027510522353712,12498266.592024762,0.012317363761424338,15366391.94981946
2020-08-18,0.017740250867216444,12719988.97677263,0.0253694443997865,15756228.776015732
2020-08-19,-0.010852745071735158,12581942.179092435,-0.016018159109141315,15503842.996521482
2020-08-20,-0.0026902856613437325,12548093.160456166,-0.005683875777596037,15415721.078853901
2020-08-21,0.002849785543806882,12583852.534947176,-0.0031162562493343145,15367681.74170393
2020-08-24,0.003996720539974703,12634146.67684561,0.010979418932252271,15536409.957563622
2020-08-25,-0.0010832482831787504,12620460.759148488,-0.009361211211487176,15390970.342482617
2020-08-26,0.009539235104477161,12740850.301456833,0.00696546729494737,15498175.643040683
2020-08-27,-0.0012242464071652638,12725252.361251045,-0.002293509407928307,15462630.431397647
2020-08-28,0.00443250968429123,12781657.16557734,0.007376159361845746,15576685.25761296
2020-08-31,0.001021824345945399,12794717.774050655,-0.009198193964443014,15433407.885290358
2020-09-01,-0.0013552702710125713,12777377.473425489,-0.003395662605878358,15381001.239253009
2020-09-02,-4.9856856442486515e-05,12776740.433551086,0.0043862697959586965,15448466.460420348
2020-09-03,-0.022699346631730975,12486716.773626257,-0.022699346631730975,15097796.365306595
2020-09-04,0.012873314321837125,12647462.203500904,0.012873314321837125,15292155.043484276
2020-09-08,-0.02228657157578908,12365593.631850494,-0.02138657157578908,14965108.275098737
2020-09-09,0.007035897972647998,12452596.687015418,0.007511214885812089,15077514.419142447
2020-09-10,-0.03128391103718761,12063030.760076849,-0.030833911037187606,14612615.680880696
2020-09-11,0.00801308807778527,12159692.88804238,0.017789307139485414,14872563.989339145
2020-09-14,0.005097590240430416,12221678.019835096,0.005756938859169413,14958184.430904856
2020-09-15,0.003467104841944924,12264051.858874358,0.0008875025010585797,14971459.85699858
2020-09-16,-0.008565621866640005,12159002.628098376,-0.00966644338039514,14826739.087969042
2020-09-17,-0.00832396411138776,12057791.526591815,-0.007764653290781508,14711614.599518085
2020-09-18,-0.00799966284840301,11961333.259682748,-0.004484342358154025,14645642.683012629
2020-09-21,-4.434019136673184e-05,11960802.891877014,-0.0068895512048791074,14544740.777819652
2020-09-22,0.009276469343174408,12071756.913223261,0.01774653412779401,14802859.516413145
2020-09-23,-0.020772009359823172,11821002.26563228,-0.03178640125663562,14332329.884078829
2020-09-24,0.014359161207935544,11990741.942803862,0.018873792168363646,14602835.29959936
2020-09-25,0.005458725240211637,12056196.10849591,0.006767339030404551,14701657.63687691
2020-09-28,0.012885932262537581,12211551.434893858,0.01620026649324482,14939828.408486763
2020-09-29,-0.008519431035741286,12107515.964604871,-0.010013953125219199,14790221.667105358
2020-09-30,0.009586605401392001,12223585.942548592,0.012829861016626375,14979978.155499417
2020-10-01,0.003825184428977252,12270343.413162293,-0.009018044414473226,14844888.047165286
2020-10-02,-0.007696260527353715,12175907.653494498,0.0016184241413891845,14868913.372357037
2020-10-05,0.007371841971824255,12265666.520579586,0.009543463258846885,15010814.300825104
2020-10-06,-0.0019561884710152856,12241672.56514271,-0.0038222890040332637,14953438.630381474
2020-10-07,0.004739723834190208,12299694.712370068,0.01356825896964755,15156330.758205224
2020-10-08,-5.5415114758994303e-05,12299013.12337608,0.0006857354943500482,15166723.992170235
2020-10-09,0.012127188729464833,12448165.576709429,0.01770596947858616,15435265.544265741
2020-10-12,0.004110170172261913,12499329.655562198,0.004708575051608732,15507943.650522426
2020-10-13,0.0008585252535068477,12510060.645723404,-0.003757060640943999,15449679.36581107
2020-10-14,-0.001796111631737629,12487591.180283876,-0.0026391900207427097,15408904.726205148
2020-10-15,-0.002050619125858921,12461983.886973679,0.004655067804201274,15480634.22249411
2020-10-16,0.0003366365310284225,12466179.045999125,0.0035487248324340684,15535570.7335813
2020-10-19,-0.008790164370115582,12356599.2831175,-0.013754449213008967,15321887.51493115
2020-10-20,-0.0015920688183970189,12336926.72669742,0.004221301712513381,15386565.824936867
2020-10-21,-0.0008413980232520046,12326546.460936574,0.011590526116891042,15564904.217980057
2020-10-22,-0.0011563383059120635,12312292.80308419,-0.0016875655838178407,15538637.421306374
2020-10-23,-0.0010222559504016071,12299706.488503149,-0.005932309545515246,15446457.414207658
2020-10-26,-0.005675793772893889,12229895.89100728,-0.02075194715708065,15125913.346183924
2020-10-27,0.0021865867345390866,12256637.619127354,0.000573739351700653,15134591.677901044
2020-10-28,-0.012552005132995392,12102792.240818802,-0.025173734657827917,14753597.482846992
2020-10-29,0.00503305446719437,12163706.253371982,0.006615561743185272,14851200.81792887
2020-10-30,-0.01085875078893403,12031623.598496817,-0.012649294669193277,14663343.602591524
2020-11-02,0.0007247522344454308,12040343.544583833,0.00915422052940382,14797575.083628068
2020-11-03,0.001917244988502004,12063427.832904529,-5.1979830046034034e-05,14796805.908190127
2020-11-04,0.010041976525153306,12184568.49201544,0.004657059673868013,14865715.51628721
2020-11-05,0.005221889663533358,12248194.96427851,0.01611674468107813,15105302.457764754
2020-11-06,0.010904761698632607,12381758.611602359,0.015847115218594096,15344677.926224666
2020-11-09,-0.005985604893640983,12307646.29666487,-0.005985604893640983,15252830.746938111
2020-11-10,0.009144000841245241,12420187.424755322,0.009594000841245242,15399166.417955605
2020-11-11,0.002774506742451621,12454647.318507819,0.0019130683151733934,15428626.075309876
2020-11-12,-0.0013286261258275923,12438099.748692479,-0.012121775554007685,15241603.732918259
2020-11-13,0.012112125303029497,12588751.57138022,0.02095372071829289,15560972.040836718
2020-11-16,0.012623459811515157,12747665.170918686,0.021378030395284253,15893634.974105893
2020-11-17,-0.0029162394629074547,12710489.926687323,-0.0052183504814328876,15810696.416387048
2020-11-18,-0.006140691779456009,12632438.725681657,-0.004376204917709392,15741505.568977242
2020-11-19,-2.0762824554421122e-05,12632176.4405727,-0.005291192957438884,15658214.225571185
2020-11-20,0.005432965965273783,12700806.625241665,0.006118992992667404,15754026.728695143
2020-11-23,0.002330264738876914,12730402.86707576,0.007406253071649926,15870705.037545396
2020-11-24,0.02615071319988961,13063311.981371712,0.026600713199889617,16292877.110529182
2020-11-25,0.0016205927308679756,13084482.289809782,-0.0005448037971138019,16284000.689213458
2020-11-27,0.004421362117948413,13142333.524138914,-0.0005035706795090134,16275800.543921266
2020-11-30,0.005630530407119072,13216331.832667079,-0.003489435049901413,16219007.195038103
2020-12-01,0.0034863513404440774,13262408.608867653,0.01576658122443155,16474725.489358312
2020-12-02,-0.000813981681737846,13251613.251204312,-0.0045030789979246585,16400538.499010606
2020-12-03,-0.004251169613384243,13195278.395622473,-0.003698784042457637,16339876.448922755
2020-12-04,-0.0004882263910036262,13188836.11247309,0.005424989671712443,16428520.109895216
2020-12-07,-0.000995971113880234,13175700.412679365,-0.012590700821455313,16221673.528252264
2020-12-08,0.0015418140437447824,13196014.89261181,0.004249093021506822,16290600.928038325
2020-12-09,-0.007360377297851799,13098887.244174115,-0.006840949653178407,16179157.747269595
2020-12-10,0.002201554176051496,13127725.154088153,0.00873451044406015,16320474.769589217
2020-12-11,-0.004499921116729171,13068651.426452655,-0.017084281990249927,16041651.176410796
2020-12-14,5.255875096327168e-05,13069338.298448402,-0.001383756765270583,16019453.433069326
2020-12-15,0.005276947649817609,13138304.512467071,0.0075175424088667064,16139880.353619289
2020-12-16,0.00452083169497719,13197700.575925294,0.006490011897691449,16244628.369141594
2020-12-17,0.012638783416618104,13364503.455101794,0.015485062283848137,16496177.451215716
2020-12-18,-0.01223479562990687,13200991.486633439,-0.015678929201179394,16237535.052868012
2020-12-21,-0.004531085713252137,13141176.66270759,-0.006473685743967051,16132418.353679096
2020-12-22,0.004577096256980195,13201325.093222784,-0.001382344695728988,16110117.790738607
2020-12-23,-0.002379467711523908,13169912.96641413,-0.0005569498847350473,16101145.262491986
2020-12-24,-0.003930196879194181,13118152.61557427,-0.0069629221133558185,15989034.242093427
2020-12-28,0.006342365611764711,13201352.73561317,0.009092494376146365,16134414.446019674
2020-12-29,-0.002434812969318239,13169209.910759954,-0.005988785284054976,16037788.902218506
2020-12-30,0.007816492415784526,13272146.940149285,0.007816492415784526,16163148.157538652
2020-12-31,-0.009030970046718689,13152286.578677148,-0.009030970046718689,16017179.250667244
2021-01-04,0.0,13152286.578677148,0.005421897794471242,16104022.75952009
2021-01-05,0.0,13152286.578677148,0.013069253784442382,16314490.319914691
2021-01-06,0.0,13152286.578677148,-0.01359807679895425,16092644.627608694
2021-01-07,0.0,13152286.578677148,0.0159097907698154,16348675.23656694
2021-01-08,0.0,13152286.578677148,0.02378268892887607,16737490.694117434
2021-01-11,-0.00045,13146368.049716743,-0.03130186376998193,16213576.04055883
2021-01-12,0.005745981389512672,13221906.835870098,0.02825560327577912,16671700.412842536
2021-01-13,-0.00045,13215956.977793956,0.00574205215802438,16767430.186176036
2021-01-14,0.0036675072304693354,13264426.595567586,0.024635176681917014,17180498.791314192
2021-01-15,-0.006937683596255584,13172402.200761782,-0.0298236731494214,16668113.210818008
2021-01-19,0.00707131355977692,13265548.387058863,0.017113012016926322,16953354.83249422
2021-01-20,-0.00045,13259578.890284687,0.01991589487707035,17290996.06515185
2021-01-21,-0.003838610655621699,13208680.529467383,-0.015505619050907391,17022888.467154868
2021-01-22,-0.00281240245049017,13171532.403978568,-0.0193841062804033,16692914.987908088
2021-01-25,0.006783661969121058,13260883.627422482,0.014451329023647208,16934149.79476212
2021-01-26,0.0026700970897647336,13296291.474203771,0.004835000293891878,17016026.413996603
2021-01-27,-0.008283369224845438,13186153.382601777,-0.025991603262503757,16573752.60633972
2021-01-28,0.004040242964092133,13239428.646029275,0.015370853375172897,16828505.327528156
2021-01-29,-0.007385662803634729,13141646.690336918,-0.017256273298442284,16538108.04039204
2021-02-01,0.006994466139636812,13233565.493131552,0.011919704034889567,16735237.393530538
2021-02-02,0.004479051049319937,13292839.308539808,0.0024767488469652705,16776686.373448655
2021-02-03,-0.0016384576661641725,13271059.554069642,0.00036148730907599154,16782750.932661004
2021-02-04,0.0035480273509727487,13318145.636343868,0.003160257361755392,16835788.744846452
2021-02-05,0.00225075474676657,13348121.515852995,0.016533313705750573,17114140.121648747
2021-02-08,0.003365541200559963,13393045.168764679,0.012515065090067857,17328324.69923172
2021-02-09,-0.0014844172030880397,13373164.30211443,0.0008608725091366787,17343242.177594684
2021-02-10,-0.001009498475214987,13359664.113142647,0.0061172593956008384,17449335.28875576
2021-02-11,-0.0022942708268449572,13329013.425511416,-0.009260574056833514,17287744.427071717
2021-02-12,0.0021763289128735376,13358021.742809435,0.00763634108762481,17419759.54015252
2021-02-16,-0.0036968948155551183,13308638.541482372,-0.0006578486217732604,17408299.97534741
2021-02-17,-0.0017302667212122258,13285611.047109403,-0.0053227116164828005,17315640.61484541
2021-02-18,-0.003557784603786096,13238343.704674108,-0.00412534027277307,17244207.705268126
2021-02-19,-0.0026803249986578396,13202860.641101643,0.014652156368729463,17496872.533020563
2021-02-22,0.0,13202860.641101643,-0.009757018401053082,17326155.225755002
2021-02-23,0.0,13202860.641101643,0.0027373286062750356,17373582.606091224
2021-02-24,0.0,13202860.641101643,0.013746490207621021,17612408.38925715
2021-02-25,0.0,13202860.641101643,-0.03143693974972095,17058728.167876594
2021-02-26,0.0,13202860.641101643,8.995842802429505e-05,17060262.74424667
2021-03-01,0.0,13202860.641101643,0.03227032862458252,17610803.02942523
2021-03-02,-0.00045,13196919.353813147,0.001616004694022866,17639262.169786293
2021-03-03,-0.006696290492585771,13108548.948212788,0.00014424054760737732,17641806.46662105
2021-03-04,0.0,13108548.948212788,-0.028984109691285554,17130474.412840076
2021-03-05,0.0,13108548.948212788,0.02123970357309537,17494320.61143529
2021-03-08,0.0,13108548.948212788,-0.009657797751166274,17325364.001175992
2021-03-09,0.0,13108548.948212788,0.020063452151709245,17672970.612824533
2021-03-10,0.0,13108548.948212788,0.0064783391484890315,17787462.110215694
2021-03-11,0.0,13108548.948212788,0.006614351855240108,17905114.64322441
2021-03-12,0.0,13108548.948212788,-0.01918506456806328,17561603.862695575
2021-03-15,0.0,13108548.948212788,0.0186187736235335,17888579.389481276
2021-03-16,0.0,13108548.948212788,-0.007269297223024018,17758541.989001475
2021-03-17,0.0,13108548.948212788,0.01778903011803197,18074449.227296155
2021-03-18,0.0,13108548.948212788,-0.02483591707349071,17625553.70513801
2021-03-19,0.0,13108548.948212788,0.0013660323649592686,17649630.781949557
2021-03-22,0.0,13108548.948212788,-0.0024222567478358378,17606878.844691172
2021-03-23,0.0,13108548.948212788,-0.011428354835430232,17405661.18570961
2021-03-24,0.0,13108548.948212788,0.003293737505562944,17462990.864766106
2021-03-25,0.0,13108548.948212788,-5.2355450822050246e-05,17462076.58200668
2021-03-26,0.0,13108548.948212788,0.01179677301787365,17668072.73586534
2021-03-29,0.0,13108548.948212788,0.0075113063687183065,17800783.04312922
2021-03-30,0.0,13108548.948212788,-0.0017870210452002318,17768972.669210106
2021-03-31,0.0,13108548.948212788,0.0026877522823227527,17816731.266056307
2021-04-01,-0.00045,13102650.101186093,-0.0036970093410551687,17750862.644138627
2021-04-05,0.004544578156782175,13162196.118631901,0.01020689004320312,17932043.747319352
2021-04-06,0.0016323388984234243,13183681.283345021,0.004135040392241363,18006193.472529955
2021-04-07,-0.000817811130068835,13172899.52205622,-0.007949647303427176,17863050.58514607
2021-04-08,0.0013974284519163716,13191307.70664258,0.006304316045565316,17975664.901572753
2021-04-09,-0.0009600866603224618,13178642.908081222,-0.006823329117753784,17853011.023838867
2021-04-12,0.0,13178642.908081222,-0.0016182137322748869,17824121.03623764
2021-04-13,0.0,13178642.908081222,0.00759718339217732,17959534.1525543
2021-04-14,0.0,13178642.908081222,-0.005036384713063757,17869083.02929463
2021-04-15,-0.00045,13172712.518772587,0.020391665219804532,18233463.388212897
2021-04-16,-0.004350316290652856,13115407.052910084,-0.014633693939356051,17966640.46553533
2021-04-19,-0.0009143070282870202,13103415.544062763,0.008831816659171488,18125318.54010819
2021-04-20,-0.0031196013019465507,13062538.11187156,-0.010761181456309199,17930268.69834468
2021-04-21,0.0010124757234974968,13075763.614597091,0.004166415536120061,18004973.648416273
2021-04-22,-0.0031056158866183624,13035155.315385932,-0.012818692736542202,17774173.423487682
2021-04-23,0.007521223132757115,13133195.627083091,0.018123236703006283,18096298.97564183
2021-04-26,0.004774866015247015,13195904.87655444,0.022443860708234828,18502449.78918571
2021-04-27,-0.0047772893626568886,13132864.220557045,-0.01630811810732531,18200709.652748816
2021-04-28,-0.002329662884494099,13102269.074215313,-0.01136442904257574,17993868.979375627
2021-04-29,-0.0013667910389124627,13084361.010255257,-0.016171145278156596,17702887.50999403
2021-04-30,0.0036448033322367566,13132050.932865622,0.010807832829183274,17894217.35879588
2021-05-03,-0.0010504686944139974,13118256.124467198,0.014384625831454468,18151618.980048876
2021-05-04,-0.008012029752898208,13013152.266091827,-0.010575454321498355,17959657.362664126
2021-05-05,-0.0017135796395604968,12990853.193322152,0.0021095823661698154,17997544.739138857
2021-05-06,0.0,12990853.193322152,0.007620241982597153,18134690.385143716
2021-05-07,0.0,12990853.193322152,0.0029833389004924604,18188792.312418103
2021-05-10,0.0,12990853.193322152,-0.018184766675037545,17858033.368116062
2021-05-11,0.0,12990853.193322152,9.205588763372408e-05,17859677.305229153
2021-05-12,0.0,12990853.193322152,-0.010337361117185495,17675055.371488597
2021-05-13,0.0,12990853.193322152,0.003340703915461518,17734102.49817413
2021-05-14,0.0,12990853.193322152,0.016524028057289596,18027141.305424806
2021-05-17,0.0,12990853.193322152,-0.038737842240053603,17328808.749496106
2021-05-18,0.0,12990853.193322152,0.017638331617655777,17634460.024758656
2021-05-19,0.0,12990853.193322152,-0.021748664544668547,17250934.069253813
2021-05-20,0.0,12990853.193322152,0.009021240973922297,17406558.9025178
2021-05-21,-0.00045,12985007.309385156,0.003306611020879535,17464115.622020453
2021-05-24,0.004511059975395443,13043583.456138741,0.00663659082951602,17580017.811603162
2021-05-25,0.0,13043583.456138741,0.003576580900641035,17642894.167541068
2021-05-26,-0.00045,13037713.843583478,0.00884328570945354,17798915.321406286
2021-05-27,-0.0027520807694088045,13001833.002037497,0.007568228834274682,17933621.585560568
2021-05-28,-0.0012402609033461242,12985707.336893234,0.006784886274195846,18055299.16850306
2021-06-01,-0.0017403958387067874,12963107.065881442,0.0014193691257408103,18080926.30269885
2021-06-02,0.002916095427585086,13000908.723123556,0.005459213467930624,18179633.939083204
2021-06-03,-0.007199749867979077,12907305.432260638,-0.035073461067835834,17542011.25589326
2021-06-04,0.0053033371168678565,12975757.224238295,0.011621984678286568,17745884.241935585
2021-06-07,0.0006007955906720764,12983553.00196425,-0.00273478811329565,17697353.008650817
2021-06-08,-0.0006518519904051612,12975089.647097388,-1.3993636499631769e-05,17697105.35832581
2021-06-09,0.0006162030339160518,12983084.936703265,0.005266700324836381,17790310.708865166
2021-06-10,0.004055893386415632,13035742.94503331,0.0058825176174566954,17894962.525030095
2021-06-11,0.000742614576352274,13045423.477757873,0.0062933299793234585,18007581.429167736
2021-06-14,0.0038012043261924865,13095011.797918541,0.00958806523505855,18180239.294636227
2021-06-15,-0.0030332620717854254,13055291.195302332,-0.02108252162397487,17796954.00657802
2021-06-16,0.0021058244592308873,13082783.346823782,0.002561946566004103,17842548.851780508
2021-06-17,0.004655373377025901,13143688.588113982,-0.005122165728997208,17751156.359533958
2021-06-18,0.0019655242632295785,13169522.826942252,-0.0021759222921950427,17712531.222699005
2021-06-21,0.011972064895716894,13327189.20887203,0.01644190533654659,18003758.98433325
2021-06-22,0.005413862579223138,13399340.779816167,0.010915203339907276,18200273.67452993
2021-06-23,-0.00012461376587152243,13397671.0375014,0.0008325656057127872,18215426.596405905
2021-06-24,-0.0007137351132836696,13388108.649245711,0.0020620519447421934,18252987.752243336
2021-06-25,0.0,13388108.649245711,-0.008428124587407047,18099149.297375012
2021-06-28,-0.00045,13382084.00035355,-0.006028354723290063,17990041.205220647
2021-06-29,0.0013752463858721369,13400487.663010474,0.006107043481648056,18099907.169097573
2021-06-30,0.0,13400487.663010474,-0.007507693752217725,17964018.60912842
2021-07-01,-0.00045,13394457.44356212,0.0012680280114851115,17986797.487923633
2021-07-02,0.006393819233233983,13480099.183183502,0.01676745854041024,18288390.36907715
2021-07-06,-0.004209208571501115,13423358.634156961,-0.019478268966695987,17932164.182500333
2021-07-07,0.005355704298653707,13495250.173696285,0.019982453031711554,18290492.811034087
2021-07-08,-0.0017991446529176886,13470970.266506493,-0.00762479727990425,18151031.511200406
2021-07-09,-0.00045,13464908.329886565,0.01924668689325839,18500378.731486145
2021-07-12,-0.0006883103086950171,13455640.294677472,-0.00619087020445761,18385845.288026206
2021-07-13,-0.0020287327331481864,13428342.396766191,-0.012276891771814877,18160124.255291775
2021-07-14,0.0029764743368629666,13468311.513296776,0.004450873903271457,18240952.67841982
2021-07-15,-0.003932043518550077,13415353.526305106,-0.010211769559943983,18054680.273113955
2021-07-16,0.0022937389811943376,13446124.845634894,0.010334255673029303,18241261.95515111
2021-07-19,-0.0021238053477978355,13417567.893780578,-0.0010971331127543442,18221248.86264169
2021-07-20,0.004466770209985871,13477501.086338978,0.015570840740102884,18504969.026767664
2021-07-21,0.0015203123961170073,13497991.098309219,0.005500498435819478,18606755.57995429
2021-07-22,-0.00022470684043671694,13494958.007377274,-0.00603173170245943,18494524.622442763
2021-07-23,0.003975228995553781,13548603.555741979,0.00447829267195593,18577348.51653076
2021-07-26,0.003555963223797631,13596781.891720008,0.017526651120018277,18902947.222714987
2021-07-27,-0.0041000088851281145,13541034.965154808,-0.00954412366444093,18722535.156798992
2021-07-28,0.00424060058764788,13598457.085985404,0.007567636845471603,18864220.503692225
2021-07-29,-0.0018399272913728114,13573436.913672337,0.005986383775826232,18977148.967259135
2021-07-30,-0.002198475091613228,13543596.050710045,-0.010066574903795233,18786114.07571974
2021-08-02,-0.0014087180149673138,13524516.94296597,-0.013114887392387187,18539736.305076137
2021-08-03,0.006528254885382001,13612808.43677132,0.010355911924656147,18731732.181357857
2021-08-04,0.0033089912304713255,13657853.100510681,0.005342990977129114,18831815.65738885
2021-08-05,0.0013343535793651994,13676077.505681794,0.002012012647221828,18869705.50866167
2021-08-06,9.41452322293257e-05,13677365.043174554,0.000547207307639641,18880031.149409015
2021-08-09,0.004520401671657237,13739192.226979584,0.008654065676141465,19043420.178943597
2021-08-10,-0.002522780023453197,13704531.267290976,0.008978388880116806,19214399.410917614
2021-08-11,-0.003051752642576466,13662708.427780747,-0.00198809566009468,19176199.346837442
2021-08-12,-0.0018540518833575325,13637377.057488456,-0.008393274958356511,19015248.233063176
2021-08-13,0.002376842383271582,13669790.953275349,0.009095321851442661,19188198.035827965
2021-08-16,0.0005914108791780892,13677875.416361205,-0.01304839354099857,18937822.876513865
2021-08-17,0.0010410652440175643,13692114.97706918,0.00021546322772005846,18941903.280956827
2021-08-18,-0.00849609951554992,13575785.405645648,-0.005251615495118133,18842427.688179526
2021-08-19,0.00013653260845957783,13577638.943038968,-0.007244945609068942,18705915.324435852
2021-08-20,0.009216194883433549,13702773.10959491,0.011213222800425426,18915668.920654643
2021-08-23,0.009110258948315136,13827608.92093333,0.012931306659578711,19160273.23613869
2021-08-24,5.5030595906968566e-05,13828369.862492219,0.0015943588357857363,19190821.5870688
2021-08-25,-0.0003489035317411404,13823545.09540897,0.0037509020042153394,19262804.47822227
2021-08-26,-0.001371364046650414,13804587.982667878,-0.0025163828973817637,19214331.886477664
2021-08-27,0.004052747428362702,13860534.49111424,0.016864841934407293,19538378.55661835
2021-08-30,0.001935490582548871,13887361.425090885,0.003713265764326423,19610929.74880309
2021-08-31,-0.00042841280571758177,13881411.901618747,0.0019058867663145685,19648305.96028646
2021-09-01,-0.0021417854134174407,13851680.89609022,-0.013202786080339646,19388893.579851735
2021-09-02,-0.0018976700621906705,13825394.975942694,-0.005770084165627565,19277018.032017596
2021-09-03,0.0001497961456952135,13827465.966822803,0.0022844810532416824,19321056.01447474
2021-09-07,0.0009442081173917094,13840521.972431635,-0.006828195493179012,19189128.06687324
2021-09-08,0.002884194467356993,13880440.729329858,-0.0021821288756848634,19147254.9164193
2021-09-09,0.001611659467120874,13902811.273039093,0.010310114254182778,19344665.30226155
2021-09-10,-0.0001134706626712778,13901233.711830948,0.020994844273025504,19750803.53779633
2021-09-13,-0.002075003821826793,13872388.59875079,-0.013012444718933657,19493797.298606236
2021-09-14,-0.0021437195603282054,13842650.087963175,-0.007655227771599138,19344567.84015202
2021-09-15,0.0017296329104355302,13866592.791122958,0.011577752353941782,19568534.45599933
2021-09-16,-0.001982219966569887,13839106.154024102,-0.01863077209646724,19203957.55028774
2021-09-17,-0.0014251356994272046,13819383.549795838,-0.0017427252833316475,19170490.327924825
2021-09-20,-0.005868869122370346,13738279.396390248,-0.02280511653798335,18733305.06190622
2021-09-21,0.0016393453664288852,13760801.181061426,0.009981492472906361,18920291.405374292
2021-09-22,0.0,13760801.181061426,0.009146941124374662,19093354.196915265
2021-09-23,0.0,13760801.181061426,0.0069001307473789625,19225100.837279998
2021-09-24,-0.00045,13754608.82052995,-0.00258225145869736,19175456.792599328
2021-09-27,0.00042640553751662754,13760473.8618974,0.00274299111181453,19228054.90014641
2021-09-28,-0.008692779838300307,13640857.09214524,-0.016208424845440394,18916398.417373385
2021-09-29,0.0,13640857.09214524,0.0033780757734040655,18980299.444587175
2021-09-30,0.0,13640857.09214524,0.0011880826569248934,19002849.60918053
2021-10-01,0.0,13640857.09214524,0.01452230517662012,19278814.790430464
2021-10-04,0.0,13640857.09214524,-0.019359856080773827,18905579.710679837
2021-10-05,0.0,13640857.09214524,-0.0002532741046082695,18900791.416906513
2021-10-06,0.0,13640857.09214524,6.778417443459241e-05,18902072.591448866
2021-10-07,0.0,13640857.09214524,0.012740457647400038,19142893.6467483
2021-10-08,0.0,13640857.09214524,-0.005662370316454557,19034499.493991904
2021-10-11,0.0,13640857.09214524,0.01701253366510158,19358324.557431802
2021-10-12,0.0,13640857.09214524,-0.006910600759721108,19224546.90503829
2021-10-13,-0.00045,13634718.706453774,0.008641790753857348,19390681.416729346
2021-10-14,0.0025724773430033875,13669793.71140435,0.0008670593776619715,19407494.28889098
2021-10-15,0.00585875226738306,13749881.646305697,0.022251356844842696,19839337.369777344
2021-10-18,0.0022201740060211472,13780408.77612269,0.0033043942260778778,19904894.36163125
2021-10-19,-0.00016041137554194672,13778198.241795383,-0.005525872218191397,19794902.458872274
2021-10-20,-0.0028239140681120766,13739289.79394714,-0.001479362302673559,19765618.62638952
2021-10-21,0.0031549592944696723,13782636.693981966,-0.0073273494113853315,19620789.032381777
2021-10-22,-0.001017979357234644,13768606.25433923,-0.0013092647397400792,19595100.225135796
2021-10-25,0.0017651315313102992,13792909.655380959,0.01347449268128358,19859134.259708405
2021-10-26,-0.00045,13786702.84603604,-0.004903662496098759,19761751.767834082
2021-10-27,-0.0007076210541083428,13776947.084835447,-0.02116911737375314,19343412.92514983
2021-10-28,0.003810946389611325,13829450.291588265,0.009356422926918429,19524398.077327553
2021-10-29,0.0016592458794266296,13852396.749999318,-0.004243258987081033,19441550.999718588
2021-11-01,0.0038699732181324497,13906005.15442876,0.016431526487900073,19761005.35993632
2021-11-02,0.00030411706807231305,13910234.207944922,0.00034714768208470286,19767865.347142685
2021-11-03,-0.00045,13903974.602551349,0.01147645847524168,19994730.432943337
2021-11-04,0.0035898819817719646,13953888.23045206,0.01183442883379766,20231356.647302974
2021-11-05,-0.0009,13941329.731044654,-0.0011008210366239002,20209085.54430618
2021-11-08,0.001190347144799925,13957924.753084715,0.0018804239753025917,20247087.193282634
2021-11-09,-0.004905188595751442,13889458.499765528,-0.003777525497774192,20170603.305154353
2021-11-10,-0.008572497938016838,13770391.145416116,-0.02303882026647006,19705896.400940634
2021-11-11,0.009640329837991922,13903142.258056091,0.014023707419967812,19982246.126515623
2021-11-12,0.005012060338220098,13972825.645944325,0.0014668491963399253,20011557.068187367
2021-11-15,0.002471139678770484,14007354.449822558,-0.00023550707765114244,20006844.20486299
2021-11-16,0.0010680340699586565,14022314.781604957,-0.018345212682519308,19639814.392818745
2021-11-17,0.005408555675491943,14098155.251800539,-0.0025014989180585645,19590685.418364238
2021-11-18,0.009738359061224467,14235448.149743462,0.03016790732762815,20181695.40055017
2021-11-19,0.002731277555437539,14274329.10976645,0.017114035039631402,20527085.642794356
2021-11-22,-0.004965083791891878,14203455.86966342,0.02736255487958764,21088759.150213316
2021-11-23,-0.007242572275800529,14100586.31396124,-0.022584128225829957,20612487.90944125
2021-11-24,0.0015184980596135045,14121998.0269184,0.0028449867667736384,20671130.164773896
2021-11-26,-0.00376950151607881,14068765.133945871,-0.022419478814454573,20207694.199973915
2021-11-29,0.011397716825004744,14229116.935020087,0.01560034620812012,20522941.22556133
2021-11-30,-0.00015811371032885545,14226867.11654679,-0.0014457928708972111,20493269.30344757
2021-12-01,-0.010914284636533699,14071591.039350657,-0.03414656998164749,19793494.44902465
2021-12-02,0.006430307141353641,14162075.691701202,0.02131115904960261,20215316.75737524
2021-12-03,-0.005750902112852818,14080630.980683414,-0.008933087100184466,20034731.572023787
2021-12-06,-0.003911315917954189,14025557.184593828,-0.007032245399011016,19893842.423106004
2021-12-07,0.0,14025557.184593828,0.03874533730508036,20664636.05808336
2021-12-08,-0.00045,14019245.683860762,0.0029032361815061855,20724630.377164844
2021-12-09,-0.004583230888734712,13954992.24400573,-0.015793952501530095,20397306.549376134
2021-12-10,-0.0018838481639643079,13928703.157488724,-0.011918559114940186,20154200.04548184
2021-12-13,-0.00037133141311781467,13923530.992462354,-0.005488825735236669,20043577.153599087
2021-12-14,-0.0012970321025881915,13905471.725783749,-0.004094756208202166,19961503.59161481
2021-12-15,0.007510503760616926,14009908.8234734,0.017379344257703686,20308421.434434872
2021-12-16,-0.00491890784150355,13940995.373102866,0.008735287039952277,20485821.324992977
2021-12-17,-0.0031807990349500548,13896651.868473858,-0.008867665412331305,20304159.91578614
2021-12-20,-0.004519625239189766,13833844.20994887,-0.03836697613401469,19525150.696875956
2021-12-21,0.0,13833844.20994887,0.046226798591094395,20427735.905601207
2021-12-22,-0.00045,13827618.980054393,0.007536419227669454,20581687.887257934
2021-12-23,-0.0015719594794498248,13805882.523320474,-4.414080993519944e-06,20581597.03802062
2021-12-27,0.006638665921778708,13897535.165148122,0.019559413203579058,20984160.99887682
2021-12-28,-0.004193799106365003,13839251.69459185,-0.012333180343302219,20725359.556924783
2021-12-29,-0.0006749820828826691,13829910.447657496,-0.0008858434181589159,20707000.133572303
2021-12-30,-0.0030374410396751925,13787902.91008875,-0.009768754840378212,20504718.52578776
2021-12-31,-0.0009532342646135894,13774759.808597688,0.006971868260973523,20647674.722077895
2022-01-03,0.0,13774759.808597688,0.0014309485419802706,20677220.482116736
2022-01-04,-0.0009,13762362.524769949,-0.003738929103935262,20599909.820667665
2022-01-05,-0.018380233839233415,13509407.083384374,-0.014850463305124495,20293991.61578697
2022-01-06,-0.007743715685965091,13404794.075844685,-0.007213148690874605,20147608.036730934
2022-01-07,-0.0005240583794276278,13397769.181184735,-0.0005998399256519904,20135522.69702412
2022-01-10,-0.015962215155874305,13183911.106905924,-0.023256256714567713,19667245.81210012
2022-01-11,0.020902036003756036,13459481.691532789,0.037297990113936634,20400794.551968187
2022-01-12,0.007833962958393616,13564922.772543436,0.008733962958393616,20578974.335906874
2022-01-13,-0.006054446694155607,13482794.670706734,-0.013930418335804396,20292300.61448591
2022-01-14,-0.007521307286717982,13381386.428904627,-0.00957018175999973,20098099.609276723
2022-01-18,-0.006453541891731412,13295029.091016244,-0.006077020418946144,19975963.047569133
2022-01-19,0.0012781127936759118,13312021.637789764,0.0012781127936759118,20001494.581506226
2022-01-20,-0.010595645793259582,13170972.171723535,-0.010145645793259583,19798566.502146464
2022-01-21,-0.01474555771343166,12976758.841423383,-0.0008917291792721041,19780911.542688742
2022-01-24,-0.014195594433074814,12792546.03585472,-0.013745594433074815,19509011.155106414
2022-01-25,-0.0002704869467194332,12789085.819136715,0.00042956493385930576,19517391.542192917
2022-01-26,-0.012846059366981771,12624796.46345466,-0.01239605936698177,19275452.797947265
2022-01-27,-0.003521994735681111,12580331.996771326,0.002220772590547892,19318259.195191346
2022-01-28,0.004858075494990393,12641448.199363682,0.0034786724731549973,19385461.091682933
2022-01-31,0.006610800801212079,12725018.295248516,0.006610800801212079,19513614.513399694
2022-02-01,0.01517631889518949,12918137.230844326,0.01517631889518949,19809759.350052845
2022-02-02,0.000358493103770563,12922768.293955147,0.000358493103770563,19816861.012167193
2022-02-03,-0.017274713189096434,12699531.178067923,-0.017274713189096434,19474530.421873815
2022-02-04,0.014463507986277602,12883210.94868389,0.014463507986277602,19756200.448159594
2022-02-07,0.012017897359154504,13038040.055521507,0.012017897359154504,19993628.43735246
2022-02-08,0.0029922538058596965,13077053.180498593,0.0034422538058596964,20062451.58093388
2022-02-09,0.018741520724710376,13322137.043699047,0.027251151320031905,20609176.484816723
2022-02-10,-0.019041822898617455,13068459.269481817,-0.019041822898617455,20216740.19610649
2022-02-11,-0.027075328736938884,12714626.438675303,-0.027075328736938884,19669365.309307624
2022-02-14,-0.015261727726206967,12520579.271827808,-0.014811727726206968,19378028.025798857
2022-02-15,0.024883785547928514,12832138.68136381,0.03960203907767901,20145437.448924903
2022-02-16,-0.00903557223531377,12716192.965374783,-0.011737791471088254,19908974.50505557
2022-02-17,-0.013118665001201712,12549373.489771392,-0.02167566313844943,19477434.28025201
2022-02-18,-0.004427351446993832,12493813.002892587,-0.00891147703881364,19303861.57188854
2022-02-22,-0.001975599644896369,12469130.23036067,-0.003081598452981171,19244374.821932048
2022-02-23,-0.020662154740241554,12211491.132064734,-0.020662154740241554,18846744.571482077
2022-02-24,0.006652365676118731,12292726.43652591,0.006652365676118731,18972120.008175984
2022-02-25,0.046082259467355606,12859203.045735117,0.046082259467355606,19846398.165038556
2022-02-28,-0.025652075469174928,12529337.798732476,-0.025652075469174928,19337296.861517694
2022-03-01,-0.0017722784535311523,12507132.32331477,-0.0017722784535311523,19303025.78694049
2022-03-02,0.026579330567351355,12839563.527785758,0.026579330567351355,19816087.290281687
2022-03-03,0.010842925597673124,12978781.959824137,0.010842925597673124,20030951.650407206
2022-03-04,-0.0014615449495136933,12959812.886599917,-0.0014615449495136933,20001675.514188603
2022-03-07,-0.034982254796256135,12506449.410089076,-0.034532254796256136,19310972.558980603
2022-03-08,0.015853325505674504,12704718.22350747,0.022353957447277216,19742649.217829596
2022-03-09,0.00455018115974324,12762526.99300792,0.00455018115974324,19832481.848343983
2022-03-10,-0.0060361352100501645,12685490.654456211,-0.0060361352100501645,19712770.306356512
2022-03-11,-0.017004839179594132,12469775.925962938,-0.017004839179594132,19377557.81751264
2022-03-14,-0.011480124206829291,12326621.349501554,-0.011480124206829291,19155101.04694258
2022-03-15,0.02385343943758178,12620653.66533189,0.02385343943758178,19612016.089686584
2022-03-16,0.028399149446648383,12979069.494888043,0.028399149446648383,20168980.665567666
2022-03-17,-0.0019603442275021865,12953626.050925389,-0.0019603442275021865,20129442.520745315
2022-03-18,0.011630070821340778,13104277.639290815,0.011630070821340778,20363549.36285569
2022-03-21,0.009965805527873505,13234872.32182725,0.009965805527873505,20566488.53566316
2022-03-22,-0.006425713118532649,13149828.829126779,-0.006425713118532649,20434334.180477403
2022-03-23,-0.004569423303628406,13089741.694836244,-0.004569423303628406,20340961.057678998
2022-03-24,0.012659179334314364,13255447.082391025,0.012659179334314364,20598460.931540456
2022-03-25,-6.1489268721804e-05,13254632.014643349,-6.1489268721804e-05,20597194.34724098
2022-03-28,-0.01210675844991964,13094161.38649949,-0.01210675844991964,20347829.090532884
2022-03-29,0.006740895762236392,13182427.763499781,0.007190895762236393,20494148.208510708
2022-03-30,-0.00355324442012605,13135587.375605412,-0.007006334132734982,20350559.358396087
2022-03-31,0.00875444969422685,13250582.21448927,0.00875444969422685,20528717.306548543
2022-04-01,0.0010624724440613687,13264660.592959933,0.0010624724440613687,20550528.502998676
2022-04-04,0.00879391425012181,13381308.880771395,0.00924391425012181,20740495.82627508
2022-04-05,-0.011721606405620233,13224458.444878962,-0.019954372845722754,20326632.23955243
2022-04-06,-0.0021173690291297013,13196457.38614076,-0.002739717094845195,20270943.017725095
2022-04-07,0.009406983313574833,13320596.240570487,0.013536634336019527,20545343.36100233
2022-04-08,0.0005935149521584361,13328502.213610934,-0.0002622474429635033,20539955.397241097
2022-04-11,-0.006540448987591818,13241327.824801808,-0.0112178703726866,20309540.84013408
2022-04-12,0.005418297591119103,13313073.279458147,0.010054956246659207,20513752.384671368
2022-04-13,-0.0019025715749909412,13287744.204660878,-0.002106525722313324,20470539.637611892
2022-04-14,-0.0075623063818298355,13187258.21186185,-0.012789901763781732,20208723.446595233
2022-04-18,0.009943595559131352,13318386.974054439,0.016316635272214476,20538461.816390377
2022-04-19,0.0014523938835856003,13337730.51783478,0.003248517670554317,20605181.37252693
2022-04-20,-0.0047977293425098535,13273739.696766876,0.0020231509404470384,20646868.76459884
2022-04-21,-0.001389999146685894,13255289.209915038,-0.023193398011442136,20167997.719651483
2022-04-22,-0.0037322249408998746,13205817.488926953,-0.00742002782314467,20018350.615434553
2022-04-25,-2.7498541214321555e-05,13205454.348210463,-2.7498541214321555e-05,20017800.139995113
2022-04-26,-0.01198414682148441,13047198.2444571,-0.01198414682148441,19777903.884074282
2022-04-27,0.005609095911342443,13120381.230784558,0.005609095911342443,19888840.043885365
2022-04-28,0.006698451699885245,13208267.470743047,0.006698451699885245,20022064.478286073
2022-04-29,-0.007287041474661516,13112018.27787532,-0.007287041474661516,19876162.864024453
2022-05-02,-0.010515983386221095,12974132.511505356,-0.010515983386221095,19667145.46556455
2022-05-03,0.015953618346540098,13181116.86997135,0.015953618346540098,19980907.59828805
2022-05-04,0.023544399105076084,13491458.346208606,0.023544399105076084,20451346.061263792
2022-05-05,-0.030902218939987465,13074542.346574347,-0.030452218939987463,19828557.193388738
2022-05-06,-0.00036411626193388305,13069781.693088615,0.001542055270542486,19859133.924516056
2022-05-09,-0.03025558832980387,12674347.75862212,-0.03025558832980387,19258284.143909454
2022-05-10,0.011431316118486266,12819232.234446555,0.011431316118486266,19478431.677858114
2022-05-11,-0.006445727030082958,12736602.962728074,-0.006445727030082958,19352879.02428852
2022-05-12,-0.013190615399683941,12568599.331548253,-0.01274061539968394,19106311.43576345
2022-05-13,0.0207836117485034,12829820.220277652,0.03362617406040555,19748783.58975475
2022-05-16,-0.006443890782979156,12747146.260012925,-0.006443890782979156,19621524.58520568
2022-05-17,0.021926233961364238,13026643.171249697,0.021926233961364238,20051750.72393956
2022-05-18,-0.03261845286532357,12601734.224974899,-0.03261845286532357,19397693.63808352
2022-05-19,0.020817887999297145,12864075.716667335,0.020817887999297145,19801512.65168582
2022-05-20,-0.016837046121274006,12647482.680518247,-0.016387046121274007,19477024.350591652
2022-05-23,0.007459852890134022,12741831.04074543,0.016480200905869324,19798009.62493791
2022-05-24,-0.012805267987709328,12578668.479614573,-0.013898098706730177,19522854.93297373
2022-05-25,-0.0022269711865101735,12550656.147345807,0.0022980697494207392,19567719.815317526
2022-05-26,-6.714465300231564e-05,12549813.437893841,0.018837463877557102,19936326.03050473
2022-05-27,0.0008046527407333359,12559911.679672336,0.012064369163793963,20176845.227506496
2022-05-31,4.473773968949324e-06,12559967.86987826,0.0009106769506464384,20195219.815391947
2022-06-01,0.0007108476431405996,12568896.093436485,-0.011519048095014493,19962590.107049055
2022-06-02,0.015667724305445208,12765822.092252238,0.03349333690665697,20631203.863033947
2022-06-03,-0.00978907243435353,12640856.535107108,-0.025735672254431685,20100245.962200537
2022-06-06,-0.0025162352406659758,12609049.166421268,-0.006462535803297798,19970347.403014727
2022-06-07,0.0051727205448099944,12674272.254094936,0.014275625965131789,20255436.612933908
2022-06-08,-0.0012979019837385192,12657822.290993905,-0.002758678023147443,20199558.38510055
2022-06-09,-0.015269189230160917,12464547.60719097,-0.023014020734335106,19734685.329601433
2022-06-10,-0.011173832754966539,12325270.8368619,-0.015626991756025787,19426291.564647987
2022-06-13,-0.008502889060056418,12220470.426300913,-0.014314351642182954,19148216.796088044
2022-06-14,0.009363224989700925,12334893.440382356,0.014724429750198297,19430163.36914361
2022-06-15,0.014064680114979078,12508379.770873688,0.020857310354944557,19835424.31678111
2022-06-16,-0.02504387880241153,12195121.42387739,-0.03953767273120966,19051177.801659543
2022-06-17,0.004558892967823552,12250717.67717846,0.006551003935899259,19175982.142421734
2022-06-21,0.029142243834718765,12607731.078877095,0.02959224383471877,19743442.48175049
2022-06-22,-0.022754001244634097,12320854.750216315,-0.02599803307117122,19230151.811171174
2022-06-23,-0.009245996884375014,12206936.165582977,-0.004144492902617059,19150452.583473526
2022-06-24,0.00895771522083788,12316282.423473215,0.02403868022601239,19610804.189311057
2022-06-27,0.014914628930070607,12499975.20561727,0.017276777976951728,19949615.69923926
2022-06-28,-0.0034140226782312256,12457300.006787963,-0.011241652849605243,19725349.04506538
2022-06-29,-0.0023414428288402282,12428131.951020358,-0.010907945321836088,19510186.016227674
2022-06-30,0.0005137029132039729,12434516.31860928,0.0018746638512880612,19546761.0566842
2022-07-01,-0.01316463262350121,12270820.479423858,-0.014010872495633764,19272893.879816376
2022-07-05,-0.004131544626222903,12220123.037012748,-0.004131544626222903,19193267.058675457
2022-07-06,0.022836237922633982,12499184.67412983,0.022836237922633982,19631569.071740024
2022-07-07,0.043137412528621154,13038367.15968919,0.043137412528621154,20478424.165371794
2022-07-08,-0.024785479768978262,12715204.974232204,-0.024335479768978263,19980071.888394836
2022-07-11,-0.0012854165009467565,12698860.639945406,-0.0006021528773531236,19968040.830617514
2022-07-12,-0.006398771579099377,12617603.53139558,-0.009128418002778372,19785764.20721909
2022-07-13,0.013336334226097734,12785876.109222662,0.03428498904618793,20464118.91633406
2022-07-14,-0.022143997304103463,12502745.703129435,-0.021693997304103464,20020170.375732254
2022-07-15,0.002982080291128847,12540029.894675734,0.024419862217404775,20509060.177876607
2022-07-18,0.0495955555182777,13161959.643517984,0.05004555551827769,21535447.487636227
2022-07-19,0.00698286569081934,13253867.839936655,0.014857941395751629,21855419.904338814
2022-07-20,0.008231302665970719,13362964.437621951,0.008470983155142097,22040556.798197027
2022-07-21,-0.0689338676548993,12441803.615601795,-0.10116686385777234,19810782.78924433
2022-07-22,0.0020966862910966277,12467890.174679143,-0.009300454144872083,19626533.51233894
2022-07-25,0.012087259203393746,12618592.794939937,0.03326859719915045,20279480.75017657
2022-07-26,-0.01397546548732318,12442242.08683567,-0.017109175975708046,19932515.545325816
2022-07-27,0.012178206757455134,12593766.283495465,0.014962160586953299,20230749.043816924
2022-07-28,-0.0063407152997449695,12513912.796940291,-0.009051148307894274,20047637.533841547
2022-07-29,0.01384703150638857,12687193.341707723,0.016843443654872135,20385308.787056107
2022-08-01,-0.007663357163669581,12589966.847725686,-0.013027150856611946,20119746.294228513
2022-08-02,-0.007028254758134366,12501481.353323406,-0.01833019263223381,19750947.468943633
2022-08-03,0.005798730262395568,12573974.071571697,0.022908581777926762,20203413.664227467
2022-08-04,0.0016043522065539717,12594147.154618576,0.005500239061387946,20314537.269236825
2022-08-05,0.0035790178545720194,12639221.832148064,-0.006983172381310443,20172677.35363919
2022-08-08,0.007641269923746385,12735801.537793616,0.025555174468962293,20688193.64291753
2022-08-09,-0.004546167822008329,12677902.446655015,-0.015675499881282872,20363895.865924016
2022-08-10,0.003425205533526787,12721326.86826881,0.01737193341966172,20717656.109071773
2022-08-11,-0.0016207625513238399,12700708.61807757,-0.010876836093070285,20492313.5593408
2022-08-12,-0.0019769333091074204,12675600.164161224,0.011117440503602815,20720135.636117946
2022-08-15,-0.007967073200269664,12574612.729796002,-0.009850142186163324,20516039.353985596
2022-08-16,0.002304101152476851,12603585.909478676,0.0007171044959455308,20530751.498045333
2022-08-17,-0.0025793316832388833,12571077.081019934,-0.009748682958414067,20330603.710792907
2022-08-18,0.01070071496085081,12705596.593614815,0.0077795542046611,20488766.744374502
2022-08-19,0.01127195204827866,12848813.469162814,0.02050628252350717,20908915.183792885
2022-08-22,0.0002551745242033781,12852092.159026386,0.007499483838082965,21065721.25528559
2022-08-23,0.00032306669184531444,12856244.241923494,0.007105683337334002,21215407.599798195
2022-08-24,-0.01657202814780374,12643190.200471297,-0.022715553287728965,20733487.87794409
2022-08-25,0.013339473806132452,12811843.704976436,0.026434650222574695,21281570.377891533
2022-08-26,-0.029083327676626095,12439232.656362886,-0.036102948448501836,20513242.939635355
2022-08-29,-0.00922561325099402,12324473.106736146,-0.01165381600371187,20274185.3807774
2022-08-30,-0.01455658471782143,12145070.86985543,-0.016452399926571725,19940626.374707397
2022-08-31,0.00024195691927066945,12148009.453787424,-0.0036679388892804977,19867485.375750992
2022-09-01,-0.0044631636021015605,12093790.900155295,-0.005846367732792346,19751332.75031848
2022-09-02,-0.004923715296115283,12034244.51691218,0.0188259936936737,20123171.216117624
2022-09-06,-0.006746717240837684,11953052.871949472,-0.021433165275783417,19691867.961569685
2022-09-07,0.011902007642892287,12095318.198587308,0.012338265395145886,19934831.454605702
2022-09-08,0.004400398673016314,12148542.420738082,0.005578498297068779,20046037.877927575
2022-09-09,0.005898026996118244,12220194.851899082,0.001854644191696376,20083216.145644404
2022-09-12,0.024941968490642473,12524990.56684466,0.03414665278759692,20768990.75422798
2022-09-13,-0.028888127079245145,12163167.047683306,-0.04196834916130117,19897350.498526707
2022-09-14,0.004651847316526453,12219748.243674533,0.024801405062968174,20390832.74792052
2022-09-15,-0.006508569657186059,12140215.1610373,-0.014408084850684545,20097039.899512365
2022-09-16,0.006511609173825205,12219267.49745212,0.006585239532578479,20229383.721146442
2022-09-19,0.0001707635029696618,12221354.10237371,0.00328050926422293,20295746.40185319
2022-09-20,-0.004645601692824852,12164578.55906711,-0.01837238866768599,19922865.06065755
2022-09-21,-0.003790389579605191,12118470.067256533,-0.0006800195903806094,19909317.122119796
2022-09-22,0.0005403598126884849,12125018.401472148,-0.0033830815094773813,19841962.27949763
2022-09-23,-0.010347186819882186,11999558.570877604,-0.019261979496962355,19459766.808890443
2022-09-26,0.008167125502196048,12097560.471696913,0.008167125502196048,19618697.16666212
2022-09-27,0.025313466648462565,12403791.66522497,0.025313466648462565,20115314.403076705
2022-09-28,0.011938418105759418,12551873.316221159,0.011938418105759418,20355459.43674944
2022-09-29,-0.03537528531240079,12107847.216454726,-0.03492528531240079,19644539.208255965
2022-09-30,0.0008111842966035621,12117668.911982391,-0.0020487417410607334,19604292.620796107
2022-10-03,0.01621043050414676,12314101.541752342,0.02505647213567863,20095507.032588776
2022-10-04,-0.0018936434211273545,12290783.02438071,-0.0009936434211273548,20075539.264231626
2022-10-05,0.001479106288595422,12308962.398843832,-0.011242010193551276,19849849.8471821
2022-10-06,-0.0075384264076667805,12216172.191645412,-0.005680989820264392,19737083.05226648
2022-10-07,-0.008478597965643268,12112596.17895338,-0.018256045574110612,19376761.964564294
2022-10-10,0.004035603836164592,12161477.818559077,-0.0027229759820322046,19323999.50712523
2022-10-11,-0.0028119868789748532,12127279.902504344,-0.010499749863899342,19121102.3459303
2022-10-12,-0.006658433827969417,12046531.211760256,-0.017601539090040173,18784541.51554375
2022-10-13,0.03321913275318817,12446706.531299144,0.03321913275318817,19408547.693856373
2022-10-14,-0.03007563547080703,12072363.922851676,-0.03007563547080703,18824823.288398176
2022-10-17,0.04020729332532007,12557761.000227787,0.04065729332532007,19590189.650631893
2022-10-18,0.004385588616465435,12612834.17391868,0.009689306665355401,19780005.00578934
2022-10-19,-0.0029849792026348408,12575185.12622325,-0.005224560583139392,19676663.17130179
2022-10-20,0.007804067888939303,12673322.724664275,0.00407870396533353,19756918.455403116
2022-10-21,0.008080750002851682,12775732.677307747,0.027970028581898364,20309520.029290974
2022-10-24,-0.004534705919374365,12717798.486711616,-0.01394539467850281,20026295.756751552
2022-10-25,0.0016749179737005626,12739099.75598291,0.027933261998110012,20585695.522976533
2022-10-26,0.006609434606425579,12823298.002764812,-0.006205091587744372,20457959.396859042
2022-10-27,-0.007215223902084077,12730775.036511717,-0.02043935510731243,20039811.89997566
2022-10-28,-0.009404195479160615,12611052.339467144,-0.0023025960765850834,19993668.307719275
2022-10-31,-0.0057504805381102695,12538532.728423947,-0.01807905784431817,19632201.62186391
2022-11-01,0.008877961127155531,12649849.334578462,0.006727284733678474,19764273.03212317
2022-11-02,-0.0031692621611035363,12609758.645738723,-0.009488615140735622,19576737.451784935
2022-11-03,-0.0007584113946791593,12600195.26109764,-0.007502446929597051,19429864.017998267
2022-11-04,0.024814653982532502,12912864.746614123,0.04041301930963352,20215083.487741183
2022-11-07,-0.017790670631371654,12683136.22299966,-0.01846345678493373,19841843.167361446
2022-11-08,0.002947766455294154,12720523.146505745,0.01092984966582825,20058711.53027365
2022-11-09,-0.0032247424614070264,12679502.735383896,-0.022943589890557427,19598492.679190055
2022-11-10,0.00948510545036516,12799769.155887203,0.04106704233440644,20403344.807736907
2022-11-11,0.0069248347757021106,12888405.44245885,0.0043044223287010625,20491169.420707513
2022-11-14,-0.012135436759703664,12731999.01327847,-0.016892609807422174,20145020.09118572
2022-11-15,0.0027594998434270377,12767132.962562125,0.0036134675330444675,20217813.467237744
2022-11-16,-0.011890559256321393,12615324.611537443,-0.021404978084173985,19785051.613061603
2022-11-17,0.001745702367151014,12637347.213574184,0.005793968395220962,19899685.5768055
2022-11-18,-0.00048234862153188576,12631251.606565896,0.0032138211060686373,19963639.606316365
2022-11-21,0.004912691221434495,12693305.045449203,0.020599979967138294,20374890.182277653
2022-11-22,0.00826465409229824,12798210.820937863,0.0048842810141408455,20474406.87156016
2022-11-23,-0.005765327199206759,12724424.947990729,-0.001746401143154774,20438650.343994252
2022-11-25,-0.014866834120402666,12535253.033011438,-0.026800333697242287,19890887.69445395
2022-11-28,0.0017949744709484464,12557753.492192572,0.00077876942420938,19906378.109610777
2022-11-29,-0.003580700341466025,12512787.939975033,0.00494056874861153,20004726.93919716
2022-11-30,0.015888829531007318,12711601.49451094,0.02075880393435019,20420001.14348817
2022-12-01,-0.005295637845532741,12644285.456559276,-0.008973702028658036,20236758.13780165
2022-12-02,-0.0033458593945187793,12601979.45527747,-0.0037338350068507713,20161197.42184155
2022-12-05,-0.008413281823894864,12495955.450581286,-0.015330081319839272,19852124.625859387
2022-12-06,0.011507068567994477,12639747.26677373,0.011957068567994479,20089497.84123116
2022-12-07,-0.008207007010031964,12536012.772350287,-0.015062739509815702,19786894.96836569
2022-12-08,-0.00441066599014696,12480720.607163234,-0.004676414698564479,19694363.241896674
2022-12-09,-0.006928288927463361,12394250.568773862,-0.00647828892746336,19566777.466573257
2022-12-12,-0.0139747879002851,12221043.54589226,-0.022236005014381166,19131690.50471125
2022-12-13,0.024514074453010962,12520631.11726975,0.03672380902019814,19834279.053039808
2022-12-14,-0.018635481083356463,12287303.132932188,-0.018635481083356463,19464657.72094487
2022-12-15,-0.010507167548991087,12158198.380189227,-0.010057167548991086,19268898.396961566
2022-12-16,0.0035669589039231957,12201566.174157105,0.0036821374987530244,19339849.13030868
2022-12-19,-0.01677969927901357,11996827.563021766,-0.01677969927901357,19015332.27780061
2022-12-20,0.030880695503462417,12367297.942002986,0.030880695503462417,19602538.963768527
2022-12-21,0.01089289404681183,12502013.608130578,0.01089289404681183,19816067.34374936
2022-12-22,-0.031765125723670184,12104885.574069275,-0.03131512572367019,19195524.70353113
2022-12-23,0.004656590420229651,12161253.06827146,0.005949463678698241,19309727.780548345
2022-12-27,0.0006250693332279405,12168854.694618061,0.0010750693332279406,19330487.076718196
2022-12-28,-0.009218096901159134,12056681.012866946,-0.007305136062566442,19189275.238467086
2022-12-29,0.003217598682462097,12095474.573808812,0.0014195950893209908,19216516.239363242
2022-12-30,-0.005083129871444658,12033991.705693383,-0.0007946225495840233,19201246.362234995
2023-01-03,0.0,12033991.705693383,-0.022877885151371156,18761962.4531966
2023-01-04,0.0,12033991.705693383,0.011851757808256778,18984324.688199498
2023-01-05,0.0,12033991.705693383,-0.0042252086760916074,18904111.954817176
2023-01-06,0.0,12033991.705693383,0.019260032886301494,19268205.77275328
2023-01-09,0.0,12033991.705693383,-0.0009763690543248323,19249392.8929044
2023-01-10,0.0,12033991.705693383,0.0028225859558080766,19303725.958941743
2023-01-11,-0.00045,12028576.409425821,0.01357411605498915,19565756.975402124
2023-01-12,-0.006839571394981586,11946306.102293562,-0.008151681822352186,19406263.14992518
2023-01-13,0.0,11946306.102293562,-0.0016754054793980068,19373749.790309153
2023-01-17,0.0,11946306.102293562,0.0089413645014212,19546977.54894364
2023-01-18,0.0,11946306.102293562,-0.013372747978284315,19285580.744444434
2023-01-19,0.0,11946306.102293562,0.006198948401314918,19405131.064368635
2023-01-20,-0.00045,11940930.26454753,0.018917718229361342,19772231.86604819
2023-01-23,0.0014335134057966885,11958047.748159444,0.0007182979576487621,19786434.21981573
2023-01-24,0.0,11958047.748159444,-0.0011106345482753688,19764458.722384024
2023-01-25,0.0,11958047.748159444,-0.014637113008321134,19475164.106516194
2023-01-26,0.0,11958047.748159444,0.016620079208394544,19798842.876562975
2023-01-27,0.0,11958047.748159444,-0.007366569745143358,19652993.319639638
2023-01-30,-0.00045,11952666.626672773,-0.020971302124837474,19240844.45907606
2023-01-31,0.009200647169507453,12062638.895039534,0.031053527990191565,19838340.561040904
2023-02-01,0.0,12062638.895039534,-0.00923563977859375,19655120.793814063
2023-02-02,-0.00045,12057210.707536768,0.0006635571856889334,19668163.090452388
2023-02-03,-0.005616279209143427,11989494.045719767,-0.024530700386183612,19185689.274533905
2023-02-06,-0.0014284493642718716,11972367.660572216,-0.009567076119678719,19002138.324835934
2023-02-07,0.0,11972367.660572216,0.04304334082547525,19820053.841164675
2023-02-08,-0.00045,11966980.09512496,-0.019206621070977467,19439377.577431053
2023-02-09,0.0042620789702593415,12017984.309325904,0.008099881374243754,19596834.22979738
2023-02-10,-0.004653405575122876,11962059.75413915,-0.004417684230313601,19510261.604256332
2023-02-13,0.0,11962059.75413915,0.0009858762212461842,19529496.307242263
2023-02-14,0.0,11962059.75413915,0.004731155813428111,19621893.397229593
2023-02-15,0.0,11962059.75413915,-0.009310542950881595,19439202.91597707
2023-02-16,0.0,11962059.75413915,0.011930029514353247,19671113.180500176
2023-02-17,0.0,11962059.75413915,-0.008508746595783412,19503736.663190324
2023-02-21,0.0,11962059.75413915,-0.004806495659139676,19409992.037581697
2023-02-22,0.0,11962059.75413915,0.005980824330805023,19526079.790220797
2023-02-23,0.0,11962059.75413915,-0.00622010152770136,19404625.591487624
2023-02-24,0.0,11962059.75413915,-0.01448240498285843,19123599.945130963
2023-02-27,-0.00045,11956676.827249788,-0.0007481949053063652,19109291.7650809
2023-02-28,0.017784444535356606,12169319.683111195,0.04606735751443203,19989606.340670478
2023-03-01,0.0,12169319.683111195,0.005362471221414777,20096800.029399734
2023-03-02,0.0,12169319.683111195,-0.03832753576247644,19326539.20756158
2023-03-03,0.0,12169319.683111195,0.0313213505404343,19931872.516815066
2023-03-06,0.0,12169319.683111195,-0.009991304000466772,19732727.119201016
2023-03-07,0.0,12169319.683111195,-0.0213131715616365,19312160.120730527
2023-03-08,0.0,12169319.683111195,0.013114564016992892,19565430.680940267
2023-03-09,0.0,12169319.683111195,-0.007639453285708087,19415961.487238467
2023-03-10,0.0,12169319.683111195,-0.013649576710678834,19150941.83150682
2023-03-13,0.0,12169319.683111195,-0.01914954537629814,18784210.001905534
2023-03-14,-0.00045,12163843.489253797,0.03544317839013578,19449982.107920848
2023-03-15,-0.016647385056234025,11961347.302924423,-0.025185111431087447,18960132.141200203
2023-03-16,-0.0009,11950582.090351792,0.028389782745116388,19498406.17350758
2023-03-17,-5.134105098593628e-05,11949968.534907378,0.0007029179230126359,19512111.95267712
2023-03-20,-0.0036487002602130164,11906366.681604523,-0.017784140557572048,19165105.811135627
2023-03-21,0.030813807931531385,12273247.177693872,0.04455147574800735,20018939.55788843
2023-03-22,-0.00036331565754233423,12268788.114825329,-0.004076349800058443,19937335.35762425
2023-03-23,0.0,12268788.114825329,-0.0029457511499998753,19878604.9290666
2023-03-24,0.0,12268788.114825329,-0.0069367998652863135,19740711.025072567
2023-03-27,0.0,12268788.114825329,0.007811974678526734,19894924.959736552
2023-03-28,0.0,12268788.114825329,-0.005368353540573977,19788121.968889497
2023-03-29,0.0,12268788.114825329,0.0002832898590889531,19793727.7431737
2023-03-30,0.0,12268788.114825329,-0.0011386628726421045,19771189.360281363
2023-03-31,0.0,12268788.114825329,-0.0005614280616518036,19760089.25976227
2023-04-03,0.0,12268788.114825329,-0.0030519153921115478,19699783.1392009
2023-04-04,-0.00045,12263267.160173658,0.006092763212656815,19819809.25320874
2023-04-05,0.00036579480073042344,12267752.999540819,-0.006317199614788582,19694603.56182919
2023-04-06,0.0031886244112808,12306870.25622672,0.008092464742910676,19853981.446778893
2023-04-10,0.0,12306870.25622672,0.005836457401635631,19969858.36374588
2023-04-11,-0.00045,12301332.164611418,0.007825152122736111,20126125.54331169
2023-04-12,-0.0008723585403472955,12290600.99243997,-0.006852436436012121,19988212.547322944
2023-04-13,0.0008592155123686,12301161.267469008,0.004978618066679341,20087726.223431673
2023-04-14,0.0,12301161.267469008,-0.0055943703485974335,19975348.043476563
2023-04-17,0.0,12301161.267469008,0.0033666468500503253,20042597.986045793
2023-04-18,-0.00045,12295625.744898645,0.007233644182778543,20187579.00837532
2023-04-19,-0.004545268396953911,12239738.825779585,-0.013142887228078638,19922255.934060317
2023-04-20,-0.00045,12234230.943307985,-0.005932421538234511,19804068.713866875
2023-04-21,-0.0029105043137926724,12198623.161371551,-0.02075333430077473,19393068.25533248
2023-04-24,0.002780669876162567,12232543.505327037,0.010690290964682436,19600385.797679935
2023-04-25,-0.00428589870104078,12180116.06300713,-0.0014608236898563613,19571753.08977636
2023-04-26,-0.00127773009837433,12164553.162111733,0.004337916906911299,19656653.728402395
2023-04-27,1.7472672175444792e-05,12164765.709361294,0.0066135589280137625,19786654.166162744
2023-04-28,-0.0003975212311649656,12159929.956719674,-0.00047051977364067634,19777344.154123377
2023-05-01,0.004771772996846213,12217954.382130692,0.004388481168961611,19864136.656515818
2023-05-02,-0.005688474688235662,12148452.857885923,-0.013142989232510604,19603062.52232611
2023-05-03,-0.00045,12142986.054099876,0.004284745430890169,19687056.654900104
2023-05-04,-0.0008841189508164925,12132250.210009946,-0.0016604418503356365,19654367.44212038
2023-05-05,0.0006524448342672466,12140165.833987504,0.01009064296624107,19852692.64670613
2023-05-08,-0.00045,12134702.75936221,0.004499654769724638,19942022.90986576
2023-05-09,-0.00018624312509745683,12132442.754398178,8.174824232659583e-05,19943653.135187075
2023-05-10,0.0,12132442.754398178,-0.007475499535828345,19794564.365432262
2023-05-11,-0.00045,12126983.155158699,-0.010123412912223717,19594175.816943403
2023-05-12,0.004422595482094027,12180615.896072133,0.010201777948037404,19794071.247702666
2023-05-15,-0.0021979663539918315,12153843.31216167,-0.007675660675439743,19642138.67341982
2023-05-16,-0.0069552659067638745,12069310.10013644,-0.013132059032161959,19384196.94884256
2023-05-17,0.01316824778298773,12228241.766104754,0.029327805883497614,19952692.9141657
2023-05-18,-0.0060977235353557365,12153677.328491557,-0.003420609376592742,19884442.54569523
2023-05-19,0.002907908190401493,12189019.106338574,0.003594458662336808,19955916.352449346
2023-05-22,-0.00045,12183534.047740722,-8.17888146411711e-05,19954284.181705803
2023-05-23,-0.003612335966653679,12139523.02949912,-0.0077194312136679814,19800248.45754714
2023-05-24,-0.005010965279695356,12078692.301086238,-0.009643796721638453,19609298.886384618
2023-05-25,0.005404256006541463,12143968.64650555,0.014727620155028653,19898097.19188972
2023-05-26,0.006123860101196493,12218336.611570066,0.01808561429824591,20257966.502971243
2023-05-30,0.0,12218336.611570066,-0.009730274753022461,20060850.92295981
2023-05-31,0.0,12218336.611570066,-0.006255399120180283,19935362.293746255
2023-06-01,0.0,12218336.611570066,0.019599326116725924,20326081.960596472
2023-06-02,0.0,12218336.611570066,0.0018360518422094628,20363401.700825125
2023-06-05,0.0,12218336.611570066,-0.0009574011532284433,20343905.756553102
2023-06-06,0.0,12218336.611570066,0.003957291144688535,20424412.514651887
2023-06-07,0.0,12218336.611570066,-0.0036384625483012133,20350099.054646272
2023-06-08,0.0,12218336.611570066,0.0009859923106181668,20370164.09583447
2023-06-09,0.0,12218336.611570066,-0.002548006240244627,20318260.790603478
2023-06-12,0.0,12218336.611570066,-0.004792498402311007,20220885.55822677
2023-06-13,-0.00045,12212838.36009486,0.009078165762635804,20404454.109191645
2023-06-14,0.006949906033266923,12297716.439096997,0.02371446516279316,20888334.825329885
2023-06-15,0.0,12297716.439096997,0.007253191602901499,21039841.92008356
2023-06-16,0.0,12297716.439096997,-0.010263664498286817,20823896.041518833
2023-06-20,0.0,12297716.439096997,-0.001621535542707575,20790129.35394986
2023-06-21,0.0,12297716.439096997,0.006274426218502926,20920575.48665435
2023-06-22,0.0,12297716.439096997,0.0028031955674076457,20979219.95112616
2023-06-23,0.0,12297716.439096997,-0.010793494996179341,20752780.845559932
2023-06-26,0.0,12297716.439096997,-0.0032748856237420744,20684817.86191614
2023-06-27,0.0,12297716.439096997,0.006166691697062821,20812374.756480474
2023-06-28,-0.00045,12292182.466699405,-0.01620852578031612,20475036.84369046
2023-06-29,-0.0013133097234253488,12276039.02394377,0.002707352914032712,20530469.99435415
2023-06-30,0.007031640091062319,12362359.712103978,0.01705972076817166,20880714.079697162
2023-07-03,0.0012013423100612375,12377211.137878325,0.005518052145288799,20995934.948819797
2023-07-05,-0.003527150515126203,12333554.851237532,-0.0026631230437123786,20940020.190633312
2023-07-06,-0.00045,12328004.751554476,-0.009848631349279425,20733789.651329294
2023-07-07,0.004770129041073451,12386810.925038358,0.015282921134460371,21050662.52338905
2023-07-10,0.0,12386810.925038358,0.005332576301802306,21162916.787498515
2023-07-11,0.0,12386810.925038358,0.005813472335817338,21285946.818787843
2023-07-12,0.0,12386810.925038358,0.019320510683400304,21697202.18170652
2023-07-13,0.0,12386810.925038358,0.007811157074991892,21866682.43603569
2023-07-14,0.0,12386810.925038358,-0.0026313836999207864,21809142.80430216
2023-07-17,0.0,12386810.925038358,0.002541974065142138,21864581.079693675
2023-07-18,0.0,12386810.925038358,0.010898290182593074,22102867.629021015
2023-07-19,0.0,12386810.925038358,0.0021731717115398004,22150900.955696315
2023-07-20,-0.00045,12381236.860122092,-0.01818344547880133,21748121.25586208
2023-07-21,0.002676554529374497,12414375.91571931,0.003200776176441966,21817732.12426021
2023-07-24,0.003074932655659541,12452549.285622187,0.007205817687474769,21974946.72430179
2023-07-25,0.0,12452549.285622187,0.021964158888747497,22457607.94572612
2023-07-26,0.0,12452549.285622187,-0.002006315826511629,22412550.89147901
2023-07-27,0.0,12452549.285622187,-0.015548485428206436,22064069.670533914
2023-07-28,0.0,12452549.285622187,0.016926974849720323,22437547.622929517
2023-07-31,0.0,12452549.285622187,0.00567001287519292,22564768.806839287
2023-08-01,0.0,12452549.285622187,0.00481887714311423,22673505.65548222
2023-08-02,0.0,12452549.285622187,-0.01895398914271603,22243752.2754609
2023-08-03,0.0,12452549.285622187,0.0043144318019880164,22339721.42767369
2023-08-04,0.0,12452549.285622187,0.0025317962157179186,22396281.049844466
2023-08-07,0.0,12452549.285622187,-0.0015538944009314659,22361479.594119426
2023-08-08,0.0,12452549.285622187,-0.0019502076153460669,22317870.06632457
2023-08-09,-0.00045,12446945.638443658,0.0029225414675823624,22383094.96706152
2023-08-10,-0.0022646773067036157,12418757.3231185,0.002562097929089236,22440442.648323234
2023-08-11,-0.00045,12413168.882323097,-0.02472693495177418,21885559.282669127
2023-08-14,0.004355244138817733,12467231.26334199,0.014838891563358225,22210316.723668102
2023-08-15,0.0,12467231.26334199,-0.0104069005148675,21979176.16712119
2023-08-16,0.0,12467231.26334199,-0.004064502879351639,21889841.74230415
2023-08-17,0.0,12467231.26334199,0.004217439700634484,21982160.82990875
2023-08-18,0.0,12467231.26334199,-0.005358314018274579,21864373.509381887
2023-08-21,0.0,12467231.26334199,0.013032373755821601,22149318.196893036
2023-08-22,0.0,12467231.26334199,0.0028802936671617706,22213114.737827495
2023-08-23,0.0,12467231.26334199,0.01413053079332327,22526997.83964599
2023-08-24,0.0,12467231.26334199,-0.013197706139930354,22229693.141943496
2023-08-25,0.0,12467231.26334199,-0.01879573567514383,21811869.705507968
2023-08-28,0.0,12467231.26334199,-0.004137188175132467,21721629.89608481
2023-08-29,0.0,12467231.26334199,0.013401636945768725,22012735.293822497
2023-08-30,0.0,12467231.26334199,0.009106926675791605,22213203.660076953
2023-08-31,0.0,12467231.26334199,-0.006426603365985106,22070448.21066579
2023-09-01,0.0,12467231.26334199,0.0046586193943299326,22173266.02874155
2023-09-05,0.0,12467231.26334199,-0.007725311527387134,22001970.64108989
2023-09-06,0.0,12467231.26334199,0.012263925851574674,22271801.17762074
2023-09-07,0.0,12467231.26334199,-0.011251482984689276,22021210.38563236
2023-09-08,0.0,12467231.26334199,0.002440908299477529,22074962.14082719
2023-09-11,0.0,12467231.26334199,0.025761614354576308,22643648.802391052
2023-09-12,0.0,12467231.26334199,-0.013720930567004606,22332956.86938981
2023-09-13,0.0,12467231.26334199,0.012424304899234717,22610428.334836565
2023-09-14,0.0,12467231.26334199,-0.005091752562418728,22495301.628425274
2023-09-15,0.0,12467231.26334199,0.002253006770612409,22545983.695301086
2023-09-18,0.0,12467231.26334199,-0.009034527854197083,22342291.377605613
2023-09-19,-0.00045,12461621.009273484,2.4731715836945334e-05,22342843.94080711
2023-09-20,-0.0019328276974181046,12437534.843032034,-0.007450039167435174,22176388.87833621
2023-09-21,-0.0033229659984886804,12396205.33764362,-0.01729456674903609,21792857.840627242
2023-09-22,0.0021039623076258567,12422286.48643161,0.004234111063550849,21885131.221116632
2023-09-25,0.0,12422286.48643161,0.0019301239719396676,21927372.237515558
2023-09-26,0.0,12422286.48643161,-0.00022228744559031898,21922498.05795237
2023-09-27,0.0,12422286.48643161,-0.003569166172393312,21844253.019469567
2023-09-28,0.0,12422286.48643161,0.01898550672127188,22258977.23199187
2023-09-29,0.0,12422286.48643161,0.0021209297084053614,22306186.958081916
2023-10-02,0.0,12422286.48643161,-0.028027947484804673,21680990.32143456
2023-10-03,0.0,12422286.48643161,0.005886046966494884,21808605.648746647
2023-10-04,0.0,12422286.48643161,0.009979232710486506,22026238.799606718
2023-10-05,0.0,12422286.48643161,-0.009309316538661249,21821189.57046504
2023-10-06,0.0,12422286.48643161,0.011237462237078421,22066404.364231266
2023-10-09,0.0,12422286.48643161,0.01077513327717321,22304172.812203858
2023-10-10,0.0,12422286.48643161,0.005162043832006302,22419307.9298971
2023-10-11,0.0,12422286.48643161,0.010460971044811807,22653835.66099647
2023-10-12,0.0,12422286.48643161,-0.01006764569358567,22425764.869960845
2023-10-13,0.0,12422286.48643161,0.005063932381364978,22539327.42686272
2023-10-16,0.0,12422286.48643161,0.007830672208884294,22715825.511751197
2023-10-17,0.0,12422286.48643161,0.012019609745272941,22988860.86944416
2023-10-18,0.0,12422286.48643161,-0.01998319146270191,22529470.06118064
2023-10-19,0.0,12422286.48643161,-0.0047529387426676895,22422388.870075084
2023-10-20,0.0,12422286.48643161,-0.01109728863636936,22173561.148866944
2023-10-23,0.0,12422286.48643161,0.00417806290401479,22266203.68215293
2023-10-24,0.0,12422286.48643161,0.00024836642901022716,22271733.85964908
2023-10-25,0.0,12422286.48643161,-0.01908996437133431,21846567.25378054
2023-10-26,0.0,12422286.48643161,-0.006491599389370028,21704748.091136068
2023-10-27,0.0,12422286.48643161,0.013846115128288417,22005274.532036435
2023-10-30,0.0,12422286.48643161,-0.008342923508582133,21821686.209830306
2023-10-31,0.0,12422286.48643161,-0.009040572517629974,21624405.67319337
2023-11-01,0.0,12422286.48643161,-0.002185385619908364,21577148.00799611
2023-11-02,0.0,12422286.48643161,0.009641719432487327,21785188.815242458
2023-11-03,0.0,12422286.48643161,0.007131633531642733,21940552.79829041
2023-11-06,0.0,12422286.48643161,-0.017049804477966158,21566470.662941065
2023-11-07,0.0,12422286.48643161,0.014630391233813931,21881996.566272464
2023-11-08,0.0,12422286.48643161,-0.005270921315318122,21766658.28414958
2023-11-09,-0.00045,12416696.457512718,0.0038174818030737297,21849752.10606304
2023-11-10,0.0017150809293216217,12437992.096812172,0.019055429177953706,22266108.509875968
2023-11-13,0.002025591661901416,12463186.38989427,-0.004662913871027852,22162283.563651454
2023-11-14,0.007913518368903898,12561814.044325769,0.04228202275255166,23099349.741538268
2023-11-15,0.0,12561814.044325769,-0.02450460555017127,22533309.28765642
2023-11-16,0.0,12561814.044325769,-0.008186610560328933,22348837.859882932
2023-11-17,0.0,12561814.044325769,-0.0003361827172651212,22341324.56684348
2023-11-20,0.0,12561814.044325769,-0.006290188340150349,22200793.427549604
2023-11-21,0.0,12561814.044325769,0.01949486771154949,22633594.95851112
2023-11-22,0.0,12561814.044325769,-0.011586122462455172,22371359.355556205
2023-11-24,-0.00045,12556161.228005825,0.005079141172044355,22484986.64793361
2023-11-27,-0.009010004157475354,12443030.163139561,-0.022751513531627555,21973419.169954684
2023-11-28,-0.00045,12437430.79956615,0.023306140432347085,22485534.762908474
2023-11-29,-0.0024545651574901625,12406902.315276837,-0.005255866048440916,22367353.804167066
2023-11-30,0.0019536948532581366,12431141.61647507,0.005049945804067835,22480307.728658516
2023-12-01,0.005465344418857215,12499082.086928697,0.01677575570013319,22857431.879178308
2023-12-04,0.0,12499082.086928697,-0.033393550074680776,22094141.08314236
2023-12-05,-0.00045,12493457.49998958,0.009472792469402401,22303434.296412665
2023-12-06,-0.0008175970555329533,12483242.885924162,0.006692913722693316,22452709.257878315
2023-12-07,-0.00045,12477625.426625496,0.005129459099030087,22567879.511679016
2023-12-08,0.003605803933896307,12522617.297474505,0.006478124977672017,22714077.055636715
2023-12-11,0.0,12522617.297474505,-0.020853990712381053,22240397.90367816
2023-12-12,0.0,12522617.297474505,0.028901281941746567,22883173.91398899
2023-12-13,0.0,12522617.297474505,0.013832063691588757,23199695.433032986
2023-12-14,0.0,12522617.297474505,0.006413620258558694,23348489.46965468
2023-12-15,0.0,12522617.297474505,-0.008648067160052786,23146570.16463532
2023-12-18,0.0,12522617.297474505,-0.015014831375964741,22799028.31668138
2023-12-19,0.0,12522617.297474505,0.026927926140808252,23412958.867275175
2023-12-20,0.0,12522617.297474505,-0.025723224865630098,22810702.06156251
2023-12-21,0.0,12522617.297474505,0.018458754080711424,23231759.20132527
2023-12-22,0.0,12522617.297474505,0.005796376706227879,23366419.229204528
2023-12-26,0.0,12522617.297474505,0.020448711778800498,23844232.401325155
2023-12-27,0.0,12522617.297474505,0.004796883210103031,23958610.39938887
2023-12-28,0.0,12522617.297474505,-0.010113968048858547,23716293.7793144
2023-12-29,0.0,12522617.297474505,0.00025098074442474476,23722246.112382125
2024-01-02,0.0,12522617.297474505,-0.02267835113176778,23184264.68541131
2024-01-03,-0.0009,12511346.941906778,0.005488432622770855,23311509.960045677
2024-01-04,-0.010139517395871323,12384487.921943532,-0.010698415885482159,23062113.73157455
2024-01-05,0.0003236656783765562,12388496.355628133,0.002336872270759271,23116006.945658963
2024-01-08,-0.0062167665467363735,12311479.965920098,-0.0062167665467363735,22972300.126985062
2024-01-09,0.019545751926552564,12552117.099182693,0.019545751926552564,23421311.006449424
2024-01-10,0.015804299351954723,12750494.515318966,0.016254299351954726,23802008.006763488
2024-01-11,-0.0012379839163498213,12734709.608183496,-0.0016468392988531755,23762809.92458633
2024-01-12,-0.007886342686604913,12634279.324198961,-0.007436342686604913,23586101.52679045
2024-01-16,-0.0011880498609692417,12619269.170404399,-0.0058532046558233625,23448047.247521114
2024-01-17,0.0018199419605326843,12642235.507878873,0.004455983562205857,23552531.360621892
2024-01-18,0.0034486888592334787,12685834.644630702,0.004885437750730925,23667595.78645635
2024-01-19,0.006998805962619409,12774620.339782348,0.010827602167404526,23923859.09789104
2024-01-22,-0.007468406455636561,12679214.282768412,-0.022685507547036264,23381134.2117716
2024-01-23,0.009012784048266697,12793489.303000702,0.019150722405921437,23828899.822596833
2024-01-24,0.0076162818751947525,12890928.123699645,0.011605219117650112,24105439.426370606
2024-01-25,-0.0014058098261998271,12872805.93027451,-0.001998889989469654,24057255.304809466
2024-01-26,-0.0025517310892016194,12839957.99117697,-0.0051846557943654005,23932526.716696855
2024-01-29,-0.005982185114922843,12763146.985605918,-0.010896855447925733,23671737.43256139
2024-01-30,0.016940644016898508,12979362.915224418,0.03251744990966099,24441481.968799353
2024-01-31,-0.007026532706626558,12888162.997189416,-0.007221142482038811,24264986.54503047
2024-02-01,0.0029236810602470296,12925843.875245677,0.0009864311007026674,24288922.28241662
2024-02-02,0.005043204351936653,12991031.54732977,-0.0017791800769463848,24245707.915801246
2024-02-05,-0.0069331595468366146,12900962.652934145,-0.010446464914552145,23992425.97873035
2024-02-06,0.027209146575434752,13251986.836722039,0.02810914657543475,24666832.597266756
2024-02-07,0.0011358207421753974,13267038.718246222,-0.008057189972064038,24468087.241021473
2024-02-08,0.001850033325019557,13291583.181999302,0.0004160876229906905,24478268.10928072
2024-02-09,0.008773620899192314,13408198.493988244,0.012897605136908408,24793979.145789597
2024-02-12,-0.0042382622828211975,13351371.032030592,-0.004119626368380335,24691837.21552353
2024-02-13,-0.0004006263047982461,13346022.12159004,0.0018469747831608263,24737442.416210517
2024-02-14,0.003084818193313188,13387192.173439082,0.009668122648446653,24976607.04349933
2024-02-15,-0.003450127256632068,13341004.656831728,-0.004376089498976254,24867307.175696213
2024-02-16,0.008944623369195919,13460334.918853777,0.016324065429765566,25273242.725094356
2024-02-20,-0.0035424725319667277,13412652.052132662,0.0024266861901986016,25334572.95419688
2024-02-21,-0.007748091355358827,13308729.598715099,-0.00679980391151177,25162302.82592645
2024-02-22,0.011055028611806138,13455857.985215684,0.013227346122309167,25495133.314639337
2024-02-23,0.0019837756502319114,13482551.388639733,0.004531262258941737,25610658.45001465
2024-02-26,-0.004498828829397122,13421895.697758695,-0.01870225499539535,25131681.385082502
2024-02-27,0.020384769845531406,13695497.952448234,0.029797207576604933,25880535.3120629
2024-02-28,-0.006794235749704319,13602447.510649709,-0.00487824691714075,25754283.670462877
2024-02-29,0.001849103190811885,13627599.839744503,0.007291011928355073,25942058.459910464
2024-03-01,0.00022112217434677207,13630613.204252193,-0.00373136409219732,25845259.19449547
2024-03-04,-0.014137164683350995,13437914.980648622,-0.029825754738519825,25074404.832606975
2024-03-05,0.014416595789879283,13631643.969183397,0.014416595789879283,25435892.391750462
2024-03-06,0.00906996612935626,13755282.518271333,0.00951996612935626,25678041.225789882
2024-03-07,0.012040125535603085,13920897.846569005,0.02022154845148507,26197290.980576426
2024-03-08,-0.010010418031662065,13781543.839748785,-0.007706045071261946,25995413.47553514
2024-03-11,-0.01022085711585713,13640684.64932679,-0.02043403507877989,25464222.284688666
2024-03-12,0.021899553024841,13939409.546099856,0.022799553024841,26044795.170904767
2024-03-13,-0.0069659344498339435,13842308.532932336,-0.002903112756696879,25969184.193798557
2024-03-14,-0.002452869464207574,13808355.157017767,-0.006554770978624279,25798962.138906498
2024-03-15,-0.004836028173344764,13741577.56245088,-0.0007109444314931327,25780620.51043554
2024-03-18,-0.0027649229517316127,13703583.15925546,-0.015249501201292481,25387478.906991586
2024-03-19,0.006858707640284983,13797572.029769128,0.0089340386034226,25614291.62359023
2024-03-20,0.009348706366018183,13926561.479239425,0.02992176978616179,26380716.56078691
2024-03-21,-0.0035825549523261116,13876668.807443103,-0.006148482018017776,26218515.199390486
2024-03-22,0.0005208983292924308,13883897.141041042,-0.0016637629880733584,26174893.804199502
2024-03-25,-0.0030174527026722952,13842003.138089184,-0.004328292477403638,26061601.208249945
2024-03-26,0.005997674601271447,13925022.968741221,0.009414225470543824,26306950.998147808
2024-03-27,0.002145456438337989,13954898.498923512,0.009487191929523742,26556530.091347814
2024-03-28,-0.0016559194106427195,13931790.311625596,-0.00031947786844077614,26548045.867721047
2024-04-01,0.0037856576211123816,13984531.29979454,0.0021684000041005905,26605612.650489476
2024-04-02,0.0021082292159059273,14014013.89725152,0.0059058129919704935,26762740.42334007
2024-04-03,-0.0021991777201086802,13983194.590119392,0.00865770586366671,26994444.358031012
2024-04-04,-0.01100074050687767,13829369.094976312,-0.022547689853117624,26385781.998888887
2024-04-05,-0.0009460455152544345,13816285.882365212,-0.008376557728042931,26164759.972775638
2024-04-08,-0.0048316656103608345,13749530.209004473,-0.006224374265792398,26001900.71413046
2024-04-09,0.011274415994958613,13904548.132316042,0.011724415994958614,26306757.814762536
2024-04-10,0.00033530841898389877,13909210.444366973,-0.0003978189676381084,26296292.487526763
2024-04-11,0.006863199656429453,14004672.132709956,0.011357510978821317,26594952.918156143
2024-04-12,-0.002936259860648898,13963550.776065132,-0.007629183760261927,26392055.135248017
2024-04-15,0.007649890464430724,14070370.409996547,0.004671044139618951,26515333.589720022
2024-04-16,0.0025702635048853615,14106534.969561579,-0.002757475985840452,26442218.19408982
2024-04-17,-0.0013257648694708802,14087833.021068972,0.008664203468565168,26671318.952683605
2024-04-18,-0.002627613679859003,14050815.638303243,0.007781573607609093,26878863.78432593
2024-04-19,-0.014613925439111601,13845478.066206375,-0.014659456711829466,26484834.244216446
2024-04-22,0.0008048970256943955,13856622.250321181,-0.0035828523075437267,26389942.99472964
2024-04-23,0.0024091040085082002,13890004.294528814,-0.0025821221680971673,26321800.937908128
2024-04-24,0.0013546397497608443,13908820.246470533,0.0022511874960664978,26381056.247053497
2024-04-25,-0.001768425643623972,13884223.532074118,0.0018554602396570479,26430005.24800006
2024-04-26,0.0032921767026556246,13929932.849320875,0.004711058496209763,26554518.54877852
2024-04-29,0.0023206735491615228,13962259.67602589,0.019305112892305142,27067156.527163498
2024-04-30,-0.008728752978487285,13840386.560292365,-0.029368925533625054,26272223.22271026
2024-05-01,0.0024325222140969944,13874053.608051969,0.012328417693096137,26596118.164326094
2024-05-02,0.0008467506580175097,13885801.472073955,0.006906406930086707,26779801.779129606
2024-05-03,0.0019709382422815835,13913169.529219998,0.0037362301773999017,26879857.28268158
2024-05-06,0.001877060077347936,13939285.38429267,0.003430848098839878,26972077.98993696
2024-05-07,-0.0042043216525508575,13880680.144930402,-0.012991863898884137,26621660.42362161
2024-05-08,0.0022616846458836104,13912073.866088612,0.004506723405982093,26741636.883758854
2024-05-09,-0.0002191170107622982,13909025.494049571,0.006901763442125364,26926201.33558577
2024-05-10,-0.004688405164144587,13843814.347095052,-0.008372245189531901,26700768.575981542
2024-05-13,-0.0028466978746418347,13804405.19021624,0.0003500586756216232,26710115.41166733
2024-05-14,0.0053138893592233,13877760.272066938,0.018276388906521078,27198279.868669026
2024-05-15,0.001610536442452881,13900110.910724724,0.0020138934300971355,27253054.305806477
2024-05-16,-0.0036521452270129595,13849345.687007168,-0.011247619973108757,26946522.307868272
2024-05-17,-0.0023863527594336076,13816296.262710627,0.007303819654160393,27143334.84711175
2024-05-20,0.0007361479922899816,13826467.101465307,0.00224498882152544,27204271.33042244
2024-05-21,-0.0017363912542330939,13802458.94491338,-0.007109392628222477,27010865.48436977
2024-05-22,0.00024843834506687034,13805888.00497151,-0.02258216728135649,26400901.60158751
2024-05-23,0.0011775323715983565,13822144.885016026,0.008201055215591866,26617416.853363536
2024-05-24,0.014516904693932558,14022799.64497753,0.014966904693932559,27015797.194606498
2024-05-28,0.00271776814702322,14060910.363184737,0.0035342957079951944,27111279.010679465
2024-05-29,-0.02362950488433018,13728658.013079735,-0.023179504884330182,26482852.986430977
2024-05-30,0.0016472870228479712,13751273.053265797,-0.0009738110046322969,26457063.69275873
2024-05-31,0.0057412199880635395,13830222.136980528,0.0057412199880635395,26608959.515657067
2024-06-03,0.006815563944984859,13924482.900328465,0.006815563944984859,26790314.580745544
2024-06-04,-0.02142238728859756,13626187.234844174,-0.020972387288597558,26228457.727774788
2024-06-05,0.0075075774091015015,13728486.890300678,0.014236707371301071,26601864.605245654
2024-06-06,0.007002963741513518,13824626.986219294,0.007452963741513518,26800127.337605204
2024-06-07,-0.014275746633059905,13627270.114067467,-0.02032379042905815,26255447.166123644
2024-06-10,0.002052249189083272,13655236.668108482,0.0002742976869421934,26262648.97455094
2024-06-11,0.013888888587118627,13844892.728822578,0.014338888587118626,26639226.17219963
2024-06-12,0.006407242418578835,13933600.312795362,0.009115478633137752,26882055.46917564
2024-06-13,-0.010170874115132254,13791883.418043355,-0.010170874115132254,26608641.467042655
2024-06-14,-0.0012813115708210424,13774211.7182364,-0.0012813115708210424,26574547.506847102
2024-06-17,0.00789865467414233,13883009.460007275,0.00834865467414233,26796409.227103356
2024-06-18,0.0034799036449604027,13931320.995230174,0.0044258343678933885,26915005.695996806
2024-06-20,0.005727057121212675,14011106.466343807,0.009059879481834987,27158852.403855443
2024-06-21,-0.00771130286619388,13903062.580891343,-0.012949700434578836,26807153.401078574
2024-06-24,-0.012014285120124646,13736027.223001579,-0.017748207855034216,26331374.470514446
2024-06-25,0.017500476424409328,13976414.243582763,0.02461779130675106,26979594.752049487
2024-06-26,-0.0017645666609719776,13951751.9289686,-0.002425939717498748,26914143.88157847
2024-06-27,0.001559516091736468,13973509.910609744,0.002109932577075757,26970930.91053832
2024-06-28,0.006138839409093293,14059291.043932352,0.010330706139059686,27249559.67207197
2024-07-01,-0.0025111024680010635,14023986.72349359,-0.010256819226468237,26970065.86451467
2024-07-02,0.006143848706435624,14110147.976183796,0.007625830859948035,27175735.025079116
2024-07-03,0.0021757848425881967,14140848.622277053,0.01612872438771069,27614044.965332072
2024-07-05,-0.0032857118305220645,14094385.868665216,0.0007645116536832306,27635156.2245134
2024-07-08,-0.0004214083469463836,14088446.376815079,-0.0035892303362909384,27535967.283444237
2024-07-09,0.004326918669417435,14149405.938466007,0.003718432353170276,27638357.915066835
2024-07-10,0.007184838632855411,14251067.136884652,0.006619279955647861,27821303.94362106
2024-07-11,-0.014058636771430938,14050716.560401915,-0.030362124286178148,26976590.055481303
2024-07-12,0.006433322298270249,14141109.348556623,0.010941875983233616,27271764.55831891
2024-07-15,-0.012192000231078625,13968700.940111311,-0.01889901895777376,26756354.962919295
2024-07-16,0.003629158550606587,14019395.570568983,0.009081043839962333,26999330.59533516
2024-07-17,-0.018202416665085708,13764208.691000829,-0.018202416665085708,26507877.530160476
2024-07-18,-0.0022381801561984823,13733401.912242856,-0.0017881801561984824,26460476.6695781
2024-07-19,0.001128504569502459,13748900.119055634,0.0022748547545643704,26520670.410737928
2024-07-22,0.013418814378222232,13933394.057657959,0.013418814378222232,26876546.364165638
2024-07-23,-0.004328131053651141,13873088.502154252,-0.004328131053651141,26760221.149231996
2024-07-24,-0.01604470265001616,13650498.92229983,-0.01604470265001616,26330861.358043894
2024-07-25,-0.0037841923629109765,13598842.808528138,-0.0037841923629109765,26231220.313583918
2024-07-26,0.002078568114578473,13627108.92958511,0.0029785681145784726,26309351.790016443
2024-07-29,-0.0027411780768938515,13589754.597335886,-0.011762343452991297,25999892.158236694
2024-07-30,0.007368790119560237,13689894.646739984,0.016107457904893006,26418684.32670725
2024-07-31,0.018214129601884458,13939244.16207185,0.01866412960188446,26911766.074892193
2024-08-01,-0.023408649821465326,13612945.276706008,-0.0356074568502701,25953506.52561591
2024-08-02,-0.005930260308924944,13532216.967643991,-0.0009672085949863239,25928404.071034297
2024-08-05,-0.02904698482473345,13139146.866739836,-0.04247625316395632,24827062.615575694
2024-08-06,0.010075950345714046,13271536.258154148,0.0295006584967177,25559477.31127442
2024-08-07,-0.0063701525609845926,13186994.547471067,-0.01410260879892886,25199022.00164842
2024-08-08,0.015536063179821183,13391868.527912533,0.018985423751382454,25677436.112470124
2024-08-09,-0.004454640694984118,13332212.565386217,-0.004004640694984119,25574607.20687127
2024-08-12,0.004132769079769144,13387311.521241356,0.0044422238517390685,25688215.33700449
2024-08-13,0.008182441347135784,13496852.41255975,0.009082441347135782,25921527.046115424
2024-08-14,-0.0006034211049506632,13488708.126963606,-0.004578698029903061,25802840.201297298
2024-08-15,0.007438477882538873,13589043.584030049,0.024450138884717563,26433723.22783919
2024-08-16,-0.002338463464660444,13557266.102089116,-0.0014384634646604443,26395699.282740995
2024-08-19,0.005319910092388142,13629389.53885081,0.016317336273855742,26826406.78412106
2024-08-20,-0.008924190270517085,13507758.27333511,-0.016601535642749698,26381047.23572757
2024-08-21,0.0030665525835954846,13549180.52436679,0.007223163425844015,26571601.85125614
2024-08-22,-0.014520600428122189,13352438.287843967,-0.01894515810001176,26068198.65321353
2024-08-23,0.011545343082477389,13506596.768864734,0.018107096696416924,26540218.04692867
2024-08-26,-0.00925003266312968,13381660.307585014,-0.013786088035396592,26174332.26445509
2024-08-27,-0.0037984941308628777,13330830.149445452,-0.0016600152655460775,26130882.473330624
2024-08-28,-0.01114250752337138,13182291.27421247,-0.010242507523371379,25863236.713005204
2024-08-29,0.0003480414299295361,13186879.257717295,0.005990156008043623,26018161.535789065
2024-08-30,0.006449683648692557,13271930.457243076,0.0068996836486925565,26197678.619506586
2024-09-03,-0.018805906537764032,13022339.773488458,-0.02595420974605156,25517738.573756263
2024-09-04,0.007049434297826968,13114139.902125644,0.007499434297826967,25709107.17761927
2024-09-05,0.008749561543270461,13228882.87628635,0.01820527295389951,26177148.491188888
2024-09-06,-0.019769412569355393,12967355.632873366,-0.019769412569355393,25659641.642777298
2024-09-09,0.009617768943695586,13092072.663161071,0.010067768943695586,25917976.986014813
2024-09-10,0.0010942947021516545,13106399.248916553,-0.001167730608737494,25887711.77097169
2024-09-11,0.015772101661743164,13313114.71028986,0.022122279103899366,26460406.956130423
2024-09-12,0.004435019724990319,13372158.636631053,0.0054484559519134106,26604575.317900605
2024-09-13,-0.0030130073442279966,13331868.2244507,-0.004182067963429603,26493313.175782964
2024-09-16,-0.0028959766690760946,13293259.445117494,-0.0018450946830337433,26444430.50450638
2024-09-17,-0.0019323327188870087,13267572.444951039,-0.0072919029270554275,26251600.284306254
2024-09-18,0.0009875004939173815,13280674.179293511,0.0020148865290741556,26304494.280085742
2024-09-19,0.007863246499507759,13385103.394044947,0.016015484098550914,26725773.48994888
2024-09-20,-0.0005356271544219692,13377933.969202349,-0.0012374028361367582,26692702.942034468
2024-09-23,-0.0004500978141809882,13371912.590364551,0.002532403203297717,26760299.62846955
2024-09-24,0.004475802005353835,13431762.623551924,0.015513730303946826,27175451.69975843
2024-09-25,-0.00860063629448234,13316240.91843293,-0.012771667524561194,26828375.865819346
2024-09-26,0.0016383201953692917,13338057.184856003,0.019246715850671524,27344733.992843784
2024-09-27,-0.003621372320138527,13289755.11376234,-0.00952384280501245,27084307.044751063
2024-09-30,-0.0015135958089925457,13269639.796119612,-0.01031911304530757,26804821.018602457
2024-10-01,-0.009689298454579158,13141066.29575025,-0.007380901822772045,26606977.266287174
2024-10-02,0.002539632531023672,13174439.775207276,0.008435240720340065,26831413.52436892
2024-10-03,0.0017938361258543925,13198072.561213939,-0.003948695710698369,26725464.436873276
2024-10-04,0.011777216736748463,13353509.122274688,0.017311169988119345,27188113.494751427
2024-10-07,-0.002157274198572239,13324701.941584805,-0.001714969516250153,27141486.708903577
2024-10-08,0.004246137434275366,13381280.457299527,0.001431418330709055,27180337.530501403
2024-10-09,0.004478423066795923,13441207.492362764,0.005378423066795923,27326524.88483875
2024-10-10,-0.00046590171223529484,13434945.210777562,0.003262953079875708,27415690.053374037
2024-10-11,-0.0005650186903588982,13427354.215629525,0.002604382430756269,27487090.9948761
2024-10-14,0.0021227625588105597,13455857.30042235,-0.003422789569612594,27393008.466519848
2024-10-15,-0.011262920277688476,13304305.052379739,-0.016140347257605193,26950875.797439698
2024-10-16,0.004305713507286213,13361589.578348825,0.014520626673281533,27342219.4034123
2024-10-17,-0.0005463494808842451,13354289.480818907,-0.0061673907992535575,27173589.25103252
2024-10-18,0.0047955578725647815,13418330.748871155,0.016733321347735662,27628293.652141426
2024-10-21,-0.00423808467671366,13361462.726937288,-0.014658238714225424,27223311.528521616
2024-10-22,0.007100158520877841,13456331.230369342,0.024513978763712724,27890663.209209733
2024-10-23,-0.00559038627057501,13381105.141006775,-0.008928733145906819,27641634.920152336
2024-10-24,0.0007965843772022645,13391764.320311802,0.0026553359755818297,27715032.74777972
2024-10-25,0.0028552052131929078,13430000.555613006,0.003934210346166411,27824069.516360376
2024-10-28,-0.003356788131186317,13384918.889146099,-0.011928769512164693,27492162.604209263
2024-10-29,0.005902939952534186,13463929.261618266,0.007903569865091765,27709448.832094092
2024-10-30,0.0025093105740229492,13497714.441682342,-0.0025968463471560785,27637491.65111276
2024-10-31,-0.0041077931910526,13442268.622204028,-0.002824271105149479,27559435.88202371
2024-11-01,0.0014094408880606815,13461214.705228457,0.002086326114699022,27616933.85281075
2024-11-04,-0.005083948419527606,13392778.58400289,-0.004749988728192089,27485753.728302673
2024-11-05,0.005893815731181906,13471713.15310552,0.010174319328126579,27765402.56370867
2024-11-06,0.008866141106075287,13591155.262861526,-0.0047156170230638565,27634471.558727026
2024-11-07,0.006909678263905805,13685065.772962688,0.027289909027814207,28388613.773596406
2024-11-08,-0.0014460386404612114,13665276.639057731,-0.021125081790744515,27788901.985703327
2024-11-11,-0.004198089238321872,13607908.588260612,-0.017596502511276688,27299914.502126276
2024-11-12,0.00637297303286834,13694631.422727333,0.011631443021292775,27617451.90214392
2024-11-13,0.0043448927966939395,13754133.12814932,0.013319288110198889,27985296.700898137
2024-11-14,-0.004678889471397973,13689779.059467817,-0.009116962643094006,27730155.796320144
2024-11-15,-0.01172777406517433,13529228.423656223,-0.011764414169351279,27403926.758551598
2024-11-18,-0.0024200667127780846,13496486.788298562,-0.0004169584961772888,27392500.458461
2024-11-19,0.00866511478185943,13613435.395471022,0.013761619662635694,27769465.631378915
2024-11-20,-0.0004064402817141984,13607902.346953787,-0.0016976585408631673,27722322.5608746
2024-11-21,0.001687020766531888,13630859.160802033,0.001989283150205323,27777470.110029504
2024-11-22,0.0005862567284817821,13638850.343700042,-0.006915806256918965,27585366.50844118
2024-11-25,-0.002181344340282554,13609099.314694852,-0.003410887834091902,27491275.91741857
2024-11-26,0.005116625345406733,13678731.977176577,0.009406690904870318,27749877.85255423
2024-11-27,-0.001974669513824856,13651721.002153466,0.001522749207265872,27792133.957055926
2024-11-29,0.002331674630991904,13683552.373683564,0.0029500858200369852,27874123.137351207
2024-12-02,-0.006108101500773599,13599971.846893955,-0.009190049824536549,27617958.556903686
2024-12-03,0.015637442971304358,13812640.631061103,0.022476152781627845,28238704.01294532
2024-12-04,-0.0008319221563320596,13801149.589282671,-0.0034642106237963823,28140879.194501434
2024-12-05,-0.0008910477263415532,13788852.106320241,0.004282671087666579,28261397.324209247
2024-12-06,-0.0046225997097892645,13725111.762575239,-0.0037225997097892647,28156191.454731908
2024-12-09,-0.006421872933233246,13636970.838841556,-0.0035754049980496697,28055521.667078618
2024-12-10,0.005735528936708718,13715186.079696784,0.007990455209822821,28279698.056347623
2024-12-11,0.006587467223793725,13805534.41846502,0.01101423324859665,28591177.24694012
2024-12-12,-0.0036192770891454885,13755568.364040859,-0.004566924512021275,28460603.498743527
2024-12-13,-7.180737014214058e-05,13754580.612851828,-0.0010606266508718764,28430417.424172863
2024-12-16,-0.002789657396588368,13716210.045308216,-0.007715792435254831,28211054.224480294
2024-12-17,0.011648951988139223,13875989.517585244,0.011648951988139223,28539683.440676056
2024-12-18,-0.02102412390286749,13584258.994692642,-0.020574123902867492,27952504.45741897
2024-12-19,0.0036600562502441597,13633978.146731103,0.009262791635460175,28211422.681897312
2024-12-20,0.0021629453860265214,13663467.696856761,0.002949151412385964,28294622.43894505
2024-12-23,-0.0030701784388899576,13621518.412933402,-0.014126121269484237,27894929.171098243
2024-12-24,0.02024929060471612,13897344.49775438,0.02024929060471612,28459781.69828178
2024-12-26,2.3448276392857735e-05,13897670.36652929,0.0009234482763928577,28486062.834637575
2024-12-27,-0.004032746703193779,13841624.582176594,-0.004684550638149354,28352618.430807214
2024-12-30,-0.00731035844173104,13740437.345065009,-0.015703343702459082,27907387.51872357
2024-12-31,0.005725850137174743,13819113.030122088,0.004974910152202282,28046224.264211908
2025-01-02,0.0,13819113.030122088,-0.0019138246474830422,27992548.708946224
2025-01-03,-0.0009,13806675.82839498,0.014913441728920618,28410013.952961065
2025-01-06,0.01252052697172814,13979542.685494304,0.01868966303849664,28940987.540660895
2025-01-07,-0.0028119832214691717,13940232.446018884,1.7931603463783394e-05,28941506.498973325
2025-01-08,0.0023762555946696406,13973358.001359731,0.0007610484010857291,28963532.386219386
2025-01-10,-0.001993175851107809,13945506.641632536,-0.002551400461723108,28889634.816316057
2025-01-13,0.002870538923344468,13985537.761253104,0.004566380755522082,29021555.888775345
2025-01-14,0.0009332535244683693,13998589.813660378,0.00411417075078625,29140955.525155254
2025-01-15,0.009709155779577094,14134504.302855609,0.01184887184919392,29486242.972735878
2025-01-16,-0.0008348731388496901,14122703.7848822,-0.0026525206352010057,29408030.104796145
2025-01-17,0.00417282411530685,14181635.343809094,0.009510837820153373,29687725.10973305
2025-01-21,-0.0018809578181531838,14154960.285934959,0.0019672748875732672,29746129.025810607
2025-01-22,-0.0010083759522828135,14140686.764377104,-0.0005677262200895479,29729241.368416492
2025-01-23,-0.00549009489231087,14063053.05219823,-0.0058969130538896845,29553930.616908833
2025-01-24,-0.003745487625201105,14010380.061018674,-0.0025333738028752604,29479059.463311967
2025-01-27,-0.026600825959036133,13637692.379395567,-0.035977059804545,28418489.57801865
2025-01-28,0.017775543432033112,13880109.77259822,0.022904340193478086,29069396.3310984
2025-01-29,0.006175622717956086,13965828.093837602,0.0107511739405288,29381926.46740021
2025-01-30,0.0026302016770449075,14002561.038311336,0.01120800902434589,29711239.364399496
2025-01-31,-0.008496763826197894,13883584.584206885,-0.013367273523466217,29314081.10109439
2025-02-03,0.0035861810381099144,13933373.631983763,0.003743349545082319,29423813.953248676
2025-02-04,0.0055268282542660025,14010380.995050255,0.011283643094154104,29755821.768365927
2025-02-05,-0.0020032809460567846,13982314.265755875,-0.0054611494318679505,29593320.77922085
2025-02-06,0.002365618496740063,14015391.087010179,0.0055603328829723075,29757869.4938659
2025-02-07,-0.00021413811385778692,14012389.857597826,-0.00262878542457351,29679642.440274067
2025-02-10,0.0008210075419938789,14023894.135352273,-0.00310208966674973,29587573.528147265
2025-02-11,0.0014761698918698161,14044595.785641648,0.005989318971126877,29764782.94358901
2025-02-12,0.007220187654867849,14146000.402750747,0.009544271089682076,30048866.100928165
2025-02-13,0.00700432112119489,14245083.532152167,0.011708029757560912,30400679.1194188
2025-02-14,-0.009799230520283342,14105492.674839918,-0.010813805771189565,30071932.080109145
2025-02-18,-0.007032760601587717,14006292.121690318,-0.016167103417509952,29585756.044205688
2025-02-19,0.0009176104557276465,14019144.441787157,0.0033946171519887657,29686188.3591279
2025-02-20,0.002568467830747012,14055152.163300483,0.006287146952345146,29872829.787796736
2025-02-21,-0.016323280385295534,13825725.973680936,-0.021362168699919692,29234681.358325835
2025-02-24,-0.012946143653766628,13646736.139108049,-0.014463882885572543,28811834.35096198
2025-02-25,0.003879267381450413,13699675.477475753,0.008474992566961914,29056014.43292692
2025-02-26,0.002297765950505015,13731154.125320863,0.0014034158960369082,29096792.10545757
2025-02-27,-0.0073118015807449145,13630754.650881888,-0.008831410682009967,28839826.38484521
2025-02-28,0.008073198984500006,13740798.445487356,0.010087364211629922,29130744.217389315
2025-03-03,-0.011826318161077619,13578295.391283784,-0.018181208368245924,28601112.086850885
2025-03-04,0.004288127997109625,13636520.859904174,0.013083540785012482,28975315.90333591
2025-03-05,0.01864811200538017,13890816.228263367,0.02274881087339218,29634469.884817697
2025-03-06,-0.015006759775536702,13682360.086039694,-0.01449178587211096,29205013.492813397
2025-03-07,-0.00873248974590991,13562879.016888505,-0.011306770915029307,28874799.095679816
2025-03-10,-0.024344211393752348,13232701.422993485,-0.034839889297036394,27868804.291712165
2025-03-11,0.02591302111496141,13575600.694375496,0.037319612933479254,28908857.280797746
2025-03-12,0.003452886911504671,13622475.708328918,0.001391235860712614,28949076.319739014
2025-03-13,0.00102657839623993,13636460.247594394,0.00575934310424494,29115803.982815366
2025-03-14,0.0035593652480320867,13684997.390305853,0.006296238358558637,29299124.024692237
2025-03-17,-0.0055039655046886125,13609675.636737857,-0.005849548365374224,29127737.3816467
2025-03-18,-0.0007102781252478875,13600008.981841363,0.0022008528765156354,29191843.246249486
2025-03-19,0.008331252662081345,13713314.09287566,0.007638879835241174,29414836.228976782
2025-03-20,-0.0013719221929320733,13694500.492932996,-0.005573465732494242,29250893.64722765
2025-03-21,0.006865010475453714,13788513.382273087,0.008037446619120115,29485996.143478803
2025-03-24,-0.0010610678230062336,13773882.834396068,-0.0034895872939525114,29383102.18598699
2025-03-25,0.017784985051697875,14018851.134709638,0.025298832041076434,30126460.35303606
2025-03-26,-0.010456968857540183,13872256.444975486,-0.01800362924798582,29584074.730285853
2025-03-27,-0.0064771212293651455,13782404.158256538,-0.006219185065823373,29400085.894537054
2025-03-28,-0.0018292184779437949,13757193.129899764,-0.002825496722711185,29317016.048194613
2025-03-31,-0.013787435052028328,13567516.723123062,-0.01846634226617261,28775637.99562578
2025-04-01,0.017643375795792424,13806893.51928482,0.029538132468589027,29625616.602608737
2025-04-02,0.005710180759183258,13885733.377002731,0.004519215918267127,29759501.160747726
2025-04-03,-0.024341708402079786,13547730.904190704,-0.019768772857123106,29171192.341959614
2025-04-04,-0.047727744056810614,12901128.27104495,-0.06833275735827331,27177844.33380497
2025-04-07,-0.00470555830636602,12840421.25974764,-0.014595309212043361,26781175.292036306
2025-04-08,0.005035187369585009,12905075.186694872,0.009850709668908088,27044988.874430288
2025-04-09,0.08902166665063396,14053906.488066193,0.08947166665063397,29464749.10357342
2025-04-10,-0.027027560059288247,13674063.686392363,-0.040564167660946546,28269536.08084834
2025-04-11,0.021598881657167345,13969408.16972732,0.03367585002454574,29221536.73817047
2025-04-14,0.0004985282584988094,13976372.314454433,0.0028303635544909334,29304244.310760405
2025-04-15,-0.006917794531784915,13879686.64248331,-0.006310868114628021,29119309.08971636
2025-04-16,-0.003982587448389407,13824409.576673377,-0.002224345630664237,29054537.681774687
2025-04-17,0.001449727215882879,13844451.199480193,0.006734707195628809,29250211.485765804
2025-04-21,-0.004166447035417631,13786769.026823133,-0.0031648104367282383,29157640.111179143
2025-04-22,0.008907417288511743,13909573.531605378,0.015024844816787897,29595729.129073367
2025-04-23,0.0009415736338662774,13922670.41930106,0.000783613243294512,29618920.734363865
2025-04-24,0.004145714169754778,13980389.831339182,0.0057235062973234555,29788444.813706923
2025-04-25,-0.002031330056158853,13951991.045277964,-0.0038717200604843844,29673112.29435106
2025-04-28,-0.00045787447245770885,13945602.784738373,-0.005001834671508332,29524692.292465616
2025-04-29,0.004700066953298987,14011148.051530758,0.009280737660777971,29798703.21614718
2025-04-30,-0.015288347146856762,13796940.756192949,-0.017711134222050097,29270934.38384296
2025-05-01,0.010418365910205507,13940682.333432393,0.01159510282353331,29610333.877764516
2025-05-02,0.0051510604303008686,14012491.630571531,0.0067498646147661654,29810199.622637447
2025-05-05,8.765266892700745e-05,14013719.862861268,0.002502338456303721,29884794.83154326
2025-05-06,-0.003957620069568568,13958258.883882698,-0.006312305452117418,29696152.878192693
2025-05-07,-0.008606559666890824,13838126.295952652,-0.007616899024914414,29469960.28029108
2025-05-08,0.0062270447137119595,13924296.927151542,0.012430921801819837,29836299.052038115
2025-05-09,0.0003793958051865442,13929579.746995876,-0.0007484633019132383,29813967.67713276
2025-05-12,0.00767021147208936,14036422.569372669,0.006928164094079847,30020523.73749553
2025-05-13,0.017198158595396307,14277823.190832742,0.02288145741465704,30707437.072960734
2025-05-14,-0.006105635014433097,14190648.013628908,-0.0017473542566638243,30653780.302080058
2025-05-15,0.003591160293679607,14241608.905317036,0.0022886257366142577,30723935.332603913
2025-05-16,-0.006602781958459935,14147574.666977566,-0.0113449229319585,30375374.65408904
2025-05-19,0.007216168457512184,14249665.949039707,0.011385476373631253,30721212.764553368
2025-05-20,-0.0002691152759887515,14245831.146255083,-0.002585605543236635,30641779.82653439
2025-05-21,-0.0033371685588584163,14198290.406458996,-0.003313732567309202,30540241.162802886
2025-05-22,0.0012895668464087294,14216600.05104285,0.001091361106855304,30573571.59420195
2025-05-23,0.00864296403468504,14339473.613979515,0.010333012708855015,30889488.698039927
2025-05-27,-0.0014056210987182013,14319317.74732319,-0.002896431169276903,30800019.420171894
2025-05-28,-0.007152410588950597,14216900.10744069,-0.013145233483178375,30395145.9736073
2025-05-29,0.00037027161173552864,14222164.221957354,-0.0003223536325310694,30385347.987891395
2025-05-30,0.001270590089617829,14240234.762870692,-0.0043070979259647426,30254475.31859303
2025-06-02,0.0018057787488907737,14265949.476184698,-0.003242776819289017,30156366.807350148
2025-06-03,0.013590172236940878,14459826.186689546,0.019575062222802652,30746679.564017687
2025-06-04,0.002630238380401595,14497858.976499714,0.005786637942111538,30924599.466576774
2025-06-05,-0.0015018188555920905,14476085.818523092,0.0010456842985220312,30956936.83467706
2025-06-06,-0.012815239462400645,14290571.312280457,-0.012365239462400646,30574146.897693865
2025-06-09,0.005447077829624458,14368413.166448249,0.004866007368616187,30722920.9217872
2025-06-10,0.005174129062407884,14442757.190593451,0.00733061231521872,30948138.744255945
2025-06-11,-0.00640871252724019,14350197.711658208,0.0010253815998048418,30979872.39627251
2025-06-12,0.0004785685109028214,14357065.264408238,-0.0011021626398974081,30945727.53832855
2025-06-13,-0.01115800374313769,14196869.076447498,-0.018691433069994278,30367307.543243602
2025-06-16,-0.0017699998245207737,14171740.62067344,-0.007290651658001856,30145910.0821544
2025-06-17,0.008483812600404067,14291971.012320768,0.009602108492153216,30435374.38135794
2025-06-18,0.011215016703997799,14452255.705956995,0.0116650167039978,30790403.531908907
2025-06-20,-0.004628509945555625,14385363.29668626,-0.008399957982115368,30531765.435988497
2025-06-23,0.0059536897638332135,14471009.286894763,0.004912368264693745,30681748.71158132
2025-06-24,0.010381757332335373,14621243.793665275,0.022434479552563814,31370077.775688186
2025-06-25,-0.00548381457958923,14541063.603777844,-0.0103804056129689,31044443.64426616
2025-06-26,0.011944172844321832,14714744.580801643,0.01631674554823892,31550987.93189629
2025-06-27,-0.003219379203225658,14667372.238117434,-0.007200223977226905,31323813.752083857
2025-06-30,-0.005869132401797838,14581287.48846547,-0.005806398695027092,31141935.200790484
2025-07-01,0.004622662463444738,14648691.858807093,0.009131000389930755,31426292.223252103
2025-07-02,0.006489567957478525,14743755.540112983,0.008746378858125015,31701158.48114281
2025-07-03,-0.0016504952966677642,14719421.04093881,-0.00269840069088586,31615616.05319541
2025-07-07,-0.006700004061142417,14620800.860186853,-0.012902977618898793,31207680.46685333
2025-07-08,0.032758045785675226,15099749.724188097,0.040103211958246815,32459208.69134079
2025-07-09,0.008308856344206483,15225211.375479845,0.00549647632797946,32637619.96353769
2025-07-10,0.007597786482237278,15340889.28065767,0.009997295702610275,32963907.90134259
2025-07-11,-0.0027851768834238344,15298162.19046202,-0.008284212420923465,32690827.88606411
2025-07-14,-0.008327685224777814,15170763.911222253,-0.014954820746977626,32201942.41495772
2025-07-15,0.019860568040086114,15472063.900101164,0.02623336943875998,33046707.86697498
2025-07-16,-0.0015351500071675848,15448311.961094027,-0.0030914163848464347,32944546.732809782
2025-07-17,0.002531956110164568,15487426.408955649,0.007353381568962836,33186800.555552658
2025-07-18,0.0023307903670345635,15523524.3532398,0.0007141511485993846,33210500.947287742
2025-07-21,0.003315129176503428,15574986.841745388,0.004376457690689572,33355845.29957015
2025-07-22,-0.0028622461020881727,15530407.396367528,-0.00502257022557745,33188313.224119563
2025-07-23,0.004282974972058961,15596923.74255205,0.003413218450179289,33301592.18714646
2025-07-24,-0.00015274890456802302,15594541.329535743,-5.0416881990855696e-05,33299913.22470305
2025-07-25,-0.0009490295173368636,15579741.649504684,-0.00189278307796934,33236883.712453485
2025-07-28,-0.015861545041220147,15332622.875600493,-0.025382040137092894,32393263.796032097
2025-07-29,0.014796877753854291,15559497.821936702,0.022697000517033696,33128493.721159052
2025-07-30,-0.06004052750566288,14625297.364984412,-0.059590527505662884,31154349.304847144
2025-07-31,0.003038102000080634,14669730.510160746,0.013298645634821261,31568659.95623574
2025-08-01,-0.010197729850028236,14520132.56144541,-0.011524749940716516,31204839.044276614
2025-08-04,-0.008624557706680013,14394902.84026058,-0.013893404138911325,30771297.604344796
2025-08-05,0.004560561235423233,14460551.676141554,0.010898745950374256,31106666.15949791
2025-08-06,0.006575213657381562,14555632.893015793,0.004911410220759027,31259443.757607408
2025-08-07,0.006211133416264425,14646039.87087248,0.015228934130390347,31735491.767544653
2025-08-08,0.003153414979154112,14692224.912386578,0.008270108346758252,31997947.7228999
2025-08-11,-0.0030164629626810656,14647906.360098984,-0.003078741449196054,31899434.3149562
2025-08-12,0.008350778717186546,14770227.78478224,0.013403798470249462,32327007.903828833
2025-08-13,-0.00865636055849125,14642371.367546119,-0.007197426922709871,32094336.626811165
2025-08-14,-0.0021441712411340965,14610975.615957823,-0.005793752328886936,31908389.989235494
2025-08-15,0.006021210104503271,14698951.369973276,0.011305459151646224,32269128.98885359
2025-08-18,-0.0021642176554459215,14667139.63990184,-0.001371586069388342,32224869.101061184
2025-08-19,-0.006924303869772575,14565579.908134772,-0.010214546509279032,31895706.67687297
2025-08-20,-0.001206035292237839,14548013.30471365,-0.0028053844496475737,31806226.957351144
2025-08-21,0.0015044898548496775,14569900.643138811,0.0010403507638192088,31839316.58986043
2025-08-22,0.0075456289274322685,14679839.706901494,0.017497957555950985,32396439.600160297
2025-08-25,-0.0066397716976617,14582368.922689399,-0.01082642175104127,32045702.081816826
2025-08-26,0.003595682440108594,14634802.4905599,0.0019286364790656264,32107506.591849085
2025-08-27,-4.368893891959621e-06,14634738.552660689,0.0022393482375501093,32179406.480147667
2025-08-28,0.006133620480406598,14724502.484772684,0.007069107928840346,32406886.177641857
2025-08-29,-0.0015408450513406335,14701814.307985568,0.00046780758038519324,32422046.364652436
2025-09-02,0.0007909416211078989,14713442.584827552,-0.0002064601137121481,32415352.505273208
2025-09-03,0.004832352564124309,14784543.12682944,0.00970154359803179,32729831.46084869
2025-09-04,-0.0034697715673875917,14733244.139451152,-0.001922136619003445,32666920.253263984
2025-09-05,0.0013071285069716,14752502.382866003,0.006371768460073579,32875066.305421464
2025-09-08,-0.0006885685837259792,14742344.273193818,-0.00753467834794631,32627363.255142704
2025-09-09,0.0039935839924856165,14801219.063294955,0.00022568213949962805,32634726.668288358
2025-09-10,0.00013902263032412605,14803276.76770114,0.0008338293172238221,32661938.46014397
2025-09-11,0.0034092805909740733,14853745.29186808,0.012021530570592541,33054584.951837406
2025-09-12,-0.006399129384854119,14758694.253895748,-0.016211431365956108,32518722.81656052
2025-09-15,-0.0009207513486256479,14745105.16625752,0.0002955049839474255,32528332.261224423
2025-09-16,0.006106573991817443,14835147.2419724,0.009347104700471042,32832377.988601796
2025-09-17,-0.00847023039470638,14709490.1268935,-0.012858173862269416,32410213.564112607
2025-09-18,0.004643539825602727,14777794.23011204,0.00783536216508729,32664159.325235255
2025-09-19,0.006744061236322896,14877456.579337696,0.007732571412581546,32916737.26984958
2025-09-22,0.0021202519775448624,14909000.536070876,0.001278874359845339,32958833.641153757
2025-09-23,-0.0014604016412279154,14887227.407218928,0.0004199838098330797,32972675.817674026
2025-09-24,0.005351194696857253,14966891.859571345,0.0024925675907233272,33054862.440796584
2025-09-25,-0.0007450910977448322,14955740.16168587,-0.003266855253925993,32946876.98976407
2025-09-26,0.004295951532667619,15019989.296555642,0.006175623139321563,33150344.485670432
2025-09-29,0.011028688082972504,15185640.073516939,0.008252209949854905,33423908.088276204
2025-09-30,0.0013333356084338165,15205887.628163818,0.004041334866500124,33558985.29340805
2025-10-01,0.0006396715773184124,15215614.402287453,-0.0027712787100406147,33465983.99193386
2025-10-02,0.004236127238136933,15280069.680901973,0.0008643615621267359,33494910.702135235
2025-10-03,0.007410744272103998,15393306.369767068,0.007268804051485178,33738378.64475105
2025-10-06,-0.008393370372140052,15264104.648153791,-0.01527282347150798,33223098.343494873
2025-10-07,0.008535904917245646,15394397.594077319,0.015539054091104676,33739353.865728535
2025-10-08,0.006396486510820782,15492867.650630048,0.006846486510820781,33970349.89685405
2025-10-09,-0.003017313107216335,15446120.817999434,-0.008167778559308803,33692887.601314306
2025-10-10,-0.023682055679758007,15080324.924751302,-0.03309473204086201,32577830.51446593
2025-10-13,0.01676320979836347,15333119.575292397,0.022014034491206556,33294999.99906007
2025-10-14,0.005895629968999864,15423517.97457875,0.006345629968999865,33506277.748871956
2025-10-15,0.0037492481073516434,15481344.57015364,0.010702157672890244,33864867.216372035
2025-10-16,-0.0012149832751692125,15462534.995423773,-0.0018446678139855677,33802397.785793096
2025-10-17,-0.0008283844408360606,15449726.072017679,-0.0024842153649172524,33718425.349842586
2025-10-20,0.0113861026961521,15625638.239701092,0.017603095529722945,34311974.0123877
2025-10-21,-0.012944422938179845,15423373.369647404,-0.019167812085144495,33654288.54224789
2025-10-22,0.0015868159450909249,15447847.42443745,0.0014443163990357057,33702895.98308734
2025-10-23,0.006018425999887755,15540819.151018983,0.012174762831785757,34113220.74842577
2025-10-24,0.0031329113557979626,15589507.159815611,0.0037321297934314714,34240535.71593087
2025-10-27,-0.001982281492324112,15558604.368298255,-0.005158973304583381,34063889.70623775
2025-10-28,0.00894948139808387,15697845.808672488,0.01218260251334875,34478876.53458739
2025-10-29,0.004732371251838296,15772133.842893241,0.008386882588210564,34768046.82385638
2025-10-30,-0.0114510815638314,15591525.851822605,-0.008788572466329058,34462485.3248322
2025-10-31,0.0020320886185038575,15623209.214051204,0.002343661898057325,34543253.738600366
2025-11-03,-0.009356524867200145,15477030.268534461,-0.008461399884939403,34250969.45539114
2025-11-04,-0.007129762218006786,15366682.722878918,-0.016048806092780477,33701282.28811182
2025-11-05,0.010461617687968761,15527443.082657993,0.01998883942521159,34374931.80819262
2025-11-06,-0.007937834939674338,15404188.802432666,-0.009302925644412974,34055144.37354924
2025-11-07,-0.003402853414769158,15351770.605964558,0.0008193841158907977,34083048.61791329
2025-11-10,0.007984101434811097,15474340.699686533,0.008297643012357359,34365857.588117555
2025-11-11,0.0014143715396259025,15496227.166766645,0.005481890074793706,34554247.44174164
2025-11-12,0.000134105193504952,15498305.29130944,0.005789392107186708,34754295.529150635
2025-11-13,-0.012273792756228164,15308082.304091154,-0.01863229513492043,34106743.23764525
2025-11-14,0.0007120630864227539,15318982.624423819,-0.002111280859109044,34034734.32348107
2025-11-17,-0.013592411847595576,15110760.703506486,-0.009521910939882382,33710658.61439032
2025-11-18,-0.001405896503556203,15089516.537867354,-0.0036165471535080426,33588742.42793556
2025-11-19,0.010594320441762051,15249379.711380789,0.015667498081924226,34114993.985499494
2025-11-20,-0.010539237337267403,15088662.879356436,-0.014727114496361713,33612578.56303235
2025-11-21,0.00400991003074731,15149167.059986932,0.001384704530014569,33659122.05283406
2025-11-24,0.013562508966136954,15354627.77406751,0.01852734891072951,34282736.351135746
2025-11-25,0.003852994602557702,15413789.072005276,0.009934911522588675,34623332.30353651
2025-11-26,0.005323514754861369,15495844.605558416,0.006232251109823594,34839113.604711026
2025-11-28,0.0013357723276674726,15516543.525976356,0.0007200571617718033,34864199.757971875
2025-12-01,-0.0004687231041557216,15509270.563529095,-0.0015934975946140574,34808643.7395194
2025-12-02,0.0020749795874698716,15541451.983364964,0.007419229376927161,35066897.05172263
2025-12-03,0.005213170568537639,15622472.223436983,0.0058971671906508875,35273692.40649399
2025-12-04,-0.005249052497078032,15540469.046602018,-0.007726481450411327,35001150.876427695
2025-12-05,0.005077347169650248,15619373.403130824,0.0021115009501167293,35075055.83975845
2025-12-08,0.001142591636524992,15637219.968549004,0.00297355792508589,35179353.55002359
2025-12-09,-0.004108853327009087,15572968.925256059,-0.0028966928031111004,35077449.769777134
2025-12-10,0.007048565827148745,15682736.02184987,0.011239240413022177,35471693.660815366
2025-12-11,0.002395256636253451,15720300.199380819,0.005726450086863755,35674820.54406055
2025-12-12,-0.01879128925410074,15424895.491172956,-0.018124829335739178,35028220.51011633
2025-12-15,-0.0012144221090563344,15406163.157058593,-0.008384242635049154,34734535.41028551
2025-12-16,0.0009245717797854768,15420407.260748379,0.001519263063606757,34787306.306965895
2025-12-17,-0.00271491189407298,15378542.213664724,-0.007166532504198752,34538001.94558351
2025-12-18,0.0072522844648250425,15490071.776452541,0.011786590094802695,34945087.2172096
2025-12-19,0.0024916666418194123,15528667.871577315,0.00504652383425539,35121438.43274138
2025-12-22,0.0022678952282058295,15563885.263343658,0.005764330265814621,35323890.00327817
2025-12-23,0.004615313660687081,15635717.475612933,0.005334199563435748,35512314.68191252
2025-12-24,-2.54666323365682e-05,15635319.286544662,0.00012962749999277933,35516918.05448368
2025-12-26,0.011754953193391848,15819111.73292173,0.012548729771987142,35962610.26148321
2025-12-29,-0.014104543166723072,15595990.388625523,-0.014634303432501338,35436322.51069188
2025-12-30,0.014645444688760102,15824400.60322857,0.02111579365033476,36184588.58455436
2025-12-31,-0.014261640766269745,15598718.686483782,-0.01997709678488978,35461725.556279294
2026-01-02,0.0,15598718.686483782,-0.0009320831670360686,35428672.278814234
2026-01-05,-0.0009,15584679.839665946,0.03348928815360275,36615153.293659
2026-01-06,0.008767733128254402,15721322.15338942,0.011005337181736685,37018115.40161669
2026-01-07,-0.00491572168469398,15644040.509167945,-0.021705590645300508,36214615.34224871
2026-01-08,0.0,15644040.509167945,0.00033831720253415533,36226867.36960215
2026-01-09,0.0,15644040.509167945,0.009315171030387726,36564326.83504517
2026-01-12,0.0,15644040.509167945,0.011553055100048271,36986756.517666616
2026-01-13,0.0,15644040.509167945,-0.008210195498103201,36683088.01581583
2026-01-14,0.0,15644040.509167945,0.004826962401416735,36860155.90243603
2026-01-15,0.0,15644040.509167945,-0.011431070014573486,36438804.8795672
2026-01-16,0.0,15644040.509167945,-0.006245545355979687,36211224.67097417
2026-01-20,0.0,15644040.509167945,-0.0048324320210153095,36036236.389353976
2026-01-21,-0.0009,15629960.872709693,0.010000798746654016,36396627.53707075
2026-01-22,-0.0011462188995515817,15612045.516158141,-0.0020202239469805042,36323098.19853103
2026-01-23,0.0061457119936835,15707992.651532724,0.006386397239480912,36555071.93259552
2026-01-26,-0.0002525812061985211,15704025.107801842,0.002685837555318471,36653252.91762946
2026-01-27,-0.0015528496190222452,15679639.118396075,0.0011512342235105331,36695449.39679122
2026-01-28,-4.838456951494763e-05,15678880.465807183,-0.00437162702886309,36535030.57837193
2026-01-29,0.016280154711753963,15934135.065497622,0.01565521307959684,37106994.26694593
2026-01-30,-0.030789517630886568,15443530.732965553,-0.03507004392484533,35805650.34808515
2026-02-02,0.00732758324512432,15556694.490009995,0.01001675431647895,36164306.75076367
2026-02-03,0.020216755202310033,15871200.374271652,0.015327840632635627,36718627.48122912
2026-02-04,-0.022655209963736832,15511634.997415992,-0.029623428850932554,35630895.832535036
2026-02-05,-0.013019733168745573,15309677.648738658,-0.017967437890180148,34990699.92469248
2026-02-06,0.014520511178845319,15531981.994181685,0.023717523068642832,35820592.657344334
2026-02-09,0.0064521932156346605,15632197.343029905,0.006719095311829548,36061274.63353525
2026-02-10,-0.019641762819897456,15325153.43046428,-0.023816988012791362,35202403.68786236
2026-02-11,0.010881281330843711,15491910.736379506,0.0131205069110363,35664277.06873405
2026-02-12,-0.010861582337048991,15323644.072358107,-0.024939619302404667,34774823.57594434
2026-02-13,0.0012911925997488138,15343429.848185519,0.0006757169067739043,34798321.51216469
2026-02-17,-0.0037157346929785613,15286417.733589333,0.00035371510675569163,34810630.20417328
2026-02-18,0.006676136740689892,15388471.948654082,0.010558005470169074,35178161.028288975
2026-02-19,-0.0017668261074138547,15361283.194661994,-0.006934391450733723,34934221.88920187
2026-02-20,0.00653339993963351,15461644.601358693,0.012002501288973354,35353519.9324563
2026-02-23,-0.0035920043855311888,15406106.306143088,-0.006769741787032246,35114185.73125087
2026-02-24,0.0052129954589279935,15486418.268356774,0.015537289193607196,35659764.98975535
2026-02-25,0.0019531044672318697,15516664.861058123,0.0035683971968850756,35787013.19518638
2026-02-26,-0.0018454404997822803,15488029.779301977,-0.01092970222722226,35395871.797361314
2026-02-27,0.00426367485592729,15554065.702439839,0.0036053815832210894,35523487.42166158
2026-03-02,-0.001702173906072951,15527589.977667801,-0.008815079568272299,35210345.053497106
2026-03-03,-0.015033299801196382,15294159.062343469,-0.014569319073974397,34697354.301707976
2026-03-04,0.009048817267249131,15432553.112954857,0.031170921677860064,35778902.81507547
2026-03-05,-0.0055295050212647075,15347218.733025838,-0.01958269271454005,35078255.55558446
2026-03-06,0.0029808983927669007,15392967.232680557,0.007373798340994552,35336915.53820521
2026-03-09,0.003115589172812728,15440925.394728158,0.017230140628503608,35945775.56230603
2026-03-10,0.007598699156725963,15558256.34150415,0.012603020973645917,36398800.92563174
2026-03-11,-0.008607311808519735,15424341.577975944,-0.025708607017120917,35463038.45674026
2026-03-12,-0.003311775564359375,15373259.62044167,-0.011584861032750582,35052204.08441983
2026-03-13,-0.00018318742943710387,15370443.432529733,0.00719802329633199,35304510.66600727
2026-03-16,0.006934848264962101,15477035.125499507,0.019132314615147306,35979967.67140314
2026-03-17,-0.0076903358916555415,15358011.526777465,-0.006790335891655541,35735651.605543405
2026-03-18,-0.005448367924030944,15274335.429398073,-0.0229621065324199,34915085.76637147
2026-03-19,0.00466129039491629,15345533.542423857,0.00775429776261367,35185827.73781112
2026-03-20,-0.013468929290390525,15138845.636217633,-0.033068284869564576,34022292.76280575
2026-03-23,0.023626541569071523,15496524.201949487,0.035807576518663044,35240548.61425027
2026-03-24,-0.01559736093351282,15254819.320756763,-0.022617419902050184,34443498.328663155
2026-03-25,0.016364566486969306,15504457.825777993,0.016814566486969308,35022650.82135428
2026-03-26,-0.01033368282533845,15344239.676227568,-0.01680793557470407,34433992.3626936
2026-03-27,0.0021387935932896183,15377057.837740984,0.010099652477111521,34781763.718956314
2026-03-30,-0.0009213537395987343,15362890.127998155,-0.010793835592050948,34406335.07977234
2026-03-31,0.023683115780715906,15726731.23362595,0.036810280444041395,35672841.92311042
2026-04-01,-0.002556224528787137,15686530.177488914,0.005167309090593496,35857174.52346701
2026-04-02,-0.013040322797252608,15481972.760405613,-0.01667313189305083,35259323.1233251
2026-04-06,0.001656249198759485,15507614.765385251,0.008094343694074867,35544724.20310573
2026-04-07,-0.0034765229581393323,15453702.186627408,-0.007811737217035895,35267058.15817906
2026-04-08,0.02393630381895108,15823606.697294112,0.0334711952078552,36447488.74619825
2026-04-09,-0.007078177214336594,15711604.404920703,-0.012067234187875874,36007668.36393791
2026-04-10,0.0022666478011636347,15747217.07849787,0.0018021198999199736,36072558.49964628
2026-04-13,0.012729030287200804,15947663.881629195,0.017222616026238334,36693822.32376971
2026-04-14,0.009136176694678939,16093364.556719108,0.01602663498691472,37281900.82042747
2026-04-15,0.0012560341220984484,16113578.371741714,-0.0039405192541955405,37134990.77241157
2026-04-16,0.0010095498038780403,16129845.83162668,0.00016092641213212274,37140966.773241125
2026-04-17,0.0043270461796490745,16199640.419410747,0.012372177994037493,37600481.4250303
2026-04-20,0.0004649616593152883,16207172.631100466,-0.004383711524879319,37435651.76126639
2026-04-21,-0.005095668996604717,16124586.244001547,-0.024293715767455547,36526200.67780874
2026-04-22,0.003439425044195839,16180045.549756462,0.025806380862164868,37468809.723948136
2026-04-23,-0.008716028740838006,16039019.807716716,-0.013836050410813339,36950389.383774415
2026-04-24,0.00646705887219602,16142745.093065538,0.015559515723956752,37525319.54839758
2026-04-27,-0.0001970736142880731,16139563.783945516,0.0002529263857119269,37534810.69184364
2026-04-28,-0.008760379219218444,15998175.08476539,-0.01475987949922062,36980801.40900596
2026-04-29,0.00011662384601484124,16000040.853472995,-0.009945699033497457,36613001.48817445
2026-04-30,0.026028251537692393,16416493.941420544,0.026028251537692393,37565973.90045857
2026-05-01,-0.005732394694566761,16322388.118647357,-0.005282394694566761,37367535.59923055
2026-05-04,-0.007202243266179003,16204830.308731867,-0.017332737777378093,36719853.903302245
2026-05-05,0.02594709634458916,16625298.602000251,0.02594709634458916,37672627.49029046
2026-05-06,0.020081990448643044,16959167.68973146,0.020531990448643046,38446121.518096395
2026-05-07,-0.007492104056310305,16832107.840691578,-0.011430459875098907,38006664.66873061
2026-05-08,0.004646431284728209,16910317.073150486,0.0066652542192560445,38259988.75077372
2026-05-11,0.0103693528179362,17085666.117145155,0.008219362978616751,38574461.48587412
2026-05-12,-0.0013141954070401468,17063212.21320778,0.008004406090059923,38883227.14031243
2026-05-13,-0.0009,17047855.322215896,0.014441826266360012,39444771.95134824
2026-05-14,-0.018086578498387205,16739517.948701488,-0.027650645106240275,38354098.56082492
2026-05-15,-0.00045,16731985.165624572,-0.017769349973871817,37672571.16056525
2026-05-18,-0.001045025519972386,16714499.814126695,0.008737168051049725,38001722.74571024
2026-05-19,-0.00896145157501888,16564713.633441737,-0.00851145157501888,37678272.92279284
2026-05-20,0.016826712432925058,16843443.306285415,0.026317592485211705,38669874.355121486
2026-05-21,-0.005891812840665549,16744204.89073242,-0.005441812840665549,38459440.136308864
2026-05-22,0.0043264054892084396,16816647.11068412,0.0011414661375373832,38503340.284893095
2026-05-26,0.0050745749027701235,16901984.446060736,0.013300613920204608,39015458.34866072
2026-05-27,-0.006480860206837546,16792445.047647674,-0.003911070396646321,38862866.144501686
2026-05-28,0.007186955718194499,16913131.606605332,0.007397128784655505,39150339.77031339
2026-05-29,-0.0029330639666033933,16863524.309727576,-0.0035098947754599982,39012926.19729608
2026-06-01,0.0008860211639530828,16878465.74916483,0.0022565804377164484,39100962.00337097
2026-06-02,0.007330662447333797,17002196.084200844,0.005199195446760829,39304255.54698286
2026-06-03,-0.0015018804176919252,16976660.81884422,-0.01657982919952521,38652597.7031994
2026-06-04,0.00028009266956279254,16981415.857093234,0.006737150983350059,38913006.08982454
2026-06-05,-0.014186482012431011,16740509.306490969,-0.036563491125930846,37490210.736975946
2026-06-08,0.010122449221561412,16909964.261889,0.02252506174733273,38334680.04874685
2026-06-09,0.01398362181127663,17146426.80696946,0.014433621811276632,38887988.32282675
2026-06-10,-0.010543949752513443,16965635.744281624,-0.018994817927979177,38149318.065049276
2026-06-11,0.009709735648803463,17130367.582472485,0.032351920013055514,39383521.75164236
2026-06-12,-0.0012549460786079436,17108869.894849747,0.0013077028707441764,39435023.696097
2026-06-15,0.007064214982730265,17229730.629898526,0.008086787442653929,39753926.35052336
2026-06-16,-0.008693350688986612,17079946.539256047,-0.015255585669535221,39147456.92138256
2026-06-17,-0.004592819884816779,17001501.421158943,-0.01858347895213096,38419960.979654595
2026-06-18,0.007448274669045557,17128133.273529906,0.007783712139439779,38719010.89632873
2026-06-22,0.008901123003056566,17280592.89461034,0.015131066898334145,39304870.84043841
2026-06-23,-0.018353147105737252,16963439.6311412,-0.023941634073002968,38363848.00548999
2026-06-24,-0.004940280767387678,16879635.476582732,-0.005795451009771991,38141512.203827836
2026-06-25,0.011328906690487396,17070863.291866377,0.012228906690487394,38607941.19760253
2026-06-26,0.0024704028499027315,17113035.201192904,0.0021218868385856405,38689862.87989462
2026-06-29,0.010385509337179605,17290762.788062375,0.010835509337179606,39109087.25038392
2026-06-30,0.002674771044994335,17337011.61971375,0.008153080203675023,39427946.77542883
2026-07-01,-0.011685452071629125,17134420.801366307,-0.011235452071629126,38984955.96915075
2026-07-02,-0.0023001922458657396,17095008.339501604,-0.0031517749815675455,38862084.16026968
2026-07-06,0.005500434214705735,17189038.308272883,0.008626716429859725,39197336.34019366
2026-07-07,-0.002297954451412597,17149538.681176886,-0.0008518917020220345,39163944.45462408
2026-07-08,0.0004964517516483413,17158052.599695116,-0.008031434606128807,38849401.79581871
2026-07-09,0.00768218971700294,17289864.01494029,0.02416218222737427,39788088.121433765
2026-07-10,-0.0015541456483943671,17262993.04802014,-0.002518610153087397,39687877.43871918
2026-07-13,-0.0057225379545384645,17164204.915093914,-0.012294443028803215,39199937.09061473
2026-07-14,0.004539010548002831,17242113.422251604,0.01646995589175453,39845558.3254567
2026-07-15,-0.0025652243672326437,17197883.532758255,-0.006575675442947682,39583546.86606546
2026-07-16,-0.005563967531957509,17102195.0671636,-0.01577595617743992,38959078.56535877
2026-07-17,-0.00045,17094499.079383377,-0.007409361095505607,38670416.684319854
2026-07-20,0.002615912985437897,17139216.801504694,0.013285082379565804,39184156.355623186
2026-07-21,0.018005910668499554,17447824.008160636,0.01890591066849956,39924968.51530311
2026-07-22,0.0005125626167077961,17456767.110490113,-0.0024451758086209254,39827344.94812954
2026-07-23,-0.00045,17448911.565290395,-0.018728397128751004,39081442.61535721
2026-07-24,-0.0019154912532737317,17415488.327807937,0.0031391344670144367,39204124.51889173
2026-07-27,0.0,17415488.327807937,0.011204750437601652,39643396.950250566
2026-07-28,0.0,17415488.327807937,-0.013157136730020069,39121803.35613366
2026-07-29,0.0,17415488.327807937,-0.012634845699065478,38627505.40725973
2026-07-30,-0.00045,17407651.358060423,0.02517737341875699,39600044.53513336
2026-07-31,-0.001953938945361083,17373637.87012464,-0.009556355097758717,39221612.44766857
2026-08-03,-0.00045,17365819.733083084,0.007470752370445355,39514627.401834674
2026-08-04,0.004862139534627013,17450254.771758515,0.02042409804233756,40321678.02599619
2026-08-05,-0.00045,17442402.157111224,-0.0034763353798761276,40181506.35009845
2026-08-06,-0.0018655527534830623,17409862.435739666,-0.00013238301840735607,40176187.00100367
2026-08-07,0.0,17409862.435739666,-0.001494434522144661,40116146.32018123
2026-08-10,-0.00045,17402027.997643586,-0.004381353124575438,39940383.317155376
2026-08-11,0.0006681047858357385,17413654.37583206,-0.001640272714221991,39874870.196204685
2026-08-12,-0.005793996856702248,17312759.717114788,-0.003637248615166932,39729835.379803576
2026-08-13,-0.0010879824236387002,17293923.738837887,0.0029082465331959906,39845379.53581134
2026-08-14,0.0007248508197692686,17306459.25363701,0.002803686460059407,39957093.48691182
2026-08-17,-0.0001838766704276185,17303276.999532558,0.0010073460811842792,39997344.108451374
2026-08-18,-0.011094313184006133,17111309.025390137,-0.013802730736850222,39445271.537533276
2026-08-19,0.005914552268734002,17212514.757007267,0.013719360162468795,39986435.42446307
2026-08-20,-0.0013326606026167914,17189576.31671864,-0.004561110129985335,39804052.88878655
2026-08-21,0.00621870193365845,17296473.168198187,0.01286748019831747,40316230.751145795
2026-08-24,-0.0006714356127688883,17284859.700137757,0.0024979270751441236,40416937.755506836
2026-08-25,-0.005578364067618706,17188438.459872678,-0.004228364067618707,40246040.22817827
2026-08-26,0.0,17188438.459872678,-0.008748377642475713,39893952.669647895
2026-08-27,-0.00045,17180703.662565738,0.010258713509653749,40303213.3008535
2026-08-28,-0.0016589453629566372,17152201.81389239,-0.003532955775861846,40160823.83063646
2026-08-31,0.007957571180984164,17288691.680737045,0.007661234756381762,40468505.33001266
2026-09-01,-0.009653635762275464,17121792.94844493,-0.009203635762275463,40096047.94711152
2026-09-02,0.005352334723361619,17213434.5153691,0.010307647141827903,40509343.86113216
2026-09-03,0.0036134180330488325,17275633.850057643,0.008715101667286795,40862386.91135701
2026-09-04,-0.0027885350266053815,17227460.139959946,-0.005452141693415779,40639599.3879851
2026-09-08,-0.0007486085211926389,17214563.516500667,0.007382964738030661,40939640.11723429
2026-09-09,-0.00980851147755235,17045714.272668015,-0.00890851147755235,40574928.86336305
2026-09-10,-0.003076262462030826,16993277.181712504,-0.02394799041082929,39603240.85602315
2026-09-11,0.009302415054260315,17151355.69918888,0.01587145896422215,40231802.06811973
2026-09-14,-0.012594508926876129,16935342.79672742,-0.015957595442556448,39589799.24679167
2026-09-15,0.01882487011769826,17254148.42527451,0.01927487011769826,40352887.48525933
2026-09-16,-0.0037585432344749746,17189297.962444067,-0.0032123962225622193,40223258.02193221
2026-09-17,0.010069912225823447,17362392.684149407,0.018999790500652633,40987491.49760262
2026-09-18,0.0037910159757824856,17428213.792192824,0.010753225313292793,41428239.22870301
2026-09-21,0.008597931569322648,17578060.381753623,0.01566249182141202,42077108.68679807
2026-09-22,-0.002702279045000222,17530559.557532262,-0.0052204741237095835,41857446.22969813
